title,category,skills,level,description
Junior Data Analyst,Data & AI,Pandas; Power BI; Reporting; A/B Testing; Statistics; Tableau; Data Cleaning,Junior,"Contract · Remote. We are hiring a Junior Data Analyst for our EdTech team. The ideal candidate has 1-3 years of experience and is proficient in Pandas, Power BI, Reporting, A/B Testing, Statistics, Tableau, Data Cleaning. This is a remote contract position focused on delivering high-quality data & ai work."
Intern Data Engineer,Data & AI,Hadoop; AWS; Airflow; Kafka; Spark; Python,Intern,"Full-time · Hybrid. We are hiring a Intern Data Engineer for our EdTech team. The ideal candidate has 0-1 years of experience and is proficient in Hadoop, AWS, Airflow, Kafka, Spark, Python. This is a hybrid full-time position focused on delivering high-quality data & ai work."
Senior Data Analyst,Data & AI,Python; Data Cleaning; Statistics; Excel; SQL,Senior,"Contract · Hybrid. We are hiring a Senior Data Analyst for our EdTech team. The ideal candidate has 6-10 years of experience and is proficient in Python, Data Cleaning, Statistics, Excel, SQL. This is a hybrid contract position focused on delivering high-quality data & ai work."
Principal Data Engineer,Data & AI,ETL; AWS; Data Modeling; Python; Spark; Kafka,Principal,"Full-time · Remote. We are hiring a Principal Data Engineer for our SaaS team. The ideal candidate has 12-20 years of experience and is proficient in ETL, AWS, Data Modeling, Python, Spark, Kafka. This is a remote full-time position focused on delivering high-quality data & ai work."
Intern Data Analyst,Data & AI,Python; A/B Testing; Power BI; SQL; Data Cleaning; Pandas; Reporting,Intern,"Full-time · Hybrid. We are hiring a Intern Data Analyst for our Enterprise team. The ideal candidate has 0-1 years of experience and is proficient in Python, A/B Testing, Power BI, SQL, Data Cleaning, Pandas, Reporting. This is a hybrid full-time position focused on delivering high-quality data & ai work."
Lead Machine Learning Engineer,Data & AI,MLOps; Model Deployment; PyTorch; Scikit-learn; SQL; TensorFlow,Lead,"Internship · Remote. We are hiring a Lead Machine Learning Engineer for our SaaS team. The ideal candidate has 8-14 years of experience and is proficient in MLOps, Model Deployment, PyTorch, Scikit-learn, SQL, TensorFlow. This is a remote internship position focused on delivering high-quality data & ai work."
Senior Machine Learning Engineer,Data & AI,Model Deployment; Scikit-learn; Deep Learning; PyTorch; Python,Senior,"Internship · Remote. We are hiring a Senior Machine Learning Engineer for our Startup team. The ideal candidate has 6-10 years of experience and is proficient in Model Deployment, Scikit-learn, Deep Learning, PyTorch, Python. This is a remote internship position focused on delivering high-quality data & ai work."
Mid-level NLP Engineer,Data & AI,Machine Learning; Python; Deep Learning; Transformers; NLP; spaCy,Mid-level,"Full-time · On-site. We are hiring a Mid-level NLP Engineer for our Fintech team. The ideal candidate has 3-6 years of experience and is proficient in Machine Learning, Python, Deep Learning, Transformers, NLP, spaCy. This is a on-site full-time position focused on delivering high-quality data & ai work."
Lead Computer Vision Engineer,Data & AI,C++; CUDA; TensorFlow; OpenCV; Deep Learning; CNN,Lead,"Full-time · On-site. We are hiring a Lead Computer Vision Engineer for our E-commerce team. The ideal candidate has 8-14 years of experience and is proficient in C++, CUDA, TensorFlow, OpenCV, Deep Learning, CNN. This is a on-site full-time position focused on delivering high-quality data & ai work."
Junior Data Engineer,Data & AI,Python; Hadoop; SQL; ETL; Spark,Junior,"Internship · Remote. We are hiring a Junior Data Engineer for our Enterprise team. The ideal candidate has 1-3 years of experience and is proficient in Python, Hadoop, SQL, ETL, Spark. This is a remote internship position focused on delivering high-quality data & ai work."
Mid-level AI Researcher,Data & AI,Machine Learning; Research; TensorFlow; Reinforcement Learning; Publications,Mid-level,"Contract · On-site. We are hiring a Mid-level AI Researcher for our Enterprise team. The ideal candidate has 3-6 years of experience and is proficient in Machine Learning, Research, TensorFlow, Reinforcement Learning, Publications. This is a on-site contract position focused on delivering high-quality data & ai work."
Intern Computer Vision Engineer,Data & AI,Deep Learning; Python; PyTorch; Image Processing; Machine Learning,Intern,"Full-time · On-site. We are hiring a Intern Computer Vision Engineer for our SaaS team. The ideal candidate has 0-1 years of experience and is proficient in Deep Learning, Python, PyTorch, Image Processing, Machine Learning. This is a on-site full-time position focused on delivering high-quality data & ai work."
Lead Machine Learning Engineer,Data & AI,TensorFlow; PyTorch; MLOps; Machine Learning; Scikit-learn; Deep Learning; SQL,Lead,"Full-time · On-site. We are hiring a Lead Machine Learning Engineer for our Fintech team. The ideal candidate has 8-14 years of experience and is proficient in TensorFlow, PyTorch, MLOps, Machine Learning, Scikit-learn, Deep Learning, SQL. This is a on-site full-time position focused on delivering high-quality data & ai work."
Mid-level Data Scientist,Data & AI,Pandas; Statistics; Data Visualization; NumPy; TensorFlow; SQL; Machine Learning,Mid-level,"Contract · On-site. We are hiring a Mid-level Data Scientist for our Healthcare team. The ideal candidate has 3-6 years of experience and is proficient in Pandas, Statistics, Data Visualization, NumPy, TensorFlow, SQL, Machine Learning. This is a on-site contract position focused on delivering high-quality data & ai work."
Junior Computer Vision Engineer,Data & AI,C++; CUDA; Deep Learning; Python; CNN,Junior,"Internship · Remote. We are hiring a Junior Computer Vision Engineer for our Gaming team. The ideal candidate has 1-3 years of experience and is proficient in C++, CUDA, Deep Learning, Python, CNN. This is a remote internship position focused on delivering high-quality data & ai work."
Principal Computer Vision Engineer,Data & AI,Python; PyTorch; CNN; OpenCV; CUDA,Principal,"Internship · On-site. We are hiring a Principal Computer Vision Engineer for our SaaS team. The ideal candidate has 12-20 years of experience and is proficient in Python, PyTorch, CNN, OpenCV, CUDA. This is a on-site internship position focused on delivering high-quality data & ai work."
Intern Data Scientist,Data & AI,Statistics; Scikit-learn; TensorFlow; NumPy; Python,Intern,"Full-time · Remote. We are hiring a Intern Data Scientist for our Fintech team. The ideal candidate has 0-1 years of experience and is proficient in Statistics, Scikit-learn, TensorFlow, NumPy, Python. This is a remote full-time position focused on delivering high-quality data & ai work."
Lead Data Analyst,Data & AI,A/B Testing; Power BI; Python; Tableau; SQL; Data Cleaning,Lead,"Full-time · Hybrid. We are hiring a Lead Data Analyst for our Gaming team. The ideal candidate has 8-14 years of experience and is proficient in A/B Testing, Power BI, Python, Tableau, SQL, Data Cleaning. This is a hybrid full-time position focused on delivering high-quality data & ai work."
Junior Data Engineer,Data & AI,Spark; Airflow; Snowflake; AWS; Python; SQL; Kafka,Junior,"Full-time · Hybrid. We are hiring a Junior Data Engineer for our Healthcare team. The ideal candidate has 1-3 years of experience and is proficient in Spark, Airflow, Snowflake, AWS, Python, SQL, Kafka. This is a hybrid full-time position focused on delivering high-quality data & ai work."
Principal Business Intelligence Analyst,Data & AI,Dashboards; Power BI; Data Warehousing; SQL; Python; Tableau; Reporting,Principal,"Internship · Hybrid. We are hiring a Principal Business Intelligence Analyst for our Fintech team. The ideal candidate has 12-20 years of experience and is proficient in Dashboards, Power BI, Data Warehousing, SQL, Python, Tableau, Reporting. This is a hybrid internship position focused on delivering high-quality data & ai work."
Intern Computer Vision Engineer,Data & AI,TensorFlow; PyTorch; CUDA; Python; CNN; Machine Learning,Intern,"Internship · Remote. We are hiring a Intern Computer Vision Engineer for our Fintech team. The ideal candidate has 0-1 years of experience and is proficient in TensorFlow, PyTorch, CUDA, Python, CNN, Machine Learning. This is a remote internship position focused on delivering high-quality data & ai work."
Mid-level Business Intelligence Analyst,Data & AI,Tableau; Dashboards; ETL; Data Warehousing; Python; Power BI; Excel,Mid-level,"Internship · Hybrid. We are hiring a Mid-level Business Intelligence Analyst for our Enterprise team. The ideal candidate has 3-6 years of experience and is proficient in Tableau, Dashboards, ETL, Data Warehousing, Python, Power BI, Excel. This is a hybrid internship position focused on delivering high-quality data & ai work."
Principal Machine Learning Engineer,Data & AI,TensorFlow; Python; Scikit-learn; MLOps; Docker; Deep Learning,Principal,"Internship · Remote. We are hiring a Principal Machine Learning Engineer for our Fintech team. The ideal candidate has 12-20 years of experience and is proficient in TensorFlow, Python, Scikit-learn, MLOps, Docker, Deep Learning. This is a remote internship position focused on delivering high-quality data & ai work."
Senior Data Analyst,Data & AI,Excel; Tableau; Power BI; SQL; Data Cleaning; Pandas; Python,Senior,"Internship · Remote. We are hiring a Senior Data Analyst for our EdTech team. The ideal candidate has 6-10 years of experience and is proficient in Excel, Tableau, Power BI, SQL, Data Cleaning, Pandas, Python. This is a remote internship position focused on delivering high-quality data & ai work."
Mid-level Business Intelligence Analyst,Data & AI,Dashboards; Python; DAX; SQL; Data Warehousing,Mid-level,"Contract · On-site. We are hiring a Mid-level Business Intelligence Analyst for our SaaS team. The ideal candidate has 3-6 years of experience and is proficient in Dashboards, Python, DAX, SQL, Data Warehousing. This is a on-site contract position focused on delivering high-quality data & ai work."
Mid-level NLP Engineer,Data & AI,spaCy; BERT; Machine Learning; Transformers; Text Mining,Mid-level,"Internship · Remote. We are hiring a Mid-level NLP Engineer for our Enterprise team. The ideal candidate has 3-6 years of experience and is proficient in spaCy, BERT, Machine Learning, Transformers, Text Mining. This is a remote internship position focused on delivering high-quality data & ai work."
Intern Computer Vision Engineer,Data & AI,C++; Deep Learning; TensorFlow; CNN; OpenCV; CUDA,Intern,"Full-time · On-site. We are hiring a Intern Computer Vision Engineer for our E-commerce team. The ideal candidate has 0-1 years of experience and is proficient in C++, Deep Learning, TensorFlow, CNN, OpenCV, CUDA. This is a on-site full-time position focused on delivering high-quality data & ai work."
Junior AI Researcher,Data & AI,NLP; Research; TensorFlow; Deep Learning; Python,Junior,"Internship · On-site. We are hiring a Junior AI Researcher for our Fintech team. The ideal candidate has 1-3 years of experience and is proficient in NLP, Research, TensorFlow, Deep Learning, Python. This is a on-site internship position focused on delivering high-quality data & ai work."
Principal Computer Vision Engineer,Data & AI,CUDA; Machine Learning; OpenCV; CNN; TensorFlow; C++; PyTorch,Principal,"Contract · Remote. We are hiring a Principal Computer Vision Engineer for our Gaming team. The ideal candidate has 12-20 years of experience and is proficient in CUDA, Machine Learning, OpenCV, CNN, TensorFlow, C++, PyTorch. This is a remote contract position focused on delivering high-quality data & ai work."
Principal NLP Engineer,Data & AI,spaCy; PyTorch; Deep Learning; Transformers; BERT,Principal,"Internship · Hybrid. We are hiring a Principal NLP Engineer for our Startup team. The ideal candidate has 12-20 years of experience and is proficient in spaCy, PyTorch, Deep Learning, Transformers, BERT. This is a hybrid internship position focused on delivering high-quality data & ai work."
Junior Data Scientist,Data & AI,Scikit-learn; Python; Pandas; TensorFlow; Jupyter,Junior,"Internship · Remote. We are hiring a Junior Data Scientist for our SaaS team. The ideal candidate has 1-3 years of experience and is proficient in Scikit-learn, Python, Pandas, TensorFlow, Jupyter. This is a remote internship position focused on delivering high-quality data & ai work."
Mid-level Computer Vision Engineer,Data & AI,OpenCV; Python; C++; Deep Learning; TensorFlow,Mid-level,"Contract · Hybrid. We are hiring a Mid-level Computer Vision Engineer for our SaaS team. The ideal candidate has 3-6 years of experience and is proficient in OpenCV, Python, C++, Deep Learning, TensorFlow. This is a hybrid contract position focused on delivering high-quality data & ai work."
Intern Data Analyst,Data & AI,Data Cleaning; SQL; Python; Tableau; Power BI,Intern,"Internship · Remote. We are hiring a Intern Data Analyst for our Healthcare team. The ideal candidate has 0-1 years of experience and is proficient in Data Cleaning, SQL, Python, Tableau, Power BI. This is a remote internship position focused on delivering high-quality data & ai work."
Lead Data Engineer,Data & AI,Kafka; Hadoop; SQL; AWS; Airflow; Data Modeling,Lead,"Internship · Hybrid. We are hiring a Lead Data Engineer for our EdTech team. The ideal candidate has 8-14 years of experience and is proficient in Kafka, Hadoop, SQL, AWS, Airflow, Data Modeling. This is a hybrid internship position focused on delivering high-quality data & ai work."
Mid-level Business Intelligence Analyst,Data & AI,SQL; Dashboards; ETL; Tableau; Reporting; DAX,Mid-level,"Contract · Remote. We are hiring a Mid-level Business Intelligence Analyst for our Startup team. The ideal candidate has 3-6 years of experience and is proficient in SQL, Dashboards, ETL, Tableau, Reporting, DAX. This is a remote contract position focused on delivering high-quality data & ai work."
Junior Computer Vision Engineer,Data & AI,TensorFlow; CUDA; Python; CNN; Machine Learning; Image Processing,Junior,"Internship · On-site. We are hiring a Junior Computer Vision Engineer for our SaaS team. The ideal candidate has 1-3 years of experience and is proficient in TensorFlow, CUDA, Python, CNN, Machine Learning, Image Processing. This is a on-site internship position focused on delivering high-quality data & ai work."
Senior AI Researcher,Data & AI,Research; Python; Reinforcement Learning; Deep Learning; PyTorch; TensorFlow; NLP,Senior,"Full-time · On-site. We are hiring a Senior AI Researcher for our EdTech team. The ideal candidate has 6-10 years of experience and is proficient in Research, Python, Reinforcement Learning, Deep Learning, PyTorch, TensorFlow, NLP. This is a on-site full-time position focused on delivering high-quality data & ai work."
Intern Machine Learning Engineer,Data & AI,SQL; Model Deployment; Machine Learning; Deep Learning; TensorFlow,Intern,"Internship · Remote. We are hiring a Intern Machine Learning Engineer for our EdTech team. The ideal candidate has 0-1 years of experience and is proficient in SQL, Model Deployment, Machine Learning, Deep Learning, TensorFlow. This is a remote internship position focused on delivering high-quality data & ai work."
Mid-level Computer Vision Engineer,Data & AI,TensorFlow; Machine Learning; C++; Image Processing; OpenCV,Mid-level,"Internship · Hybrid. We are hiring a Mid-level Computer Vision Engineer for our Enterprise team. The ideal candidate has 3-6 years of experience and is proficient in TensorFlow, Machine Learning, C++, Image Processing, OpenCV. This is a hybrid internship position focused on delivering high-quality data & ai work."
Intern Data Analyst,Data & AI,SQL; Data Cleaning; Python; Pandas; Excel; Tableau,Intern,"Contract · Hybrid. We are hiring a Intern Data Analyst for our Fintech team. The ideal candidate has 0-1 years of experience and is proficient in SQL, Data Cleaning, Python, Pandas, Excel, Tableau. This is a hybrid contract position focused on delivering high-quality data & ai work."
Intern Business Intelligence Analyst,Data & AI,Excel; Dashboards; Power BI; ETL; SQL; Reporting,Intern,"Contract · On-site. We are hiring a Intern Business Intelligence Analyst for our Enterprise team. The ideal candidate has 0-1 years of experience and is proficient in Excel, Dashboards, Power BI, ETL, SQL, Reporting. This is a on-site contract position focused on delivering high-quality data & ai work."
Intern Business Intelligence Analyst,Data & AI,ETL; Data Warehousing; Excel; DAX; Power BI,Intern,"Full-time · On-site. We are hiring a Intern Business Intelligence Analyst for our EdTech team. The ideal candidate has 0-1 years of experience and is proficient in ETL, Data Warehousing, Excel, DAX, Power BI. This is a on-site full-time position focused on delivering high-quality data & ai work."
Junior Data Scientist,Data & AI,SQL; Machine Learning; TensorFlow; Data Visualization; Scikit-learn; Python,Junior,"Contract · Hybrid. We are hiring a Junior Data Scientist for our Startup team. The ideal candidate has 1-3 years of experience and is proficient in SQL, Machine Learning, TensorFlow, Data Visualization, Scikit-learn, Python. This is a hybrid contract position focused on delivering high-quality data & ai work."
Junior Data Scientist,Data & AI,Jupyter; Machine Learning; NumPy; Scikit-learn; Statistics; Python,Junior,"Full-time · Hybrid. We are hiring a Junior Data Scientist for our Healthcare team. The ideal candidate has 1-3 years of experience and is proficient in Jupyter, Machine Learning, NumPy, Scikit-learn, Statistics, Python. This is a hybrid full-time position focused on delivering high-quality data & ai work."
Lead AI Researcher,Data & AI,Machine Learning; PyTorch; Deep Learning; Reinforcement Learning; Research; Publications; Python,Lead,"Internship · Remote. We are hiring a Lead AI Researcher for our Healthcare team. The ideal candidate has 8-14 years of experience and is proficient in Machine Learning, PyTorch, Deep Learning, Reinforcement Learning, Research, Publications, Python. This is a remote internship position focused on delivering high-quality data & ai work."
Principal NLP Engineer,Data & AI,Tokenization; BERT; NLP; Text Mining; spaCy,Principal,"Contract · Hybrid. We are hiring a Principal NLP Engineer for our Fintech team. The ideal candidate has 12-20 years of experience and is proficient in Tokenization, BERT, NLP, Text Mining, spaCy. This is a hybrid contract position focused on delivering high-quality data & ai work."
Lead Computer Vision Engineer,Data & AI,Machine Learning; C++; Image Processing; CUDA; OpenCV; Deep Learning,Lead,"Internship · On-site. We are hiring a Lead Computer Vision Engineer for our Gaming team. The ideal candidate has 8-14 years of experience and is proficient in Machine Learning, C++, Image Processing, CUDA, OpenCV, Deep Learning. This is a on-site internship position focused on delivering high-quality data & ai work."
Mid-level Computer Vision Engineer,Data & AI,TensorFlow; OpenCV; CNN; C++; Deep Learning; CUDA; Machine Learning,Mid-level,"Internship · On-site. We are hiring a Mid-level Computer Vision Engineer for our Gaming team. The ideal candidate has 3-6 years of experience and is proficient in TensorFlow, OpenCV, CNN, C++, Deep Learning, CUDA, Machine Learning. This is a on-site internship position focused on delivering high-quality data & ai work."
Lead Data Engineer,Data & AI,Kafka; Airflow; SQL; Data Modeling; Hadoop; Snowflake,Lead,"Internship · On-site. We are hiring a Lead Data Engineer for our SaaS team. The ideal candidate has 8-14 years of experience and is proficient in Kafka, Airflow, SQL, Data Modeling, Hadoop, Snowflake. This is a on-site internship position focused on delivering high-quality data & ai work."
Mid-level Business Intelligence Analyst,Data & AI,Tableau; SQL; Power BI; Dashboards; Excel,Mid-level,"Internship · Remote. We are hiring a Mid-level Business Intelligence Analyst for our Fintech team. The ideal candidate has 3-6 years of experience and is proficient in Tableau, SQL, Power BI, Dashboards, Excel. This is a remote internship position focused on delivering high-quality data & ai work."
Senior Business Intelligence Analyst,Data & AI,Data Warehousing; SQL; Excel; Power BI; DAX; Reporting,Senior,"Contract · On-site. We are hiring a Senior Business Intelligence Analyst for our Fintech team. The ideal candidate has 6-10 years of experience and is proficient in Data Warehousing, SQL, Excel, Power BI, DAX, Reporting. This is a on-site contract position focused on delivering high-quality data & ai work."
Lead AI Researcher,Data & AI,Reinforcement Learning; Research; Publications; PyTorch; Mathematics; Machine Learning; TensorFlow,Lead,"Contract · Remote. We are hiring a Lead AI Researcher for our Healthcare team. The ideal candidate has 8-14 years of experience and is proficient in Reinforcement Learning, Research, Publications, PyTorch, Mathematics, Machine Learning, TensorFlow. This is a remote contract position focused on delivering high-quality data & ai work."
Lead AI Researcher,Data & AI,Research; Publications; Deep Learning; NLP; Machine Learning; PyTorch,Lead,"Full-time · Remote. We are hiring a Lead AI Researcher for our Fintech team. The ideal candidate has 8-14 years of experience and is proficient in Research, Publications, Deep Learning, NLP, Machine Learning, PyTorch. This is a remote full-time position focused on delivering high-quality data & ai work."
Mid-level Computer Vision Engineer,Data & AI,Machine Learning; Python; Deep Learning; Image Processing; TensorFlow; C++,Mid-level,"Contract · Hybrid. We are hiring a Mid-level Computer Vision Engineer for our E-commerce team. The ideal candidate has 3-6 years of experience and is proficient in Machine Learning, Python, Deep Learning, Image Processing, TensorFlow, C++. This is a hybrid contract position focused on delivering high-quality data & ai work."
Principal AI Researcher,Data & AI,Mathematics; Python; Publications; Deep Learning; Reinforcement Learning,Principal,"Contract · Remote. We are hiring a Principal AI Researcher for our Fintech team. The ideal candidate has 12-20 years of experience and is proficient in Mathematics, Python, Publications, Deep Learning, Reinforcement Learning. This is a remote contract position focused on delivering high-quality data & ai work."
Principal NLP Engineer,Data & AI,NLP; Deep Learning; Tokenization; Machine Learning; spaCy; BERT; Python,Principal,"Contract · Hybrid. We are hiring a Principal NLP Engineer for our Gaming team. The ideal candidate has 12-20 years of experience and is proficient in NLP, Deep Learning, Tokenization, Machine Learning, spaCy, BERT, Python. This is a hybrid contract position focused on delivering high-quality data & ai work."
Intern Machine Learning Engineer,Data & AI,Model Deployment; Deep Learning; Machine Learning; MLOps; PyTorch,Intern,"Contract · On-site. We are hiring a Intern Machine Learning Engineer for our Startup team. The ideal candidate has 0-1 years of experience and is proficient in Model Deployment, Deep Learning, Machine Learning, MLOps, PyTorch. This is a on-site contract position focused on delivering high-quality data & ai work."
Mid-level Data Analyst,Data & AI,SQL; Statistics; Python; A/B Testing; Pandas; Excel; Data Cleaning,Mid-level,"Internship · Hybrid. We are hiring a Mid-level Data Analyst for our EdTech team. The ideal candidate has 3-6 years of experience and is proficient in SQL, Statistics, Python, A/B Testing, Pandas, Excel, Data Cleaning. This is a hybrid internship position focused on delivering high-quality data & ai work."
Lead NLP Engineer,Data & AI,Text Mining; Tokenization; Transformers; Python; spaCy; BERT,Lead,"Full-time · Remote. We are hiring a Lead NLP Engineer for our SaaS team. The ideal candidate has 8-14 years of experience and is proficient in Text Mining, Tokenization, Transformers, Python, spaCy, BERT. This is a remote full-time position focused on delivering high-quality data & ai work."
Senior Data Scientist,Data & AI,TensorFlow; Statistics; Scikit-learn; NumPy; Pandas; SQL,Senior,"Contract · On-site. We are hiring a Senior Data Scientist for our Healthcare team. The ideal candidate has 6-10 years of experience and is proficient in TensorFlow, Statistics, Scikit-learn, NumPy, Pandas, SQL. This is a on-site contract position focused on delivering high-quality data & ai work."
Mid-level Computer Vision Engineer,Data & AI,PyTorch; Machine Learning; OpenCV; Deep Learning; Image Processing; CNN; TensorFlow,Mid-level,"Internship · Hybrid. We are hiring a Mid-level Computer Vision Engineer for our Gaming team. The ideal candidate has 3-6 years of experience and is proficient in PyTorch, Machine Learning, OpenCV, Deep Learning, Image Processing, CNN, TensorFlow. This is a hybrid internship position focused on delivering high-quality data & ai work."
Intern Computer Vision Engineer,Data & AI,PyTorch; OpenCV; TensorFlow; C++; Python,Intern,"Contract · Remote. We are hiring a Intern Computer Vision Engineer for our Gaming team. The ideal candidate has 0-1 years of experience and is proficient in PyTorch, OpenCV, TensorFlow, C++, Python. This is a remote contract position focused on delivering high-quality data & ai work."
Lead Computer Vision Engineer,Data & AI,Machine Learning; Image Processing; OpenCV; CUDA; TensorFlow,Lead,"Internship · On-site. We are hiring a Lead Computer Vision Engineer for our Startup team. The ideal candidate has 8-14 years of experience and is proficient in Machine Learning, Image Processing, OpenCV, CUDA, TensorFlow. This is a on-site internship position focused on delivering high-quality data & ai work."
Principal Data Engineer,Data & AI,Data Modeling; Hadoop; Spark; Snowflake; SQL; ETL,Principal,"Internship · Hybrid. We are hiring a Principal Data Engineer for our SaaS team. The ideal candidate has 12-20 years of experience and is proficient in Data Modeling, Hadoop, Spark, Snowflake, SQL, ETL. This is a hybrid internship position focused on delivering high-quality data & ai work."
Intern Data Analyst,Data & AI,SQL; Power BI; Statistics; A/B Testing; Tableau; Data Cleaning,Intern,"Full-time · Hybrid. We are hiring a Intern Data Analyst for our SaaS team. The ideal candidate has 0-1 years of experience and is proficient in SQL, Power BI, Statistics, A/B Testing, Tableau, Data Cleaning. This is a hybrid full-time position focused on delivering high-quality data & ai work."
Principal Business Intelligence Analyst,Data & AI,Power BI; SQL; ETL; Data Warehousing; Excel,Principal,"Contract · On-site. We are hiring a Principal Business Intelligence Analyst for our Healthcare team. The ideal candidate has 12-20 years of experience and is proficient in Power BI, SQL, ETL, Data Warehousing, Excel. This is a on-site contract position focused on delivering high-quality data & ai work."
Principal Computer Vision Engineer,Data & AI,Python; OpenCV; CNN; C++; Image Processing; PyTorch,Principal,"Contract · Hybrid. We are hiring a Principal Computer Vision Engineer for our EdTech team. The ideal candidate has 12-20 years of experience and is proficient in Python, OpenCV, CNN, C++, Image Processing, PyTorch. This is a hybrid contract position focused on delivering high-quality data & ai work."
Principal Machine Learning Engineer,Data & AI,Model Deployment; Scikit-learn; Deep Learning; PyTorch; SQL; Docker; Machine Learning,Principal,"Internship · Remote. We are hiring a Principal Machine Learning Engineer for our E-commerce team. The ideal candidate has 12-20 years of experience and is proficient in Model Deployment, Scikit-learn, Deep Learning, PyTorch, SQL, Docker, Machine Learning. This is a remote internship position focused on delivering high-quality data & ai work."
Senior Computer Vision Engineer,Data & AI,Machine Learning; PyTorch; Python; Deep Learning; Image Processing; OpenCV,Senior,"Internship · Remote. We are hiring a Senior Computer Vision Engineer for our SaaS team. The ideal candidate has 6-10 years of experience and is proficient in Machine Learning, PyTorch, Python, Deep Learning, Image Processing, OpenCV. This is a remote internship position focused on delivering high-quality data & ai work."
Senior Data Scientist,Data & AI,Pandas; Scikit-learn; Jupyter; Machine Learning; Python; Statistics,Senior,"Internship · Hybrid. We are hiring a Senior Data Scientist for our Gaming team. The ideal candidate has 6-10 years of experience and is proficient in Pandas, Scikit-learn, Jupyter, Machine Learning, Python, Statistics. This is a hybrid internship position focused on delivering high-quality data & ai work."
Principal AI Researcher,Data & AI,PyTorch; Reinforcement Learning; Publications; Deep Learning; Machine Learning; Research,Principal,"Internship · Hybrid. We are hiring a Principal AI Researcher for our EdTech team. The ideal candidate has 12-20 years of experience and is proficient in PyTorch, Reinforcement Learning, Publications, Deep Learning, Machine Learning, Research. This is a hybrid internship position focused on delivering high-quality data & ai work."
Intern Machine Learning Engineer,Data & AI,Scikit-learn; TensorFlow; Deep Learning; MLOps; Machine Learning; Model Deployment; PyTorch,Intern,"Internship · Remote. We are hiring a Intern Machine Learning Engineer for our SaaS team. The ideal candidate has 0-1 years of experience and is proficient in Scikit-learn, TensorFlow, Deep Learning, MLOps, Machine Learning, Model Deployment, PyTorch. This is a remote internship position focused on delivering high-quality data & ai work."
Mid-level Business Intelligence Analyst,Data & AI,Tableau; Dashboards; Reporting; DAX; Power BI; ETL; Python,Mid-level,"Full-time · Remote. We are hiring a Mid-level Business Intelligence Analyst for our Startup team. The ideal candidate has 3-6 years of experience and is proficient in Tableau, Dashboards, Reporting, DAX, Power BI, ETL, Python. This is a remote full-time position focused on delivering high-quality data & ai work."
Intern NLP Engineer,Data & AI,spaCy; Text Mining; Deep Learning; Transformers; PyTorch; Machine Learning,Intern,"Contract · Hybrid. We are hiring a Intern NLP Engineer for our Fintech team. The ideal candidate has 0-1 years of experience and is proficient in spaCy, Text Mining, Deep Learning, Transformers, PyTorch, Machine Learning. This is a hybrid contract position focused on delivering high-quality data & ai work."
Mid-level NLP Engineer,Data & AI,Deep Learning; NLP; Machine Learning; PyTorch; Python,Mid-level,"Contract · Remote. We are hiring a Mid-level NLP Engineer for our Fintech team. The ideal candidate has 3-6 years of experience and is proficient in Deep Learning, NLP, Machine Learning, PyTorch, Python. This is a remote contract position focused on delivering high-quality data & ai work."
Principal Data Analyst,Data & AI,Data Cleaning; Power BI; Reporting; Tableau; Excel; Pandas,Principal,"Contract · Hybrid. We are hiring a Principal Data Analyst for our Startup team. The ideal candidate has 12-20 years of experience and is proficient in Data Cleaning, Power BI, Reporting, Tableau, Excel, Pandas. This is a hybrid contract position focused on delivering high-quality data & ai work."
Senior Data Scientist,Data & AI,Machine Learning; Jupyter; Data Visualization; Python; Scikit-learn,Senior,"Internship · Remote. We are hiring a Senior Data Scientist for our Startup team. The ideal candidate has 6-10 years of experience and is proficient in Machine Learning, Jupyter, Data Visualization, Python, Scikit-learn. This is a remote internship position focused on delivering high-quality data & ai work."
Principal Data Analyst,Data & AI,Python; A/B Testing; Excel; Data Cleaning; Pandas; Power BI,Principal,"Full-time · Hybrid. We are hiring a Principal Data Analyst for our EdTech team. The ideal candidate has 12-20 years of experience and is proficient in Python, A/B Testing, Excel, Data Cleaning, Pandas, Power BI. This is a hybrid full-time position focused on delivering high-quality data & ai work."
Intern Data Engineer,Data & AI,Snowflake; Kafka; SQL; Hadoop; AWS; Airflow,Intern,"Contract · On-site. We are hiring a Intern Data Engineer for our SaaS team. The ideal candidate has 0-1 years of experience and is proficient in Snowflake, Kafka, SQL, Hadoop, AWS, Airflow. This is a on-site contract position focused on delivering high-quality data & ai work."
Mid-level Data Scientist,Data & AI,Pandas; SQL; NumPy; Scikit-learn; TensorFlow,Mid-level,"Contract · Remote. We are hiring a Mid-level Data Scientist for our Gaming team. The ideal candidate has 3-6 years of experience and is proficient in Pandas, SQL, NumPy, Scikit-learn, TensorFlow. This is a remote contract position focused on delivering high-quality data & ai work."
Principal Data Engineer,Data & AI,Airflow; SQL; Snowflake; Kafka; AWS,Principal,"Contract · Hybrid. We are hiring a Principal Data Engineer for our EdTech team. The ideal candidate has 12-20 years of experience and is proficient in Airflow, SQL, Snowflake, Kafka, AWS. This is a hybrid contract position focused on delivering high-quality data & ai work."
Lead Machine Learning Engineer,Data & AI,Deep Learning; Machine Learning; Python; PyTorch; MLOps,Lead,"Full-time · Hybrid. We are hiring a Lead Machine Learning Engineer for our SaaS team. The ideal candidate has 8-14 years of experience and is proficient in Deep Learning, Machine Learning, Python, PyTorch, MLOps. This is a hybrid full-time position focused on delivering high-quality data & ai work."
Lead Data Analyst,Data & AI,Excel; Statistics; Python; Power BI; A/B Testing,Lead,"Full-time · Hybrid. We are hiring a Lead Data Analyst for our EdTech team. The ideal candidate has 8-14 years of experience and is proficient in Excel, Statistics, Python, Power BI, A/B Testing. This is a hybrid full-time position focused on delivering high-quality data & ai work."
Principal AI Researcher,Data & AI,PyTorch; Mathematics; Reinforcement Learning; Deep Learning; Publications; TensorFlow; Python,Principal,"Full-time · Remote. We are hiring a Principal AI Researcher for our Healthcare team. The ideal candidate has 12-20 years of experience and is proficient in PyTorch, Mathematics, Reinforcement Learning, Deep Learning, Publications, TensorFlow, Python. This is a remote full-time position focused on delivering high-quality data & ai work."
Lead AI Researcher,Data & AI,Python; NLP; Publications; Deep Learning; PyTorch; Machine Learning; Mathematics,Lead,"Internship · Hybrid. We are hiring a Lead AI Researcher for our SaaS team. The ideal candidate has 8-14 years of experience and is proficient in Python, NLP, Publications, Deep Learning, PyTorch, Machine Learning, Mathematics. This is a hybrid internship position focused on delivering high-quality data & ai work."
Intern Machine Learning Engineer,Data & AI,Deep Learning; Model Deployment; MLOps; PyTorch; Machine Learning,Intern,"Full-time · Hybrid. We are hiring a Intern Machine Learning Engineer for our E-commerce team. The ideal candidate has 0-1 years of experience and is proficient in Deep Learning, Model Deployment, MLOps, PyTorch, Machine Learning. This is a hybrid full-time position focused on delivering high-quality data & ai work."
Lead Data Analyst,Data & AI,A/B Testing; Reporting; Pandas; Python; SQL; Tableau,Lead,"Contract · Remote. We are hiring a Lead Data Analyst for our SaaS team. The ideal candidate has 8-14 years of experience and is proficient in A/B Testing, Reporting, Pandas, Python, SQL, Tableau. This is a remote contract position focused on delivering high-quality data & ai work."
Intern Computer Vision Engineer,Data & AI,CUDA; C++; Machine Learning; Deep Learning; TensorFlow; Python,Intern,"Full-time · Hybrid. We are hiring a Intern Computer Vision Engineer for our Enterprise team. The ideal candidate has 0-1 years of experience and is proficient in CUDA, C++, Machine Learning, Deep Learning, TensorFlow, Python. This is a hybrid full-time position focused on delivering high-quality data & ai work."
Senior Machine Learning Engineer,Data & AI,TensorFlow; SQL; Machine Learning; PyTorch; Python,Senior,"Contract · On-site. We are hiring a Senior Machine Learning Engineer for our Healthcare team. The ideal candidate has 6-10 years of experience and is proficient in TensorFlow, SQL, Machine Learning, PyTorch, Python. This is a on-site contract position focused on delivering high-quality data & ai work."
Mid-level Data Scientist,Data & AI,Scikit-learn; NumPy; Jupyter; Python; TensorFlow; Machine Learning,Mid-level,"Internship · Remote. We are hiring a Mid-level Data Scientist for our Healthcare team. The ideal candidate has 3-6 years of experience and is proficient in Scikit-learn, NumPy, Jupyter, Python, TensorFlow, Machine Learning. This is a remote internship position focused on delivering high-quality data & ai work."
Intern Data Analyst,Data & AI,Python; Reporting; Statistics; SQL; Power BI,Intern,"Contract · Hybrid. We are hiring a Intern Data Analyst for our Startup team. The ideal candidate has 0-1 years of experience and is proficient in Python, Reporting, Statistics, SQL, Power BI. This is a hybrid contract position focused on delivering high-quality data & ai work."
Lead Machine Learning Engineer,Data & AI,Python; MLOps; Scikit-learn; PyTorch; Machine Learning; TensorFlow,Lead,"Full-time · Remote. We are hiring a Lead Machine Learning Engineer for our EdTech team. The ideal candidate has 8-14 years of experience and is proficient in Python, MLOps, Scikit-learn, PyTorch, Machine Learning, TensorFlow. This is a remote full-time position focused on delivering high-quality data & ai work."
Lead Data Scientist,Data & AI,Statistics; Scikit-learn; Machine Learning; Data Visualization; Python; NumPy,Lead,"Full-time · Hybrid. We are hiring a Lead Data Scientist for our Fintech team. The ideal candidate has 8-14 years of experience and is proficient in Statistics, Scikit-learn, Machine Learning, Data Visualization, Python, NumPy. This is a hybrid full-time position focused on delivering high-quality data & ai work."
Lead NLP Engineer,Data & AI,Tokenization; Deep Learning; Transformers; spaCy; Python,Lead,"Internship · Remote. We are hiring a Lead NLP Engineer for our Enterprise team. The ideal candidate has 8-14 years of experience and is proficient in Tokenization, Deep Learning, Transformers, spaCy, Python. This is a remote internship position focused on delivering high-quality data & ai work."
Lead AI Researcher,Data & AI,Research; Python; PyTorch; TensorFlow; Publications,Lead,"Contract · On-site. We are hiring a Lead AI Researcher for our Startup team. The ideal candidate has 8-14 years of experience and is proficient in Research, Python, PyTorch, TensorFlow, Publications. This is a on-site contract position focused on delivering high-quality data & ai work."
Intern Business Intelligence Analyst,Data & AI,Reporting; Python; Power BI; DAX; Dashboards; ETL,Intern,"Contract · On-site. We are hiring a Intern Business Intelligence Analyst for our Gaming team. The ideal candidate has 0-1 years of experience and is proficient in Reporting, Python, Power BI, DAX, Dashboards, ETL. This is a on-site contract position focused on delivering high-quality data & ai work."
Principal Computer Vision Engineer,Data & AI,Machine Learning; CNN; PyTorch; C++; CUDA; Python; Deep Learning,Principal,"Contract · On-site. We are hiring a Principal Computer Vision Engineer for our Enterprise team. The ideal candidate has 12-20 years of experience and is proficient in Machine Learning, CNN, PyTorch, C++, CUDA, Python, Deep Learning. This is a on-site contract position focused on delivering high-quality data & ai work."
Junior Data Analyst,Data & AI,Data Cleaning; A/B Testing; Python; Reporting; Tableau; Pandas,Junior,"Contract · Hybrid. We are hiring a Junior Data Analyst for our Gaming team. The ideal candidate has 1-3 years of experience and is proficient in Data Cleaning, A/B Testing, Python, Reporting, Tableau, Pandas. This is a hybrid contract position focused on delivering high-quality data & ai work."
Junior Computer Vision Engineer,Data & AI,Image Processing; CNN; TensorFlow; Machine Learning; Deep Learning,Junior,"Full-time · On-site. We are hiring a Junior Computer Vision Engineer for our Startup team. The ideal candidate has 1-3 years of experience and is proficient in Image Processing, CNN, TensorFlow, Machine Learning, Deep Learning. This is a on-site full-time position focused on delivering high-quality data & ai work."
Intern Business Intelligence Analyst,Data & AI,ETL; SQL; DAX; Data Warehousing; Excel,Intern,"Full-time · On-site. We are hiring a Intern Business Intelligence Analyst for our Fintech team. The ideal candidate has 0-1 years of experience and is proficient in ETL, SQL, DAX, Data Warehousing, Excel. This is a on-site full-time position focused on delivering high-quality data & ai work."
Intern Machine Learning Engineer,Data & AI,Machine Learning; Docker; Deep Learning; Model Deployment; PyTorch; Python,Intern,"Full-time · On-site. We are hiring a Intern Machine Learning Engineer for our SaaS team. The ideal candidate has 0-1 years of experience and is proficient in Machine Learning, Docker, Deep Learning, Model Deployment, PyTorch, Python. This is a on-site full-time position focused on delivering high-quality data & ai work."
Mid-level Data Engineer,Data & AI,Python; Hadoop; Kafka; SQL; ETL; Spark; Snowflake,Mid-level,"Internship · On-site. We are hiring a Mid-level Data Engineer for our SaaS team. The ideal candidate has 3-6 years of experience and is proficient in Python, Hadoop, Kafka, SQL, ETL, Spark, Snowflake. This is a on-site internship position focused on delivering high-quality data & ai work."
Mid-level Machine Learning Engineer,Data & AI,SQL; MLOps; Model Deployment; Python; Scikit-learn; TensorFlow,Mid-level,"Internship · Remote. We are hiring a Mid-level Machine Learning Engineer for our Gaming team. The ideal candidate has 3-6 years of experience and is proficient in SQL, MLOps, Model Deployment, Python, Scikit-learn, TensorFlow. This is a remote internship position focused on delivering high-quality data & ai work."
Intern Data Scientist,Data & AI,TensorFlow; Pandas; Python; SQL; Scikit-learn; Statistics,Intern,"Contract · Hybrid. We are hiring a Intern Data Scientist for our E-commerce team. The ideal candidate has 0-1 years of experience and is proficient in TensorFlow, Pandas, Python, SQL, Scikit-learn, Statistics. This is a hybrid contract position focused on delivering high-quality data & ai work."
Junior Machine Learning Engineer,Data & AI,MLOps; Model Deployment; SQL; PyTorch; Deep Learning; Python,Junior,"Contract · Remote. We are hiring a Junior Machine Learning Engineer for our Fintech team. The ideal candidate has 1-3 years of experience and is proficient in MLOps, Model Deployment, SQL, PyTorch, Deep Learning, Python. This is a remote contract position focused on delivering high-quality data & ai work."
Principal AI Researcher,Data & AI,Reinforcement Learning; TensorFlow; PyTorch; Machine Learning; Research; Mathematics; Publications,Principal,"Internship · On-site. We are hiring a Principal AI Researcher for our Gaming team. The ideal candidate has 12-20 years of experience and is proficient in Reinforcement Learning, TensorFlow, PyTorch, Machine Learning, Research, Mathematics, Publications. This is a on-site internship position focused on delivering high-quality data & ai work."
Intern Data Engineer,Data & AI,AWS; Hadoop; Python; Airflow; Spark; Snowflake; Kafka,Intern,"Internship · Hybrid. We are hiring a Intern Data Engineer for our E-commerce team. The ideal candidate has 0-1 years of experience and is proficient in AWS, Hadoop, Python, Airflow, Spark, Snowflake, Kafka. This is a hybrid internship position focused on delivering high-quality data & ai work."
Mid-level AI Researcher,Data & AI,Publications; Machine Learning; Python; Deep Learning; Reinforcement Learning,Mid-level,"Internship · On-site. We are hiring a Mid-level AI Researcher for our EdTech team. The ideal candidate has 3-6 years of experience and is proficient in Publications, Machine Learning, Python, Deep Learning, Reinforcement Learning. This is a on-site internship position focused on delivering high-quality data & ai work."
Junior Data Scientist,Data & AI,TensorFlow; Statistics; Jupyter; SQL; Data Visualization,Junior,"Full-time · Hybrid. We are hiring a Junior Data Scientist for our SaaS team. The ideal candidate has 1-3 years of experience and is proficient in TensorFlow, Statistics, Jupyter, SQL, Data Visualization. This is a hybrid full-time position focused on delivering high-quality data & ai work."
Lead Data Scientist,Data & AI,Data Visualization; Jupyter; Python; Machine Learning; Scikit-learn; Statistics; TensorFlow,Lead,"Internship · Remote. We are hiring a Lead Data Scientist for our Fintech team. The ideal candidate has 8-14 years of experience and is proficient in Data Visualization, Jupyter, Python, Machine Learning, Scikit-learn, Statistics, TensorFlow. This is a remote internship position focused on delivering high-quality data & ai work."
Mid-level Business Intelligence Analyst,Data & AI,Python; ETL; SQL; DAX; Reporting; Power BI,Mid-level,"Internship · Remote. We are hiring a Mid-level Business Intelligence Analyst for our Healthcare team. The ideal candidate has 3-6 years of experience and is proficient in Python, ETL, SQL, DAX, Reporting, Power BI. This is a remote internship position focused on delivering high-quality data & ai work."
Senior Data Analyst,Data & AI,Reporting; Pandas; A/B Testing; Data Cleaning; Statistics; Power BI; Python,Senior,"Contract · Hybrid. We are hiring a Senior Data Analyst for our Gaming team. The ideal candidate has 6-10 years of experience and is proficient in Reporting, Pandas, A/B Testing, Data Cleaning, Statistics, Power BI, Python. This is a hybrid contract position focused on delivering high-quality data & ai work."
Principal Business Intelligence Analyst,Data & AI,DAX; Python; Dashboards; SQL; Power BI; Reporting,Principal,"Internship · Remote. We are hiring a Principal Business Intelligence Analyst for our Healthcare team. The ideal candidate has 12-20 years of experience and is proficient in DAX, Python, Dashboards, SQL, Power BI, Reporting. This is a remote internship position focused on delivering high-quality data & ai work."
Principal NLP Engineer,Data & AI,Tokenization; Deep Learning; PyTorch; Transformers; Python; spaCy; BERT,Principal,"Full-time · On-site. We are hiring a Principal NLP Engineer for our Healthcare team. The ideal candidate has 12-20 years of experience and is proficient in Tokenization, Deep Learning, PyTorch, Transformers, Python, spaCy, BERT. This is a on-site full-time position focused on delivering high-quality data & ai work."
Principal NLP Engineer,Data & AI,Deep Learning; Python; Tokenization; NLP; PyTorch,Principal,"Internship · Hybrid. We are hiring a Principal NLP Engineer for our Gaming team. The ideal candidate has 12-20 years of experience and is proficient in Deep Learning, Python, Tokenization, NLP, PyTorch. This is a hybrid internship position focused on delivering high-quality data & ai work."
Junior NLP Engineer,Data & AI,Tokenization; Machine Learning; Text Mining; NLP; Transformers; Python; spaCy,Junior,"Full-time · On-site. We are hiring a Junior NLP Engineer for our Gaming team. The ideal candidate has 1-3 years of experience and is proficient in Tokenization, Machine Learning, Text Mining, NLP, Transformers, Python, spaCy. This is a on-site full-time position focused on delivering high-quality data & ai work."
Principal Machine Learning Engineer,Data & AI,Machine Learning; PyTorch; TensorFlow; Python; MLOps; Model Deployment,Principal,"Internship · Hybrid. We are hiring a Principal Machine Learning Engineer for our Startup team. The ideal candidate has 12-20 years of experience and is proficient in Machine Learning, PyTorch, TensorFlow, Python, MLOps, Model Deployment. This is a hybrid internship position focused on delivering high-quality data & ai work."
Principal Computer Vision Engineer,Data & AI,Deep Learning; CNN; PyTorch; CUDA; Python; Image Processing; TensorFlow,Principal,"Full-time · On-site. We are hiring a Principal Computer Vision Engineer for our SaaS team. The ideal candidate has 12-20 years of experience and is proficient in Deep Learning, CNN, PyTorch, CUDA, Python, Image Processing, TensorFlow. This is a on-site full-time position focused on delivering high-quality data & ai work."
Intern Computer Vision Engineer,Data & AI,PyTorch; Image Processing; C++; Python; TensorFlow; Machine Learning; OpenCV,Intern,"Internship · On-site. We are hiring a Intern Computer Vision Engineer for our EdTech team. The ideal candidate has 0-1 years of experience and is proficient in PyTorch, Image Processing, C++, Python, TensorFlow, Machine Learning, OpenCV. This is a on-site internship position focused on delivering high-quality data & ai work."
Intern NLP Engineer,Data & AI,BERT; Text Mining; PyTorch; spaCy; Deep Learning; Tokenization; Machine Learning,Intern,"Full-time · On-site. We are hiring a Intern NLP Engineer for our Healthcare team. The ideal candidate has 0-1 years of experience and is proficient in BERT, Text Mining, PyTorch, spaCy, Deep Learning, Tokenization, Machine Learning. This is a on-site full-time position focused on delivering high-quality data & ai work."
Principal Machine Learning Engineer,Data & AI,Machine Learning; SQL; Docker; Scikit-learn; MLOps; Model Deployment; TensorFlow,Principal,"Full-time · Remote. We are hiring a Principal Machine Learning Engineer for our Healthcare team. The ideal candidate has 12-20 years of experience and is proficient in Machine Learning, SQL, Docker, Scikit-learn, MLOps, Model Deployment, TensorFlow. This is a remote full-time position focused on delivering high-quality data & ai work."
Junior Business Intelligence Analyst,Data & AI,Python; SQL; Dashboards; Power BI; DAX; Data Warehousing,Junior,"Contract · Hybrid. We are hiring a Junior Business Intelligence Analyst for our EdTech team. The ideal candidate has 1-3 years of experience and is proficient in Python, SQL, Dashboards, Power BI, DAX, Data Warehousing. This is a hybrid contract position focused on delivering high-quality data & ai work."
Intern Business Intelligence Analyst,Data & AI,Excel; SQL; Tableau; Data Warehousing; Dashboards; Power BI; Python,Intern,"Full-time · On-site. We are hiring a Intern Business Intelligence Analyst for our Gaming team. The ideal candidate has 0-1 years of experience and is proficient in Excel, SQL, Tableau, Data Warehousing, Dashboards, Power BI, Python. This is a on-site full-time position focused on delivering high-quality data & ai work."
Intern NLP Engineer,Data & AI,PyTorch; Text Mining; Deep Learning; BERT; Machine Learning,Intern,"Full-time · On-site. We are hiring a Intern NLP Engineer for our Gaming team. The ideal candidate has 0-1 years of experience and is proficient in PyTorch, Text Mining, Deep Learning, BERT, Machine Learning. This is a on-site full-time position focused on delivering high-quality data & ai work."
Junior NLP Engineer,Data & AI,spaCy; PyTorch; Transformers; Python; NLP; Tokenization; Deep Learning,Junior,"Internship · Hybrid. We are hiring a Junior NLP Engineer for our Startup team. The ideal candidate has 1-3 years of experience and is proficient in spaCy, PyTorch, Transformers, Python, NLP, Tokenization, Deep Learning. This is a hybrid internship position focused on delivering high-quality data & ai work."
Mid-level NLP Engineer,Data & AI,Text Mining; Transformers; PyTorch; BERT; NLP; Machine Learning; spaCy,Mid-level,"Internship · Hybrid. We are hiring a Mid-level NLP Engineer for our Fintech team. The ideal candidate has 3-6 years of experience and is proficient in Text Mining, Transformers, PyTorch, BERT, NLP, Machine Learning, spaCy. This is a hybrid internship position focused on delivering high-quality data & ai work."
Principal Data Analyst,Data & AI,Python; A/B Testing; SQL; Tableau; Power BI; Data Cleaning; Pandas,Principal,"Full-time · Hybrid. We are hiring a Principal Data Analyst for our Enterprise team. The ideal candidate has 12-20 years of experience and is proficient in Python, A/B Testing, SQL, Tableau, Power BI, Data Cleaning, Pandas. This is a hybrid full-time position focused on delivering high-quality data & ai work."
Junior Business Intelligence Analyst,Data & AI,ETL; Excel; Data Warehousing; Dashboards; DAX,Junior,"Full-time · On-site. We are hiring a Junior Business Intelligence Analyst for our Enterprise team. The ideal candidate has 1-3 years of experience and is proficient in ETL, Excel, Data Warehousing, Dashboards, DAX. This is a on-site full-time position focused on delivering high-quality data & ai work."
Junior Business Intelligence Analyst,Data & AI,Data Warehousing; ETL; SQL; DAX; Tableau; Power BI,Junior,"Contract · On-site. We are hiring a Junior Business Intelligence Analyst for our Enterprise team. The ideal candidate has 1-3 years of experience and is proficient in Data Warehousing, ETL, SQL, DAX, Tableau, Power BI. This is a on-site contract position focused on delivering high-quality data & ai work."
Mid-level Data Analyst,Data & AI,Pandas; SQL; Reporting; Excel; Power BI,Mid-level,"Full-time · On-site. We are hiring a Mid-level Data Analyst for our Healthcare team. The ideal candidate has 3-6 years of experience and is proficient in Pandas, SQL, Reporting, Excel, Power BI. This is a on-site full-time position focused on delivering high-quality data & ai work."
Intern Data Engineer,Data & AI,Data Modeling; Hadoop; Snowflake; Python; Kafka; Airflow,Intern,"Contract · On-site. We are hiring a Intern Data Engineer for our Gaming team. The ideal candidate has 0-1 years of experience and is proficient in Data Modeling, Hadoop, Snowflake, Python, Kafka, Airflow. This is a on-site contract position focused on delivering high-quality data & ai work."
Principal Computer Vision Engineer,Data & AI,OpenCV; CNN; CUDA; Image Processing; Deep Learning; Python; Machine Learning,Principal,"Full-time · Hybrid. We are hiring a Principal Computer Vision Engineer for our Gaming team. The ideal candidate has 12-20 years of experience and is proficient in OpenCV, CNN, CUDA, Image Processing, Deep Learning, Python, Machine Learning. This is a hybrid full-time position focused on delivering high-quality data & ai work."
Senior Data Scientist,Data & AI,TensorFlow; Pandas; NumPy; Data Visualization; Scikit-learn; SQL,Senior,"Internship · On-site. We are hiring a Senior Data Scientist for our EdTech team. The ideal candidate has 6-10 years of experience and is proficient in TensorFlow, Pandas, NumPy, Data Visualization, Scikit-learn, SQL. This is a on-site internship position focused on delivering high-quality data & ai work."
Lead Business Intelligence Analyst,Data & AI,DAX; Power BI; Data Warehousing; ETL; Reporting,Lead,"Full-time · Hybrid. We are hiring a Lead Business Intelligence Analyst for our Healthcare team. The ideal candidate has 8-14 years of experience and is proficient in DAX, Power BI, Data Warehousing, ETL, Reporting. This is a hybrid full-time position focused on delivering high-quality data & ai work."
Intern Data Analyst,Data & AI,A/B Testing; Reporting; Tableau; Power BI; Statistics,Intern,"Internship · On-site. We are hiring a Intern Data Analyst for our EdTech team. The ideal candidate has 0-1 years of experience and is proficient in A/B Testing, Reporting, Tableau, Power BI, Statistics. This is a on-site internship position focused on delivering high-quality data & ai work."
Mid-level AI Researcher,Data & AI,Research; Deep Learning; TensorFlow; Machine Learning; Mathematics; Python,Mid-level,"Contract · Hybrid. We are hiring a Mid-level AI Researcher for our Gaming team. The ideal candidate has 3-6 years of experience and is proficient in Research, Deep Learning, TensorFlow, Machine Learning, Mathematics, Python. This is a hybrid contract position focused on delivering high-quality data & ai work."
Principal Data Scientist,Data & AI,Jupyter; Machine Learning; SQL; TensorFlow; Python; Scikit-learn,Principal,"Full-time · Remote. We are hiring a Principal Data Scientist for our Gaming team. The ideal candidate has 12-20 years of experience and is proficient in Jupyter, Machine Learning, SQL, TensorFlow, Python, Scikit-learn. This is a remote full-time position focused on delivering high-quality data & ai work."
Principal Data Scientist,Data & AI,Data Visualization; SQL; NumPy; Python; Machine Learning; Scikit-learn,Principal,"Internship · Hybrid. We are hiring a Principal Data Scientist for our Gaming team. The ideal candidate has 12-20 years of experience and is proficient in Data Visualization, SQL, NumPy, Python, Machine Learning, Scikit-learn. This is a hybrid internship position focused on delivering high-quality data & ai work."
Principal AI Researcher,Data & AI,Research; PyTorch; Reinforcement Learning; Publications; NLP,Principal,"Contract · Remote. We are hiring a Principal AI Researcher for our Enterprise team. The ideal candidate has 12-20 years of experience and is proficient in Research, PyTorch, Reinforcement Learning, Publications, NLP. This is a remote contract position focused on delivering high-quality data & ai work."
Lead Data Scientist,Data & AI,SQL; Python; NumPy; Machine Learning; Statistics,Lead,"Full-time · Remote. We are hiring a Lead Data Scientist for our Fintech team. The ideal candidate has 8-14 years of experience and is proficient in SQL, Python, NumPy, Machine Learning, Statistics. This is a remote full-time position focused on delivering high-quality data & ai work."
Mid-level Machine Learning Engineer,Data & AI,Deep Learning; SQL; PyTorch; Docker; Python,Mid-level,"Internship · On-site. We are hiring a Mid-level Machine Learning Engineer for our E-commerce team. The ideal candidate has 3-6 years of experience and is proficient in Deep Learning, SQL, PyTorch, Docker, Python. This is a on-site internship position focused on delivering high-quality data & ai work."
Junior Data Scientist,Data & AI,Pandas; Python; Scikit-learn; Statistics; TensorFlow,Junior,"Full-time · Remote. We are hiring a Junior Data Scientist for our E-commerce team. The ideal candidate has 1-3 years of experience and is proficient in Pandas, Python, Scikit-learn, Statistics, TensorFlow. This is a remote full-time position focused on delivering high-quality data & ai work."
Intern NLP Engineer,Data & AI,Machine Learning; PyTorch; Text Mining; spaCy; NLP,Intern,"Contract · Hybrid. We are hiring a Intern NLP Engineer for our Healthcare team. The ideal candidate has 0-1 years of experience and is proficient in Machine Learning, PyTorch, Text Mining, spaCy, NLP. This is a hybrid contract position focused on delivering high-quality data & ai work."
Intern Business Intelligence Analyst,Data & AI,Reporting; Data Warehousing; Python; Excel; Dashboards; DAX; ETL,Intern,"Full-time · On-site. We are hiring a Intern Business Intelligence Analyst for our Enterprise team. The ideal candidate has 0-1 years of experience and is proficient in Reporting, Data Warehousing, Python, Excel, Dashboards, DAX, ETL. This is a on-site full-time position focused on delivering high-quality data & ai work."
Mid-level Business Intelligence Analyst,Data & AI,ETL; Python; Data Warehousing; Tableau; Excel,Mid-level,"Contract · Remote. We are hiring a Mid-level Business Intelligence Analyst for our SaaS team. The ideal candidate has 3-6 years of experience and is proficient in ETL, Python, Data Warehousing, Tableau, Excel. This is a remote contract position focused on delivering high-quality data & ai work."
Intern Machine Learning Engineer,Data & AI,TensorFlow; MLOps; SQL; Deep Learning; Docker; Machine Learning,Intern,"Full-time · Hybrid. We are hiring a Intern Machine Learning Engineer for our SaaS team. The ideal candidate has 0-1 years of experience and is proficient in TensorFlow, MLOps, SQL, Deep Learning, Docker, Machine Learning. This is a hybrid full-time position focused on delivering high-quality data & ai work."
Lead Business Intelligence Analyst,Data & AI,Tableau; Dashboards; Data Warehousing; ETL; Python,Lead,"Contract · Hybrid. We are hiring a Lead Business Intelligence Analyst for our Fintech team. The ideal candidate has 8-14 years of experience and is proficient in Tableau, Dashboards, Data Warehousing, ETL, Python. This is a hybrid contract position focused on delivering high-quality data & ai work."
Intern Computer Vision Engineer,Data & AI,CUDA; PyTorch; Deep Learning; C++; CNN,Intern,"Full-time · On-site. We are hiring a Intern Computer Vision Engineer for our Fintech team. The ideal candidate has 0-1 years of experience and is proficient in CUDA, PyTorch, Deep Learning, C++, CNN. This is a on-site full-time position focused on delivering high-quality data & ai work."
Intern Business Intelligence Analyst,Data & AI,Tableau; SQL; Power BI; ETL; Data Warehousing; Reporting,Intern,"Internship · Hybrid. We are hiring a Intern Business Intelligence Analyst for our Enterprise team. The ideal candidate has 0-1 years of experience and is proficient in Tableau, SQL, Power BI, ETL, Data Warehousing, Reporting. This is a hybrid internship position focused on delivering high-quality data & ai work."
Principal NLP Engineer,Data & AI,Transformers; Tokenization; NLP; BERT; Python; PyTorch; Machine Learning,Principal,"Contract · Remote. We are hiring a Principal NLP Engineer for our Gaming team. The ideal candidate has 12-20 years of experience and is proficient in Transformers, Tokenization, NLP, BERT, Python, PyTorch, Machine Learning. This is a remote contract position focused on delivering high-quality data & ai work."
Mid-level NLP Engineer,Data & AI,Machine Learning; Deep Learning; Python; PyTorch; spaCy,Mid-level,"Internship · Remote. We are hiring a Mid-level NLP Engineer for our Fintech team. The ideal candidate has 3-6 years of experience and is proficient in Machine Learning, Deep Learning, Python, PyTorch, spaCy. This is a remote internship position focused on delivering high-quality data & ai work."
Intern Data Engineer,Data & AI,Airflow; Spark; ETL; AWS; SQL,Intern,"Internship · Hybrid. We are hiring a Intern Data Engineer for our Startup team. The ideal candidate has 0-1 years of experience and is proficient in Airflow, Spark, ETL, AWS, SQL. This is a hybrid internship position focused on delivering high-quality data & ai work."
Mid-level Data Scientist,Data & AI,Machine Learning; Scikit-learn; Statistics; Data Visualization; Jupyter; TensorFlow,Mid-level,"Full-time · Hybrid. We are hiring a Mid-level Data Scientist for our Fintech team. The ideal candidate has 3-6 years of experience and is proficient in Machine Learning, Scikit-learn, Statistics, Data Visualization, Jupyter, TensorFlow. This is a hybrid full-time position focused on delivering high-quality data & ai work."
Lead Data Engineer,Data & AI,ETL; Kafka; Hadoop; Python; Data Modeling; Spark; SQL,Lead,"Full-time · On-site. We are hiring a Lead Data Engineer for our Enterprise team. The ideal candidate has 8-14 years of experience and is proficient in ETL, Kafka, Hadoop, Python, Data Modeling, Spark, SQL. This is a on-site full-time position focused on delivering high-quality data & ai work."
Mid-level Data Analyst,Data & AI,Data Cleaning; SQL; Statistics; Pandas; Tableau; Power BI,Mid-level,"Internship · Remote. We are hiring a Mid-level Data Analyst for our Startup team. The ideal candidate has 3-6 years of experience and is proficient in Data Cleaning, SQL, Statistics, Pandas, Tableau, Power BI. This is a remote internship position focused on delivering high-quality data & ai work."
Principal Machine Learning Engineer,Data & AI,Python; Model Deployment; TensorFlow; Machine Learning; SQL; Scikit-learn; MLOps,Principal,"Contract · Remote. We are hiring a Principal Machine Learning Engineer for our Healthcare team. The ideal candidate has 12-20 years of experience and is proficient in Python, Model Deployment, TensorFlow, Machine Learning, SQL, Scikit-learn, MLOps. This is a remote contract position focused on delivering high-quality data & ai work."
Mid-level Computer Vision Engineer,Data & AI,TensorFlow; OpenCV; Python; Image Processing; CUDA; Machine Learning; CNN,Mid-level,"Contract · On-site. We are hiring a Mid-level Computer Vision Engineer for our Gaming team. The ideal candidate has 3-6 years of experience and is proficient in TensorFlow, OpenCV, Python, Image Processing, CUDA, Machine Learning, CNN. This is a on-site contract position focused on delivering high-quality data & ai work."
Senior Machine Learning Engineer,Data & AI,PyTorch; Model Deployment; Deep Learning; SQL; Docker; Python,Senior,"Contract · Remote. We are hiring a Senior Machine Learning Engineer for our E-commerce team. The ideal candidate has 6-10 years of experience and is proficient in PyTorch, Model Deployment, Deep Learning, SQL, Docker, Python. This is a remote contract position focused on delivering high-quality data & ai work."
Principal NLP Engineer,Data & AI,Text Mining; NLP; Machine Learning; Deep Learning; PyTorch; Python; spaCy,Principal,"Contract · Remote. We are hiring a Principal NLP Engineer for our E-commerce team. The ideal candidate has 12-20 years of experience and is proficient in Text Mining, NLP, Machine Learning, Deep Learning, PyTorch, Python, spaCy. This is a remote contract position focused on delivering high-quality data & ai work."
Mid-level NLP Engineer,Data & AI,Tokenization; PyTorch; Machine Learning; BERT; NLP,Mid-level,"Full-time · Hybrid. We are hiring a Mid-level NLP Engineer for our EdTech team. The ideal candidate has 3-6 years of experience and is proficient in Tokenization, PyTorch, Machine Learning, BERT, NLP. This is a hybrid full-time position focused on delivering high-quality data & ai work."
Principal Business Intelligence Analyst,Data & AI,Reporting; DAX; ETL; Power BI; Tableau,Principal,"Full-time · Hybrid. We are hiring a Principal Business Intelligence Analyst for our Healthcare team. The ideal candidate has 12-20 years of experience and is proficient in Reporting, DAX, ETL, Power BI, Tableau. This is a hybrid full-time position focused on delivering high-quality data & ai work."
Principal NLP Engineer,Data & AI,Transformers; BERT; NLP; Python; Deep Learning,Principal,"Full-time · Hybrid. We are hiring a Principal NLP Engineer for our Startup team. The ideal candidate has 12-20 years of experience and is proficient in Transformers, BERT, NLP, Python, Deep Learning. This is a hybrid full-time position focused on delivering high-quality data & ai work."
Senior Machine Learning Engineer,Data & AI,MLOps; PyTorch; Docker; Model Deployment; TensorFlow; Machine Learning,Senior,"Contract · Remote. We are hiring a Senior Machine Learning Engineer for our Gaming team. The ideal candidate has 6-10 years of experience and is proficient in MLOps, PyTorch, Docker, Model Deployment, TensorFlow, Machine Learning. This is a remote contract position focused on delivering high-quality data & ai work."
Lead Computer Vision Engineer,Data & AI,PyTorch; C++; Deep Learning; CNN; TensorFlow,Lead,"Full-time · Hybrid. We are hiring a Lead Computer Vision Engineer for our Healthcare team. The ideal candidate has 8-14 years of experience and is proficient in PyTorch, C++, Deep Learning, CNN, TensorFlow. This is a hybrid full-time position focused on delivering high-quality data & ai work."
Lead Data Scientist,Data & AI,Machine Learning; Jupyter; Scikit-learn; SQL; Statistics; Pandas,Lead,"Full-time · Hybrid. We are hiring a Lead Data Scientist for our Enterprise team. The ideal candidate has 8-14 years of experience and is proficient in Machine Learning, Jupyter, Scikit-learn, SQL, Statistics, Pandas. This is a hybrid full-time position focused on delivering high-quality data & ai work."
Principal NLP Engineer,Data & AI,BERT; Python; PyTorch; Deep Learning; Tokenization,Principal,"Contract · Remote. We are hiring a Principal NLP Engineer for our Healthcare team. The ideal candidate has 12-20 years of experience and is proficient in BERT, Python, PyTorch, Deep Learning, Tokenization. This is a remote contract position focused on delivering high-quality data & ai work."
Intern NLP Engineer,Data & AI,Python; spaCy; BERT; Tokenization; NLP; Transformers,Intern,"Full-time · Remote. We are hiring a Intern NLP Engineer for our SaaS team. The ideal candidate has 0-1 years of experience and is proficient in Python, spaCy, BERT, Tokenization, NLP, Transformers. This is a remote full-time position focused on delivering high-quality data & ai work."
Mid-level Business Intelligence Analyst,Data & AI,Data Warehousing; Tableau; Reporting; DAX; Excel,Mid-level,"Internship · Hybrid. We are hiring a Mid-level Business Intelligence Analyst for our Gaming team. The ideal candidate has 3-6 years of experience and is proficient in Data Warehousing, Tableau, Reporting, DAX, Excel. This is a hybrid internship position focused on delivering high-quality data & ai work."
Mid-level Data Analyst,Data & AI,SQL; Python; Statistics; Tableau; Reporting; A/B Testing,Mid-level,"Full-time · Hybrid. We are hiring a Mid-level Data Analyst for our E-commerce team. The ideal candidate has 3-6 years of experience and is proficient in SQL, Python, Statistics, Tableau, Reporting, A/B Testing. This is a hybrid full-time position focused on delivering high-quality data & ai work."
Lead NLP Engineer,Data & AI,PyTorch; Text Mining; Machine Learning; BERT; Tokenization; NLP; Python,Lead,"Full-time · Hybrid. We are hiring a Lead NLP Engineer for our EdTech team. The ideal candidate has 8-14 years of experience and is proficient in PyTorch, Text Mining, Machine Learning, BERT, Tokenization, NLP, Python. This is a hybrid full-time position focused on delivering high-quality data & ai work."
Senior Data Engineer,Data & AI,Airflow; Spark; Python; Hadoop; ETL,Senior,"Internship · Hybrid. We are hiring a Senior Data Engineer for our Enterprise team. The ideal candidate has 6-10 years of experience and is proficient in Airflow, Spark, Python, Hadoop, ETL. This is a hybrid internship position focused on delivering high-quality data & ai work."
Intern NLP Engineer,Data & AI,PyTorch; spaCy; Machine Learning; Transformers; NLP; BERT,Intern,"Internship · On-site. We are hiring a Intern NLP Engineer for our Gaming team. The ideal candidate has 0-1 years of experience and is proficient in PyTorch, spaCy, Machine Learning, Transformers, NLP, BERT. This is a on-site internship position focused on delivering high-quality data & ai work."
Principal Computer Vision Engineer,Data & AI,Machine Learning; CNN; OpenCV; C++; Deep Learning; CUDA,Principal,"Contract · Remote. We are hiring a Principal Computer Vision Engineer for our Enterprise team. The ideal candidate has 12-20 years of experience and is proficient in Machine Learning, CNN, OpenCV, C++, Deep Learning, CUDA. This is a remote contract position focused on delivering high-quality data & ai work."
Senior Machine Learning Engineer,Data & AI,MLOps; TensorFlow; Machine Learning; PyTorch; SQL; Deep Learning,Senior,"Contract · On-site. We are hiring a Senior Machine Learning Engineer for our Startup team. The ideal candidate has 6-10 years of experience and is proficient in MLOps, TensorFlow, Machine Learning, PyTorch, SQL, Deep Learning. This is a on-site contract position focused on delivering high-quality data & ai work."
Junior Data Analyst,Data & AI,Statistics; Excel; Reporting; Python; Pandas; Power BI; A/B Testing,Junior,"Contract · Hybrid. We are hiring a Junior Data Analyst for our Startup team. The ideal candidate has 1-3 years of experience and is proficient in Statistics, Excel, Reporting, Python, Pandas, Power BI, A/B Testing. This is a hybrid contract position focused on delivering high-quality data & ai work."
Junior Computer Vision Engineer,Data & AI,Image Processing; Deep Learning; C++; Machine Learning; PyTorch; CUDA; OpenCV,Junior,"Internship · Hybrid. We are hiring a Junior Computer Vision Engineer for our EdTech team. The ideal candidate has 1-3 years of experience and is proficient in Image Processing, Deep Learning, C++, Machine Learning, PyTorch, CUDA, OpenCV. This is a hybrid internship position focused on delivering high-quality data & ai work."
Lead Business Intelligence Analyst,Data & AI,Dashboards; Python; ETL; Reporting; Excel; Data Warehousing; SQL,Lead,"Full-time · Hybrid. We are hiring a Lead Business Intelligence Analyst for our EdTech team. The ideal candidate has 8-14 years of experience and is proficient in Dashboards, Python, ETL, Reporting, Excel, Data Warehousing, SQL. This is a hybrid full-time position focused on delivering high-quality data & ai work."
Principal AI Researcher,Data & AI,NLP; Publications; Deep Learning; Python; TensorFlow; Machine Learning,Principal,"Contract · On-site. We are hiring a Principal AI Researcher for our E-commerce team. The ideal candidate has 12-20 years of experience and is proficient in NLP, Publications, Deep Learning, Python, TensorFlow, Machine Learning. This is a on-site contract position focused on delivering high-quality data & ai work."
Principal Machine Learning Engineer,Data & AI,Deep Learning; Python; MLOps; Model Deployment; TensorFlow; Docker; SQL,Principal,"Contract · On-site. We are hiring a Principal Machine Learning Engineer for our Enterprise team. The ideal candidate has 12-20 years of experience and is proficient in Deep Learning, Python, MLOps, Model Deployment, TensorFlow, Docker, SQL. This is a on-site contract position focused on delivering high-quality data & ai work."
Principal Computer Vision Engineer,Data & AI,PyTorch; OpenCV; CNN; TensorFlow; Deep Learning,Principal,"Full-time · Remote. We are hiring a Principal Computer Vision Engineer for our Gaming team. The ideal candidate has 12-20 years of experience and is proficient in PyTorch, OpenCV, CNN, TensorFlow, Deep Learning. This is a remote full-time position focused on delivering high-quality data & ai work."
Lead Data Analyst,Data & AI,Statistics; Reporting; A/B Testing; Python; Pandas,Lead,"Internship · On-site. We are hiring a Lead Data Analyst for our Gaming team. The ideal candidate has 8-14 years of experience and is proficient in Statistics, Reporting, A/B Testing, Python, Pandas. This is a on-site internship position focused on delivering high-quality data & ai work."
Junior NLP Engineer,Data & AI,Deep Learning; Machine Learning; Transformers; PyTorch; NLP; Tokenization,Junior,"Internship · On-site. We are hiring a Junior NLP Engineer for our EdTech team. The ideal candidate has 1-3 years of experience and is proficient in Deep Learning, Machine Learning, Transformers, PyTorch, NLP, Tokenization. This is a on-site internship position focused on delivering high-quality data & ai work."
Mid-level Data Engineer,Data & AI,ETL; Python; Airflow; Kafka; Data Modeling,Mid-level,"Internship · Hybrid. We are hiring a Mid-level Data Engineer for our Startup team. The ideal candidate has 3-6 years of experience and is proficient in ETL, Python, Airflow, Kafka, Data Modeling. This is a hybrid internship position focused on delivering high-quality data & ai work."
Senior Data Analyst,Data & AI,Tableau; A/B Testing; Excel; Reporting; Power BI; Data Cleaning,Senior,"Contract · On-site. We are hiring a Senior Data Analyst for our Gaming team. The ideal candidate has 6-10 years of experience and is proficient in Tableau, A/B Testing, Excel, Reporting, Power BI, Data Cleaning. This is a on-site contract position focused on delivering high-quality data & ai work."
Intern Data Engineer,Data & AI,AWS; Snowflake; Data Modeling; Airflow; ETL; SQL; Python,Intern,"Contract · Hybrid. We are hiring a Intern Data Engineer for our Startup team. The ideal candidate has 0-1 years of experience and is proficient in AWS, Snowflake, Data Modeling, Airflow, ETL, SQL, Python. This is a hybrid contract position focused on delivering high-quality data & ai work."
Mid-level Data Scientist,Data & AI,SQL; Data Visualization; Statistics; NumPy; Jupyter,Mid-level,"Internship · Hybrid. We are hiring a Mid-level Data Scientist for our SaaS team. The ideal candidate has 3-6 years of experience and is proficient in SQL, Data Visualization, Statistics, NumPy, Jupyter. This is a hybrid internship position focused on delivering high-quality data & ai work."
Senior Computer Vision Engineer,Data & AI,Deep Learning; Python; C++; CUDA; TensorFlow,Senior,"Internship · Remote. We are hiring a Senior Computer Vision Engineer for our Gaming team. The ideal candidate has 6-10 years of experience and is proficient in Deep Learning, Python, C++, CUDA, TensorFlow. This is a remote internship position focused on delivering high-quality data & ai work."
Intern Data Engineer,Data & AI,Kafka; Spark; AWS; Data Modeling; Hadoop,Intern,"Internship · Remote. We are hiring a Intern Data Engineer for our Enterprise team. The ideal candidate has 0-1 years of experience and is proficient in Kafka, Spark, AWS, Data Modeling, Hadoop. This is a remote internship position focused on delivering high-quality data & ai work."
Mid-level Computer Vision Engineer,Data & AI,C++; CUDA; CNN; Deep Learning; TensorFlow; OpenCV,Mid-level,"Contract · Remote. We are hiring a Mid-level Computer Vision Engineer for our Startup team. The ideal candidate has 3-6 years of experience and is proficient in C++, CUDA, CNN, Deep Learning, TensorFlow, OpenCV. This is a remote contract position focused on delivering high-quality data & ai work."
Intern Data Scientist,Data & AI,Statistics; NumPy; TensorFlow; Jupyter; Python; SQL; Data Visualization,Intern,"Full-time · Hybrid. We are hiring a Intern Data Scientist for our Healthcare team. The ideal candidate has 0-1 years of experience and is proficient in Statistics, NumPy, TensorFlow, Jupyter, Python, SQL, Data Visualization. This is a hybrid full-time position focused on delivering high-quality data & ai work."
Junior Machine Learning Engineer,Data & AI,Model Deployment; Machine Learning; MLOps; Docker; Python; PyTorch; TensorFlow,Junior,"Contract · Remote. We are hiring a Junior Machine Learning Engineer for our Startup team. The ideal candidate has 1-3 years of experience and is proficient in Model Deployment, Machine Learning, MLOps, Docker, Python, PyTorch, TensorFlow. This is a remote contract position focused on delivering high-quality data & ai work."
Principal AI Researcher,Data & AI,TensorFlow; Python; Machine Learning; PyTorch; NLP,Principal,"Contract · Hybrid. We are hiring a Principal AI Researcher for our E-commerce team. The ideal candidate has 12-20 years of experience and is proficient in TensorFlow, Python, Machine Learning, PyTorch, NLP. This is a hybrid contract position focused on delivering high-quality data & ai work."
Senior NLP Engineer,Data & AI,Machine Learning; NLP; Python; Tokenization; Deep Learning,Senior,"Internship · Hybrid. We are hiring a Senior NLP Engineer for our Startup team. The ideal candidate has 6-10 years of experience and is proficient in Machine Learning, NLP, Python, Tokenization, Deep Learning. This is a hybrid internship position focused on delivering high-quality data & ai work."
Mid-level Data Scientist,Data & AI,Machine Learning; Statistics; Pandas; Scikit-learn; Python,Mid-level,"Full-time · On-site. We are hiring a Mid-level Data Scientist for our Startup team. The ideal candidate has 3-6 years of experience and is proficient in Machine Learning, Statistics, Pandas, Scikit-learn, Python. This is a on-site full-time position focused on delivering high-quality data & ai work."
Lead Business Intelligence Analyst,Data & AI,Python; Tableau; Data Warehousing; DAX; SQL; Reporting; ETL,Lead,"Internship · Hybrid. We are hiring a Lead Business Intelligence Analyst for our E-commerce team. The ideal candidate has 8-14 years of experience and is proficient in Python, Tableau, Data Warehousing, DAX, SQL, Reporting, ETL. This is a hybrid internship position focused on delivering high-quality data & ai work."
Lead Data Analyst,Data & AI,Power BI; Tableau; SQL; Data Cleaning; Statistics; Excel,Lead,"Contract · Hybrid. We are hiring a Lead Data Analyst for our Fintech team. The ideal candidate has 8-14 years of experience and is proficient in Power BI, Tableau, SQL, Data Cleaning, Statistics, Excel. This is a hybrid contract position focused on delivering high-quality data & ai work."
Intern AI Researcher,Data & AI,Reinforcement Learning; Research; Python; NLP; Deep Learning; Mathematics,Intern,"Full-time · On-site. We are hiring a Intern AI Researcher for our E-commerce team. The ideal candidate has 0-1 years of experience and is proficient in Reinforcement Learning, Research, Python, NLP, Deep Learning, Mathematics. This is a on-site full-time position focused on delivering high-quality data & ai work."
Senior Machine Learning Engineer,Data & AI,Scikit-learn; Model Deployment; SQL; Docker; MLOps; Machine Learning; PyTorch,Senior,"Internship · Hybrid. We are hiring a Senior Machine Learning Engineer for our Enterprise team. The ideal candidate has 6-10 years of experience and is proficient in Scikit-learn, Model Deployment, SQL, Docker, MLOps, Machine Learning, PyTorch. This is a hybrid internship position focused on delivering high-quality data & ai work."
Lead Computer Vision Engineer,Data & AI,Machine Learning; C++; Python; Image Processing; TensorFlow; Deep Learning,Lead,"Contract · On-site. We are hiring a Lead Computer Vision Engineer for our EdTech team. The ideal candidate has 8-14 years of experience and is proficient in Machine Learning, C++, Python, Image Processing, TensorFlow, Deep Learning. This is a on-site contract position focused on delivering high-quality data & ai work."
Mid-level Data Analyst,Data & AI,Pandas; A/B Testing; Data Cleaning; Excel; Reporting; Power BI,Mid-level,"Contract · On-site. We are hiring a Mid-level Data Analyst for our Healthcare team. The ideal candidate has 3-6 years of experience and is proficient in Pandas, A/B Testing, Data Cleaning, Excel, Reporting, Power BI. This is a on-site contract position focused on delivering high-quality data & ai work."
Mid-level Data Scientist,Data & AI,Machine Learning; SQL; Python; Data Visualization; NumPy,Mid-level,"Internship · On-site. We are hiring a Mid-level Data Scientist for our Startup team. The ideal candidate has 3-6 years of experience and is proficient in Machine Learning, SQL, Python, Data Visualization, NumPy. This is a on-site internship position focused on delivering high-quality data & ai work."
Principal Computer Vision Engineer,Data & AI,PyTorch; C++; Deep Learning; TensorFlow; Machine Learning,Principal,"Contract · Remote. We are hiring a Principal Computer Vision Engineer for our Healthcare team. The ideal candidate has 12-20 years of experience and is proficient in PyTorch, C++, Deep Learning, TensorFlow, Machine Learning. This is a remote contract position focused on delivering high-quality data & ai work."
Intern Computer Vision Engineer,Data & AI,C++; Image Processing; Deep Learning; TensorFlow; Python,Intern,"Contract · Hybrid. We are hiring a Intern Computer Vision Engineer for our Fintech team. The ideal candidate has 0-1 years of experience and is proficient in C++, Image Processing, Deep Learning, TensorFlow, Python. This is a hybrid contract position focused on delivering high-quality data & ai work."
Intern Data Scientist,Data & AI,SQL; Statistics; Machine Learning; Pandas; Python; Data Visualization,Intern,"Contract · Remote. We are hiring a Intern Data Scientist for our Gaming team. The ideal candidate has 0-1 years of experience and is proficient in SQL, Statistics, Machine Learning, Pandas, Python, Data Visualization. This is a remote contract position focused on delivering high-quality data & ai work."
Junior Data Analyst,Data & AI,SQL; Power BI; Data Cleaning; Excel; A/B Testing; Python; Pandas,Junior,"Internship · Hybrid. We are hiring a Junior Data Analyst for our SaaS team. The ideal candidate has 1-3 years of experience and is proficient in SQL, Power BI, Data Cleaning, Excel, A/B Testing, Python, Pandas. This is a hybrid internship position focused on delivering high-quality data & ai work."
Junior Computer Vision Engineer,Data & AI,Python; Image Processing; PyTorch; TensorFlow; CUDA; Deep Learning,Junior,"Contract · Remote. We are hiring a Junior Computer Vision Engineer for our E-commerce team. The ideal candidate has 1-3 years of experience and is proficient in Python, Image Processing, PyTorch, TensorFlow, CUDA, Deep Learning. This is a remote contract position focused on delivering high-quality data & ai work."
Principal Data Scientist,Data & AI,Jupyter; Python; Machine Learning; NumPy; TensorFlow; Statistics; Pandas,Principal,"Full-time · Remote. We are hiring a Principal Data Scientist for our E-commerce team. The ideal candidate has 12-20 years of experience and is proficient in Jupyter, Python, Machine Learning, NumPy, TensorFlow, Statistics, Pandas. This is a remote full-time position focused on delivering high-quality data & ai work."
Mid-level Computer Vision Engineer,Data & AI,PyTorch; C++; Image Processing; Python; Machine Learning; OpenCV; Deep Learning,Mid-level,"Contract · Hybrid. We are hiring a Mid-level Computer Vision Engineer for our Startup team. The ideal candidate has 3-6 years of experience and is proficient in PyTorch, C++, Image Processing, Python, Machine Learning, OpenCV, Deep Learning. This is a hybrid contract position focused on delivering high-quality data & ai work."
Lead Machine Learning Engineer,Data & AI,Machine Learning; Scikit-learn; Docker; Python; Deep Learning,Lead,"Contract · Remote. We are hiring a Lead Machine Learning Engineer for our Startup team. The ideal candidate has 8-14 years of experience and is proficient in Machine Learning, Scikit-learn, Docker, Python, Deep Learning. This is a remote contract position focused on delivering high-quality data & ai work."
Mid-level NLP Engineer,Data & AI,Tokenization; spaCy; NLP; PyTorch; BERT; Transformers; Text Mining,Mid-level,"Contract · On-site. We are hiring a Mid-level NLP Engineer for our Gaming team. The ideal candidate has 3-6 years of experience and is proficient in Tokenization, spaCy, NLP, PyTorch, BERT, Transformers, Text Mining. This is a on-site contract position focused on delivering high-quality data & ai work."
Principal Data Scientist,Data & AI,Machine Learning; Scikit-learn; NumPy; Statistics; Pandas; Python,Principal,"Internship · Remote. We are hiring a Principal Data Scientist for our Fintech team. The ideal candidate has 12-20 years of experience and is proficient in Machine Learning, Scikit-learn, NumPy, Statistics, Pandas, Python. This is a remote internship position focused on delivering high-quality data & ai work."
Mid-level Business Intelligence Analyst,Data & AI,Excel; Tableau; SQL; Power BI; Reporting,Mid-level,"Contract · Hybrid. We are hiring a Mid-level Business Intelligence Analyst for our Healthcare team. The ideal candidate has 3-6 years of experience and is proficient in Excel, Tableau, SQL, Power BI, Reporting. This is a hybrid contract position focused on delivering high-quality data & ai work."
Senior Computer Vision Engineer,Data & AI,PyTorch; Image Processing; Python; CUDA; Deep Learning; Machine Learning; CNN,Senior,"Contract · Remote. We are hiring a Senior Computer Vision Engineer for our E-commerce team. The ideal candidate has 6-10 years of experience and is proficient in PyTorch, Image Processing, Python, CUDA, Deep Learning, Machine Learning, CNN. This is a remote contract position focused on delivering high-quality data & ai work."
Senior Data Scientist,Data & AI,NumPy; TensorFlow; SQL; Jupyter; Scikit-learn; Python; Data Visualization,Senior,"Full-time · On-site. We are hiring a Senior Data Scientist for our SaaS team. The ideal candidate has 6-10 years of experience and is proficient in NumPy, TensorFlow, SQL, Jupyter, Scikit-learn, Python, Data Visualization. This is a on-site full-time position focused on delivering high-quality data & ai work."
Lead Data Analyst,Data & AI,A/B Testing; Data Cleaning; Excel; Python; Tableau; Reporting; Statistics,Lead,"Internship · Remote. We are hiring a Lead Data Analyst for our Enterprise team. The ideal candidate has 8-14 years of experience and is proficient in A/B Testing, Data Cleaning, Excel, Python, Tableau, Reporting, Statistics. This is a remote internship position focused on delivering high-quality data & ai work."
Senior Computer Vision Engineer,Data & AI,CNN; C++; OpenCV; Machine Learning; PyTorch; CUDA,Senior,"Internship · On-site. We are hiring a Senior Computer Vision Engineer for our EdTech team. The ideal candidate has 6-10 years of experience and is proficient in CNN, C++, OpenCV, Machine Learning, PyTorch, CUDA. This is a on-site internship position focused on delivering high-quality data & ai work."
Senior Computer Vision Engineer,Data & AI,Machine Learning; Deep Learning; Image Processing; CNN; OpenCV; CUDA,Senior,"Full-time · Remote. We are hiring a Senior Computer Vision Engineer for our Healthcare team. The ideal candidate has 6-10 years of experience and is proficient in Machine Learning, Deep Learning, Image Processing, CNN, OpenCV, CUDA. This is a remote full-time position focused on delivering high-quality data & ai work."
Junior Computer Vision Engineer,Data & AI,C++; TensorFlow; CUDA; Deep Learning; PyTorch; CNN; Machine Learning,Junior,"Full-time · On-site. We are hiring a Junior Computer Vision Engineer for our EdTech team. The ideal candidate has 1-3 years of experience and is proficient in C++, TensorFlow, CUDA, Deep Learning, PyTorch, CNN, Machine Learning. This is a on-site full-time position focused on delivering high-quality data & ai work."
Junior Data Engineer,Data & AI,Spark; SQL; Hadoop; AWS; Airflow,Junior,"Full-time · Remote. We are hiring a Junior Data Engineer for our SaaS team. The ideal candidate has 1-3 years of experience and is proficient in Spark, SQL, Hadoop, AWS, Airflow. This is a remote full-time position focused on delivering high-quality data & ai work."
Intern Data Engineer,Data & AI,Python; Airflow; AWS; Snowflake; SQL,Intern,"Contract · On-site. We are hiring a Intern Data Engineer for our Startup team. The ideal candidate has 0-1 years of experience and is proficient in Python, Airflow, AWS, Snowflake, SQL. This is a on-site contract position focused on delivering high-quality data & ai work."
Intern Business Intelligence Analyst,Data & AI,Data Warehousing; Excel; ETL; Tableau; Python; DAX; Reporting,Intern,"Contract · On-site. We are hiring a Intern Business Intelligence Analyst for our Startup team. The ideal candidate has 0-1 years of experience and is proficient in Data Warehousing, Excel, ETL, Tableau, Python, DAX, Reporting. This is a on-site contract position focused on delivering high-quality data & ai work."
Lead Data Engineer,Data & AI,Data Modeling; Kafka; Python; Spark; Airflow; AWS; Hadoop,Lead,"Internship · Hybrid. We are hiring a Lead Data Engineer for our E-commerce team. The ideal candidate has 8-14 years of experience and is proficient in Data Modeling, Kafka, Python, Spark, Airflow, AWS, Hadoop. This is a hybrid internship position focused on delivering high-quality data & ai work."
Junior Data Analyst,Data & AI,SQL; A/B Testing; Data Cleaning; Reporting; Power BI; Pandas,Junior,"Internship · Hybrid. We are hiring a Junior Data Analyst for our Healthcare team. The ideal candidate has 1-3 years of experience and is proficient in SQL, A/B Testing, Data Cleaning, Reporting, Power BI, Pandas. This is a hybrid internship position focused on delivering high-quality data & ai work."
Mid-level Data Engineer,Data & AI,Data Modeling; Airflow; Spark; Python; Hadoop; ETL,Mid-level,"Internship · Hybrid. We are hiring a Mid-level Data Engineer for our EdTech team. The ideal candidate has 3-6 years of experience and is proficient in Data Modeling, Airflow, Spark, Python, Hadoop, ETL. This is a hybrid internship position focused on delivering high-quality data & ai work."
Junior Data Analyst,Data & AI,Power BI; SQL; Reporting; Statistics; Python; Excel,Junior,"Full-time · On-site. We are hiring a Junior Data Analyst for our Healthcare team. The ideal candidate has 1-3 years of experience and is proficient in Power BI, SQL, Reporting, Statistics, Python, Excel. This is a on-site full-time position focused on delivering high-quality data & ai work."
Mid-level Business Intelligence Analyst,Data & AI,Dashboards; Python; Excel; Data Warehousing; ETL; Tableau; SQL,Mid-level,"Contract · Hybrid. We are hiring a Mid-level Business Intelligence Analyst for our Fintech team. The ideal candidate has 3-6 years of experience and is proficient in Dashboards, Python, Excel, Data Warehousing, ETL, Tableau, SQL. This is a hybrid contract position focused on delivering high-quality data & ai work."
Lead AI Researcher,Data & AI,Python; Research; Publications; NLP; Reinforcement Learning; PyTorch,Lead,"Contract · Hybrid. We are hiring a Lead AI Researcher for our Startup team. The ideal candidate has 8-14 years of experience and is proficient in Python, Research, Publications, NLP, Reinforcement Learning, PyTorch. This is a hybrid contract position focused on delivering high-quality data & ai work."
Intern AI Researcher,Data & AI,Mathematics; Publications; TensorFlow; Python; Deep Learning; PyTorch; Machine Learning,Intern,"Contract · Hybrid. We are hiring a Intern AI Researcher for our SaaS team. The ideal candidate has 0-1 years of experience and is proficient in Mathematics, Publications, TensorFlow, Python, Deep Learning, PyTorch, Machine Learning. This is a hybrid contract position focused on delivering high-quality data & ai work."
Principal Data Engineer,Data & AI,SQL; Hadoop; AWS; Data Modeling; Airflow; ETL; Kafka,Principal,"Internship · Remote. We are hiring a Principal Data Engineer for our Fintech team. The ideal candidate has 12-20 years of experience and is proficient in SQL, Hadoop, AWS, Data Modeling, Airflow, ETL, Kafka. This is a remote internship position focused on delivering high-quality data & ai work."
Junior Data Engineer,Data & AI,Kafka; SQL; Airflow; ETL; AWS,Junior,"Internship · Hybrid. We are hiring a Junior Data Engineer for our Healthcare team. The ideal candidate has 1-3 years of experience and is proficient in Kafka, SQL, Airflow, ETL, AWS. This is a hybrid internship position focused on delivering high-quality data & ai work."
Mid-level Computer Vision Engineer,Data & AI,CNN; Image Processing; PyTorch; OpenCV; C++,Mid-level,"Contract · Hybrid. We are hiring a Mid-level Computer Vision Engineer for our Gaming team. The ideal candidate has 3-6 years of experience and is proficient in CNN, Image Processing, PyTorch, OpenCV, C++. This is a hybrid contract position focused on delivering high-quality data & ai work."
Junior Computer Vision Engineer,Data & AI,TensorFlow; CUDA; Machine Learning; Python; PyTorch; OpenCV; CNN,Junior,"Internship · On-site. We are hiring a Junior Computer Vision Engineer for our Enterprise team. The ideal candidate has 1-3 years of experience and is proficient in TensorFlow, CUDA, Machine Learning, Python, PyTorch, OpenCV, CNN. This is a on-site internship position focused on delivering high-quality data & ai work."
Junior Data Engineer,Data & AI,Spark; ETL; Hadoop; Data Modeling; AWS; Kafka,Junior,"Full-time · On-site. We are hiring a Junior Data Engineer for our Fintech team. The ideal candidate has 1-3 years of experience and is proficient in Spark, ETL, Hadoop, Data Modeling, AWS, Kafka. This is a on-site full-time position focused on delivering high-quality data & ai work."
Intern Data Engineer,Data & AI,Python; ETL; Spark; Kafka; Airflow; SQL; Snowflake,Intern,"Contract · Hybrid. We are hiring a Intern Data Engineer for our Gaming team. The ideal candidate has 0-1 years of experience and is proficient in Python, ETL, Spark, Kafka, Airflow, SQL, Snowflake. This is a hybrid contract position focused on delivering high-quality data & ai work."
Principal Machine Learning Engineer,Data & AI,SQL; Docker; PyTorch; Scikit-learn; Machine Learning,Principal,"Internship · On-site. We are hiring a Principal Machine Learning Engineer for our Gaming team. The ideal candidate has 12-20 years of experience and is proficient in SQL, Docker, PyTorch, Scikit-learn, Machine Learning. This is a on-site internship position focused on delivering high-quality data & ai work."
Intern Computer Vision Engineer,Data & AI,Image Processing; CUDA; C++; Machine Learning; PyTorch,Intern,"Internship · Hybrid. We are hiring a Intern Computer Vision Engineer for our E-commerce team. The ideal candidate has 0-1 years of experience and is proficient in Image Processing, CUDA, C++, Machine Learning, PyTorch. This is a hybrid internship position focused on delivering high-quality data & ai work."
Principal AI Researcher,Data & AI,Research; Python; Machine Learning; Mathematics; NLP; PyTorch; TensorFlow,Principal,"Contract · On-site. We are hiring a Principal AI Researcher for our EdTech team. The ideal candidate has 12-20 years of experience and is proficient in Research, Python, Machine Learning, Mathematics, NLP, PyTorch, TensorFlow. This is a on-site contract position focused on delivering high-quality data & ai work."
Senior Business Intelligence Analyst,Data & AI,Power BI; Tableau; Python; Excel; ETL; DAX,Senior,"Internship · On-site. We are hiring a Senior Business Intelligence Analyst for our Startup team. The ideal candidate has 6-10 years of experience and is proficient in Power BI, Tableau, Python, Excel, ETL, DAX. This is a on-site internship position focused on delivering high-quality data & ai work."
Intern Business Intelligence Analyst,Data & AI,Reporting; ETL; Power BI; Dashboards; Data Warehousing; Python; Tableau,Intern,"Internship · Hybrid. We are hiring a Intern Business Intelligence Analyst for our Healthcare team. The ideal candidate has 0-1 years of experience and is proficient in Reporting, ETL, Power BI, Dashboards, Data Warehousing, Python, Tableau. This is a hybrid internship position focused on delivering high-quality data & ai work."
Principal Computer Vision Engineer,Data & AI,Python; Deep Learning; CNN; PyTorch; TensorFlow; OpenCV; C++,Principal,"Full-time · Remote. We are hiring a Principal Computer Vision Engineer for our SaaS team. The ideal candidate has 12-20 years of experience and is proficient in Python, Deep Learning, CNN, PyTorch, TensorFlow, OpenCV, C++. This is a remote full-time position focused on delivering high-quality data & ai work."
Principal Business Intelligence Analyst,Data & AI,Reporting; Dashboards; ETL; Power BI; Excel; Python,Principal,"Contract · Remote. We are hiring a Principal Business Intelligence Analyst for our EdTech team. The ideal candidate has 12-20 years of experience and is proficient in Reporting, Dashboards, ETL, Power BI, Excel, Python. This is a remote contract position focused on delivering high-quality data & ai work."
Junior Machine Learning Engineer,Data & AI,Python; Machine Learning; SQL; Docker; PyTorch; Deep Learning,Junior,"Internship · Hybrid. We are hiring a Junior Machine Learning Engineer for our E-commerce team. The ideal candidate has 1-3 years of experience and is proficient in Python, Machine Learning, SQL, Docker, PyTorch, Deep Learning. This is a hybrid internship position focused on delivering high-quality data & ai work."
Lead NLP Engineer,Data & AI,Text Mining; Tokenization; Machine Learning; spaCy; PyTorch,Lead,"Internship · On-site. We are hiring a Lead NLP Engineer for our Healthcare team. The ideal candidate has 8-14 years of experience and is proficient in Text Mining, Tokenization, Machine Learning, spaCy, PyTorch. This is a on-site internship position focused on delivering high-quality data & ai work."
Principal AI Researcher,Data & AI,PyTorch; Research; NLP; TensorFlow; Mathematics; Machine Learning; Reinforcement Learning,Principal,"Full-time · Remote. We are hiring a Principal AI Researcher for our SaaS team. The ideal candidate has 12-20 years of experience and is proficient in PyTorch, Research, NLP, TensorFlow, Mathematics, Machine Learning, Reinforcement Learning. This is a remote full-time position focused on delivering high-quality data & ai work."
Junior Computer Vision Engineer,Data & AI,Machine Learning; Deep Learning; Image Processing; OpenCV; PyTorch; CNN; TensorFlow,Junior,"Internship · Remote. We are hiring a Junior Computer Vision Engineer for our E-commerce team. The ideal candidate has 1-3 years of experience and is proficient in Machine Learning, Deep Learning, Image Processing, OpenCV, PyTorch, CNN, TensorFlow. This is a remote internship position focused on delivering high-quality data & ai work."
Lead Data Engineer,Data & AI,Airflow; SQL; Snowflake; AWS; Kafka; ETL; Hadoop,Lead,"Full-time · Remote. We are hiring a Lead Data Engineer for our Startup team. The ideal candidate has 8-14 years of experience and is proficient in Airflow, SQL, Snowflake, AWS, Kafka, ETL, Hadoop. This is a remote full-time position focused on delivering high-quality data & ai work."
Senior Machine Learning Engineer,Data & AI,Docker; MLOps; Model Deployment; SQL; Scikit-learn; Machine Learning; PyTorch,Senior,"Internship · On-site. We are hiring a Senior Machine Learning Engineer for our Healthcare team. The ideal candidate has 6-10 years of experience and is proficient in Docker, MLOps, Model Deployment, SQL, Scikit-learn, Machine Learning, PyTorch. This is a on-site internship position focused on delivering high-quality data & ai work."
Mid-level AI Researcher,Data & AI,Publications; Deep Learning; NLP; TensorFlow; Research; Reinforcement Learning; Python,Mid-level,"Contract · Hybrid. We are hiring a Mid-level AI Researcher for our EdTech team. The ideal candidate has 3-6 years of experience and is proficient in Publications, Deep Learning, NLP, TensorFlow, Research, Reinforcement Learning, Python. This is a hybrid contract position focused on delivering high-quality data & ai work."
Junior Data Analyst,Data & AI,Pandas; Statistics; Data Cleaning; Tableau; SQL; Python,Junior,"Contract · Remote. We are hiring a Junior Data Analyst for our SaaS team. The ideal candidate has 1-3 years of experience and is proficient in Pandas, Statistics, Data Cleaning, Tableau, SQL, Python. This is a remote contract position focused on delivering high-quality data & ai work."
Senior AI Researcher,Data & AI,NLP; Reinforcement Learning; TensorFlow; PyTorch; Machine Learning; Mathematics,Senior,"Full-time · Remote. We are hiring a Senior AI Researcher for our SaaS team. The ideal candidate has 6-10 years of experience and is proficient in NLP, Reinforcement Learning, TensorFlow, PyTorch, Machine Learning, Mathematics. This is a remote full-time position focused on delivering high-quality data & ai work."
Senior Data Engineer,Data & AI,Data Modeling; Kafka; SQL; AWS; Python; ETL; Hadoop,Senior,"Full-time · Remote. We are hiring a Senior Data Engineer for our E-commerce team. The ideal candidate has 6-10 years of experience and is proficient in Data Modeling, Kafka, SQL, AWS, Python, ETL, Hadoop. This is a remote full-time position focused on delivering high-quality data & ai work."
Mid-level Business Intelligence Analyst,Data & AI,Dashboards; DAX; Data Warehousing; ETL; SQL; Tableau; Excel,Mid-level,"Contract · On-site. We are hiring a Mid-level Business Intelligence Analyst for our Startup team. The ideal candidate has 3-6 years of experience and is proficient in Dashboards, DAX, Data Warehousing, ETL, SQL, Tableau, Excel. This is a on-site contract position focused on delivering high-quality data & ai work."
Mid-level Computer Vision Engineer,Data & AI,PyTorch; CNN; Image Processing; CUDA; Machine Learning; TensorFlow; Deep Learning,Mid-level,"Internship · Hybrid. We are hiring a Mid-level Computer Vision Engineer for our E-commerce team. The ideal candidate has 3-6 years of experience and is proficient in PyTorch, CNN, Image Processing, CUDA, Machine Learning, TensorFlow, Deep Learning. This is a hybrid internship position focused on delivering high-quality data & ai work."
Principal Business Intelligence Analyst,Data & AI,Python; DAX; SQL; ETL; Excel,Principal,"Internship · On-site. We are hiring a Principal Business Intelligence Analyst for our SaaS team. The ideal candidate has 12-20 years of experience and is proficient in Python, DAX, SQL, ETL, Excel. This is a on-site internship position focused on delivering high-quality data & ai work."
Intern Machine Learning Engineer,Data & AI,Docker; PyTorch; SQL; MLOps; Scikit-learn; Deep Learning; TensorFlow,Intern,"Internship · Remote. We are hiring a Intern Machine Learning Engineer for our Healthcare team. The ideal candidate has 0-1 years of experience and is proficient in Docker, PyTorch, SQL, MLOps, Scikit-learn, Deep Learning, TensorFlow. This is a remote internship position focused on delivering high-quality data & ai work."
Mid-level Data Engineer,Data & AI,SQL; ETL; Spark; Kafka; Snowflake; Data Modeling,Mid-level,"Full-time · On-site. We are hiring a Mid-level Data Engineer for our Startup team. The ideal candidate has 3-6 years of experience and is proficient in SQL, ETL, Spark, Kafka, Snowflake, Data Modeling. This is a on-site full-time position focused on delivering high-quality data & ai work."
Lead Business Intelligence Analyst,Data & AI,ETL; DAX; Python; Reporting; Data Warehousing; Excel,Lead,"Internship · On-site. We are hiring a Lead Business Intelligence Analyst for our Gaming team. The ideal candidate has 8-14 years of experience and is proficient in ETL, DAX, Python, Reporting, Data Warehousing, Excel. This is a on-site internship position focused on delivering high-quality data & ai work."
Principal AI Researcher,Data & AI,Machine Learning; Publications; Research; Reinforcement Learning; NLP; PyTorch; Python,Principal,"Internship · Remote. We are hiring a Principal AI Researcher for our Enterprise team. The ideal candidate has 12-20 years of experience and is proficient in Machine Learning, Publications, Research, Reinforcement Learning, NLP, PyTorch, Python. This is a remote internship position focused on delivering high-quality data & ai work."
Junior Machine Learning Engineer,Data & AI,PyTorch; Scikit-learn; Docker; Deep Learning; TensorFlow,Junior,"Contract · Hybrid. We are hiring a Junior Machine Learning Engineer for our Enterprise team. The ideal candidate has 1-3 years of experience and is proficient in PyTorch, Scikit-learn, Docker, Deep Learning, TensorFlow. This is a hybrid contract position focused on delivering high-quality data & ai work."
Principal Data Scientist,Data & AI,NumPy; Jupyter; Statistics; Machine Learning; SQL,Principal,"Contract · On-site. We are hiring a Principal Data Scientist for our Fintech team. The ideal candidate has 12-20 years of experience and is proficient in NumPy, Jupyter, Statistics, Machine Learning, SQL. This is a on-site contract position focused on delivering high-quality data & ai work."
Lead Computer Vision Engineer,Data & AI,Machine Learning; PyTorch; TensorFlow; Deep Learning; C++; CUDA,Lead,"Full-time · Remote. We are hiring a Lead Computer Vision Engineer for our Fintech team. The ideal candidate has 8-14 years of experience and is proficient in Machine Learning, PyTorch, TensorFlow, Deep Learning, C++, CUDA. This is a remote full-time position focused on delivering high-quality data & ai work."
Senior AI Researcher,Data & AI,TensorFlow; Reinforcement Learning; Research; PyTorch; Publications; Mathematics; NLP,Senior,"Contract · Hybrid. We are hiring a Senior AI Researcher for our Gaming team. The ideal candidate has 6-10 years of experience and is proficient in TensorFlow, Reinforcement Learning, Research, PyTorch, Publications, Mathematics, NLP. This is a hybrid contract position focused on delivering high-quality data & ai work."
Senior AI Researcher,Data & AI,Mathematics; Research; NLP; Reinforcement Learning; TensorFlow,Senior,"Internship · On-site. We are hiring a Senior AI Researcher for our Fintech team. The ideal candidate has 6-10 years of experience and is proficient in Mathematics, Research, NLP, Reinforcement Learning, TensorFlow. This is a on-site internship position focused on delivering high-quality data & ai work."
Junior Business Intelligence Analyst,Data & AI,Dashboards; SQL; Excel; Tableau; Power BI; Data Warehousing; DAX,Junior,"Contract · On-site. We are hiring a Junior Business Intelligence Analyst for our Healthcare team. The ideal candidate has 1-3 years of experience and is proficient in Dashboards, SQL, Excel, Tableau, Power BI, Data Warehousing, DAX. This is a on-site contract position focused on delivering high-quality data & ai work."
Junior Machine Learning Engineer,Data & AI,TensorFlow; MLOps; Model Deployment; PyTorch; Docker; SQL; Deep Learning,Junior,"Internship · Remote. We are hiring a Junior Machine Learning Engineer for our Gaming team. The ideal candidate has 1-3 years of experience and is proficient in TensorFlow, MLOps, Model Deployment, PyTorch, Docker, SQL, Deep Learning. This is a remote internship position focused on delivering high-quality data & ai work."
Lead NLP Engineer,Data & AI,Python; spaCy; Transformers; Text Mining; Deep Learning,Lead,"Internship · Hybrid. We are hiring a Lead NLP Engineer for our Gaming team. The ideal candidate has 8-14 years of experience and is proficient in Python, spaCy, Transformers, Text Mining, Deep Learning. This is a hybrid internship position focused on delivering high-quality data & ai work."
Principal Computer Vision Engineer,Data & AI,CNN; PyTorch; Machine Learning; Image Processing; TensorFlow; C++; Python,Principal,"Internship · Hybrid. We are hiring a Principal Computer Vision Engineer for our Fintech team. The ideal candidate has 12-20 years of experience and is proficient in CNN, PyTorch, Machine Learning, Image Processing, TensorFlow, C++, Python. This is a hybrid internship position focused on delivering high-quality data & ai work."
Junior Data Analyst,Data & AI,Excel; Statistics; A/B Testing; Data Cleaning; Reporting; Power BI,Junior,"Full-time · Hybrid. We are hiring a Junior Data Analyst for our Gaming team. The ideal candidate has 1-3 years of experience and is proficient in Excel, Statistics, A/B Testing, Data Cleaning, Reporting, Power BI. This is a hybrid full-time position focused on delivering high-quality data & ai work."
Lead Data Scientist,Data & AI,SQL; Jupyter; Statistics; NumPy; TensorFlow; Python; Scikit-learn,Lead,"Full-time · Hybrid. We are hiring a Lead Data Scientist for our Startup team. The ideal candidate has 8-14 years of experience and is proficient in SQL, Jupyter, Statistics, NumPy, TensorFlow, Python, Scikit-learn. This is a hybrid full-time position focused on delivering high-quality data & ai work."
Intern Machine Learning Engineer,Data & AI,Model Deployment; Docker; Machine Learning; Scikit-learn; Python,Intern,"Full-time · Remote. We are hiring a Intern Machine Learning Engineer for our EdTech team. The ideal candidate has 0-1 years of experience and is proficient in Model Deployment, Docker, Machine Learning, Scikit-learn, Python. This is a remote full-time position focused on delivering high-quality data & ai work."
Senior Machine Learning Engineer,Data & AI,SQL; Model Deployment; Docker; Machine Learning; Deep Learning,Senior,"Full-time · Hybrid. We are hiring a Senior Machine Learning Engineer for our E-commerce team. The ideal candidate has 6-10 years of experience and is proficient in SQL, Model Deployment, Docker, Machine Learning, Deep Learning. This is a hybrid full-time position focused on delivering high-quality data & ai work."
Principal Computer Vision Engineer,Data & AI,PyTorch; OpenCV; C++; Python; CNN; Image Processing; TensorFlow,Principal,"Full-time · Remote. We are hiring a Principal Computer Vision Engineer for our Fintech team. The ideal candidate has 12-20 years of experience and is proficient in PyTorch, OpenCV, C++, Python, CNN, Image Processing, TensorFlow. This is a remote full-time position focused on delivering high-quality data & ai work."
Senior AI Researcher,Data & AI,Python; Research; TensorFlow; Reinforcement Learning; Machine Learning,Senior,"Internship · Remote. We are hiring a Senior AI Researcher for our Enterprise team. The ideal candidate has 6-10 years of experience and is proficient in Python, Research, TensorFlow, Reinforcement Learning, Machine Learning. This is a remote internship position focused on delivering high-quality data & ai work."
Principal Machine Learning Engineer,Data & AI,Scikit-learn; MLOps; Docker; Model Deployment; TensorFlow,Principal,"Internship · On-site. We are hiring a Principal Machine Learning Engineer for our Enterprise team. The ideal candidate has 12-20 years of experience and is proficient in Scikit-learn, MLOps, Docker, Model Deployment, TensorFlow. This is a on-site internship position focused on delivering high-quality data & ai work."
Intern Business Intelligence Analyst,Data & AI,SQL; DAX; Tableau; Python; Power BI; Excel,Intern,"Contract · Hybrid. We are hiring a Intern Business Intelligence Analyst for our E-commerce team. The ideal candidate has 0-1 years of experience and is proficient in SQL, DAX, Tableau, Python, Power BI, Excel. This is a hybrid contract position focused on delivering high-quality data & ai work."
Intern NLP Engineer,Data & AI,BERT; NLP; Transformers; Machine Learning; PyTorch; spaCy,Intern,"Full-time · Hybrid. We are hiring a Intern NLP Engineer for our SaaS team. The ideal candidate has 0-1 years of experience and is proficient in BERT, NLP, Transformers, Machine Learning, PyTorch, spaCy. This is a hybrid full-time position focused on delivering high-quality data & ai work."
Principal NLP Engineer,Data & AI,Tokenization; Machine Learning; Text Mining; Transformers; PyTorch; BERT,Principal,"Internship · Remote. We are hiring a Principal NLP Engineer for our SaaS team. The ideal candidate has 12-20 years of experience and is proficient in Tokenization, Machine Learning, Text Mining, Transformers, PyTorch, BERT. This is a remote internship position focused on delivering high-quality data & ai work."
Mid-level Machine Learning Engineer,Data & AI,TensorFlow; Python; Model Deployment; Docker; PyTorch; SQL; MLOps,Mid-level,"Internship · Hybrid. We are hiring a Mid-level Machine Learning Engineer for our Fintech team. The ideal candidate has 3-6 years of experience and is proficient in TensorFlow, Python, Model Deployment, Docker, PyTorch, SQL, MLOps. This is a hybrid internship position focused on delivering high-quality data & ai work."
Lead Data Engineer,Data & AI,Snowflake; ETL; SQL; Airflow; Data Modeling; Python; Spark,Lead,"Contract · On-site. We are hiring a Lead Data Engineer for our Gaming team. The ideal candidate has 8-14 years of experience and is proficient in Snowflake, ETL, SQL, Airflow, Data Modeling, Python, Spark. This is a on-site contract position focused on delivering high-quality data & ai work."
Lead Data Engineer,Data & AI,Airflow; Python; Data Modeling; AWS; Kafka; Snowflake; ETL,Lead,"Contract · On-site. We are hiring a Lead Data Engineer for our Fintech team. The ideal candidate has 8-14 years of experience and is proficient in Airflow, Python, Data Modeling, AWS, Kafka, Snowflake, ETL. This is a on-site contract position focused on delivering high-quality data & ai work."
Intern AI Researcher,Data & AI,NLP; Python; Mathematics; Reinforcement Learning; PyTorch; Publications; Machine Learning,Intern,"Contract · Hybrid. We are hiring a Intern AI Researcher for our Healthcare team. The ideal candidate has 0-1 years of experience and is proficient in NLP, Python, Mathematics, Reinforcement Learning, PyTorch, Publications, Machine Learning. This is a hybrid contract position focused on delivering high-quality data & ai work."
Mid-level AI Researcher,Data & AI,PyTorch; Mathematics; Research; TensorFlow; Reinforcement Learning,Mid-level,"Full-time · On-site. We are hiring a Mid-level AI Researcher for our EdTech team. The ideal candidate has 3-6 years of experience and is proficient in PyTorch, Mathematics, Research, TensorFlow, Reinforcement Learning. This is a on-site full-time position focused on delivering high-quality data & ai work."
Junior AI Researcher,Data & AI,Mathematics; Machine Learning; Python; Research; Deep Learning; Publications,Junior,"Internship · On-site. We are hiring a Junior AI Researcher for our SaaS team. The ideal candidate has 1-3 years of experience and is proficient in Mathematics, Machine Learning, Python, Research, Deep Learning, Publications. This is a on-site internship position focused on delivering high-quality data & ai work."
Lead Machine Learning Engineer,Data & AI,PyTorch; Deep Learning; SQL; Python; Machine Learning; Scikit-learn; TensorFlow,Lead,"Contract · On-site. We are hiring a Lead Machine Learning Engineer for our Fintech team. The ideal candidate has 8-14 years of experience and is proficient in PyTorch, Deep Learning, SQL, Python, Machine Learning, Scikit-learn, TensorFlow. This is a on-site contract position focused on delivering high-quality data & ai work."
Lead NLP Engineer,Data & AI,Python; Transformers; Text Mining; Machine Learning; Deep Learning; PyTorch,Lead,"Internship · Remote. We are hiring a Lead NLP Engineer for our SaaS team. The ideal candidate has 8-14 years of experience and is proficient in Python, Transformers, Text Mining, Machine Learning, Deep Learning, PyTorch. This is a remote internship position focused on delivering high-quality data & ai work."
Intern Machine Learning Engineer,Data & AI,Scikit-learn; SQL; PyTorch; Python; Docker,Intern,"Full-time · On-site. We are hiring a Intern Machine Learning Engineer for our Gaming team. The ideal candidate has 0-1 years of experience and is proficient in Scikit-learn, SQL, PyTorch, Python, Docker. This is a on-site full-time position focused on delivering high-quality data & ai work."
Intern Data Engineer,Data & AI,Spark; AWS; Hadoop; Python; SQL,Intern,"Full-time · On-site. We are hiring a Intern Data Engineer for our Enterprise team. The ideal candidate has 0-1 years of experience and is proficient in Spark, AWS, Hadoop, Python, SQL. This is a on-site full-time position focused on delivering high-quality data & ai work."
Lead Data Scientist,Data & AI,Python; Machine Learning; Jupyter; SQL; Scikit-learn; Pandas,Lead,"Contract · Remote. We are hiring a Lead Data Scientist for our Fintech team. The ideal candidate has 8-14 years of experience and is proficient in Python, Machine Learning, Jupyter, SQL, Scikit-learn, Pandas. This is a remote contract position focused on delivering high-quality data & ai work."
Senior AI Researcher,Data & AI,Machine Learning; Publications; Reinforcement Learning; TensorFlow; NLP; Deep Learning,Senior,"Internship · Remote. We are hiring a Senior AI Researcher for our SaaS team. The ideal candidate has 6-10 years of experience and is proficient in Machine Learning, Publications, Reinforcement Learning, TensorFlow, NLP, Deep Learning. This is a remote internship position focused on delivering high-quality data & ai work."
Principal Data Engineer,Data & AI,Data Modeling; Snowflake; Kafka; SQL; Spark; Airflow,Principal,"Full-time · Remote. We are hiring a Principal Data Engineer for our EdTech team. The ideal candidate has 12-20 years of experience and is proficient in Data Modeling, Snowflake, Kafka, SQL, Spark, Airflow. This is a remote full-time position focused on delivering high-quality data & ai work."
Junior Business Intelligence Analyst,Data & AI,SQL; DAX; Excel; Dashboards; Python; ETL; Tableau,Junior,"Full-time · On-site. We are hiring a Junior Business Intelligence Analyst for our E-commerce team. The ideal candidate has 1-3 years of experience and is proficient in SQL, DAX, Excel, Dashboards, Python, ETL, Tableau. This is a on-site full-time position focused on delivering high-quality data & ai work."
Senior Data Analyst,Data & AI,Power BI; A/B Testing; Data Cleaning; Excel; Tableau; Python,Senior,"Contract · On-site. We are hiring a Senior Data Analyst for our Startup team. The ideal candidate has 6-10 years of experience and is proficient in Power BI, A/B Testing, Data Cleaning, Excel, Tableau, Python. This is a on-site contract position focused on delivering high-quality data & ai work."
Principal Data Engineer,Data & AI,Spark; ETL; Kafka; SQL; Snowflake; Python; Airflow,Principal,"Internship · On-site. We are hiring a Principal Data Engineer for our Startup team. The ideal candidate has 12-20 years of experience and is proficient in Spark, ETL, Kafka, SQL, Snowflake, Python, Airflow. This is a on-site internship position focused on delivering high-quality data & ai work."
Senior Business Intelligence Analyst,Data & AI,Tableau; Data Warehousing; Power BI; DAX; Excel,Senior,"Internship · Remote. We are hiring a Senior Business Intelligence Analyst for our Startup team. The ideal candidate has 6-10 years of experience and is proficient in Tableau, Data Warehousing, Power BI, DAX, Excel. This is a remote internship position focused on delivering high-quality data & ai work."
Senior AI Researcher,Data & AI,Deep Learning; Research; TensorFlow; Reinforcement Learning; NLP,Senior,"Full-time · Hybrid. We are hiring a Senior AI Researcher for our Enterprise team. The ideal candidate has 6-10 years of experience and is proficient in Deep Learning, Research, TensorFlow, Reinforcement Learning, NLP. This is a hybrid full-time position focused on delivering high-quality data & ai work."
Lead Data Engineer,Data & AI,Hadoop; Data Modeling; Spark; Airflow; ETL,Lead,"Full-time · Hybrid. We are hiring a Lead Data Engineer for our Enterprise team. The ideal candidate has 8-14 years of experience and is proficient in Hadoop, Data Modeling, Spark, Airflow, ETL. This is a hybrid full-time position focused on delivering high-quality data & ai work."
Mid-level NLP Engineer,Data & AI,Machine Learning; BERT; Python; NLP; Tokenization; Transformers; Text Mining,Mid-level,"Internship · Remote. We are hiring a Mid-level NLP Engineer for our E-commerce team. The ideal candidate has 3-6 years of experience and is proficient in Machine Learning, BERT, Python, NLP, Tokenization, Transformers, Text Mining. This is a remote internship position focused on delivering high-quality data & ai work."
Principal NLP Engineer,Data & AI,Machine Learning; Transformers; spaCy; Python; Deep Learning; BERT; PyTorch,Principal,"Internship · Remote. We are hiring a Principal NLP Engineer for our Startup team. The ideal candidate has 12-20 years of experience and is proficient in Machine Learning, Transformers, spaCy, Python, Deep Learning, BERT, PyTorch. This is a remote internship position focused on delivering high-quality data & ai work."
Mid-level Machine Learning Engineer,Data & AI,PyTorch; MLOps; Model Deployment; Machine Learning; Scikit-learn; Python,Mid-level,"Full-time · On-site. We are hiring a Mid-level Machine Learning Engineer for our Startup team. The ideal candidate has 3-6 years of experience and is proficient in PyTorch, MLOps, Model Deployment, Machine Learning, Scikit-learn, Python. This is a on-site full-time position focused on delivering high-quality data & ai work."
Junior NLP Engineer,Data & AI,NLP; Deep Learning; Transformers; Python; Machine Learning; spaCy; PyTorch,Junior,"Internship · Hybrid. We are hiring a Junior NLP Engineer for our Gaming team. The ideal candidate has 1-3 years of experience and is proficient in NLP, Deep Learning, Transformers, Python, Machine Learning, spaCy, PyTorch. This is a hybrid internship position focused on delivering high-quality data & ai work."
Intern Business Intelligence Analyst,Data & AI,Tableau; Python; Data Warehousing; SQL; Excel; DAX,Intern,"Full-time · Remote. We are hiring a Intern Business Intelligence Analyst for our Gaming team. The ideal candidate has 0-1 years of experience and is proficient in Tableau, Python, Data Warehousing, SQL, Excel, DAX. This is a remote full-time position focused on delivering high-quality data & ai work."
Senior NLP Engineer,Data & AI,Python; spaCy; BERT; Transformers; PyTorch; Deep Learning,Senior,"Full-time · Remote. We are hiring a Senior NLP Engineer for our EdTech team. The ideal candidate has 6-10 years of experience and is proficient in Python, spaCy, BERT, Transformers, PyTorch, Deep Learning. This is a remote full-time position focused on delivering high-quality data & ai work."
Junior Business Intelligence Analyst,Data & AI,Dashboards; DAX; Python; Excel; Power BI; Tableau,Junior,"Full-time · Remote. We are hiring a Junior Business Intelligence Analyst for our Healthcare team. The ideal candidate has 1-3 years of experience and is proficient in Dashboards, DAX, Python, Excel, Power BI, Tableau. This is a remote full-time position focused on delivering high-quality data & ai work."
Lead Business Intelligence Analyst,Data & AI,Reporting; Dashboards; Excel; Python; Data Warehousing,Lead,"Contract · On-site. We are hiring a Lead Business Intelligence Analyst for our Healthcare team. The ideal candidate has 8-14 years of experience and is proficient in Reporting, Dashboards, Excel, Python, Data Warehousing. This is a on-site contract position focused on delivering high-quality data & ai work."
Principal NLP Engineer,Data & AI,NLP; PyTorch; Deep Learning; Text Mining; Transformers; Python; BERT,Principal,"Internship · On-site. We are hiring a Principal NLP Engineer for our Gaming team. The ideal candidate has 12-20 years of experience and is proficient in NLP, PyTorch, Deep Learning, Text Mining, Transformers, Python, BERT. This is a on-site internship position focused on delivering high-quality data & ai work."
Senior Business Intelligence Analyst,Data & AI,Excel; Power BI; Python; ETL; Dashboards,Senior,"Contract · Hybrid. We are hiring a Senior Business Intelligence Analyst for our SaaS team. The ideal candidate has 6-10 years of experience and is proficient in Excel, Power BI, Python, ETL, Dashboards. This is a hybrid contract position focused on delivering high-quality data & ai work."
Lead Machine Learning Engineer,Data & AI,Docker; PyTorch; Model Deployment; Scikit-learn; TensorFlow,Lead,"Contract · On-site. We are hiring a Lead Machine Learning Engineer for our Healthcare team. The ideal candidate has 8-14 years of experience and is proficient in Docker, PyTorch, Model Deployment, Scikit-learn, TensorFlow. This is a on-site contract position focused on delivering high-quality data & ai work."
Lead Data Scientist,Data & AI,Machine Learning; Scikit-learn; SQL; TensorFlow; Data Visualization; Statistics; Jupyter,Lead,"Internship · Hybrid. We are hiring a Lead Data Scientist for our EdTech team. The ideal candidate has 8-14 years of experience and is proficient in Machine Learning, Scikit-learn, SQL, TensorFlow, Data Visualization, Statistics, Jupyter. This is a hybrid internship position focused on delivering high-quality data & ai work."
Senior Data Scientist,Data & AI,TensorFlow; Data Visualization; NumPy; Machine Learning; Statistics; Jupyter,Senior,"Internship · Remote. We are hiring a Senior Data Scientist for our Gaming team. The ideal candidate has 6-10 years of experience and is proficient in TensorFlow, Data Visualization, NumPy, Machine Learning, Statistics, Jupyter. This is a remote internship position focused on delivering high-quality data & ai work."
Intern NLP Engineer,Data & AI,Python; Machine Learning; Transformers; Text Mining; BERT,Intern,"Contract · Hybrid. We are hiring a Intern NLP Engineer for our Gaming team. The ideal candidate has 0-1 years of experience and is proficient in Python, Machine Learning, Transformers, Text Mining, BERT. This is a hybrid contract position focused on delivering high-quality data & ai work."
Junior Data Engineer,Data & AI,Spark; ETL; Hadoop; SQL; Data Modeling; AWS,Junior,"Internship · Remote. We are hiring a Junior Data Engineer for our Startup team. The ideal candidate has 1-3 years of experience and is proficient in Spark, ETL, Hadoop, SQL, Data Modeling, AWS. This is a remote internship position focused on delivering high-quality data & ai work."
Junior Machine Learning Engineer,Data & AI,PyTorch; TensorFlow; Python; Machine Learning; MLOps; Deep Learning; Model Deployment,Junior,"Full-time · Remote. We are hiring a Junior Machine Learning Engineer for our Enterprise team. The ideal candidate has 1-3 years of experience and is proficient in PyTorch, TensorFlow, Python, Machine Learning, MLOps, Deep Learning, Model Deployment. This is a remote full-time position focused on delivering high-quality data & ai work."
Intern AI Researcher,Data & AI,Deep Learning; PyTorch; NLP; Reinforcement Learning; Mathematics; Machine Learning; Publications,Intern,"Contract · Remote. We are hiring a Intern AI Researcher for our Enterprise team. The ideal candidate has 0-1 years of experience and is proficient in Deep Learning, PyTorch, NLP, Reinforcement Learning, Mathematics, Machine Learning, Publications. This is a remote contract position focused on delivering high-quality data & ai work."
Junior Data Scientist,Data & AI,NumPy; Statistics; Python; Jupyter; Machine Learning; TensorFlow,Junior,"Contract · On-site. We are hiring a Junior Data Scientist for our Enterprise team. The ideal candidate has 1-3 years of experience and is proficient in NumPy, Statistics, Python, Jupyter, Machine Learning, TensorFlow. This is a on-site contract position focused on delivering high-quality data & ai work."
Lead Machine Learning Engineer,Data & AI,Python; MLOps; Scikit-learn; Docker; PyTorch; SQL,Lead,"Internship · On-site. We are hiring a Lead Machine Learning Engineer for our Enterprise team. The ideal candidate has 8-14 years of experience and is proficient in Python, MLOps, Scikit-learn, Docker, PyTorch, SQL. This is a on-site internship position focused on delivering high-quality data & ai work."
Senior Computer Vision Engineer,Data & AI,CUDA; Deep Learning; TensorFlow; CNN; Machine Learning; Image Processing; PyTorch,Senior,"Contract · Hybrid. We are hiring a Senior Computer Vision Engineer for our Healthcare team. The ideal candidate has 6-10 years of experience and is proficient in CUDA, Deep Learning, TensorFlow, CNN, Machine Learning, Image Processing, PyTorch. This is a hybrid contract position focused on delivering high-quality data & ai work."
Lead Machine Learning Engineer,Data & AI,Docker; Machine Learning; PyTorch; SQL; Model Deployment; MLOps,Lead,"Contract · Remote. We are hiring a Lead Machine Learning Engineer for our SaaS team. The ideal candidate has 8-14 years of experience and is proficient in Docker, Machine Learning, PyTorch, SQL, Model Deployment, MLOps. This is a remote contract position focused on delivering high-quality data & ai work."
Intern Business Intelligence Analyst,Data & AI,Dashboards; Reporting; Excel; DAX; Power BI,Intern,"Internship · Hybrid. We are hiring a Intern Business Intelligence Analyst for our EdTech team. The ideal candidate has 0-1 years of experience and is proficient in Dashboards, Reporting, Excel, DAX, Power BI. This is a hybrid internship position focused on delivering high-quality data & ai work."
Senior Data Scientist,Data & AI,Pandas; Python; Scikit-learn; Statistics; Jupyter,Senior,"Internship · Hybrid. We are hiring a Senior Data Scientist for our Startup team. The ideal candidate has 6-10 years of experience and is proficient in Pandas, Python, Scikit-learn, Statistics, Jupyter. This is a hybrid internship position focused on delivering high-quality data & ai work."
Intern Business Intelligence Analyst,Data & AI,SQL; Python; Power BI; Reporting; Data Warehousing; DAX,Intern,"Internship · On-site. We are hiring a Intern Business Intelligence Analyst for our Enterprise team. The ideal candidate has 0-1 years of experience and is proficient in SQL, Python, Power BI, Reporting, Data Warehousing, DAX. This is a on-site internship position focused on delivering high-quality data & ai work."
Lead Data Scientist,Data & AI,TensorFlow; Scikit-learn; Jupyter; SQL; NumPy,Lead,"Full-time · Hybrid. We are hiring a Lead Data Scientist for our Gaming team. The ideal candidate has 8-14 years of experience and is proficient in TensorFlow, Scikit-learn, Jupyter, SQL, NumPy. This is a hybrid full-time position focused on delivering high-quality data & ai work."
Senior AI Researcher,Data & AI,TensorFlow; Reinforcement Learning; Publications; Python; Deep Learning,Senior,"Internship · On-site. We are hiring a Senior AI Researcher for our SaaS team. The ideal candidate has 6-10 years of experience and is proficient in TensorFlow, Reinforcement Learning, Publications, Python, Deep Learning. This is a on-site internship position focused on delivering high-quality data & ai work."
Mid-level Machine Learning Engineer,Data & AI,Deep Learning; Machine Learning; Python; PyTorch; Model Deployment; Scikit-learn,Mid-level,"Full-time · Hybrid. We are hiring a Mid-level Machine Learning Engineer for our Startup team. The ideal candidate has 3-6 years of experience and is proficient in Deep Learning, Machine Learning, Python, PyTorch, Model Deployment, Scikit-learn. This is a hybrid full-time position focused on delivering high-quality data & ai work."
Lead Data Engineer,Data & AI,Data Modeling; Airflow; Kafka; Hadoop; AWS,Lead,"Contract · On-site. We are hiring a Lead Data Engineer for our SaaS team. The ideal candidate has 8-14 years of experience and is proficient in Data Modeling, Airflow, Kafka, Hadoop, AWS. This is a on-site contract position focused on delivering high-quality data & ai work."
Mid-level AI Researcher,Data & AI,NLP; Machine Learning; Mathematics; TensorFlow; Research; Reinforcement Learning,Mid-level,"Full-time · Hybrid. We are hiring a Mid-level AI Researcher for our Fintech team. The ideal candidate has 3-6 years of experience and is proficient in NLP, Machine Learning, Mathematics, TensorFlow, Research, Reinforcement Learning. This is a hybrid full-time position focused on delivering high-quality data & ai work."
Intern Data Scientist,Data & AI,NumPy; Python; Jupyter; Machine Learning; Statistics; SQL; Pandas,Intern,"Full-time · Remote. We are hiring a Intern Data Scientist for our EdTech team. The ideal candidate has 0-1 years of experience and is proficient in NumPy, Python, Jupyter, Machine Learning, Statistics, SQL, Pandas. This is a remote full-time position focused on delivering high-quality data & ai work."
Senior Data Analyst,Data & AI,Statistics; Data Cleaning; Reporting; Python; Tableau; A/B Testing; SQL,Senior,"Full-time · On-site. We are hiring a Senior Data Analyst for our Gaming team. The ideal candidate has 6-10 years of experience and is proficient in Statistics, Data Cleaning, Reporting, Python, Tableau, A/B Testing, SQL. This is a on-site full-time position focused on delivering high-quality data & ai work."
Principal NLP Engineer,Data & AI,Text Mining; Python; NLP; Machine Learning; Tokenization,Principal,"Internship · Hybrid. We are hiring a Principal NLP Engineer for our SaaS team. The ideal candidate has 12-20 years of experience and is proficient in Text Mining, Python, NLP, Machine Learning, Tokenization. This is a hybrid internship position focused on delivering high-quality data & ai work."
Principal Computer Vision Engineer,Data & AI,Deep Learning; CNN; TensorFlow; PyTorch; Image Processing; OpenCV,Principal,"Internship · Hybrid. We are hiring a Principal Computer Vision Engineer for our E-commerce team. The ideal candidate has 12-20 years of experience and is proficient in Deep Learning, CNN, TensorFlow, PyTorch, Image Processing, OpenCV. This is a hybrid internship position focused on delivering high-quality data & ai work."
Senior Business Intelligence Analyst,Data & AI,DAX; Data Warehousing; Excel; Power BI; ETL; Python,Senior,"Full-time · Remote. We are hiring a Senior Business Intelligence Analyst for our EdTech team. The ideal candidate has 6-10 years of experience and is proficient in DAX, Data Warehousing, Excel, Power BI, ETL, Python. This is a remote full-time position focused on delivering high-quality data & ai work."
Intern Business Intelligence Analyst,Data & AI,Power BI; Tableau; SQL; Reporting; Data Warehousing,Intern,"Internship · On-site. We are hiring a Intern Business Intelligence Analyst for our EdTech team. The ideal candidate has 0-1 years of experience and is proficient in Power BI, Tableau, SQL, Reporting, Data Warehousing. This is a on-site internship position focused on delivering high-quality data & ai work."
Mid-level AI Researcher,Data & AI,Research; Machine Learning; NLP; Publications; Python,Mid-level,"Full-time · Hybrid. We are hiring a Mid-level AI Researcher for our Startup team. The ideal candidate has 3-6 years of experience and is proficient in Research, Machine Learning, NLP, Publications, Python. This is a hybrid full-time position focused on delivering high-quality data & ai work."
Senior Data Analyst,Data & AI,Excel; Tableau; SQL; Statistics; Python,Senior,"Internship · On-site. We are hiring a Senior Data Analyst for our Gaming team. The ideal candidate has 6-10 years of experience and is proficient in Excel, Tableau, SQL, Statistics, Python. This is a on-site internship position focused on delivering high-quality data & ai work."
Junior AI Researcher,Data & AI,Publications; PyTorch; TensorFlow; Machine Learning; Mathematics; Reinforcement Learning,Junior,"Contract · Hybrid. We are hiring a Junior AI Researcher for our EdTech team. The ideal candidate has 1-3 years of experience and is proficient in Publications, PyTorch, TensorFlow, Machine Learning, Mathematics, Reinforcement Learning. This is a hybrid contract position focused on delivering high-quality data & ai work."
Lead NLP Engineer,Data & AI,Text Mining; Tokenization; NLP; Transformers; BERT,Lead,"Internship · Hybrid. We are hiring a Lead NLP Engineer for our Healthcare team. The ideal candidate has 8-14 years of experience and is proficient in Text Mining, Tokenization, NLP, Transformers, BERT. This is a hybrid internship position focused on delivering high-quality data & ai work."
Principal NLP Engineer,Data & AI,Text Mining; BERT; PyTorch; spaCy; Machine Learning; NLP; Transformers,Principal,"Full-time · Remote. We are hiring a Principal NLP Engineer for our Enterprise team. The ideal candidate has 12-20 years of experience and is proficient in Text Mining, BERT, PyTorch, spaCy, Machine Learning, NLP, Transformers. This is a remote full-time position focused on delivering high-quality data & ai work."
Mid-level NLP Engineer,Data & AI,PyTorch; BERT; Text Mining; spaCy; Tokenization,Mid-level,"Internship · On-site. We are hiring a Mid-level NLP Engineer for our Healthcare team. The ideal candidate has 3-6 years of experience and is proficient in PyTorch, BERT, Text Mining, spaCy, Tokenization. This is a on-site internship position focused on delivering high-quality data & ai work."
Mid-level NLP Engineer,Data & AI,Text Mining; Tokenization; BERT; Python; Transformers; NLP; Machine Learning,Mid-level,"Internship · On-site. We are hiring a Mid-level NLP Engineer for our Enterprise team. The ideal candidate has 3-6 years of experience and is proficient in Text Mining, Tokenization, BERT, Python, Transformers, NLP, Machine Learning. This is a on-site internship position focused on delivering high-quality data & ai work."
Intern NLP Engineer,Data & AI,PyTorch; spaCy; NLP; Deep Learning; BERT,Intern,"Full-time · Hybrid. We are hiring a Intern NLP Engineer for our Startup team. The ideal candidate has 0-1 years of experience and is proficient in PyTorch, spaCy, NLP, Deep Learning, BERT. This is a hybrid full-time position focused on delivering high-quality data & ai work."
Senior NLP Engineer,Data & AI,Tokenization; BERT; Transformers; Machine Learning; NLP; Python; Text Mining,Senior,"Full-time · Hybrid. We are hiring a Senior NLP Engineer for our EdTech team. The ideal candidate has 6-10 years of experience and is proficient in Tokenization, BERT, Transformers, Machine Learning, NLP, Python, Text Mining. This is a hybrid full-time position focused on delivering high-quality data & ai work."
Senior Computer Vision Engineer,Data & AI,Python; Deep Learning; C++; CNN; OpenCV,Senior,"Contract · On-site. We are hiring a Senior Computer Vision Engineer for our Gaming team. The ideal candidate has 6-10 years of experience and is proficient in Python, Deep Learning, C++, CNN, OpenCV. This is a on-site contract position focused on delivering high-quality data & ai work."
Lead Data Analyst,Data & AI,Statistics; Data Cleaning; Excel; A/B Testing; Pandas; Tableau; Python,Lead,"Full-time · On-site. We are hiring a Lead Data Analyst for our Healthcare team. The ideal candidate has 8-14 years of experience and is proficient in Statistics, Data Cleaning, Excel, A/B Testing, Pandas, Tableau, Python. This is a on-site full-time position focused on delivering high-quality data & ai work."
Intern Machine Learning Engineer,Data & AI,Deep Learning; Python; Machine Learning; Docker; TensorFlow,Intern,"Full-time · Remote. We are hiring a Intern Machine Learning Engineer for our SaaS team. The ideal candidate has 0-1 years of experience and is proficient in Deep Learning, Python, Machine Learning, Docker, TensorFlow. This is a remote full-time position focused on delivering high-quality data & ai work."
Mid-level AI Researcher,Data & AI,TensorFlow; Mathematics; Deep Learning; Machine Learning; Publications,Mid-level,"Full-time · Remote. We are hiring a Mid-level AI Researcher for our Startup team. The ideal candidate has 3-6 years of experience and is proficient in TensorFlow, Mathematics, Deep Learning, Machine Learning, Publications. This is a remote full-time position focused on delivering high-quality data & ai work."
Mid-level Data Analyst,Data & AI,SQL; Python; Reporting; Tableau; A/B Testing,Mid-level,"Contract · Hybrid. We are hiring a Mid-level Data Analyst for our Gaming team. The ideal candidate has 3-6 years of experience and is proficient in SQL, Python, Reporting, Tableau, A/B Testing. This is a hybrid contract position focused on delivering high-quality data & ai work."
Junior AI Researcher,Data & AI,Machine Learning; PyTorch; Python; Publications; NLP; Research; Reinforcement Learning,Junior,"Contract · Remote. We are hiring a Junior AI Researcher for our SaaS team. The ideal candidate has 1-3 years of experience and is proficient in Machine Learning, PyTorch, Python, Publications, NLP, Research, Reinforcement Learning. This is a remote contract position focused on delivering high-quality data & ai work."
Mid-level Computer Vision Engineer,Data & AI,PyTorch; OpenCV; C++; CNN; Image Processing,Mid-level,"Full-time · Hybrid. We are hiring a Mid-level Computer Vision Engineer for our Healthcare team. The ideal candidate has 3-6 years of experience and is proficient in PyTorch, OpenCV, C++, CNN, Image Processing. This is a hybrid full-time position focused on delivering high-quality data & ai work."
Lead Computer Vision Engineer,Data & AI,Machine Learning; Python; PyTorch; OpenCV; TensorFlow; Deep Learning; C++,Lead,"Full-time · Remote. We are hiring a Lead Computer Vision Engineer for our Enterprise team. The ideal candidate has 8-14 years of experience and is proficient in Machine Learning, Python, PyTorch, OpenCV, TensorFlow, Deep Learning, C++. This is a remote full-time position focused on delivering high-quality data & ai work."
Intern Data Analyst,Data & AI,Data Cleaning; Statistics; Excel; Python; Tableau,Intern,"Internship · Remote. We are hiring a Intern Data Analyst for our Fintech team. The ideal candidate has 0-1 years of experience and is proficient in Data Cleaning, Statistics, Excel, Python, Tableau. This is a remote internship position focused on delivering high-quality data & ai work."
Senior Data Analyst,Data & AI,SQL; Pandas; Power BI; A/B Testing; Tableau; Reporting,Senior,"Full-time · Hybrid. We are hiring a Senior Data Analyst for our Startup team. The ideal candidate has 6-10 years of experience and is proficient in SQL, Pandas, Power BI, A/B Testing, Tableau, Reporting. This is a hybrid full-time position focused on delivering high-quality data & ai work."
Lead Business Intelligence Analyst,Data & AI,Dashboards; Excel; Power BI; ETL; SQL; Data Warehousing,Lead,"Internship · Hybrid. We are hiring a Lead Business Intelligence Analyst for our EdTech team. The ideal candidate has 8-14 years of experience and is proficient in Dashboards, Excel, Power BI, ETL, SQL, Data Warehousing. This is a hybrid internship position focused on delivering high-quality data & ai work."
Mid-level Data Analyst,Data & AI,Data Cleaning; Python; A/B Testing; Statistics; Pandas,Mid-level,"Contract · On-site. We are hiring a Mid-level Data Analyst for our Enterprise team. The ideal candidate has 3-6 years of experience and is proficient in Data Cleaning, Python, A/B Testing, Statistics, Pandas. This is a on-site contract position focused on delivering high-quality data & ai work."
Senior Data Engineer,Data & AI,Kafka; Spark; Python; Hadoop; SQL; ETL; AWS,Senior,"Internship · On-site. We are hiring a Senior Data Engineer for our EdTech team. The ideal candidate has 6-10 years of experience and is proficient in Kafka, Spark, Python, Hadoop, SQL, ETL, AWS. This is a on-site internship position focused on delivering high-quality data & ai work."
Mid-level NLP Engineer,Data & AI,Text Mining; Machine Learning; Transformers; Python; NLP; Deep Learning,Mid-level,"Contract · Remote. We are hiring a Mid-level NLP Engineer for our Startup team. The ideal candidate has 3-6 years of experience and is proficient in Text Mining, Machine Learning, Transformers, Python, NLP, Deep Learning. This is a remote contract position focused on delivering high-quality data & ai work."
Principal Data Scientist,Data & AI,Machine Learning; SQL; Scikit-learn; NumPy; TensorFlow; Jupyter,Principal,"Contract · On-site. We are hiring a Principal Data Scientist for our E-commerce team. The ideal candidate has 12-20 years of experience and is proficient in Machine Learning, SQL, Scikit-learn, NumPy, TensorFlow, Jupyter. This is a on-site contract position focused on delivering high-quality data & ai work."
Principal Computer Vision Engineer,Data & AI,Machine Learning; C++; Python; TensorFlow; PyTorch,Principal,"Internship · Hybrid. We are hiring a Principal Computer Vision Engineer for our EdTech team. The ideal candidate has 12-20 years of experience and is proficient in Machine Learning, C++, Python, TensorFlow, PyTorch. This is a hybrid internship position focused on delivering high-quality data & ai work."
Junior Computer Vision Engineer,Data & AI,Python; Machine Learning; CNN; CUDA; Image Processing,Junior,"Internship · Hybrid. We are hiring a Junior Computer Vision Engineer for our E-commerce team. The ideal candidate has 1-3 years of experience and is proficient in Python, Machine Learning, CNN, CUDA, Image Processing. This is a hybrid internship position focused on delivering high-quality data & ai work."
Principal AI Researcher,Data & AI,PyTorch; Publications; NLP; Python; Deep Learning,Principal,"Internship · Hybrid. We are hiring a Principal AI Researcher for our Startup team. The ideal candidate has 12-20 years of experience and is proficient in PyTorch, Publications, NLP, Python, Deep Learning. This is a hybrid internship position focused on delivering high-quality data & ai work."
Mid-level Data Analyst,Data & AI,Pandas; Reporting; Data Cleaning; Python; Excel,Mid-level,"Full-time · Hybrid. We are hiring a Mid-level Data Analyst for our Enterprise team. The ideal candidate has 3-6 years of experience and is proficient in Pandas, Reporting, Data Cleaning, Python, Excel. This is a hybrid full-time position focused on delivering high-quality data & ai work."
Lead Data Engineer,Data & AI,Data Modeling; Snowflake; ETL; Kafka; Python; Hadoop,Lead,"Full-time · On-site. We are hiring a Lead Data Engineer for our Gaming team. The ideal candidate has 8-14 years of experience and is proficient in Data Modeling, Snowflake, ETL, Kafka, Python, Hadoop. This is a on-site full-time position focused on delivering high-quality data & ai work."
Principal Data Engineer,Data & AI,Python; SQL; Data Modeling; Airflow; Spark; Hadoop,Principal,"Full-time · On-site. We are hiring a Principal Data Engineer for our EdTech team. The ideal candidate has 12-20 years of experience and is proficient in Python, SQL, Data Modeling, Airflow, Spark, Hadoop. This is a on-site full-time position focused on delivering high-quality data & ai work."
Mid-level Data Analyst,Data & AI,Reporting; Pandas; Tableau; SQL; Python; Power BI,Mid-level,"Internship · Remote. We are hiring a Mid-level Data Analyst for our Healthcare team. The ideal candidate has 3-6 years of experience and is proficient in Reporting, Pandas, Tableau, SQL, Python, Power BI. This is a remote internship position focused on delivering high-quality data & ai work."
Junior Machine Learning Engineer,Data & AI,Machine Learning; Model Deployment; PyTorch; TensorFlow; SQL; MLOps,Junior,"Internship · Hybrid. We are hiring a Junior Machine Learning Engineer for our Enterprise team. The ideal candidate has 1-3 years of experience and is proficient in Machine Learning, Model Deployment, PyTorch, TensorFlow, SQL, MLOps. This is a hybrid internship position focused on delivering high-quality data & ai work."
Senior Data Scientist,Data & AI,Data Visualization; TensorFlow; Machine Learning; NumPy; Pandas; Python,Senior,"Contract · Remote. We are hiring a Senior Data Scientist for our Startup team. The ideal candidate has 6-10 years of experience and is proficient in Data Visualization, TensorFlow, Machine Learning, NumPy, Pandas, Python. This is a remote contract position focused on delivering high-quality data & ai work."
Intern Business Intelligence Analyst,Data & AI,SQL; Python; Reporting; ETL; DAX,Intern,"Contract · Hybrid. We are hiring a Intern Business Intelligence Analyst for our EdTech team. The ideal candidate has 0-1 years of experience and is proficient in SQL, Python, Reporting, ETL, DAX. This is a hybrid contract position focused on delivering high-quality data & ai work."
Junior Data Analyst,Data & AI,Tableau; Power BI; A/B Testing; Pandas; Excel,Junior,"Internship · Remote. We are hiring a Junior Data Analyst for our Startup team. The ideal candidate has 1-3 years of experience and is proficient in Tableau, Power BI, A/B Testing, Pandas, Excel. This is a remote internship position focused on delivering high-quality data & ai work."
Mid-level AI Researcher,Data & AI,Publications; Machine Learning; PyTorch; NLP; Research,Mid-level,"Contract · Remote. We are hiring a Mid-level AI Researcher for our SaaS team. The ideal candidate has 3-6 years of experience and is proficient in Publications, Machine Learning, PyTorch, NLP, Research. This is a remote contract position focused on delivering high-quality data & ai work."
Junior Data Scientist,Data & AI,Data Visualization; Pandas; Machine Learning; TensorFlow; Python; NumPy,Junior,"Full-time · Hybrid. We are hiring a Junior Data Scientist for our E-commerce team. The ideal candidate has 1-3 years of experience and is proficient in Data Visualization, Pandas, Machine Learning, TensorFlow, Python, NumPy. This is a hybrid full-time position focused on delivering high-quality data & ai work."
Principal Business Intelligence Analyst,Data & AI,Power BI; Excel; Reporting; Data Warehousing; Python; ETL,Principal,"Full-time · Hybrid. We are hiring a Principal Business Intelligence Analyst for our EdTech team. The ideal candidate has 12-20 years of experience and is proficient in Power BI, Excel, Reporting, Data Warehousing, Python, ETL. This is a hybrid full-time position focused on delivering high-quality data & ai work."
Intern Data Engineer,Data & AI,Hadoop; ETL; Data Modeling; Snowflake; Kafka; Python; Airflow,Intern,"Full-time · Hybrid. We are hiring a Intern Data Engineer for our E-commerce team. The ideal candidate has 0-1 years of experience and is proficient in Hadoop, ETL, Data Modeling, Snowflake, Kafka, Python, Airflow. This is a hybrid full-time position focused on delivering high-quality data & ai work."
Mid-level NLP Engineer,Data & AI,spaCy; Transformers; Python; Tokenization; PyTorch; BERT; NLP,Mid-level,"Full-time · Remote. We are hiring a Mid-level NLP Engineer for our Startup team. The ideal candidate has 3-6 years of experience and is proficient in spaCy, Transformers, Python, Tokenization, PyTorch, BERT, NLP. This is a remote full-time position focused on delivering high-quality data & ai work."
Intern Machine Learning Engineer,Data & AI,Machine Learning; MLOps; Deep Learning; Model Deployment; PyTorch; SQL; Docker,Intern,"Contract · Hybrid. We are hiring a Intern Machine Learning Engineer for our Enterprise team. The ideal candidate has 0-1 years of experience and is proficient in Machine Learning, MLOps, Deep Learning, Model Deployment, PyTorch, SQL, Docker. This is a hybrid contract position focused on delivering high-quality data & ai work."
Senior Machine Learning Engineer,Data & AI,Docker; Scikit-learn; TensorFlow; Model Deployment; Machine Learning,Senior,"Contract · Hybrid. We are hiring a Senior Machine Learning Engineer for our Gaming team. The ideal candidate has 6-10 years of experience and is proficient in Docker, Scikit-learn, TensorFlow, Model Deployment, Machine Learning. This is a hybrid contract position focused on delivering high-quality data & ai work."
Principal AI Researcher,Data & AI,Python; Research; Mathematics; Machine Learning; Publications; Deep Learning,Principal,"Internship · Hybrid. We are hiring a Principal AI Researcher for our Healthcare team. The ideal candidate has 12-20 years of experience and is proficient in Python, Research, Mathematics, Machine Learning, Publications, Deep Learning. This is a hybrid internship position focused on delivering high-quality data & ai work."
Junior Data Engineer,Data & AI,Data Modeling; Spark; ETL; Python; Airflow; Snowflake; Hadoop,Junior,"Internship · Remote. We are hiring a Junior Data Engineer for our Healthcare team. The ideal candidate has 1-3 years of experience and is proficient in Data Modeling, Spark, ETL, Python, Airflow, Snowflake, Hadoop. This is a remote internship position focused on delivering high-quality data & ai work."
Intern NLP Engineer,Data & AI,spaCy; Deep Learning; Text Mining; Tokenization; PyTorch; BERT; Python,Intern,"Contract · Hybrid. We are hiring a Intern NLP Engineer for our EdTech team. The ideal candidate has 0-1 years of experience and is proficient in spaCy, Deep Learning, Text Mining, Tokenization, PyTorch, BERT, Python. This is a hybrid contract position focused on delivering high-quality data & ai work."
Senior Data Analyst,Data & AI,Pandas; SQL; Data Cleaning; Power BI; Excel; A/B Testing,Senior,"Contract · Remote. We are hiring a Senior Data Analyst for our Gaming team. The ideal candidate has 6-10 years of experience and is proficient in Pandas, SQL, Data Cleaning, Power BI, Excel, A/B Testing. This is a remote contract position focused on delivering high-quality data & ai work."
Senior Business Intelligence Analyst,Data & AI,Dashboards; DAX; ETL; Python; Data Warehousing; Excel,Senior,"Full-time · On-site. We are hiring a Senior Business Intelligence Analyst for our Fintech team. The ideal candidate has 6-10 years of experience and is proficient in Dashboards, DAX, ETL, Python, Data Warehousing, Excel. This is a on-site full-time position focused on delivering high-quality data & ai work."
Lead Data Engineer,Data & AI,SQL; ETL; Hadoop; Data Modeling; Kafka; Spark,Lead,"Full-time · Remote. We are hiring a Lead Data Engineer for our E-commerce team. The ideal candidate has 8-14 years of experience and is proficient in SQL, ETL, Hadoop, Data Modeling, Kafka, Spark. This is a remote full-time position focused on delivering high-quality data & ai work."
Junior NLP Engineer,Data & AI,PyTorch; BERT; NLP; Python; Tokenization; Deep Learning; Machine Learning,Junior,"Full-time · On-site. We are hiring a Junior NLP Engineer for our E-commerce team. The ideal candidate has 1-3 years of experience and is proficient in PyTorch, BERT, NLP, Python, Tokenization, Deep Learning, Machine Learning. This is a on-site full-time position focused on delivering high-quality data & ai work."
Intern Computer Vision Engineer,Data & AI,Deep Learning; PyTorch; CUDA; Image Processing; CNN; TensorFlow,Intern,"Contract · Remote. We are hiring a Intern Computer Vision Engineer for our E-commerce team. The ideal candidate has 0-1 years of experience and is proficient in Deep Learning, PyTorch, CUDA, Image Processing, CNN, TensorFlow. This is a remote contract position focused on delivering high-quality data & ai work."
Lead Data Scientist,Data & AI,Statistics; Data Visualization; Jupyter; Pandas; NumPy,Lead,"Internship · Hybrid. We are hiring a Lead Data Scientist for our Startup team. The ideal candidate has 8-14 years of experience and is proficient in Statistics, Data Visualization, Jupyter, Pandas, NumPy. This is a hybrid internship position focused on delivering high-quality data & ai work."
Mid-level AI Researcher,Data & AI,Python; Research; PyTorch; TensorFlow; Deep Learning; Reinforcement Learning; Publications,Mid-level,"Full-time · Hybrid. We are hiring a Mid-level AI Researcher for our Healthcare team. The ideal candidate has 3-6 years of experience and is proficient in Python, Research, PyTorch, TensorFlow, Deep Learning, Reinforcement Learning, Publications. This is a hybrid full-time position focused on delivering high-quality data & ai work."
Lead Machine Learning Engineer,Data & AI,Scikit-learn; Model Deployment; TensorFlow; MLOps; Machine Learning; SQL,Lead,"Full-time · Hybrid. We are hiring a Lead Machine Learning Engineer for our Healthcare team. The ideal candidate has 8-14 years of experience and is proficient in Scikit-learn, Model Deployment, TensorFlow, MLOps, Machine Learning, SQL. This is a hybrid full-time position focused on delivering high-quality data & ai work."
Junior AI Researcher,Data & AI,NLP; Research; PyTorch; Reinforcement Learning; Mathematics; Machine Learning,Junior,"Full-time · Remote. We are hiring a Junior AI Researcher for our Gaming team. The ideal candidate has 1-3 years of experience and is proficient in NLP, Research, PyTorch, Reinforcement Learning, Mathematics, Machine Learning. This is a remote full-time position focused on delivering high-quality data & ai work."
Mid-level AI Researcher,Data & AI,TensorFlow; Python; Deep Learning; NLP; Mathematics,Mid-level,"Internship · On-site. We are hiring a Mid-level AI Researcher for our Healthcare team. The ideal candidate has 3-6 years of experience and is proficient in TensorFlow, Python, Deep Learning, NLP, Mathematics. This is a on-site internship position focused on delivering high-quality data & ai work."
Senior Data Analyst,Data & AI,Pandas; Python; SQL; Statistics; Data Cleaning; Excel,Senior,"Internship · On-site. We are hiring a Senior Data Analyst for our Startup team. The ideal candidate has 6-10 years of experience and is proficient in Pandas, Python, SQL, Statistics, Data Cleaning, Excel. This is a on-site internship position focused on delivering high-quality data & ai work."
Senior AI Researcher,Data & AI,PyTorch; Publications; Research; Deep Learning; Machine Learning; Mathematics,Senior,"Contract · Remote. We are hiring a Senior AI Researcher for our Gaming team. The ideal candidate has 6-10 years of experience and is proficient in PyTorch, Publications, Research, Deep Learning, Machine Learning, Mathematics. This is a remote contract position focused on delivering high-quality data & ai work."
Junior Data Scientist,Data & AI,Python; TensorFlow; Pandas; Machine Learning; NumPy; Statistics; Scikit-learn,Junior,"Contract · Remote. We are hiring a Junior Data Scientist for our Startup team. The ideal candidate has 1-3 years of experience and is proficient in Python, TensorFlow, Pandas, Machine Learning, NumPy, Statistics, Scikit-learn. This is a remote contract position focused on delivering high-quality data & ai work."
Junior Machine Learning Engineer,Data & AI,Deep Learning; Scikit-learn; Machine Learning; SQL; PyTorch; Docker; Model Deployment,Junior,"Full-time · Hybrid. We are hiring a Junior Machine Learning Engineer for our Gaming team. The ideal candidate has 1-3 years of experience and is proficient in Deep Learning, Scikit-learn, Machine Learning, SQL, PyTorch, Docker, Model Deployment. This is a hybrid full-time position focused on delivering high-quality data & ai work."
Junior Data Engineer,Data & AI,Hadoop; Spark; Snowflake; Python; Data Modeling; SQL; ETL,Junior,"Contract · Hybrid. We are hiring a Junior Data Engineer for our Gaming team. The ideal candidate has 1-3 years of experience and is proficient in Hadoop, Spark, Snowflake, Python, Data Modeling, SQL, ETL. This is a hybrid contract position focused on delivering high-quality data & ai work."
Junior Data Engineer,Data & AI,Data Modeling; Spark; Snowflake; Kafka; Python; SQL,Junior,"Internship · Hybrid. We are hiring a Junior Data Engineer for our Enterprise team. The ideal candidate has 1-3 years of experience and is proficient in Data Modeling, Spark, Snowflake, Kafka, Python, SQL. This is a hybrid internship position focused on delivering high-quality data & ai work."
Intern Machine Learning Engineer,Data & AI,Scikit-learn; PyTorch; Machine Learning; Model Deployment; TensorFlow; Deep Learning,Intern,"Contract · Hybrid. We are hiring a Intern Machine Learning Engineer for our Fintech team. The ideal candidate has 0-1 years of experience and is proficient in Scikit-learn, PyTorch, Machine Learning, Model Deployment, TensorFlow, Deep Learning. This is a hybrid contract position focused on delivering high-quality data & ai work."
Senior Machine Learning Engineer,Data & AI,MLOps; Python; SQL; Model Deployment; Scikit-learn; Docker; PyTorch,Senior,"Contract · Remote. We are hiring a Senior Machine Learning Engineer for our Enterprise team. The ideal candidate has 6-10 years of experience and is proficient in MLOps, Python, SQL, Model Deployment, Scikit-learn, Docker, PyTorch. This is a remote contract position focused on delivering high-quality data & ai work."
Principal Data Scientist,Data & AI,Data Visualization; Python; Jupyter; Scikit-learn; NumPy,Principal,"Contract · Remote. We are hiring a Principal Data Scientist for our Enterprise team. The ideal candidate has 12-20 years of experience and is proficient in Data Visualization, Python, Jupyter, Scikit-learn, NumPy. This is a remote contract position focused on delivering high-quality data & ai work."
Mid-level Machine Learning Engineer,Data & AI,MLOps; TensorFlow; Machine Learning; PyTorch; Scikit-learn; SQL; Model Deployment,Mid-level,"Internship · On-site. We are hiring a Mid-level Machine Learning Engineer for our SaaS team. The ideal candidate has 3-6 years of experience and is proficient in MLOps, TensorFlow, Machine Learning, PyTorch, Scikit-learn, SQL, Model Deployment. This is a on-site internship position focused on delivering high-quality data & ai work."
Mid-level Business Intelligence Analyst,Data & AI,SQL; Reporting; Excel; Power BI; Dashboards,Mid-level,"Internship · Remote. We are hiring a Mid-level Business Intelligence Analyst for our E-commerce team. The ideal candidate has 3-6 years of experience and is proficient in SQL, Reporting, Excel, Power BI, Dashboards. This is a remote internship position focused on delivering high-quality data & ai work."
Junior Data Scientist,Data & AI,Python; Pandas; Scikit-learn; Jupyter; Statistics; NumPy; Data Visualization,Junior,"Internship · On-site. We are hiring a Junior Data Scientist for our Healthcare team. The ideal candidate has 1-3 years of experience and is proficient in Python, Pandas, Scikit-learn, Jupyter, Statistics, NumPy, Data Visualization. This is a on-site internship position focused on delivering high-quality data & ai work."
Junior NLP Engineer,Data & AI,spaCy; PyTorch; Deep Learning; Machine Learning; Transformers,Junior,"Full-time · Remote. We are hiring a Junior NLP Engineer for our SaaS team. The ideal candidate has 1-3 years of experience and is proficient in spaCy, PyTorch, Deep Learning, Machine Learning, Transformers. This is a remote full-time position focused on delivering high-quality data & ai work."
Junior Data Analyst,Data & AI,Python; Excel; SQL; Data Cleaning; Reporting,Junior,"Internship · On-site. We are hiring a Junior Data Analyst for our E-commerce team. The ideal candidate has 1-3 years of experience and is proficient in Python, Excel, SQL, Data Cleaning, Reporting. This is a on-site internship position focused on delivering high-quality data & ai work."
Lead Business Intelligence Analyst,Data & AI,Dashboards; Python; ETL; Power BI; Reporting,Lead,"Internship · Hybrid. We are hiring a Lead Business Intelligence Analyst for our Healthcare team. The ideal candidate has 8-14 years of experience and is proficient in Dashboards, Python, ETL, Power BI, Reporting. This is a hybrid internship position focused on delivering high-quality data & ai work."
Junior Business Intelligence Analyst,Data & AI,Reporting; Python; Data Warehousing; ETL; Excel; SQL; Dashboards,Junior,"Full-time · Remote. We are hiring a Junior Business Intelligence Analyst for our Fintech team. The ideal candidate has 1-3 years of experience and is proficient in Reporting, Python, Data Warehousing, ETL, Excel, SQL, Dashboards. This is a remote full-time position focused on delivering high-quality data & ai work."
Intern Data Engineer,Data & AI,SQL; AWS; Python; Airflow; Spark; Data Modeling; Hadoop,Intern,"Full-time · On-site. We are hiring a Intern Data Engineer for our Healthcare team. The ideal candidate has 0-1 years of experience and is proficient in SQL, AWS, Python, Airflow, Spark, Data Modeling, Hadoop. This is a on-site full-time position focused on delivering high-quality data & ai work."
Senior NLP Engineer,Data & AI,Python; Deep Learning; Tokenization; spaCy; Transformers,Senior,"Internship · On-site. We are hiring a Senior NLP Engineer for our Fintech team. The ideal candidate has 6-10 years of experience and is proficient in Python, Deep Learning, Tokenization, spaCy, Transformers. This is a on-site internship position focused on delivering high-quality data & ai work."
Lead Data Engineer,Data & AI,AWS; Hadoop; Kafka; Spark; Data Modeling; Python,Lead,"Full-time · On-site. We are hiring a Lead Data Engineer for our SaaS team. The ideal candidate has 8-14 years of experience and is proficient in AWS, Hadoop, Kafka, Spark, Data Modeling, Python. This is a on-site full-time position focused on delivering high-quality data & ai work."
Lead Data Engineer,Data & AI,Kafka; Python; ETL; AWS; Data Modeling,Lead,"Internship · Hybrid. We are hiring a Lead Data Engineer for our Fintech team. The ideal candidate has 8-14 years of experience and is proficient in Kafka, Python, ETL, AWS, Data Modeling. This is a hybrid internship position focused on delivering high-quality data & ai work."
Lead NLP Engineer,Data & AI,Text Mining; spaCy; Machine Learning; Deep Learning; Python,Lead,"Contract · Remote. We are hiring a Lead NLP Engineer for our SaaS team. The ideal candidate has 8-14 years of experience and is proficient in Text Mining, spaCy, Machine Learning, Deep Learning, Python. This is a remote contract position focused on delivering high-quality data & ai work."
Mid-level NLP Engineer,Data & AI,Text Mining; Machine Learning; spaCy; Python; NLP,Mid-level,"Internship · Hybrid. We are hiring a Mid-level NLP Engineer for our E-commerce team. The ideal candidate has 3-6 years of experience and is proficient in Text Mining, Machine Learning, spaCy, Python, NLP. This is a hybrid internship position focused on delivering high-quality data & ai work."
Junior Machine Learning Engineer,Data & AI,Deep Learning; MLOps; Model Deployment; Python; SQL,Junior,"Full-time · On-site. We are hiring a Junior Machine Learning Engineer for our EdTech team. The ideal candidate has 1-3 years of experience and is proficient in Deep Learning, MLOps, Model Deployment, Python, SQL. This is a on-site full-time position focused on delivering high-quality data & ai work."
Junior Computer Vision Engineer,Data & AI,OpenCV; TensorFlow; Deep Learning; CNN; Machine Learning; Image Processing,Junior,"Internship · Hybrid. We are hiring a Junior Computer Vision Engineer for our Healthcare team. The ideal candidate has 1-3 years of experience and is proficient in OpenCV, TensorFlow, Deep Learning, CNN, Machine Learning, Image Processing. This is a hybrid internship position focused on delivering high-quality data & ai work."
Junior Business Intelligence Analyst,Data & AI,DAX; Python; Excel; Dashboards; Power BI; Data Warehousing; Reporting,Junior,"Contract · Hybrid. We are hiring a Junior Business Intelligence Analyst for our Startup team. The ideal candidate has 1-3 years of experience and is proficient in DAX, Python, Excel, Dashboards, Power BI, Data Warehousing, Reporting. This is a hybrid contract position focused on delivering high-quality data & ai work."
Lead NLP Engineer,Data & AI,Machine Learning; Python; Tokenization; spaCy; Transformers,Lead,"Internship · Hybrid. We are hiring a Lead NLP Engineer for our EdTech team. The ideal candidate has 8-14 years of experience and is proficient in Machine Learning, Python, Tokenization, spaCy, Transformers. This is a hybrid internship position focused on delivering high-quality data & ai work."
Principal Data Scientist,Data & AI,SQL; Scikit-learn; TensorFlow; Machine Learning; Jupyter; Python; Statistics,Principal,"Internship · On-site. We are hiring a Principal Data Scientist for our Startup team. The ideal candidate has 12-20 years of experience and is proficient in SQL, Scikit-learn, TensorFlow, Machine Learning, Jupyter, Python, Statistics. This is a on-site internship position focused on delivering high-quality data & ai work."
Junior Data Scientist,Data & AI,Python; Machine Learning; Data Visualization; Pandas; Scikit-learn; Jupyter; Statistics,Junior,"Full-time · Remote. We are hiring a Junior Data Scientist for our Healthcare team. The ideal candidate has 1-3 years of experience and is proficient in Python, Machine Learning, Data Visualization, Pandas, Scikit-learn, Jupyter, Statistics. This is a remote full-time position focused on delivering high-quality data & ai work."
Intern AI Researcher,Data & AI,Machine Learning; Research; PyTorch; Deep Learning; Mathematics; NLP; Reinforcement Learning,Intern,"Contract · On-site. We are hiring a Intern AI Researcher for our Healthcare team. The ideal candidate has 0-1 years of experience and is proficient in Machine Learning, Research, PyTorch, Deep Learning, Mathematics, NLP, Reinforcement Learning. This is a on-site contract position focused on delivering high-quality data & ai work."
Senior Computer Vision Engineer,Data & AI,CUDA; Python; Image Processing; CNN; TensorFlow; Machine Learning,Senior,"Full-time · On-site. We are hiring a Senior Computer Vision Engineer for our Healthcare team. The ideal candidate has 6-10 years of experience and is proficient in CUDA, Python, Image Processing, CNN, TensorFlow, Machine Learning. This is a on-site full-time position focused on delivering high-quality data & ai work."
Intern AI Researcher,Data & AI,Publications; TensorFlow; Python; NLP; Machine Learning; Deep Learning; Reinforcement Learning,Intern,"Internship · On-site. We are hiring a Intern AI Researcher for our Gaming team. The ideal candidate has 0-1 years of experience and is proficient in Publications, TensorFlow, Python, NLP, Machine Learning, Deep Learning, Reinforcement Learning. This is a on-site internship position focused on delivering high-quality data & ai work."
Intern Computer Vision Engineer,Data & AI,TensorFlow; Deep Learning; CNN; OpenCV; PyTorch; CUDA,Intern,"Internship · On-site. We are hiring a Intern Computer Vision Engineer for our Fintech team. The ideal candidate has 0-1 years of experience and is proficient in TensorFlow, Deep Learning, CNN, OpenCV, PyTorch, CUDA. This is a on-site internship position focused on delivering high-quality data & ai work."
Junior NLP Engineer,Data & AI,Transformers; Python; spaCy; PyTorch; Deep Learning; Tokenization; BERT,Junior,"Contract · Remote. We are hiring a Junior NLP Engineer for our Gaming team. The ideal candidate has 1-3 years of experience and is proficient in Transformers, Python, spaCy, PyTorch, Deep Learning, Tokenization, BERT. This is a remote contract position focused on delivering high-quality data & ai work."
Senior NLP Engineer,Data & AI,Python; Machine Learning; spaCy; PyTorch; Deep Learning; Tokenization; NLP,Senior,"Full-time · On-site. We are hiring a Senior NLP Engineer for our Enterprise team. The ideal candidate has 6-10 years of experience and is proficient in Python, Machine Learning, spaCy, PyTorch, Deep Learning, Tokenization, NLP. This is a on-site full-time position focused on delivering high-quality data & ai work."
Junior NLP Engineer,Data & AI,Machine Learning; NLP; Tokenization; Deep Learning; BERT; PyTorch,Junior,"Full-time · Hybrid. We are hiring a Junior NLP Engineer for our Enterprise team. The ideal candidate has 1-3 years of experience and is proficient in Machine Learning, NLP, Tokenization, Deep Learning, BERT, PyTorch. This is a hybrid full-time position focused on delivering high-quality data & ai work."
Intern Data Scientist,Data & AI,Pandas; Scikit-learn; Data Visualization; NumPy; Machine Learning; SQL,Intern,"Internship · On-site. We are hiring a Intern Data Scientist for our Startup team. The ideal candidate has 0-1 years of experience and is proficient in Pandas, Scikit-learn, Data Visualization, NumPy, Machine Learning, SQL. This is a on-site internship position focused on delivering high-quality data & ai work."
Senior AI Researcher,Data & AI,Python; Deep Learning; Mathematics; NLP; Publications,Senior,"Contract · Remote. We are hiring a Senior AI Researcher for our Enterprise team. The ideal candidate has 6-10 years of experience and is proficient in Python, Deep Learning, Mathematics, NLP, Publications. This is a remote contract position focused on delivering high-quality data & ai work."
Mid-level NLP Engineer,Data & AI,BERT; Deep Learning; Transformers; PyTorch; NLP,Mid-level,"Internship · On-site. We are hiring a Mid-level NLP Engineer for our EdTech team. The ideal candidate has 3-6 years of experience and is proficient in BERT, Deep Learning, Transformers, PyTorch, NLP. This is a on-site internship position focused on delivering high-quality data & ai work."
Principal Computer Vision Engineer,Data & AI,OpenCV; Image Processing; CUDA; PyTorch; Deep Learning; TensorFlow,Principal,"Internship · Remote. We are hiring a Principal Computer Vision Engineer for our Healthcare team. The ideal candidate has 12-20 years of experience and is proficient in OpenCV, Image Processing, CUDA, PyTorch, Deep Learning, TensorFlow. This is a remote internship position focused on delivering high-quality data & ai work."
Intern Business Intelligence Analyst,Data & AI,Power BI; Tableau; Python; Data Warehousing; SQL,Intern,"Contract · Hybrid. We are hiring a Intern Business Intelligence Analyst for our Enterprise team. The ideal candidate has 0-1 years of experience and is proficient in Power BI, Tableau, Python, Data Warehousing, SQL. This is a hybrid contract position focused on delivering high-quality data & ai work."
Principal Machine Learning Engineer,Data & AI,Python; Docker; Machine Learning; Model Deployment; MLOps; Scikit-learn; Deep Learning,Principal,"Contract · Hybrid. We are hiring a Principal Machine Learning Engineer for our EdTech team. The ideal candidate has 12-20 years of experience and is proficient in Python, Docker, Machine Learning, Model Deployment, MLOps, Scikit-learn, Deep Learning. This is a hybrid contract position focused on delivering high-quality data & ai work."
Principal Data Engineer,Data & AI,AWS; Hadoop; Kafka; Snowflake; ETL,Principal,"Internship · Remote. We are hiring a Principal Data Engineer for our Enterprise team. The ideal candidate has 12-20 years of experience and is proficient in AWS, Hadoop, Kafka, Snowflake, ETL. This is a remote internship position focused on delivering high-quality data & ai work."
Intern Machine Learning Engineer,Data & AI,Deep Learning; TensorFlow; SQL; Python; Model Deployment,Intern,"Internship · On-site. We are hiring a Intern Machine Learning Engineer for our Startup team. The ideal candidate has 0-1 years of experience and is proficient in Deep Learning, TensorFlow, SQL, Python, Model Deployment. This is a on-site internship position focused on delivering high-quality data & ai work."
Principal Data Analyst,Data & AI,Tableau; Reporting; A/B Testing; Power BI; Excel; Data Cleaning; Statistics,Principal,"Contract · Hybrid. We are hiring a Principal Data Analyst for our SaaS team. The ideal candidate has 12-20 years of experience and is proficient in Tableau, Reporting, A/B Testing, Power BI, Excel, Data Cleaning, Statistics. This is a hybrid contract position focused on delivering high-quality data & ai work."
Lead Business Intelligence Analyst,Data & AI,Reporting; SQL; Power BI; Excel; Dashboards; Python,Lead,"Internship · Hybrid. We are hiring a Lead Business Intelligence Analyst for our Startup team. The ideal candidate has 8-14 years of experience and is proficient in Reporting, SQL, Power BI, Excel, Dashboards, Python. This is a hybrid internship position focused on delivering high-quality data & ai work."
Intern Machine Learning Engineer,Data & AI,Scikit-learn; Model Deployment; Deep Learning; PyTorch; MLOps; TensorFlow; SQL,Intern,"Internship · On-site. We are hiring a Intern Machine Learning Engineer for our EdTech team. The ideal candidate has 0-1 years of experience and is proficient in Scikit-learn, Model Deployment, Deep Learning, PyTorch, MLOps, TensorFlow, SQL. This is a on-site internship position focused on delivering high-quality data & ai work."
Junior Data Engineer,Data & AI,AWS; Data Modeling; SQL; Hadoop; ETL; Python; Spark,Junior,"Internship · On-site. We are hiring a Junior Data Engineer for our Fintech team. The ideal candidate has 1-3 years of experience and is proficient in AWS, Data Modeling, SQL, Hadoop, ETL, Python, Spark. This is a on-site internship position focused on delivering high-quality data & ai work."
Lead Business Intelligence Analyst,Data & AI,Tableau; Dashboards; Data Warehousing; Python; Excel,Lead,"Contract · Hybrid. We are hiring a Lead Business Intelligence Analyst for our Healthcare team. The ideal candidate has 8-14 years of experience and is proficient in Tableau, Dashboards, Data Warehousing, Python, Excel. This is a hybrid contract position focused on delivering high-quality data & ai work."
Lead Data Engineer,Data & AI,Spark; Airflow; Kafka; Hadoop; SQL; ETL,Lead,"Contract · Hybrid. We are hiring a Lead Data Engineer for our Startup team. The ideal candidate has 8-14 years of experience and is proficient in Spark, Airflow, Kafka, Hadoop, SQL, ETL. This is a hybrid contract position focused on delivering high-quality data & ai work."
Senior Computer Vision Engineer,Data & AI,Image Processing; Python; Deep Learning; TensorFlow; CUDA; Machine Learning,Senior,"Internship · Hybrid. We are hiring a Senior Computer Vision Engineer for our Enterprise team. The ideal candidate has 6-10 years of experience and is proficient in Image Processing, Python, Deep Learning, TensorFlow, CUDA, Machine Learning. This is a hybrid internship position focused on delivering high-quality data & ai work."
Intern Business Intelligence Analyst,Data & AI,SQL; Power BI; ETL; Excel; DAX; Tableau,Intern,"Internship · Remote. We are hiring a Intern Business Intelligence Analyst for our EdTech team. The ideal candidate has 0-1 years of experience and is proficient in SQL, Power BI, ETL, Excel, DAX, Tableau. This is a remote internship position focused on delivering high-quality data & ai work."
Principal Computer Vision Engineer,Data & AI,CNN; PyTorch; Python; OpenCV; TensorFlow; Deep Learning; Image Processing,Principal,"Internship · Remote. We are hiring a Principal Computer Vision Engineer for our Gaming team. The ideal candidate has 12-20 years of experience and is proficient in CNN, PyTorch, Python, OpenCV, TensorFlow, Deep Learning, Image Processing. This is a remote internship position focused on delivering high-quality data & ai work."
Lead Computer Vision Engineer,Data & AI,Image Processing; OpenCV; PyTorch; Machine Learning; C++; Python; TensorFlow,Lead,"Full-time · On-site. We are hiring a Lead Computer Vision Engineer for our SaaS team. The ideal candidate has 8-14 years of experience and is proficient in Image Processing, OpenCV, PyTorch, Machine Learning, C++, Python, TensorFlow. This is a on-site full-time position focused on delivering high-quality data & ai work."
Junior NLP Engineer,Data & AI,BERT; Deep Learning; PyTorch; Tokenization; NLP; Python; Machine Learning,Junior,"Full-time · Remote. We are hiring a Junior NLP Engineer for our Enterprise team. The ideal candidate has 1-3 years of experience and is proficient in BERT, Deep Learning, PyTorch, Tokenization, NLP, Python, Machine Learning. This is a remote full-time position focused on delivering high-quality data & ai work."
Mid-level Data Analyst,Data & AI,Data Cleaning; Python; Statistics; A/B Testing; Reporting,Mid-level,"Internship · On-site. We are hiring a Mid-level Data Analyst for our Fintech team. The ideal candidate has 3-6 years of experience and is proficient in Data Cleaning, Python, Statistics, A/B Testing, Reporting. This is a on-site internship position focused on delivering high-quality data & ai work."
Lead Business Intelligence Analyst,Data & AI,Power BI; Python; SQL; Data Warehousing; Dashboards; Reporting,Lead,"Contract · Remote. We are hiring a Lead Business Intelligence Analyst for our Healthcare team. The ideal candidate has 8-14 years of experience and is proficient in Power BI, Python, SQL, Data Warehousing, Dashboards, Reporting. This is a remote contract position focused on delivering high-quality data & ai work."
Intern Data Analyst,Data & AI,Reporting; Statistics; SQL; Power BI; Excel; A/B Testing,Intern,"Contract · Hybrid. We are hiring a Intern Data Analyst for our Gaming team. The ideal candidate has 0-1 years of experience and is proficient in Reporting, Statistics, SQL, Power BI, Excel, A/B Testing. This is a hybrid contract position focused on delivering high-quality data & ai work."
Principal Data Scientist,Data & AI,NumPy; Jupyter; SQL; Statistics; Data Visualization,Principal,"Internship · Remote. We are hiring a Principal Data Scientist for our Startup team. The ideal candidate has 12-20 years of experience and is proficient in NumPy, Jupyter, SQL, Statistics, Data Visualization. This is a remote internship position focused on delivering high-quality data & ai work."
Mid-level Business Intelligence Analyst,Data & AI,Reporting; Power BI; ETL; Data Warehousing; Python; SQL,Mid-level,"Contract · Hybrid. We are hiring a Mid-level Business Intelligence Analyst for our Startup team. The ideal candidate has 3-6 years of experience and is proficient in Reporting, Power BI, ETL, Data Warehousing, Python, SQL. This is a hybrid contract position focused on delivering high-quality data & ai work."
Principal Data Scientist,Data & AI,Machine Learning; Statistics; TensorFlow; Python; Jupyter; Pandas; NumPy,Principal,"Internship · On-site. We are hiring a Principal Data Scientist for our Enterprise team. The ideal candidate has 12-20 years of experience and is proficient in Machine Learning, Statistics, TensorFlow, Python, Jupyter, Pandas, NumPy. This is a on-site internship position focused on delivering high-quality data & ai work."
Lead Data Engineer,Data & AI,Kafka; Spark; Hadoop; SQL; Airflow; ETL; Snowflake,Lead,"Contract · Hybrid. We are hiring a Lead Data Engineer for our Gaming team. The ideal candidate has 8-14 years of experience and is proficient in Kafka, Spark, Hadoop, SQL, Airflow, ETL, Snowflake. This is a hybrid contract position focused on delivering high-quality data & ai work."
Junior Data Engineer,Data & AI,Python; Snowflake; Data Modeling; Airflow; SQL; Spark,Junior,"Full-time · Remote. We are hiring a Junior Data Engineer for our Enterprise team. The ideal candidate has 1-3 years of experience and is proficient in Python, Snowflake, Data Modeling, Airflow, SQL, Spark. This is a remote full-time position focused on delivering high-quality data & ai work."
Junior Data Scientist,Data & AI,Machine Learning; Jupyter; Statistics; Scikit-learn; Pandas; TensorFlow; SQL,Junior,"Full-time · On-site. We are hiring a Junior Data Scientist for our EdTech team. The ideal candidate has 1-3 years of experience and is proficient in Machine Learning, Jupyter, Statistics, Scikit-learn, Pandas, TensorFlow, SQL. This is a on-site full-time position focused on delivering high-quality data & ai work."
Intern Data Analyst,Data & AI,Excel; SQL; Python; Tableau; Power BI; A/B Testing; Data Cleaning,Intern,"Full-time · On-site. We are hiring a Intern Data Analyst for our Enterprise team. The ideal candidate has 0-1 years of experience and is proficient in Excel, SQL, Python, Tableau, Power BI, A/B Testing, Data Cleaning. This is a on-site full-time position focused on delivering high-quality data & ai work."
Mid-level Business Intelligence Analyst,Data & AI,Python; Tableau; Data Warehousing; SQL; DAX; Excel,Mid-level,"Full-time · Remote. We are hiring a Mid-level Business Intelligence Analyst for our EdTech team. The ideal candidate has 3-6 years of experience and is proficient in Python, Tableau, Data Warehousing, SQL, DAX, Excel. This is a remote full-time position focused on delivering high-quality data & ai work."
Intern Computer Vision Engineer,Data & AI,CNN; Image Processing; Python; CUDA; PyTorch; TensorFlow; Deep Learning,Intern,"Internship · Remote. We are hiring a Intern Computer Vision Engineer for our Enterprise team. The ideal candidate has 0-1 years of experience and is proficient in CNN, Image Processing, Python, CUDA, PyTorch, TensorFlow, Deep Learning. This is a remote internship position focused on delivering high-quality data & ai work."
Senior Business Intelligence Analyst,Data & AI,ETL; Tableau; SQL; DAX; Python; Power BI; Data Warehousing,Senior,"Full-time · Remote. We are hiring a Senior Business Intelligence Analyst for our E-commerce team. The ideal candidate has 6-10 years of experience and is proficient in ETL, Tableau, SQL, DAX, Python, Power BI, Data Warehousing. This is a remote full-time position focused on delivering high-quality data & ai work."
Junior Data Engineer,Data & AI,Snowflake; Python; Hadoop; Airflow; SQL,Junior,"Internship · On-site. We are hiring a Junior Data Engineer for our Healthcare team. The ideal candidate has 1-3 years of experience and is proficient in Snowflake, Python, Hadoop, Airflow, SQL. This is a on-site internship position focused on delivering high-quality data & ai work."
Principal NLP Engineer,Data & AI,Deep Learning; Text Mining; BERT; Tokenization; Transformers,Principal,"Internship · On-site. We are hiring a Principal NLP Engineer for our EdTech team. The ideal candidate has 12-20 years of experience and is proficient in Deep Learning, Text Mining, BERT, Tokenization, Transformers. This is a on-site internship position focused on delivering high-quality data & ai work."
Principal Data Engineer,Data & AI,Airflow; Snowflake; Data Modeling; AWS; ETL; SQL,Principal,"Contract · Hybrid. We are hiring a Principal Data Engineer for our Enterprise team. The ideal candidate has 12-20 years of experience and is proficient in Airflow, Snowflake, Data Modeling, AWS, ETL, SQL. This is a hybrid contract position focused on delivering high-quality data & ai work."
Mid-level Data Scientist,Data & AI,Pandas; Python; Data Visualization; TensorFlow; Machine Learning,Mid-level,"Internship · Remote. We are hiring a Mid-level Data Scientist for our EdTech team. The ideal candidate has 3-6 years of experience and is proficient in Pandas, Python, Data Visualization, TensorFlow, Machine Learning. This is a remote internship position focused on delivering high-quality data & ai work."
Principal Business Intelligence Analyst,Data & AI,Reporting; SQL; DAX; Data Warehousing; Power BI; Python,Principal,"Contract · On-site. We are hiring a Principal Business Intelligence Analyst for our Startup team. The ideal candidate has 12-20 years of experience and is proficient in Reporting, SQL, DAX, Data Warehousing, Power BI, Python. This is a on-site contract position focused on delivering high-quality data & ai work."
Senior NLP Engineer,Data & AI,BERT; Tokenization; spaCy; Machine Learning; NLP; Deep Learning; PyTorch,Senior,"Full-time · Remote. We are hiring a Senior NLP Engineer for our Gaming team. The ideal candidate has 6-10 years of experience and is proficient in BERT, Tokenization, spaCy, Machine Learning, NLP, Deep Learning, PyTorch. This is a remote full-time position focused on delivering high-quality data & ai work."
Intern AI Researcher,Data & AI,Research; PyTorch; Machine Learning; Reinforcement Learning; Python; NLP,Intern,"Contract · Remote. We are hiring a Intern AI Researcher for our E-commerce team. The ideal candidate has 0-1 years of experience and is proficient in Research, PyTorch, Machine Learning, Reinforcement Learning, Python, NLP. This is a remote contract position focused on delivering high-quality data & ai work."
Mid-level Business Intelligence Analyst,Data & AI,Reporting; Tableau; SQL; Dashboards; Python; ETL,Mid-level,"Internship · Remote. We are hiring a Mid-level Business Intelligence Analyst for our SaaS team. The ideal candidate has 3-6 years of experience and is proficient in Reporting, Tableau, SQL, Dashboards, Python, ETL. This is a remote internship position focused on delivering high-quality data & ai work."
Junior Machine Learning Engineer,Data & AI,Machine Learning; MLOps; Deep Learning; Docker; Model Deployment; Python; SQL,Junior,"Contract · On-site. We are hiring a Junior Machine Learning Engineer for our SaaS team. The ideal candidate has 1-3 years of experience and is proficient in Machine Learning, MLOps, Deep Learning, Docker, Model Deployment, Python, SQL. This is a on-site contract position focused on delivering high-quality data & ai work."
Lead Computer Vision Engineer,Data & AI,Deep Learning; PyTorch; Machine Learning; CNN; Image Processing; OpenCV; Python,Lead,"Contract · Remote. We are hiring a Lead Computer Vision Engineer for our Enterprise team. The ideal candidate has 8-14 years of experience and is proficient in Deep Learning, PyTorch, Machine Learning, CNN, Image Processing, OpenCV, Python. This is a remote contract position focused on delivering high-quality data & ai work."
Principal Data Scientist,Data & AI,NumPy; Pandas; TensorFlow; SQL; Machine Learning,Principal,"Full-time · On-site. We are hiring a Principal Data Scientist for our Gaming team. The ideal candidate has 12-20 years of experience and is proficient in NumPy, Pandas, TensorFlow, SQL, Machine Learning. This is a on-site full-time position focused on delivering high-quality data & ai work."
Senior AI Researcher,Data & AI,Reinforcement Learning; Python; Machine Learning; Research; Deep Learning; Publications; TensorFlow,Senior,"Internship · Remote. We are hiring a Senior AI Researcher for our Healthcare team. The ideal candidate has 6-10 years of experience and is proficient in Reinforcement Learning, Python, Machine Learning, Research, Deep Learning, Publications, TensorFlow. This is a remote internship position focused on delivering high-quality data & ai work."
Mid-level Data Engineer,Data & AI,Kafka; Hadoop; Snowflake; AWS; ETL; SQL; Spark,Mid-level,"Contract · Remote. We are hiring a Mid-level Data Engineer for our Healthcare team. The ideal candidate has 3-6 years of experience and is proficient in Kafka, Hadoop, Snowflake, AWS, ETL, SQL, Spark. This is a remote contract position focused on delivering high-quality data & ai work."
Senior Business Intelligence Analyst,Data & AI,Excel; DAX; Power BI; Data Warehousing; ETL,Senior,"Contract · On-site. We are hiring a Senior Business Intelligence Analyst for our Startup team. The ideal candidate has 6-10 years of experience and is proficient in Excel, DAX, Power BI, Data Warehousing, ETL. This is a on-site contract position focused on delivering high-quality data & ai work."
Principal Computer Vision Engineer,Data & AI,CNN; C++; PyTorch; TensorFlow; Image Processing,Principal,"Contract · On-site. We are hiring a Principal Computer Vision Engineer for our Startup team. The ideal candidate has 12-20 years of experience and is proficient in CNN, C++, PyTorch, TensorFlow, Image Processing. This is a on-site contract position focused on delivering high-quality data & ai work."
Lead Data Analyst,Data & AI,Reporting; Python; Pandas; Statistics; A/B Testing; Tableau,Lead,"Full-time · Remote. We are hiring a Lead Data Analyst for our Startup team. The ideal candidate has 8-14 years of experience and is proficient in Reporting, Python, Pandas, Statistics, A/B Testing, Tableau. This is a remote full-time position focused on delivering high-quality data & ai work."
Mid-level Data Engineer,Data & AI,AWS; Python; Hadoop; Snowflake; Airflow; Spark,Mid-level,"Full-time · Hybrid. We are hiring a Mid-level Data Engineer for our Healthcare team. The ideal candidate has 3-6 years of experience and is proficient in AWS, Python, Hadoop, Snowflake, Airflow, Spark. This is a hybrid full-time position focused on delivering high-quality data & ai work."
Principal Computer Vision Engineer,Data & AI,C++; CNN; Image Processing; Deep Learning; Machine Learning,Principal,"Internship · Remote. We are hiring a Principal Computer Vision Engineer for our Enterprise team. The ideal candidate has 12-20 years of experience and is proficient in C++, CNN, Image Processing, Deep Learning, Machine Learning. This is a remote internship position focused on delivering high-quality data & ai work."
Principal Data Analyst,Data & AI,Tableau; SQL; Data Cleaning; Reporting; Python,Principal,"Full-time · Remote. We are hiring a Principal Data Analyst for our E-commerce team. The ideal candidate has 12-20 years of experience and is proficient in Tableau, SQL, Data Cleaning, Reporting, Python. This is a remote full-time position focused on delivering high-quality data & ai work."
Junior Data Engineer,Data & AI,ETL; Hadoop; Data Modeling; SQL; Kafka; AWS,Junior,"Contract · Remote. We are hiring a Junior Data Engineer for our E-commerce team. The ideal candidate has 1-3 years of experience and is proficient in ETL, Hadoop, Data Modeling, SQL, Kafka, AWS. This is a remote contract position focused on delivering high-quality data & ai work."
Mid-level Data Analyst,Data & AI,Python; Reporting; Power BI; Data Cleaning; A/B Testing; Tableau; Excel,Mid-level,"Internship · On-site. We are hiring a Mid-level Data Analyst for our Startup team. The ideal candidate has 3-6 years of experience and is proficient in Python, Reporting, Power BI, Data Cleaning, A/B Testing, Tableau, Excel. This is a on-site internship position focused on delivering high-quality data & ai work."
Principal Computer Vision Engineer,Data & AI,CNN; Image Processing; TensorFlow; Deep Learning; OpenCV,Principal,"Full-time · On-site. We are hiring a Principal Computer Vision Engineer for our E-commerce team. The ideal candidate has 12-20 years of experience and is proficient in CNN, Image Processing, TensorFlow, Deep Learning, OpenCV. This is a on-site full-time position focused on delivering high-quality data & ai work."
Principal Data Engineer,Data & AI,Kafka; ETL; Python; Data Modeling; AWS,Principal,"Contract · On-site. We are hiring a Principal Data Engineer for our Gaming team. The ideal candidate has 12-20 years of experience and is proficient in Kafka, ETL, Python, Data Modeling, AWS. This is a on-site contract position focused on delivering high-quality data & ai work."
Principal NLP Engineer,Data & AI,Text Mining; Deep Learning; spaCy; BERT; Machine Learning; Transformers; PyTorch,Principal,"Internship · On-site. We are hiring a Principal NLP Engineer for our Startup team. The ideal candidate has 12-20 years of experience and is proficient in Text Mining, Deep Learning, spaCy, BERT, Machine Learning, Transformers, PyTorch. This is a on-site internship position focused on delivering high-quality data & ai work."
Mid-level Data Analyst,Data & AI,Statistics; Excel; Pandas; Data Cleaning; Tableau; A/B Testing,Mid-level,"Internship · Remote. We are hiring a Mid-level Data Analyst for our SaaS team. The ideal candidate has 3-6 years of experience and is proficient in Statistics, Excel, Pandas, Data Cleaning, Tableau, A/B Testing. This is a remote internship position focused on delivering high-quality data & ai work."
Senior Business Intelligence Analyst,Data & AI,Power BI; Data Warehousing; ETL; Tableau; Reporting; Python; Dashboards,Senior,"Internship · Hybrid. We are hiring a Senior Business Intelligence Analyst for our SaaS team. The ideal candidate has 6-10 years of experience and is proficient in Power BI, Data Warehousing, ETL, Tableau, Reporting, Python, Dashboards. This is a hybrid internship position focused on delivering high-quality data & ai work."
Senior Data Scientist,Data & AI,Statistics; TensorFlow; Machine Learning; Python; Pandas; Data Visualization; SQL,Senior,"Full-time · Remote. We are hiring a Senior Data Scientist for our Healthcare team. The ideal candidate has 6-10 years of experience and is proficient in Statistics, TensorFlow, Machine Learning, Python, Pandas, Data Visualization, SQL. This is a remote full-time position focused on delivering high-quality data & ai work."
Senior AI Researcher,Data & AI,Deep Learning; PyTorch; Python; Reinforcement Learning; Research; TensorFlow,Senior,"Contract · Remote. We are hiring a Senior AI Researcher for our E-commerce team. The ideal candidate has 6-10 years of experience and is proficient in Deep Learning, PyTorch, Python, Reinforcement Learning, Research, TensorFlow. This is a remote contract position focused on delivering high-quality data & ai work."
Lead Data Engineer,Data & AI,Data Modeling; ETL; Airflow; Snowflake; AWS,Lead,"Contract · On-site. We are hiring a Lead Data Engineer for our Healthcare team. The ideal candidate has 8-14 years of experience and is proficient in Data Modeling, ETL, Airflow, Snowflake, AWS. This is a on-site contract position focused on delivering high-quality data & ai work."
Lead Computer Vision Engineer,Data & AI,Python; OpenCV; TensorFlow; PyTorch; Image Processing,Lead,"Full-time · Hybrid. We are hiring a Lead Computer Vision Engineer for our Gaming team. The ideal candidate has 8-14 years of experience and is proficient in Python, OpenCV, TensorFlow, PyTorch, Image Processing. This is a hybrid full-time position focused on delivering high-quality data & ai work."
Intern Data Scientist,Data & AI,Jupyter; Pandas; Python; Data Visualization; NumPy,Intern,"Internship · Remote. We are hiring a Intern Data Scientist for our SaaS team. The ideal candidate has 0-1 years of experience and is proficient in Jupyter, Pandas, Python, Data Visualization, NumPy. This is a remote internship position focused on delivering high-quality data & ai work."
Mid-level Data Engineer,Data & AI,AWS; Spark; Snowflake; ETL; Hadoop; Airflow,Mid-level,"Contract · Hybrid. We are hiring a Mid-level Data Engineer for our Fintech team. The ideal candidate has 3-6 years of experience and is proficient in AWS, Spark, Snowflake, ETL, Hadoop, Airflow. This is a hybrid contract position focused on delivering high-quality data & ai work."
Junior NLP Engineer,Data & AI,Tokenization; NLP; PyTorch; BERT; Deep Learning; Machine Learning,Junior,"Contract · Remote. We are hiring a Junior NLP Engineer for our E-commerce team. The ideal candidate has 1-3 years of experience and is proficient in Tokenization, NLP, PyTorch, BERT, Deep Learning, Machine Learning. This is a remote contract position focused on delivering high-quality data & ai work."
Lead Data Scientist,Data & AI,Data Visualization; Pandas; Statistics; Machine Learning; NumPy; TensorFlow; Jupyter,Lead,"Internship · On-site. We are hiring a Lead Data Scientist for our Enterprise team. The ideal candidate has 8-14 years of experience and is proficient in Data Visualization, Pandas, Statistics, Machine Learning, NumPy, TensorFlow, Jupyter. This is a on-site internship position focused on delivering high-quality data & ai work."
Lead Machine Learning Engineer,Data & AI,Deep Learning; Docker; Machine Learning; TensorFlow; PyTorch,Lead,"Full-time · Hybrid. We are hiring a Lead Machine Learning Engineer for our E-commerce team. The ideal candidate has 8-14 years of experience and is proficient in Deep Learning, Docker, Machine Learning, TensorFlow, PyTorch. This is a hybrid full-time position focused on delivering high-quality data & ai work."
Lead Data Engineer,Data & AI,Python; AWS; Kafka; Spark; ETL,Lead,"Contract · Hybrid. We are hiring a Lead Data Engineer for our EdTech team. The ideal candidate has 8-14 years of experience and is proficient in Python, AWS, Kafka, Spark, ETL. This is a hybrid contract position focused on delivering high-quality data & ai work."
Senior Computer Vision Engineer,Data & AI,TensorFlow; CUDA; OpenCV; PyTorch; Image Processing,Senior,"Internship · On-site. We are hiring a Senior Computer Vision Engineer for our E-commerce team. The ideal candidate has 6-10 years of experience and is proficient in TensorFlow, CUDA, OpenCV, PyTorch, Image Processing. This is a on-site internship position focused on delivering high-quality data & ai work."
Junior AI Researcher,Data & AI,Reinforcement Learning; Mathematics; Deep Learning; TensorFlow; PyTorch; NLP; Research,Junior,"Full-time · On-site. We are hiring a Junior AI Researcher for our Healthcare team. The ideal candidate has 1-3 years of experience and is proficient in Reinforcement Learning, Mathematics, Deep Learning, TensorFlow, PyTorch, NLP, Research. This is a on-site full-time position focused on delivering high-quality data & ai work."
Mid-level Business Intelligence Analyst,Data & AI,DAX; Excel; Data Warehousing; Dashboards; Tableau; SQL,Mid-level,"Internship · Hybrid. We are hiring a Mid-level Business Intelligence Analyst for our E-commerce team. The ideal candidate has 3-6 years of experience and is proficient in DAX, Excel, Data Warehousing, Dashboards, Tableau, SQL. This is a hybrid internship position focused on delivering high-quality data & ai work."
Junior AI Researcher,Data & AI,Machine Learning; Publications; PyTorch; TensorFlow; Deep Learning; Python; Research,Junior,"Full-time · On-site. We are hiring a Junior AI Researcher for our SaaS team. The ideal candidate has 1-3 years of experience and is proficient in Machine Learning, Publications, PyTorch, TensorFlow, Deep Learning, Python, Research. This is a on-site full-time position focused on delivering high-quality data & ai work."
Intern Data Scientist,Data & AI,Data Visualization; Machine Learning; Scikit-learn; NumPy; Pandas,Intern,"Full-time · Remote. We are hiring a Intern Data Scientist for our Enterprise team. The ideal candidate has 0-1 years of experience and is proficient in Data Visualization, Machine Learning, Scikit-learn, NumPy, Pandas. This is a remote full-time position focused on delivering high-quality data & ai work."
Intern AI Researcher,Data & AI,TensorFlow; Research; Mathematics; Publications; PyTorch,Intern,"Full-time · Remote. We are hiring a Intern AI Researcher for our Fintech team. The ideal candidate has 0-1 years of experience and is proficient in TensorFlow, Research, Mathematics, Publications, PyTorch. This is a remote full-time position focused on delivering high-quality data & ai work."
Principal Data Engineer,Data & AI,Kafka; ETL; Hadoop; Snowflake; Spark,Principal,"Full-time · Remote. We are hiring a Principal Data Engineer for our Fintech team. The ideal candidate has 12-20 years of experience and is proficient in Kafka, ETL, Hadoop, Snowflake, Spark. This is a remote full-time position focused on delivering high-quality data & ai work."
Senior Data Analyst,Data & AI,A/B Testing; Tableau; SQL; Statistics; Reporting; Data Cleaning,Senior,"Internship · On-site. We are hiring a Senior Data Analyst for our Healthcare team. The ideal candidate has 6-10 years of experience and is proficient in A/B Testing, Tableau, SQL, Statistics, Reporting, Data Cleaning. This is a on-site internship position focused on delivering high-quality data & ai work."
Senior Machine Learning Engineer,Data & AI,Model Deployment; Machine Learning; Deep Learning; Docker; TensorFlow; SQL,Senior,"Full-time · Hybrid. We are hiring a Senior Machine Learning Engineer for our Startup team. The ideal candidate has 6-10 years of experience and is proficient in Model Deployment, Machine Learning, Deep Learning, Docker, TensorFlow, SQL. This is a hybrid full-time position focused on delivering high-quality data & ai work."
Senior Business Intelligence Analyst,Data & AI,Excel; Tableau; Data Warehousing; SQL; Python; ETL,Senior,"Contract · Hybrid. We are hiring a Senior Business Intelligence Analyst for our Gaming team. The ideal candidate has 6-10 years of experience and is proficient in Excel, Tableau, Data Warehousing, SQL, Python, ETL. This is a hybrid contract position focused on delivering high-quality data & ai work."
Principal Data Engineer,Data & AI,Snowflake; Hadoop; Data Modeling; AWS; Kafka; SQL; Airflow,Principal,"Full-time · On-site. We are hiring a Principal Data Engineer for our Gaming team. The ideal candidate has 12-20 years of experience and is proficient in Snowflake, Hadoop, Data Modeling, AWS, Kafka, SQL, Airflow. This is a on-site full-time position focused on delivering high-quality data & ai work."
Principal Machine Learning Engineer,Data & AI,Python; TensorFlow; Model Deployment; Machine Learning; Docker,Principal,"Contract · Remote. We are hiring a Principal Machine Learning Engineer for our SaaS team. The ideal candidate has 12-20 years of experience and is proficient in Python, TensorFlow, Model Deployment, Machine Learning, Docker. This is a remote contract position focused on delivering high-quality data & ai work."
Junior Business Intelligence Analyst,Data & AI,Python; ETL; Dashboards; SQL; DAX; Excel,Junior,"Contract · On-site. We are hiring a Junior Business Intelligence Analyst for our EdTech team. The ideal candidate has 1-3 years of experience and is proficient in Python, ETL, Dashboards, SQL, DAX, Excel. This is a on-site contract position focused on delivering high-quality data & ai work."
Lead Computer Vision Engineer,Data & AI,Machine Learning; Deep Learning; OpenCV; Python; PyTorch,Lead,"Contract · On-site. We are hiring a Lead Computer Vision Engineer for our SaaS team. The ideal candidate has 8-14 years of experience and is proficient in Machine Learning, Deep Learning, OpenCV, Python, PyTorch. This is a on-site contract position focused on delivering high-quality data & ai work."
Intern Machine Learning Engineer,Data & AI,TensorFlow; SQL; PyTorch; Machine Learning; Docker; MLOps,Intern,"Internship · On-site. We are hiring a Intern Machine Learning Engineer for our E-commerce team. The ideal candidate has 0-1 years of experience and is proficient in TensorFlow, SQL, PyTorch, Machine Learning, Docker, MLOps. This is a on-site internship position focused on delivering high-quality data & ai work."
Junior Machine Learning Engineer,Data & AI,Docker; Machine Learning; Deep Learning; MLOps; SQL; PyTorch,Junior,"Full-time · On-site. We are hiring a Junior Machine Learning Engineer for our Startup team. The ideal candidate has 1-3 years of experience and is proficient in Docker, Machine Learning, Deep Learning, MLOps, SQL, PyTorch. This is a on-site full-time position focused on delivering high-quality data & ai work."
Lead Machine Learning Engineer,Data & AI,Scikit-learn; MLOps; Machine Learning; Docker; SQL,Lead,"Contract · Hybrid. We are hiring a Lead Machine Learning Engineer for our E-commerce team. The ideal candidate has 8-14 years of experience and is proficient in Scikit-learn, MLOps, Machine Learning, Docker, SQL. This is a hybrid contract position focused on delivering high-quality data & ai work."
Senior Data Scientist,Data & AI,Data Visualization; Pandas; Machine Learning; Jupyter; Statistics; NumPy; Python,Senior,"Full-time · Remote. We are hiring a Senior Data Scientist for our Gaming team. The ideal candidate has 6-10 years of experience and is proficient in Data Visualization, Pandas, Machine Learning, Jupyter, Statistics, NumPy, Python. This is a remote full-time position focused on delivering high-quality data & ai work."
Principal Machine Learning Engineer,Data & AI,Docker; SQL; Deep Learning; Scikit-learn; Model Deployment; PyTorch; TensorFlow,Principal,"Contract · On-site. We are hiring a Principal Machine Learning Engineer for our EdTech team. The ideal candidate has 12-20 years of experience and is proficient in Docker, SQL, Deep Learning, Scikit-learn, Model Deployment, PyTorch, TensorFlow. This is a on-site contract position focused on delivering high-quality data & ai work."
Senior NLP Engineer,Data & AI,PyTorch; Python; BERT; spaCy; NLP; Deep Learning,Senior,"Full-time · On-site. We are hiring a Senior NLP Engineer for our Gaming team. The ideal candidate has 6-10 years of experience and is proficient in PyTorch, Python, BERT, spaCy, NLP, Deep Learning. This is a on-site full-time position focused on delivering high-quality data & ai work."
Senior AI Researcher,Data & AI,Machine Learning; NLP; Publications; Reinforcement Learning; TensorFlow,Senior,"Internship · Hybrid. We are hiring a Senior AI Researcher for our SaaS team. The ideal candidate has 6-10 years of experience and is proficient in Machine Learning, NLP, Publications, Reinforcement Learning, TensorFlow. This is a hybrid internship position focused on delivering high-quality data & ai work."
Junior NLP Engineer,Data & AI,NLP; spaCy; Transformers; Deep Learning; PyTorch; Text Mining,Junior,"Contract · On-site. We are hiring a Junior NLP Engineer for our Healthcare team. The ideal candidate has 1-3 years of experience and is proficient in NLP, spaCy, Transformers, Deep Learning, PyTorch, Text Mining. This is a on-site contract position focused on delivering high-quality data & ai work."
Lead Computer Vision Engineer,Data & AI,CNN; Deep Learning; Python; Machine Learning; Image Processing; OpenCV; TensorFlow,Lead,"Contract · Hybrid. We are hiring a Lead Computer Vision Engineer for our Enterprise team. The ideal candidate has 8-14 years of experience and is proficient in CNN, Deep Learning, Python, Machine Learning, Image Processing, OpenCV, TensorFlow. This is a hybrid contract position focused on delivering high-quality data & ai work."
Mid-level Data Engineer,Data & AI,Kafka; Snowflake; Python; ETL; Airflow; Hadoop; SQL,Mid-level,"Internship · Hybrid. We are hiring a Mid-level Data Engineer for our E-commerce team. The ideal candidate has 3-6 years of experience and is proficient in Kafka, Snowflake, Python, ETL, Airflow, Hadoop, SQL. This is a hybrid internship position focused on delivering high-quality data & ai work."
Intern Data Engineer,Data & AI,Spark; Python; Airflow; ETL; Hadoop; Data Modeling; Snowflake,Intern,"Internship · On-site. We are hiring a Intern Data Engineer for our Enterprise team. The ideal candidate has 0-1 years of experience and is proficient in Spark, Python, Airflow, ETL, Hadoop, Data Modeling, Snowflake. This is a on-site internship position focused on delivering high-quality data & ai work."
Lead NLP Engineer,Data & AI,Transformers; spaCy; NLP; Deep Learning; Machine Learning; Python,Lead,"Full-time · Remote. We are hiring a Lead NLP Engineer for our EdTech team. The ideal candidate has 8-14 years of experience and is proficient in Transformers, spaCy, NLP, Deep Learning, Machine Learning, Python. This is a remote full-time position focused on delivering high-quality data & ai work."
Mid-level AI Researcher,Data & AI,Machine Learning; TensorFlow; Mathematics; Reinforcement Learning; NLP; PyTorch; Deep Learning,Mid-level,"Contract · On-site. We are hiring a Mid-level AI Researcher for our Gaming team. The ideal candidate has 3-6 years of experience and is proficient in Machine Learning, TensorFlow, Mathematics, Reinforcement Learning, NLP, PyTorch, Deep Learning. This is a on-site contract position focused on delivering high-quality data & ai work."
Lead Business Intelligence Analyst,Data & AI,Excel; Tableau; DAX; Dashboards; SQL; Reporting; Power BI,Lead,"Internship · Hybrid. We are hiring a Lead Business Intelligence Analyst for our SaaS team. The ideal candidate has 8-14 years of experience and is proficient in Excel, Tableau, DAX, Dashboards, SQL, Reporting, Power BI. This is a hybrid internship position focused on delivering high-quality data & ai work."
Lead Data Scientist,Data & AI,Data Visualization; Statistics; TensorFlow; Scikit-learn; NumPy,Lead,"Contract · On-site. We are hiring a Lead Data Scientist for our Enterprise team. The ideal candidate has 8-14 years of experience and is proficient in Data Visualization, Statistics, TensorFlow, Scikit-learn, NumPy. This is a on-site contract position focused on delivering high-quality data & ai work."
Lead Business Intelligence Analyst,Data & AI,Reporting; Python; ETL; Tableau; Power BI,Lead,"Full-time · On-site. We are hiring a Lead Business Intelligence Analyst for our Gaming team. The ideal candidate has 8-14 years of experience and is proficient in Reporting, Python, ETL, Tableau, Power BI. This is a on-site full-time position focused on delivering high-quality data & ai work."
Junior Data Scientist,Data & AI,Scikit-learn; Data Visualization; Jupyter; Machine Learning; Pandas,Junior,"Contract · Remote. We are hiring a Junior Data Scientist for our Healthcare team. The ideal candidate has 1-3 years of experience and is proficient in Scikit-learn, Data Visualization, Jupyter, Machine Learning, Pandas. This is a remote contract position focused on delivering high-quality data & ai work."
Mid-level AI Researcher,Data & AI,Deep Learning; Reinforcement Learning; Machine Learning; Research; TensorFlow; NLP,Mid-level,"Internship · Hybrid. We are hiring a Mid-level AI Researcher for our E-commerce team. The ideal candidate has 3-6 years of experience and is proficient in Deep Learning, Reinforcement Learning, Machine Learning, Research, TensorFlow, NLP. This is a hybrid internship position focused on delivering high-quality data & ai work."
Senior Data Engineer,Data & AI,AWS; Python; Kafka; Airflow; SQL,Senior,"Full-time · On-site. We are hiring a Senior Data Engineer for our Enterprise team. The ideal candidate has 6-10 years of experience and is proficient in AWS, Python, Kafka, Airflow, SQL. This is a on-site full-time position focused on delivering high-quality data & ai work."
Mid-level NLP Engineer,Data & AI,Text Mining; NLP; Transformers; spaCy; Deep Learning; Machine Learning; BERT,Mid-level,"Internship · On-site. We are hiring a Mid-level NLP Engineer for our Startup team. The ideal candidate has 3-6 years of experience and is proficient in Text Mining, NLP, Transformers, spaCy, Deep Learning, Machine Learning, BERT. This is a on-site internship position focused on delivering high-quality data & ai work."
Principal Computer Vision Engineer,Data & AI,PyTorch; Machine Learning; OpenCV; Image Processing; Python,Principal,"Contract · On-site. We are hiring a Principal Computer Vision Engineer for our Fintech team. The ideal candidate has 12-20 years of experience and is proficient in PyTorch, Machine Learning, OpenCV, Image Processing, Python. This is a on-site contract position focused on delivering high-quality data & ai work."
Intern Computer Vision Engineer,Data & AI,Machine Learning; CNN; PyTorch; Deep Learning; TensorFlow; OpenCV; CUDA,Intern,"Contract · On-site. We are hiring a Intern Computer Vision Engineer for our Fintech team. The ideal candidate has 0-1 years of experience and is proficient in Machine Learning, CNN, PyTorch, Deep Learning, TensorFlow, OpenCV, CUDA. This is a on-site contract position focused on delivering high-quality data & ai work."
Principal Data Analyst,Data & AI,Reporting; Excel; A/B Testing; Statistics; SQL; Tableau; Power BI,Principal,"Full-time · On-site. We are hiring a Principal Data Analyst for our Fintech team. The ideal candidate has 12-20 years of experience and is proficient in Reporting, Excel, A/B Testing, Statistics, SQL, Tableau, Power BI. This is a on-site full-time position focused on delivering high-quality data & ai work."
Senior Business Intelligence Analyst,Data & AI,ETL; Dashboards; DAX; Python; Tableau; Excel; Power BI,Senior,"Contract · Hybrid. We are hiring a Senior Business Intelligence Analyst for our E-commerce team. The ideal candidate has 6-10 years of experience and is proficient in ETL, Dashboards, DAX, Python, Tableau, Excel, Power BI. This is a hybrid contract position focused on delivering high-quality data & ai work."
Junior Data Analyst,Data & AI,Data Cleaning; A/B Testing; Python; SQL; Reporting; Power BI; Tableau,Junior,"Full-time · On-site. We are hiring a Junior Data Analyst for our Startup team. The ideal candidate has 1-3 years of experience and is proficient in Data Cleaning, A/B Testing, Python, SQL, Reporting, Power BI, Tableau. This is a on-site full-time position focused on delivering high-quality data & ai work."
Intern Data Scientist,Data & AI,SQL; TensorFlow; Python; Data Visualization; Machine Learning; Scikit-learn,Intern,"Internship · Hybrid. We are hiring a Intern Data Scientist for our Fintech team. The ideal candidate has 0-1 years of experience and is proficient in SQL, TensorFlow, Python, Data Visualization, Machine Learning, Scikit-learn. This is a hybrid internship position focused on delivering high-quality data & ai work."
Junior Computer Vision Engineer,Data & AI,PyTorch; C++; OpenCV; CNN; Deep Learning; TensorFlow,Junior,"Contract · On-site. We are hiring a Junior Computer Vision Engineer for our Gaming team. The ideal candidate has 1-3 years of experience and is proficient in PyTorch, C++, OpenCV, CNN, Deep Learning, TensorFlow. This is a on-site contract position focused on delivering high-quality data & ai work."
Principal Data Analyst,Data & AI,Data Cleaning; A/B Testing; SQL; Statistics; Excel; Tableau; Python,Principal,"Internship · Hybrid. We are hiring a Principal Data Analyst for our Startup team. The ideal candidate has 12-20 years of experience and is proficient in Data Cleaning, A/B Testing, SQL, Statistics, Excel, Tableau, Python. This is a hybrid internship position focused on delivering high-quality data & ai work."
Intern AI Researcher,Data & AI,Publications; Reinforcement Learning; Deep Learning; Machine Learning; Research; NLP; Mathematics,Intern,"Contract · On-site. We are hiring a Intern AI Researcher for our Fintech team. The ideal candidate has 0-1 years of experience and is proficient in Publications, Reinforcement Learning, Deep Learning, Machine Learning, Research, NLP, Mathematics. This is a on-site contract position focused on delivering high-quality data & ai work."
Junior Machine Learning Engineer,Data & AI,SQL; Python; Scikit-learn; Machine Learning; TensorFlow; Model Deployment,Junior,"Contract · Remote. We are hiring a Junior Machine Learning Engineer for our Gaming team. The ideal candidate has 1-3 years of experience and is proficient in SQL, Python, Scikit-learn, Machine Learning, TensorFlow, Model Deployment. This is a remote contract position focused on delivering high-quality data & ai work."
Intern NLP Engineer,Data & AI,NLP; PyTorch; BERT; Python; Tokenization,Intern,"Full-time · On-site. We are hiring a Intern NLP Engineer for our EdTech team. The ideal candidate has 0-1 years of experience and is proficient in NLP, PyTorch, BERT, Python, Tokenization. This is a on-site full-time position focused on delivering high-quality data & ai work."
Senior AI Researcher,Data & AI,Machine Learning; Research; Publications; Reinforcement Learning; TensorFlow,Senior,"Full-time · Remote. We are hiring a Senior AI Researcher for our Startup team. The ideal candidate has 6-10 years of experience and is proficient in Machine Learning, Research, Publications, Reinforcement Learning, TensorFlow. This is a remote full-time position focused on delivering high-quality data & ai work."
Principal Computer Vision Engineer,Data & AI,CNN; Machine Learning; Deep Learning; OpenCV; Python,Principal,"Contract · Hybrid. We are hiring a Principal Computer Vision Engineer for our Startup team. The ideal candidate has 12-20 years of experience and is proficient in CNN, Machine Learning, Deep Learning, OpenCV, Python. This is a hybrid contract position focused on delivering high-quality data & ai work."
Lead Business Intelligence Analyst,Data & AI,Reporting; Dashboards; Power BI; ETL; SQL; Tableau,Lead,"Internship · On-site. We are hiring a Lead Business Intelligence Analyst for our Startup team. The ideal candidate has 8-14 years of experience and is proficient in Reporting, Dashboards, Power BI, ETL, SQL, Tableau. This is a on-site internship position focused on delivering high-quality data & ai work."
Mid-level NLP Engineer,Data & AI,NLP; Python; PyTorch; Transformers; spaCy; BERT,Mid-level,"Internship · Hybrid. We are hiring a Mid-level NLP Engineer for our SaaS team. The ideal candidate has 3-6 years of experience and is proficient in NLP, Python, PyTorch, Transformers, spaCy, BERT. This is a hybrid internship position focused on delivering high-quality data & ai work."
Intern Data Scientist,Data & AI,Scikit-learn; SQL; TensorFlow; Python; Statistics; Jupyter,Intern,"Internship · Remote. We are hiring a Intern Data Scientist for our EdTech team. The ideal candidate has 0-1 years of experience and is proficient in Scikit-learn, SQL, TensorFlow, Python, Statistics, Jupyter. This is a remote internship position focused on delivering high-quality data & ai work."
Junior Computer Vision Engineer,Data & AI,C++; Image Processing; Python; TensorFlow; CUDA; Deep Learning; OpenCV,Junior,"Contract · Remote. We are hiring a Junior Computer Vision Engineer for our Startup team. The ideal candidate has 1-3 years of experience and is proficient in C++, Image Processing, Python, TensorFlow, CUDA, Deep Learning, OpenCV. This is a remote contract position focused on delivering high-quality data & ai work."
Senior Data Engineer,Data & AI,AWS; Python; Snowflake; ETL; Data Modeling,Senior,"Full-time · Hybrid. We are hiring a Senior Data Engineer for our Startup team. The ideal candidate has 6-10 years of experience and is proficient in AWS, Python, Snowflake, ETL, Data Modeling. This is a hybrid full-time position focused on delivering high-quality data & ai work."
Principal Data Analyst,Data & AI,Python; SQL; A/B Testing; Tableau; Reporting; Excel; Data Cleaning,Principal,"Internship · On-site. We are hiring a Principal Data Analyst for our Fintech team. The ideal candidate has 12-20 years of experience and is proficient in Python, SQL, A/B Testing, Tableau, Reporting, Excel, Data Cleaning. This is a on-site internship position focused on delivering high-quality data & ai work."
Senior Machine Learning Engineer,Data & AI,TensorFlow; Python; PyTorch; Machine Learning; Model Deployment; Deep Learning; SQL,Senior,"Internship · Hybrid. We are hiring a Senior Machine Learning Engineer for our SaaS team. The ideal candidate has 6-10 years of experience and is proficient in TensorFlow, Python, PyTorch, Machine Learning, Model Deployment, Deep Learning, SQL. This is a hybrid internship position focused on delivering high-quality data & ai work."
Junior Computer Vision Engineer,Data & AI,Deep Learning; PyTorch; Image Processing; Python; CUDA; TensorFlow; Machine Learning,Junior,"Full-time · Remote. We are hiring a Junior Computer Vision Engineer for our Enterprise team. The ideal candidate has 1-3 years of experience and is proficient in Deep Learning, PyTorch, Image Processing, Python, CUDA, TensorFlow, Machine Learning. This is a remote full-time position focused on delivering high-quality data & ai work."
Lead Data Analyst,Data & AI,A/B Testing; Statistics; SQL; Pandas; Data Cleaning,Lead,"Internship · Hybrid. We are hiring a Lead Data Analyst for our EdTech team. The ideal candidate has 8-14 years of experience and is proficient in A/B Testing, Statistics, SQL, Pandas, Data Cleaning. This is a hybrid internship position focused on delivering high-quality data & ai work."
Senior Business Intelligence Analyst,Data & AI,Excel; ETL; Reporting; DAX; Python,Senior,"Internship · Remote. We are hiring a Senior Business Intelligence Analyst for our EdTech team. The ideal candidate has 6-10 years of experience and is proficient in Excel, ETL, Reporting, DAX, Python. This is a remote internship position focused on delivering high-quality data & ai work."
Mid-level Data Scientist,Data & AI,SQL; Jupyter; Python; Data Visualization; TensorFlow; NumPy,Mid-level,"Full-time · Remote. We are hiring a Mid-level Data Scientist for our Gaming team. The ideal candidate has 3-6 years of experience and is proficient in SQL, Jupyter, Python, Data Visualization, TensorFlow, NumPy. This is a remote full-time position focused on delivering high-quality data & ai work."
Lead NLP Engineer,Data & AI,Python; Deep Learning; Tokenization; BERT; PyTorch; Transformers,Lead,"Internship · Remote. We are hiring a Lead NLP Engineer for our Fintech team. The ideal candidate has 8-14 years of experience and is proficient in Python, Deep Learning, Tokenization, BERT, PyTorch, Transformers. This is a remote internship position focused on delivering high-quality data & ai work."
Junior Machine Learning Engineer,Data & AI,PyTorch; TensorFlow; Model Deployment; Machine Learning; SQL; MLOps,Junior,"Full-time · Hybrid. We are hiring a Junior Machine Learning Engineer for our EdTech team. The ideal candidate has 1-3 years of experience and is proficient in PyTorch, TensorFlow, Model Deployment, Machine Learning, SQL, MLOps. This is a hybrid full-time position focused on delivering high-quality data & ai work."
Intern Business Intelligence Analyst,Data & AI,Tableau; Excel; Data Warehousing; DAX; ETL; Reporting; Python,Intern,"Contract · Remote. We are hiring a Intern Business Intelligence Analyst for our Fintech team. The ideal candidate has 0-1 years of experience and is proficient in Tableau, Excel, Data Warehousing, DAX, ETL, Reporting, Python. This is a remote contract position focused on delivering high-quality data & ai work."
Intern Data Engineer,Data & AI,SQL; Hadoop; Kafka; Snowflake; AWS; Python,Intern,"Full-time · On-site. We are hiring a Intern Data Engineer for our SaaS team. The ideal candidate has 0-1 years of experience and is proficient in SQL, Hadoop, Kafka, Snowflake, AWS, Python. This is a on-site full-time position focused on delivering high-quality data & ai work."
Principal Data Analyst,Data & AI,Tableau; SQL; A/B Testing; Excel; Data Cleaning,Principal,"Full-time · Hybrid. We are hiring a Principal Data Analyst for our Gaming team. The ideal candidate has 12-20 years of experience and is proficient in Tableau, SQL, A/B Testing, Excel, Data Cleaning. This is a hybrid full-time position focused on delivering high-quality data & ai work."
Mid-level Data Engineer,Data & AI,Airflow; Hadoop; AWS; SQL; ETL,Mid-level,"Full-time · On-site. We are hiring a Mid-level Data Engineer for our Enterprise team. The ideal candidate has 3-6 years of experience and is proficient in Airflow, Hadoop, AWS, SQL, ETL. This is a on-site full-time position focused on delivering high-quality data & ai work."
Principal Machine Learning Engineer,Data & AI,Docker; Scikit-learn; Deep Learning; SQL; Model Deployment; TensorFlow; MLOps,Principal,"Internship · On-site. We are hiring a Principal Machine Learning Engineer for our Fintech team. The ideal candidate has 12-20 years of experience and is proficient in Docker, Scikit-learn, Deep Learning, SQL, Model Deployment, TensorFlow, MLOps. This is a on-site internship position focused on delivering high-quality data & ai work."
Intern AI Researcher,Data & AI,Research; PyTorch; TensorFlow; Deep Learning; Python; NLP; Reinforcement Learning,Intern,"Contract · Remote. We are hiring a Intern AI Researcher for our EdTech team. The ideal candidate has 0-1 years of experience and is proficient in Research, PyTorch, TensorFlow, Deep Learning, Python, NLP, Reinforcement Learning. This is a remote contract position focused on delivering high-quality data & ai work."
Principal Business Intelligence Analyst,Data & AI,Power BI; Tableau; Dashboards; Excel; ETL,Principal,"Internship · On-site. We are hiring a Principal Business Intelligence Analyst for our EdTech team. The ideal candidate has 12-20 years of experience and is proficient in Power BI, Tableau, Dashboards, Excel, ETL. This is a on-site internship position focused on delivering high-quality data & ai work."
Senior Data Analyst,Data & AI,Reporting; Statistics; Tableau; Pandas; Power BI; Excel; Python,Senior,"Full-time · Remote. We are hiring a Senior Data Analyst for our Fintech team. The ideal candidate has 6-10 years of experience and is proficient in Reporting, Statistics, Tableau, Pandas, Power BI, Excel, Python. This is a remote full-time position focused on delivering high-quality data & ai work."
Mid-level Machine Learning Engineer,Data & AI,MLOps; Scikit-learn; Python; PyTorch; Docker,Mid-level,"Contract · Remote. We are hiring a Mid-level Machine Learning Engineer for our Healthcare team. The ideal candidate has 3-6 years of experience and is proficient in MLOps, Scikit-learn, Python, PyTorch, Docker. This is a remote contract position focused on delivering high-quality data & ai work."
Senior Data Scientist,Data & AI,TensorFlow; Data Visualization; Scikit-learn; SQL; Machine Learning; Pandas; Statistics,Senior,"Full-time · Remote. We are hiring a Senior Data Scientist for our Startup team. The ideal candidate has 6-10 years of experience and is proficient in TensorFlow, Data Visualization, Scikit-learn, SQL, Machine Learning, Pandas, Statistics. This is a remote full-time position focused on delivering high-quality data & ai work."
Senior Machine Learning Engineer,Data & AI,SQL; Deep Learning; Machine Learning; Scikit-learn; MLOps; TensorFlow; Docker,Senior,"Internship · Hybrid. We are hiring a Senior Machine Learning Engineer for our Startup team. The ideal candidate has 6-10 years of experience and is proficient in SQL, Deep Learning, Machine Learning, Scikit-learn, MLOps, TensorFlow, Docker. This is a hybrid internship position focused on delivering high-quality data & ai work."
Intern Machine Learning Engineer,Data & AI,Python; Scikit-learn; Docker; SQL; Model Deployment; Machine Learning; PyTorch,Intern,"Full-time · Remote. We are hiring a Intern Machine Learning Engineer for our Startup team. The ideal candidate has 0-1 years of experience and is proficient in Python, Scikit-learn, Docker, SQL, Model Deployment, Machine Learning, PyTorch. This is a remote full-time position focused on delivering high-quality data & ai work."
Senior Business Intelligence Analyst,Data & AI,Power BI; Reporting; DAX; Data Warehousing; Tableau; ETL; Python,Senior,"Full-time · Remote. We are hiring a Senior Business Intelligence Analyst for our Gaming team. The ideal candidate has 6-10 years of experience and is proficient in Power BI, Reporting, DAX, Data Warehousing, Tableau, ETL, Python. This is a remote full-time position focused on delivering high-quality data & ai work."
Junior NLP Engineer,Data & AI,PyTorch; Python; Transformers; Text Mining; Deep Learning,Junior,"Full-time · Hybrid. We are hiring a Junior NLP Engineer for our E-commerce team. The ideal candidate has 1-3 years of experience and is proficient in PyTorch, Python, Transformers, Text Mining, Deep Learning. This is a hybrid full-time position focused on delivering high-quality data & ai work."
Mid-level Data Analyst,Data & AI,A/B Testing; Power BI; Statistics; Excel; Tableau; Data Cleaning,Mid-level,"Contract · Remote. We are hiring a Mid-level Data Analyst for our EdTech team. The ideal candidate has 3-6 years of experience and is proficient in A/B Testing, Power BI, Statistics, Excel, Tableau, Data Cleaning. This is a remote contract position focused on delivering high-quality data & ai work."
Intern Machine Learning Engineer,Data & AI,Scikit-learn; SQL; PyTorch; TensorFlow; Docker; Deep Learning,Intern,"Contract · Remote. We are hiring a Intern Machine Learning Engineer for our Startup team. The ideal candidate has 0-1 years of experience and is proficient in Scikit-learn, SQL, PyTorch, TensorFlow, Docker, Deep Learning. This is a remote contract position focused on delivering high-quality data & ai work."
Principal Business Intelligence Analyst,Data & AI,Excel; Python; Power BI; SQL; ETL,Principal,"Contract · Remote. We are hiring a Principal Business Intelligence Analyst for our SaaS team. The ideal candidate has 12-20 years of experience and is proficient in Excel, Python, Power BI, SQL, ETL. This is a remote contract position focused on delivering high-quality data & ai work."
Junior Machine Learning Engineer,Data & AI,Deep Learning; TensorFlow; SQL; Python; Model Deployment; Scikit-learn; PyTorch,Junior,"Full-time · Remote. We are hiring a Junior Machine Learning Engineer for our E-commerce team. The ideal candidate has 1-3 years of experience and is proficient in Deep Learning, TensorFlow, SQL, Python, Model Deployment, Scikit-learn, PyTorch. This is a remote full-time position focused on delivering high-quality data & ai work."
Lead Computer Vision Engineer,Data & AI,Python; Deep Learning; CUDA; CNN; PyTorch; TensorFlow,Lead,"Full-time · Remote. We are hiring a Lead Computer Vision Engineer for our SaaS team. The ideal candidate has 8-14 years of experience and is proficient in Python, Deep Learning, CUDA, CNN, PyTorch, TensorFlow. This is a remote full-time position focused on delivering high-quality data & ai work."
Mid-level Data Engineer,Data & AI,Data Modeling; ETL; Spark; Airflow; AWS; Snowflake,Mid-level,"Internship · Remote. We are hiring a Mid-level Data Engineer for our EdTech team. The ideal candidate has 3-6 years of experience and is proficient in Data Modeling, ETL, Spark, Airflow, AWS, Snowflake. This is a remote internship position focused on delivering high-quality data & ai work."
Senior AI Researcher,Data & AI,Mathematics; Publications; Reinforcement Learning; TensorFlow; Research,Senior,"Full-time · On-site. We are hiring a Senior AI Researcher for our Enterprise team. The ideal candidate has 6-10 years of experience and is proficient in Mathematics, Publications, Reinforcement Learning, TensorFlow, Research. This is a on-site full-time position focused on delivering high-quality data & ai work."
Intern Business Intelligence Analyst,Data & AI,DAX; Dashboards; Data Warehousing; Excel; Power BI; SQL; ETL,Intern,"Internship · On-site. We are hiring a Intern Business Intelligence Analyst for our Fintech team. The ideal candidate has 0-1 years of experience and is proficient in DAX, Dashboards, Data Warehousing, Excel, Power BI, SQL, ETL. This is a on-site internship position focused on delivering high-quality data & ai work."
Senior Machine Learning Engineer,Data & AI,MLOps; Python; Machine Learning; Scikit-learn; SQL; PyTorch; Docker,Senior,"Full-time · On-site. We are hiring a Senior Machine Learning Engineer for our Enterprise team. The ideal candidate has 6-10 years of experience and is proficient in MLOps, Python, Machine Learning, Scikit-learn, SQL, PyTorch, Docker. This is a on-site full-time position focused on delivering high-quality data & ai work."
Intern Data Scientist,Data & AI,TensorFlow; Python; SQL; Scikit-learn; Data Visualization; NumPy; Machine Learning,Intern,"Full-time · On-site. We are hiring a Intern Data Scientist for our SaaS team. The ideal candidate has 0-1 years of experience and is proficient in TensorFlow, Python, SQL, Scikit-learn, Data Visualization, NumPy, Machine Learning. This is a on-site full-time position focused on delivering high-quality data & ai work."
Senior Data Engineer,Data & AI,SQL; Kafka; Airflow; Snowflake; Hadoop,Senior,"Internship · Remote. We are hiring a Senior Data Engineer for our E-commerce team. The ideal candidate has 6-10 years of experience and is proficient in SQL, Kafka, Airflow, Snowflake, Hadoop. This is a remote internship position focused on delivering high-quality data & ai work."
Intern Data Engineer,Data & AI,Spark; ETL; Hadoop; Airflow; SQL,Intern,"Full-time · Hybrid. We are hiring a Intern Data Engineer for our Healthcare team. The ideal candidate has 0-1 years of experience and is proficient in Spark, ETL, Hadoop, Airflow, SQL. This is a hybrid full-time position focused on delivering high-quality data & ai work."
Lead Computer Vision Engineer,Data & AI,Python; C++; TensorFlow; CUDA; OpenCV; Machine Learning; Deep Learning,Lead,"Internship · Remote. We are hiring a Lead Computer Vision Engineer for our Enterprise team. The ideal candidate has 8-14 years of experience and is proficient in Python, C++, TensorFlow, CUDA, OpenCV, Machine Learning, Deep Learning. This is a remote internship position focused on delivering high-quality data & ai work."
Intern Computer Vision Engineer,Data & AI,TensorFlow; CUDA; Image Processing; OpenCV; PyTorch; Machine Learning; Python,Intern,"Contract · Remote. We are hiring a Intern Computer Vision Engineer for our Fintech team. The ideal candidate has 0-1 years of experience and is proficient in TensorFlow, CUDA, Image Processing, OpenCV, PyTorch, Machine Learning, Python. This is a remote contract position focused on delivering high-quality data & ai work."
Intern Computer Vision Engineer,Data & AI,C++; Python; OpenCV; Deep Learning; Image Processing; CNN; Machine Learning,Intern,"Contract · Hybrid. We are hiring a Intern Computer Vision Engineer for our Gaming team. The ideal candidate has 0-1 years of experience and is proficient in C++, Python, OpenCV, Deep Learning, Image Processing, CNN, Machine Learning. This is a hybrid contract position focused on delivering high-quality data & ai work."
Senior Machine Learning Engineer,Data & AI,Machine Learning; Deep Learning; SQL; Python; TensorFlow,Senior,"Full-time · On-site. We are hiring a Senior Machine Learning Engineer for our SaaS team. The ideal candidate has 6-10 years of experience and is proficient in Machine Learning, Deep Learning, SQL, Python, TensorFlow. This is a on-site full-time position focused on delivering high-quality data & ai work."
Principal Business Intelligence Analyst,Data & AI,Excel; Dashboards; Tableau; DAX; Reporting,Principal,"Full-time · On-site. We are hiring a Principal Business Intelligence Analyst for our Startup team. The ideal candidate has 12-20 years of experience and is proficient in Excel, Dashboards, Tableau, DAX, Reporting. This is a on-site full-time position focused on delivering high-quality data & ai work."
Intern Data Scientist,Data & AI,Statistics; NumPy; Data Visualization; Scikit-learn; TensorFlow; Machine Learning; Python,Intern,"Full-time · On-site. We are hiring a Intern Data Scientist for our E-commerce team. The ideal candidate has 0-1 years of experience and is proficient in Statistics, NumPy, Data Visualization, Scikit-learn, TensorFlow, Machine Learning, Python. This is a on-site full-time position focused on delivering high-quality data & ai work."
Junior Data Engineer,Data & AI,Airflow; AWS; SQL; ETL; Hadoop,Junior,"Full-time · Remote. We are hiring a Junior Data Engineer for our Startup team. The ideal candidate has 1-3 years of experience and is proficient in Airflow, AWS, SQL, ETL, Hadoop. This is a remote full-time position focused on delivering high-quality data & ai work."
Intern NLP Engineer,Data & AI,Tokenization; Python; PyTorch; NLP; Machine Learning; Text Mining; Deep Learning,Intern,"Contract · On-site. We are hiring a Intern NLP Engineer for our Healthcare team. The ideal candidate has 0-1 years of experience and is proficient in Tokenization, Python, PyTorch, NLP, Machine Learning, Text Mining, Deep Learning. This is a on-site contract position focused on delivering high-quality data & ai work."
Junior AI Researcher,Data & AI,Research; Publications; TensorFlow; NLP; Machine Learning,Junior,"Internship · Remote. We are hiring a Junior AI Researcher for our Gaming team. The ideal candidate has 1-3 years of experience and is proficient in Research, Publications, TensorFlow, NLP, Machine Learning. This is a remote internship position focused on delivering high-quality data & ai work."
Junior Data Engineer,Data & AI,Snowflake; ETL; Hadoop; Spark; SQL; Airflow,Junior,"Contract · Hybrid. We are hiring a Junior Data Engineer for our EdTech team. The ideal candidate has 1-3 years of experience and is proficient in Snowflake, ETL, Hadoop, Spark, SQL, Airflow. This is a hybrid contract position focused on delivering high-quality data & ai work."
Mid-level AI Researcher,Data & AI,Deep Learning; Mathematics; PyTorch; Publications; Reinforcement Learning; Research; NLP,Mid-level,"Full-time · Hybrid. We are hiring a Mid-level AI Researcher for our E-commerce team. The ideal candidate has 3-6 years of experience and is proficient in Deep Learning, Mathematics, PyTorch, Publications, Reinforcement Learning, Research, NLP. This is a hybrid full-time position focused on delivering high-quality data & ai work."
Principal Data Analyst,Data & AI,Tableau; Python; SQL; Statistics; Excel,Principal,"Internship · On-site. We are hiring a Principal Data Analyst for our Healthcare team. The ideal candidate has 12-20 years of experience and is proficient in Tableau, Python, SQL, Statistics, Excel. This is a on-site internship position focused on delivering high-quality data & ai work."
Junior AI Researcher,Data & AI,Deep Learning; Research; Reinforcement Learning; NLP; TensorFlow; Mathematics,Junior,"Internship · On-site. We are hiring a Junior AI Researcher for our E-commerce team. The ideal candidate has 1-3 years of experience and is proficient in Deep Learning, Research, Reinforcement Learning, NLP, TensorFlow, Mathematics. This is a on-site internship position focused on delivering high-quality data & ai work."
Principal Computer Vision Engineer,Data & AI,C++; Python; CNN; Image Processing; OpenCV; Deep Learning,Principal,"Full-time · Remote. We are hiring a Principal Computer Vision Engineer for our Enterprise team. The ideal candidate has 12-20 years of experience and is proficient in C++, Python, CNN, Image Processing, OpenCV, Deep Learning. This is a remote full-time position focused on delivering high-quality data & ai work."
Intern Data Analyst,Data & AI,Python; Pandas; Data Cleaning; Tableau; Excel,Intern,"Internship · On-site. We are hiring a Intern Data Analyst for our Fintech team. The ideal candidate has 0-1 years of experience and is proficient in Python, Pandas, Data Cleaning, Tableau, Excel. This is a on-site internship position focused on delivering high-quality data & ai work."
Lead Data Engineer,Data & AI,Airflow; Snowflake; Data Modeling; Python; Spark; AWS,Lead,"Contract · Hybrid. We are hiring a Lead Data Engineer for our SaaS team. The ideal candidate has 8-14 years of experience and is proficient in Airflow, Snowflake, Data Modeling, Python, Spark, AWS. This is a hybrid contract position focused on delivering high-quality data & ai work."
Mid-level Computer Vision Engineer,Data & AI,OpenCV; C++; TensorFlow; Deep Learning; Machine Learning; Python; Image Processing,Mid-level,"Full-time · On-site. We are hiring a Mid-level Computer Vision Engineer for our Startup team. The ideal candidate has 3-6 years of experience and is proficient in OpenCV, C++, TensorFlow, Deep Learning, Machine Learning, Python, Image Processing. This is a on-site full-time position focused on delivering high-quality data & ai work."
Lead NLP Engineer,Data & AI,Deep Learning; Python; Transformers; BERT; NLP; PyTorch,Lead,"Contract · On-site. We are hiring a Lead NLP Engineer for our E-commerce team. The ideal candidate has 8-14 years of experience and is proficient in Deep Learning, Python, Transformers, BERT, NLP, PyTorch. This is a on-site contract position focused on delivering high-quality data & ai work."
Senior Data Analyst,Data & AI,Python; SQL; Excel; Statistics; Pandas,Senior,"Full-time · Remote. We are hiring a Senior Data Analyst for our Healthcare team. The ideal candidate has 6-10 years of experience and is proficient in Python, SQL, Excel, Statistics, Pandas. This is a remote full-time position focused on delivering high-quality data & ai work."
Senior Computer Vision Engineer,Data & AI,TensorFlow; CNN; Python; Deep Learning; OpenCV; Machine Learning; CUDA,Senior,"Internship · Hybrid. We are hiring a Senior Computer Vision Engineer for our SaaS team. The ideal candidate has 6-10 years of experience and is proficient in TensorFlow, CNN, Python, Deep Learning, OpenCV, Machine Learning, CUDA. This is a hybrid internship position focused on delivering high-quality data & ai work."
Principal NLP Engineer,Data & AI,Machine Learning; Text Mining; NLP; Deep Learning; Transformers; spaCy; BERT,Principal,"Full-time · On-site. We are hiring a Principal NLP Engineer for our Fintech team. The ideal candidate has 12-20 years of experience and is proficient in Machine Learning, Text Mining, NLP, Deep Learning, Transformers, spaCy, BERT. This is a on-site full-time position focused on delivering high-quality data & ai work."
Senior Machine Learning Engineer,Data & AI,PyTorch; Python; Machine Learning; MLOps; Docker; Scikit-learn; Model Deployment,Senior,"Internship · On-site. We are hiring a Senior Machine Learning Engineer for our Enterprise team. The ideal candidate has 6-10 years of experience and is proficient in PyTorch, Python, Machine Learning, MLOps, Docker, Scikit-learn, Model Deployment. This is a on-site internship position focused on delivering high-quality data & ai work."
Senior Computer Vision Engineer,Data & AI,TensorFlow; OpenCV; PyTorch; Image Processing; Machine Learning; Deep Learning,Senior,"Full-time · On-site. We are hiring a Senior Computer Vision Engineer for our Gaming team. The ideal candidate has 6-10 years of experience and is proficient in TensorFlow, OpenCV, PyTorch, Image Processing, Machine Learning, Deep Learning. This is a on-site full-time position focused on delivering high-quality data & ai work."
Intern Data Scientist,Data & AI,TensorFlow; NumPy; SQL; Jupyter; Pandas; Scikit-learn; Python,Intern,"Full-time · Hybrid. We are hiring a Intern Data Scientist for our Startup team. The ideal candidate has 0-1 years of experience and is proficient in TensorFlow, NumPy, SQL, Jupyter, Pandas, Scikit-learn, Python. This is a hybrid full-time position focused on delivering high-quality data & ai work."
Lead Business Intelligence Analyst,Data & AI,Dashboards; Excel; Data Warehousing; Power BI; Python; Reporting,Lead,"Contract · Remote. We are hiring a Lead Business Intelligence Analyst for our Enterprise team. The ideal candidate has 8-14 years of experience and is proficient in Dashboards, Excel, Data Warehousing, Power BI, Python, Reporting. This is a remote contract position focused on delivering high-quality data & ai work."
Senior Machine Learning Engineer,Data & AI,MLOps; Machine Learning; Scikit-learn; Python; Model Deployment; Docker; PyTorch,Senior,"Contract · On-site. We are hiring a Senior Machine Learning Engineer for our Fintech team. The ideal candidate has 6-10 years of experience and is proficient in MLOps, Machine Learning, Scikit-learn, Python, Model Deployment, Docker, PyTorch. This is a on-site contract position focused on delivering high-quality data & ai work."
Junior NLP Engineer,Data & AI,Machine Learning; BERT; Deep Learning; Transformers; Text Mining,Junior,"Contract · Hybrid. We are hiring a Junior NLP Engineer for our Enterprise team. The ideal candidate has 1-3 years of experience and is proficient in Machine Learning, BERT, Deep Learning, Transformers, Text Mining. This is a hybrid contract position focused on delivering high-quality data & ai work."
Intern NLP Engineer,Data & AI,Python; Text Mining; Machine Learning; spaCy; BERT,Intern,"Contract · On-site. We are hiring a Intern NLP Engineer for our Fintech team. The ideal candidate has 0-1 years of experience and is proficient in Python, Text Mining, Machine Learning, spaCy, BERT. This is a on-site contract position focused on delivering high-quality data & ai work."
Principal NLP Engineer,Data & AI,BERT; Deep Learning; Machine Learning; NLP; Transformers; PyTorch,Principal,"Full-time · Remote. We are hiring a Principal NLP Engineer for our Gaming team. The ideal candidate has 12-20 years of experience and is proficient in BERT, Deep Learning, Machine Learning, NLP, Transformers, PyTorch. This is a remote full-time position focused on delivering high-quality data & ai work."
Senior Machine Learning Engineer,Data & AI,Python; Docker; MLOps; PyTorch; Machine Learning,Senior,"Internship · On-site. We are hiring a Senior Machine Learning Engineer for our EdTech team. The ideal candidate has 6-10 years of experience and is proficient in Python, Docker, MLOps, PyTorch, Machine Learning. This is a on-site internship position focused on delivering high-quality data & ai work."
Intern AI Researcher,Data & AI,Research; Mathematics; Publications; PyTorch; TensorFlow; Python,Intern,"Contract · Hybrid. We are hiring a Intern AI Researcher for our EdTech team. The ideal candidate has 0-1 years of experience and is proficient in Research, Mathematics, Publications, PyTorch, TensorFlow, Python. This is a hybrid contract position focused on delivering high-quality data & ai work."
Senior NLP Engineer,Data & AI,Text Mining; Machine Learning; NLP; PyTorch; spaCy,Senior,"Full-time · Remote. We are hiring a Senior NLP Engineer for our Fintech team. The ideal candidate has 6-10 years of experience and is proficient in Text Mining, Machine Learning, NLP, PyTorch, spaCy. This is a remote full-time position focused on delivering high-quality data & ai work."
Mid-level Computer Vision Engineer,Data & AI,TensorFlow; CNN; C++; Image Processing; Python; Deep Learning,Mid-level,"Full-time · Remote. We are hiring a Mid-level Computer Vision Engineer for our Fintech team. The ideal candidate has 3-6 years of experience and is proficient in TensorFlow, CNN, C++, Image Processing, Python, Deep Learning. This is a remote full-time position focused on delivering high-quality data & ai work."
Lead AI Researcher,Data & AI,PyTorch; Publications; Research; Machine Learning; Mathematics,Lead,"Full-time · Hybrid. We are hiring a Lead AI Researcher for our Healthcare team. The ideal candidate has 8-14 years of experience and is proficient in PyTorch, Publications, Research, Machine Learning, Mathematics. This is a hybrid full-time position focused on delivering high-quality data & ai work."
Junior Data Engineer,Data & AI,SQL; Hadoop; ETL; Spark; AWS; Python; Airflow,Junior,"Contract · Hybrid. We are hiring a Junior Data Engineer for our Fintech team. The ideal candidate has 1-3 years of experience and is proficient in SQL, Hadoop, ETL, Spark, AWS, Python, Airflow. This is a hybrid contract position focused on delivering high-quality data & ai work."
Junior Data Engineer,Data & AI,Data Modeling; Python; Kafka; Airflow; SQL; Snowflake,Junior,"Full-time · Remote. We are hiring a Junior Data Engineer for our E-commerce team. The ideal candidate has 1-3 years of experience and is proficient in Data Modeling, Python, Kafka, Airflow, SQL, Snowflake. This is a remote full-time position focused on delivering high-quality data & ai work."
Mid-level Data Scientist,Data & AI,Data Visualization; Scikit-learn; Pandas; Python; Statistics,Mid-level,"Internship · Hybrid. We are hiring a Mid-level Data Scientist for our Gaming team. The ideal candidate has 3-6 years of experience and is proficient in Data Visualization, Scikit-learn, Pandas, Python, Statistics. This is a hybrid internship position focused on delivering high-quality data & ai work."
Mid-level Data Engineer,Data & AI,Data Modeling; Spark; ETL; Hadoop; Python; SQL; Airflow,Mid-level,"Contract · Hybrid. We are hiring a Mid-level Data Engineer for our EdTech team. The ideal candidate has 3-6 years of experience and is proficient in Data Modeling, Spark, ETL, Hadoop, Python, SQL, Airflow. This is a hybrid contract position focused on delivering high-quality data & ai work."
Senior Business Intelligence Analyst,Data & AI,ETL; Python; Dashboards; Tableau; Power BI,Senior,"Internship · Hybrid. We are hiring a Senior Business Intelligence Analyst for our EdTech team. The ideal candidate has 6-10 years of experience and is proficient in ETL, Python, Dashboards, Tableau, Power BI. This is a hybrid internship position focused on delivering high-quality data & ai work."
Mid-level AI Researcher,Data & AI,PyTorch; Research; NLP; Publications; Machine Learning,Mid-level,"Contract · Remote. We are hiring a Mid-level AI Researcher for our E-commerce team. The ideal candidate has 3-6 years of experience and is proficient in PyTorch, Research, NLP, Publications, Machine Learning. This is a remote contract position focused on delivering high-quality data & ai work."
Lead Data Engineer,Data & AI,Airflow; AWS; Kafka; ETL; Spark,Lead,"Full-time · Remote. We are hiring a Lead Data Engineer for our Fintech team. The ideal candidate has 8-14 years of experience and is proficient in Airflow, AWS, Kafka, ETL, Spark. This is a remote full-time position focused on delivering high-quality data & ai work."
Mid-level NLP Engineer,Data & AI,Transformers; Deep Learning; BERT; Machine Learning; Tokenization; PyTorch,Mid-level,"Contract · Hybrid. We are hiring a Mid-level NLP Engineer for our Enterprise team. The ideal candidate has 3-6 years of experience and is proficient in Transformers, Deep Learning, BERT, Machine Learning, Tokenization, PyTorch. This is a hybrid contract position focused on delivering high-quality data & ai work."
Mid-level Data Analyst,Data & AI,Reporting; Data Cleaning; Pandas; Tableau; SQL,Mid-level,"Internship · Hybrid. We are hiring a Mid-level Data Analyst for our Healthcare team. The ideal candidate has 3-6 years of experience and is proficient in Reporting, Data Cleaning, Pandas, Tableau, SQL. This is a hybrid internship position focused on delivering high-quality data & ai work."
Senior Business Intelligence Analyst,Data & AI,DAX; Tableau; Python; Reporting; SQL,Senior,"Full-time · Hybrid. We are hiring a Senior Business Intelligence Analyst for our Startup team. The ideal candidate has 6-10 years of experience and is proficient in DAX, Tableau, Python, Reporting, SQL. This is a hybrid full-time position focused on delivering high-quality data & ai work."
Junior Data Scientist,Data & AI,Data Visualization; Python; Statistics; NumPy; Pandas; Machine Learning,Junior,"Contract · Hybrid. We are hiring a Junior Data Scientist for our SaaS team. The ideal candidate has 1-3 years of experience and is proficient in Data Visualization, Python, Statistics, NumPy, Pandas, Machine Learning. This is a hybrid contract position focused on delivering high-quality data & ai work."
Junior Data Engineer,Data & AI,Data Modeling; Python; Spark; SQL; AWS; ETL; Hadoop,Junior,"Internship · Remote. We are hiring a Junior Data Engineer for our Gaming team. The ideal candidate has 1-3 years of experience and is proficient in Data Modeling, Python, Spark, SQL, AWS, ETL, Hadoop. This is a remote internship position focused on delivering high-quality data & ai work."
Senior Computer Vision Engineer,Data & AI,OpenCV; PyTorch; C++; Deep Learning; Image Processing,Senior,"Full-time · Remote. We are hiring a Senior Computer Vision Engineer for our Gaming team. The ideal candidate has 6-10 years of experience and is proficient in OpenCV, PyTorch, C++, Deep Learning, Image Processing. This is a remote full-time position focused on delivering high-quality data & ai work."
Intern Data Analyst,Data & AI,Python; Power BI; A/B Testing; Reporting; Pandas; Tableau,Intern,"Full-time · Hybrid. We are hiring a Intern Data Analyst for our Startup team. The ideal candidate has 0-1 years of experience and is proficient in Python, Power BI, A/B Testing, Reporting, Pandas, Tableau. This is a hybrid full-time position focused on delivering high-quality data & ai work."
Senior Computer Vision Engineer,Data & AI,CNN; Deep Learning; PyTorch; TensorFlow; C++; CUDA,Senior,"Internship · On-site. We are hiring a Senior Computer Vision Engineer for our SaaS team. The ideal candidate has 6-10 years of experience and is proficient in CNN, Deep Learning, PyTorch, TensorFlow, C++, CUDA. This is a on-site internship position focused on delivering high-quality data & ai work."
Intern Computer Vision Engineer,Data & AI,TensorFlow; Deep Learning; Machine Learning; PyTorch; C++; CNN,Intern,"Internship · Hybrid. We are hiring a Intern Computer Vision Engineer for our Gaming team. The ideal candidate has 0-1 years of experience and is proficient in TensorFlow, Deep Learning, Machine Learning, PyTorch, C++, CNN. This is a hybrid internship position focused on delivering high-quality data & ai work."
Mid-level Computer Vision Engineer,Data & AI,PyTorch; CNN; C++; TensorFlow; Deep Learning; Image Processing,Mid-level,"Full-time · Remote. We are hiring a Mid-level Computer Vision Engineer for our Healthcare team. The ideal candidate has 3-6 years of experience and is proficient in PyTorch, CNN, C++, TensorFlow, Deep Learning, Image Processing. This is a remote full-time position focused on delivering high-quality data & ai work."
Junior Computer Vision Engineer,Data & AI,OpenCV; CNN; CUDA; C++; Deep Learning; TensorFlow,Junior,"Contract · Hybrid. We are hiring a Junior Computer Vision Engineer for our Gaming team. The ideal candidate has 1-3 years of experience and is proficient in OpenCV, CNN, CUDA, C++, Deep Learning, TensorFlow. This is a hybrid contract position focused on delivering high-quality data & ai work."
Mid-level Computer Vision Engineer,Data & AI,CNN; Python; PyTorch; CUDA; Machine Learning; TensorFlow,Mid-level,"Internship · Remote. We are hiring a Mid-level Computer Vision Engineer for our SaaS team. The ideal candidate has 3-6 years of experience and is proficient in CNN, Python, PyTorch, CUDA, Machine Learning, TensorFlow. This is a remote internship position focused on delivering high-quality data & ai work."
Junior AI Researcher,Data & AI,PyTorch; Deep Learning; Publications; Python; Mathematics; Reinforcement Learning,Junior,"Full-time · Hybrid. We are hiring a Junior AI Researcher for our EdTech team. The ideal candidate has 1-3 years of experience and is proficient in PyTorch, Deep Learning, Publications, Python, Mathematics, Reinforcement Learning. This is a hybrid full-time position focused on delivering high-quality data & ai work."
Junior Data Analyst,Data & AI,Pandas; Power BI; Reporting; A/B Testing; Data Cleaning,Junior,"Internship · On-site. We are hiring a Junior Data Analyst for our Healthcare team. The ideal candidate has 1-3 years of experience and is proficient in Pandas, Power BI, Reporting, A/B Testing, Data Cleaning. This is a on-site internship position focused on delivering high-quality data & ai work."
Junior Business Intelligence Analyst,Data & AI,Python; Tableau; Power BI; DAX; Reporting,Junior,"Contract · Remote. We are hiring a Junior Business Intelligence Analyst for our Healthcare team. The ideal candidate has 1-3 years of experience and is proficient in Python, Tableau, Power BI, DAX, Reporting. This is a remote contract position focused on delivering high-quality data & ai work."
Lead AI Researcher,Data & AI,Research; Publications; PyTorch; NLP; Machine Learning; Python,Lead,"Contract · Remote. We are hiring a Lead AI Researcher for our E-commerce team. The ideal candidate has 8-14 years of experience and is proficient in Research, Publications, PyTorch, NLP, Machine Learning, Python. This is a remote contract position focused on delivering high-quality data & ai work."
Junior Data Engineer,Data & AI,ETL; Kafka; Data Modeling; Python; Snowflake; AWS,Junior,"Contract · On-site. We are hiring a Junior Data Engineer for our Startup team. The ideal candidate has 1-3 years of experience and is proficient in ETL, Kafka, Data Modeling, Python, Snowflake, AWS. This is a on-site contract position focused on delivering high-quality data & ai work."
Lead Computer Vision Engineer,Data & AI,CNN; C++; Python; Image Processing; Deep Learning; Machine Learning; OpenCV,Lead,"Full-time · Remote. We are hiring a Lead Computer Vision Engineer for our Startup team. The ideal candidate has 8-14 years of experience and is proficient in CNN, C++, Python, Image Processing, Deep Learning, Machine Learning, OpenCV. This is a remote full-time position focused on delivering high-quality data & ai work."
Mid-level NLP Engineer,Data & AI,Deep Learning; BERT; Machine Learning; Tokenization; NLP; PyTorch,Mid-level,"Internship · Hybrid. We are hiring a Mid-level NLP Engineer for our Gaming team. The ideal candidate has 3-6 years of experience and is proficient in Deep Learning, BERT, Machine Learning, Tokenization, NLP, PyTorch. This is a hybrid internship position focused on delivering high-quality data & ai work."
Mid-level Data Scientist,Data & AI,Pandas; Scikit-learn; Machine Learning; Jupyter; SQL; Python; Statistics,Mid-level,"Contract · Hybrid. We are hiring a Mid-level Data Scientist for our SaaS team. The ideal candidate has 3-6 years of experience and is proficient in Pandas, Scikit-learn, Machine Learning, Jupyter, SQL, Python, Statistics. This is a hybrid contract position focused on delivering high-quality data & ai work."
Mid-level AI Researcher,Data & AI,Research; Deep Learning; Mathematics; PyTorch; Machine Learning; TensorFlow,Mid-level,"Full-time · On-site. We are hiring a Mid-level AI Researcher for our Fintech team. The ideal candidate has 3-6 years of experience and is proficient in Research, Deep Learning, Mathematics, PyTorch, Machine Learning, TensorFlow. This is a on-site full-time position focused on delivering high-quality data & ai work."
Principal Data Engineer,Data & AI,AWS; Snowflake; Kafka; Spark; Data Modeling; Airflow,Principal,"Contract · On-site. We are hiring a Principal Data Engineer for our Enterprise team. The ideal candidate has 12-20 years of experience and is proficient in AWS, Snowflake, Kafka, Spark, Data Modeling, Airflow. This is a on-site contract position focused on delivering high-quality data & ai work."
Junior NLP Engineer,Data & AI,PyTorch; Python; Text Mining; Deep Learning; spaCy,Junior,"Internship · Remote. We are hiring a Junior NLP Engineer for our Enterprise team. The ideal candidate has 1-3 years of experience and is proficient in PyTorch, Python, Text Mining, Deep Learning, spaCy. This is a remote internship position focused on delivering high-quality data & ai work."
Senior Machine Learning Engineer,Data & AI,Docker; Deep Learning; MLOps; PyTorch; Python; Machine Learning; Scikit-learn,Senior,"Full-time · Remote. We are hiring a Senior Machine Learning Engineer for our EdTech team. The ideal candidate has 6-10 years of experience and is proficient in Docker, Deep Learning, MLOps, PyTorch, Python, Machine Learning, Scikit-learn. This is a remote full-time position focused on delivering high-quality data & ai work."
Principal Machine Learning Engineer,Data & AI,Docker; MLOps; PyTorch; TensorFlow; Machine Learning; Deep Learning,Principal,"Contract · On-site. We are hiring a Principal Machine Learning Engineer for our SaaS team. The ideal candidate has 12-20 years of experience and is proficient in Docker, MLOps, PyTorch, TensorFlow, Machine Learning, Deep Learning. This is a on-site contract position focused on delivering high-quality data & ai work."
Principal Data Analyst,Data & AI,Reporting; Data Cleaning; Python; Statistics; Power BI,Principal,"Contract · On-site. We are hiring a Principal Data Analyst for our Fintech team. The ideal candidate has 12-20 years of experience and is proficient in Reporting, Data Cleaning, Python, Statistics, Power BI. This is a on-site contract position focused on delivering high-quality data & ai work."
Junior AI Researcher,Data & AI,Publications; Research; Reinforcement Learning; Mathematics; Deep Learning; TensorFlow; NLP,Junior,"Contract · On-site. We are hiring a Junior AI Researcher for our Gaming team. The ideal candidate has 1-3 years of experience and is proficient in Publications, Research, Reinforcement Learning, Mathematics, Deep Learning, TensorFlow, NLP. This is a on-site contract position focused on delivering high-quality data & ai work."
Intern Data Scientist,Data & AI,Data Visualization; Scikit-learn; Pandas; TensorFlow; SQL; Statistics,Intern,"Full-time · Hybrid. We are hiring a Intern Data Scientist for our Enterprise team. The ideal candidate has 0-1 years of experience and is proficient in Data Visualization, Scikit-learn, Pandas, TensorFlow, SQL, Statistics. This is a hybrid full-time position focused on delivering high-quality data & ai work."
Intern Data Analyst,Data & AI,SQL; A/B Testing; Python; Data Cleaning; Reporting; Pandas; Statistics,Intern,"Full-time · On-site. We are hiring a Intern Data Analyst for our EdTech team. The ideal candidate has 0-1 years of experience and is proficient in SQL, A/B Testing, Python, Data Cleaning, Reporting, Pandas, Statistics. This is a on-site full-time position focused on delivering high-quality data & ai work."
Intern NLP Engineer,Data & AI,PyTorch; Tokenization; BERT; spaCy; Python; Deep Learning,Intern,"Contract · Remote. We are hiring a Intern NLP Engineer for our SaaS team. The ideal candidate has 0-1 years of experience and is proficient in PyTorch, Tokenization, BERT, spaCy, Python, Deep Learning. This is a remote contract position focused on delivering high-quality data & ai work."
Intern Data Analyst,Data & AI,Reporting; Statistics; SQL; Excel; A/B Testing; Power BI,Intern,"Full-time · Hybrid. We are hiring a Intern Data Analyst for our Fintech team. The ideal candidate has 0-1 years of experience and is proficient in Reporting, Statistics, SQL, Excel, A/B Testing, Power BI. This is a hybrid full-time position focused on delivering high-quality data & ai work."
Principal Business Intelligence Analyst,Data & AI,ETL; SQL; DAX; Excel; Power BI,Principal,"Full-time · Remote. We are hiring a Principal Business Intelligence Analyst for our Startup team. The ideal candidate has 12-20 years of experience and is proficient in ETL, SQL, DAX, Excel, Power BI. This is a remote full-time position focused on delivering high-quality data & ai work."
Junior Business Intelligence Analyst,Data & AI,Python; Power BI; Excel; Dashboards; Data Warehousing; SQL; DAX,Junior,"Full-time · Hybrid. We are hiring a Junior Business Intelligence Analyst for our E-commerce team. The ideal candidate has 1-3 years of experience and is proficient in Python, Power BI, Excel, Dashboards, Data Warehousing, SQL, DAX. This is a hybrid full-time position focused on delivering high-quality data & ai work."
Junior Machine Learning Engineer,Data & AI,Scikit-learn; Model Deployment; Docker; PyTorch; Python; SQL,Junior,"Internship · Remote. We are hiring a Junior Machine Learning Engineer for our Healthcare team. The ideal candidate has 1-3 years of experience and is proficient in Scikit-learn, Model Deployment, Docker, PyTorch, Python, SQL. This is a remote internship position focused on delivering high-quality data & ai work."
Lead Machine Learning Engineer,Data & AI,Docker; MLOps; TensorFlow; SQL; Scikit-learn,Lead,"Full-time · Remote. We are hiring a Lead Machine Learning Engineer for our Gaming team. The ideal candidate has 8-14 years of experience and is proficient in Docker, MLOps, TensorFlow, SQL, Scikit-learn. This is a remote full-time position focused on delivering high-quality data & ai work."
Intern NLP Engineer,Data & AI,Text Mining; PyTorch; Deep Learning; Transformers; Python; NLP; Tokenization,Intern,"Full-time · Hybrid. We are hiring a Intern NLP Engineer for our EdTech team. The ideal candidate has 0-1 years of experience and is proficient in Text Mining, PyTorch, Deep Learning, Transformers, Python, NLP, Tokenization. This is a hybrid full-time position focused on delivering high-quality data & ai work."
Junior Data Scientist,Data & AI,Pandas; NumPy; Statistics; Python; Jupyter; SQL,Junior,"Internship · Remote. We are hiring a Junior Data Scientist for our Startup team. The ideal candidate has 1-3 years of experience and is proficient in Pandas, NumPy, Statistics, Python, Jupyter, SQL. This is a remote internship position focused on delivering high-quality data & ai work."
Principal Computer Vision Engineer,Data & AI,CNN; Machine Learning; Python; OpenCV; TensorFlow; CUDA,Principal,"Contract · Hybrid. We are hiring a Principal Computer Vision Engineer for our Enterprise team. The ideal candidate has 12-20 years of experience and is proficient in CNN, Machine Learning, Python, OpenCV, TensorFlow, CUDA. This is a hybrid contract position focused on delivering high-quality data & ai work."
Principal Data Analyst,Data & AI,Statistics; Data Cleaning; Power BI; Reporting; SQL,Principal,"Full-time · On-site. We are hiring a Principal Data Analyst for our Gaming team. The ideal candidate has 12-20 years of experience and is proficient in Statistics, Data Cleaning, Power BI, Reporting, SQL. This is a on-site full-time position focused on delivering high-quality data & ai work."
Mid-level Computer Vision Engineer,Data & AI,CUDA; C++; Deep Learning; CNN; Python; TensorFlow; OpenCV,Mid-level,"Full-time · Remote. We are hiring a Mid-level Computer Vision Engineer for our Gaming team. The ideal candidate has 3-6 years of experience and is proficient in CUDA, C++, Deep Learning, CNN, Python, TensorFlow, OpenCV. This is a remote full-time position focused on delivering high-quality data & ai work."
Lead Machine Learning Engineer,Data & AI,MLOps; PyTorch; Scikit-learn; Machine Learning; TensorFlow; Model Deployment,Lead,"Internship · On-site. We are hiring a Lead Machine Learning Engineer for our E-commerce team. The ideal candidate has 8-14 years of experience and is proficient in MLOps, PyTorch, Scikit-learn, Machine Learning, TensorFlow, Model Deployment. This is a on-site internship position focused on delivering high-quality data & ai work."
Lead Data Analyst,Data & AI,Python; SQL; Statistics; Data Cleaning; Tableau; Reporting,Lead,"Full-time · On-site. We are hiring a Lead Data Analyst for our Startup team. The ideal candidate has 8-14 years of experience and is proficient in Python, SQL, Statistics, Data Cleaning, Tableau, Reporting. This is a on-site full-time position focused on delivering high-quality data & ai work."
Lead Data Scientist,Data & AI,TensorFlow; Statistics; Data Visualization; Scikit-learn; SQL; NumPy; Pandas,Lead,"Internship · Hybrid. We are hiring a Lead Data Scientist for our Gaming team. The ideal candidate has 8-14 years of experience and is proficient in TensorFlow, Statistics, Data Visualization, Scikit-learn, SQL, NumPy, Pandas. This is a hybrid internship position focused on delivering high-quality data & ai work."
Lead Business Intelligence Analyst,Data & AI,Python; ETL; DAX; Tableau; Power BI; Dashboards,Lead,"Full-time · On-site. We are hiring a Lead Business Intelligence Analyst for our E-commerce team. The ideal candidate has 8-14 years of experience and is proficient in Python, ETL, DAX, Tableau, Power BI, Dashboards. This is a on-site full-time position focused on delivering high-quality data & ai work."
Mid-level Machine Learning Engineer,Data & AI,Docker; Python; Deep Learning; Model Deployment; TensorFlow,Mid-level,"Contract · Hybrid. We are hiring a Mid-level Machine Learning Engineer for our Gaming team. The ideal candidate has 3-6 years of experience and is proficient in Docker, Python, Deep Learning, Model Deployment, TensorFlow. This is a hybrid contract position focused on delivering high-quality data & ai work."
Intern Machine Learning Engineer,Data & AI,Scikit-learn; Machine Learning; Model Deployment; Deep Learning; SQL; Python; TensorFlow,Intern,"Contract · On-site. We are hiring a Intern Machine Learning Engineer for our Gaming team. The ideal candidate has 0-1 years of experience and is proficient in Scikit-learn, Machine Learning, Model Deployment, Deep Learning, SQL, Python, TensorFlow. This is a on-site contract position focused on delivering high-quality data & ai work."
Principal Machine Learning Engineer,Data & AI,Deep Learning; Python; Docker; Model Deployment; PyTorch,Principal,"Full-time · On-site. We are hiring a Principal Machine Learning Engineer for our E-commerce team. The ideal candidate has 12-20 years of experience and is proficient in Deep Learning, Python, Docker, Model Deployment, PyTorch. This is a on-site full-time position focused on delivering high-quality data & ai work."
Principal Business Intelligence Analyst,Data & AI,DAX; Dashboards; Python; ETL; Power BI; Data Warehousing,Principal,"Internship · Remote. We are hiring a Principal Business Intelligence Analyst for our Enterprise team. The ideal candidate has 12-20 years of experience and is proficient in DAX, Dashboards, Python, ETL, Power BI, Data Warehousing. This is a remote internship position focused on delivering high-quality data & ai work."
Senior Computer Vision Engineer,Data & AI,Image Processing; Python; PyTorch; OpenCV; CNN; Machine Learning,Senior,"Full-time · Hybrid. We are hiring a Senior Computer Vision Engineer for our SaaS team. The ideal candidate has 6-10 years of experience and is proficient in Image Processing, Python, PyTorch, OpenCV, CNN, Machine Learning. This is a hybrid full-time position focused on delivering high-quality data & ai work."
Intern AI Researcher,Data & AI,Machine Learning; Research; Publications; TensorFlow; Python; Reinforcement Learning; Mathematics,Intern,"Internship · On-site. We are hiring a Intern AI Researcher for our Healthcare team. The ideal candidate has 0-1 years of experience and is proficient in Machine Learning, Research, Publications, TensorFlow, Python, Reinforcement Learning, Mathematics. This is a on-site internship position focused on delivering high-quality data & ai work."
Intern Machine Learning Engineer,Data & AI,Model Deployment; TensorFlow; Python; Docker; Scikit-learn; Machine Learning,Intern,"Contract · Hybrid. We are hiring a Intern Machine Learning Engineer for our Gaming team. The ideal candidate has 0-1 years of experience and is proficient in Model Deployment, TensorFlow, Python, Docker, Scikit-learn, Machine Learning. This is a hybrid contract position focused on delivering high-quality data & ai work."
Principal Business Intelligence Analyst,Data & AI,Data Warehousing; Excel; DAX; Reporting; Power BI; Dashboards; Tableau,Principal,"Internship · On-site. We are hiring a Principal Business Intelligence Analyst for our Fintech team. The ideal candidate has 12-20 years of experience and is proficient in Data Warehousing, Excel, DAX, Reporting, Power BI, Dashboards, Tableau. This is a on-site internship position focused on delivering high-quality data & ai work."
Mid-level Computer Vision Engineer,Data & AI,C++; OpenCV; Python; CUDA; Image Processing; Machine Learning; CNN,Mid-level,"Internship · Remote. We are hiring a Mid-level Computer Vision Engineer for our Healthcare team. The ideal candidate has 3-6 years of experience and is proficient in C++, OpenCV, Python, CUDA, Image Processing, Machine Learning, CNN. This is a remote internship position focused on delivering high-quality data & ai work."
Lead Data Scientist,Data & AI,SQL; Python; Scikit-learn; Pandas; TensorFlow,Lead,"Contract · Remote. We are hiring a Lead Data Scientist for our EdTech team. The ideal candidate has 8-14 years of experience and is proficient in SQL, Python, Scikit-learn, Pandas, TensorFlow. This is a remote contract position focused on delivering high-quality data & ai work."
Senior Business Intelligence Analyst,Data & AI,Data Warehousing; ETL; Dashboards; Python; SQL,Senior,"Internship · On-site. We are hiring a Senior Business Intelligence Analyst for our Fintech team. The ideal candidate has 6-10 years of experience and is proficient in Data Warehousing, ETL, Dashboards, Python, SQL. This is a on-site internship position focused on delivering high-quality data & ai work."
Intern Business Intelligence Analyst,Data & AI,Tableau; ETL; Power BI; DAX; Data Warehousing; Dashboards,Intern,"Contract · Hybrid. We are hiring a Intern Business Intelligence Analyst for our Healthcare team. The ideal candidate has 0-1 years of experience and is proficient in Tableau, ETL, Power BI, DAX, Data Warehousing, Dashboards. This is a hybrid contract position focused on delivering high-quality data & ai work."
Mid-level Business Intelligence Analyst,Data & AI,Tableau; Data Warehousing; Excel; Dashboards; SQL; Power BI,Mid-level,"Contract · On-site. We are hiring a Mid-level Business Intelligence Analyst for our Gaming team. The ideal candidate has 3-6 years of experience and is proficient in Tableau, Data Warehousing, Excel, Dashboards, SQL, Power BI. This is a on-site contract position focused on delivering high-quality data & ai work."
Intern NLP Engineer,Data & AI,Machine Learning; Tokenization; BERT; Transformers; spaCy; PyTorch; Text Mining,Intern,"Contract · Remote. We are hiring a Intern NLP Engineer for our Healthcare team. The ideal candidate has 0-1 years of experience and is proficient in Machine Learning, Tokenization, BERT, Transformers, spaCy, PyTorch, Text Mining. This is a remote contract position focused on delivering high-quality data & ai work."
Lead NLP Engineer,Data & AI,Machine Learning; BERT; Text Mining; NLP; Tokenization; Transformers,Lead,"Contract · On-site. We are hiring a Lead NLP Engineer for our Gaming team. The ideal candidate has 8-14 years of experience and is proficient in Machine Learning, BERT, Text Mining, NLP, Tokenization, Transformers. This is a on-site contract position focused on delivering high-quality data & ai work."
Principal AI Researcher,Data & AI,PyTorch; TensorFlow; Python; Publications; Machine Learning; Deep Learning; Research,Principal,"Internship · Remote. We are hiring a Principal AI Researcher for our E-commerce team. The ideal candidate has 12-20 years of experience and is proficient in PyTorch, TensorFlow, Python, Publications, Machine Learning, Deep Learning, Research. This is a remote internship position focused on delivering high-quality data & ai work."
Lead Business Intelligence Analyst,Data & AI,Dashboards; ETL; Tableau; DAX; Data Warehousing; Reporting,Lead,"Internship · On-site. We are hiring a Lead Business Intelligence Analyst for our Healthcare team. The ideal candidate has 8-14 years of experience and is proficient in Dashboards, ETL, Tableau, DAX, Data Warehousing, Reporting. This is a on-site internship position focused on delivering high-quality data & ai work."
Lead Data Analyst,Data & AI,Power BI; Data Cleaning; Python; A/B Testing; SQL,Lead,"Internship · On-site. We are hiring a Lead Data Analyst for our Fintech team. The ideal candidate has 8-14 years of experience and is proficient in Power BI, Data Cleaning, Python, A/B Testing, SQL. This is a on-site internship position focused on delivering high-quality data & ai work."
Junior Data Scientist,Data & AI,Pandas; Scikit-learn; Statistics; TensorFlow; SQL; NumPy,Junior,"Full-time · On-site. We are hiring a Junior Data Scientist for our Fintech team. The ideal candidate has 1-3 years of experience and is proficient in Pandas, Scikit-learn, Statistics, TensorFlow, SQL, NumPy. This is a on-site full-time position focused on delivering high-quality data & ai work."
Lead Data Scientist,Data & AI,Python; Data Visualization; SQL; NumPy; Jupyter; Scikit-learn; Statistics,Lead,"Internship · Hybrid. We are hiring a Lead Data Scientist for our Healthcare team. The ideal candidate has 8-14 years of experience and is proficient in Python, Data Visualization, SQL, NumPy, Jupyter, Scikit-learn, Statistics. This is a hybrid internship position focused on delivering high-quality data & ai work."
Principal Data Scientist,Data & AI,Machine Learning; TensorFlow; NumPy; SQL; Jupyter,Principal,"Internship · Hybrid. We are hiring a Principal Data Scientist for our Healthcare team. The ideal candidate has 12-20 years of experience and is proficient in Machine Learning, TensorFlow, NumPy, SQL, Jupyter. This is a hybrid internship position focused on delivering high-quality data & ai work."
Principal Data Engineer,Data & AI,Snowflake; Hadoop; Data Modeling; Spark; Airflow; SQL; Kafka,Principal,"Contract · Remote. We are hiring a Principal Data Engineer for our Gaming team. The ideal candidate has 12-20 years of experience and is proficient in Snowflake, Hadoop, Data Modeling, Spark, Airflow, SQL, Kafka. This is a remote contract position focused on delivering high-quality data & ai work."
Junior Data Engineer,Data & AI,Snowflake; Spark; Kafka; SQL; Hadoop; AWS; Airflow,Junior,"Contract · On-site. We are hiring a Junior Data Engineer for our Healthcare team. The ideal candidate has 1-3 years of experience and is proficient in Snowflake, Spark, Kafka, SQL, Hadoop, AWS, Airflow. This is a on-site contract position focused on delivering high-quality data & ai work."
Mid-level AI Researcher,Data & AI,PyTorch; Python; NLP; TensorFlow; Machine Learning; Mathematics,Mid-level,"Full-time · Remote. We are hiring a Mid-level AI Researcher for our Healthcare team. The ideal candidate has 3-6 years of experience and is proficient in PyTorch, Python, NLP, TensorFlow, Machine Learning, Mathematics. This is a remote full-time position focused on delivering high-quality data & ai work."
Mid-level Data Engineer,Data & AI,Snowflake; Python; Data Modeling; Kafka; Airflow; SQL; ETL,Mid-level,"Internship · Remote. We are hiring a Mid-level Data Engineer for our SaaS team. The ideal candidate has 3-6 years of experience and is proficient in Snowflake, Python, Data Modeling, Kafka, Airflow, SQL, ETL. This is a remote internship position focused on delivering high-quality data & ai work."
Principal Data Engineer,Data & AI,Snowflake; Spark; ETL; Kafka; SQL,Principal,"Internship · Hybrid. We are hiring a Principal Data Engineer for our E-commerce team. The ideal candidate has 12-20 years of experience and is proficient in Snowflake, Spark, ETL, Kafka, SQL. This is a hybrid internship position focused on delivering high-quality data & ai work."
Principal Computer Vision Engineer,Data & AI,Python; Machine Learning; CUDA; Deep Learning; CNN; Image Processing; C++,Principal,"Full-time · Hybrid. We are hiring a Principal Computer Vision Engineer for our Startup team. The ideal candidate has 12-20 years of experience and is proficient in Python, Machine Learning, CUDA, Deep Learning, CNN, Image Processing, C++. This is a hybrid full-time position focused on delivering high-quality data & ai work."
Junior NLP Engineer,Data & AI,Python; PyTorch; Tokenization; Deep Learning; spaCy; Transformers; BERT,Junior,"Full-time · Hybrid. We are hiring a Junior NLP Engineer for our Startup team. The ideal candidate has 1-3 years of experience and is proficient in Python, PyTorch, Tokenization, Deep Learning, spaCy, Transformers, BERT. This is a hybrid full-time position focused on delivering high-quality data & ai work."
Lead Data Analyst,Data & AI,A/B Testing; Tableau; Pandas; Statistics; SQL; Power BI,Lead,"Full-time · Hybrid. We are hiring a Lead Data Analyst for our Enterprise team. The ideal candidate has 8-14 years of experience and is proficient in A/B Testing, Tableau, Pandas, Statistics, SQL, Power BI. This is a hybrid full-time position focused on delivering high-quality data & ai work."
Intern Data Analyst,Data & AI,Excel; Power BI; Reporting; A/B Testing; Tableau; Python; SQL,Intern,"Full-time · Hybrid. We are hiring a Intern Data Analyst for our Gaming team. The ideal candidate has 0-1 years of experience and is proficient in Excel, Power BI, Reporting, A/B Testing, Tableau, Python, SQL. This is a hybrid full-time position focused on delivering high-quality data & ai work."
Mid-level Data Engineer,Data & AI,SQL; Kafka; Hadoop; Python; ETL; Spark; Airflow,Mid-level,"Full-time · Hybrid. We are hiring a Mid-level Data Engineer for our Enterprise team. The ideal candidate has 3-6 years of experience and is proficient in SQL, Kafka, Hadoop, Python, ETL, Spark, Airflow. This is a hybrid full-time position focused on delivering high-quality data & ai work."
Mid-level Machine Learning Engineer,Data & AI,MLOps; PyTorch; Python; SQL; Deep Learning,Mid-level,"Contract · On-site. We are hiring a Mid-level Machine Learning Engineer for our Enterprise team. The ideal candidate has 3-6 years of experience and is proficient in MLOps, PyTorch, Python, SQL, Deep Learning. This is a on-site contract position focused on delivering high-quality data & ai work."
Intern Business Intelligence Analyst,Data & AI,Reporting; Excel; SQL; Tableau; ETL; Dashboards; Power BI,Intern,"Contract · Remote. We are hiring a Intern Business Intelligence Analyst for our Gaming team. The ideal candidate has 0-1 years of experience and is proficient in Reporting, Excel, SQL, Tableau, ETL, Dashboards, Power BI. This is a remote contract position focused on delivering high-quality data & ai work."
Lead Data Engineer,Data & AI,Data Modeling; Python; SQL; Airflow; ETL; Hadoop; Snowflake,Lead,"Internship · Remote. We are hiring a Lead Data Engineer for our Enterprise team. The ideal candidate has 8-14 years of experience and is proficient in Data Modeling, Python, SQL, Airflow, ETL, Hadoop, Snowflake. This is a remote internship position focused on delivering high-quality data & ai work."
Lead Data Scientist,Data & AI,SQL; Machine Learning; Python; Statistics; NumPy; TensorFlow,Lead,"Full-time · Hybrid. We are hiring a Lead Data Scientist for our EdTech team. The ideal candidate has 8-14 years of experience and is proficient in SQL, Machine Learning, Python, Statistics, NumPy, TensorFlow. This is a hybrid full-time position focused on delivering high-quality data & ai work."
Intern Data Analyst,Data & AI,Pandas; SQL; Python; Excel; Data Cleaning; Tableau; A/B Testing,Intern,"Full-time · Remote. We are hiring a Intern Data Analyst for our Startup team. The ideal candidate has 0-1 years of experience and is proficient in Pandas, SQL, Python, Excel, Data Cleaning, Tableau, A/B Testing. This is a remote full-time position focused on delivering high-quality data & ai work."
Principal Business Intelligence Analyst,Data & AI,Data Warehousing; DAX; Excel; Power BI; ETL; Reporting; Tableau,Principal,"Contract · Hybrid. We are hiring a Principal Business Intelligence Analyst for our Startup team. The ideal candidate has 12-20 years of experience and is proficient in Data Warehousing, DAX, Excel, Power BI, ETL, Reporting, Tableau. This is a hybrid contract position focused on delivering high-quality data & ai work."
Senior Data Analyst,Data & AI,Tableau; SQL; Data Cleaning; A/B Testing; Python,Senior,"Contract · Remote. We are hiring a Senior Data Analyst for our SaaS team. The ideal candidate has 6-10 years of experience and is proficient in Tableau, SQL, Data Cleaning, A/B Testing, Python. This is a remote contract position focused on delivering high-quality data & ai work."
Intern Data Analyst,Data & AI,Reporting; SQL; Power BI; Data Cleaning; A/B Testing,Intern,"Contract · Remote. We are hiring a Intern Data Analyst for our E-commerce team. The ideal candidate has 0-1 years of experience and is proficient in Reporting, SQL, Power BI, Data Cleaning, A/B Testing. This is a remote contract position focused on delivering high-quality data & ai work."
Junior Computer Vision Engineer,Data & AI,Machine Learning; CUDA; C++; Python; Image Processing,Junior,"Contract · Hybrid. We are hiring a Junior Computer Vision Engineer for our Fintech team. The ideal candidate has 1-3 years of experience and is proficient in Machine Learning, CUDA, C++, Python, Image Processing. This is a hybrid contract position focused on delivering high-quality data & ai work."
Senior NLP Engineer,Data & AI,Text Mining; Deep Learning; Tokenization; BERT; Machine Learning; Python; PyTorch,Senior,"Internship · On-site. We are hiring a Senior NLP Engineer for our SaaS team. The ideal candidate has 6-10 years of experience and is proficient in Text Mining, Deep Learning, Tokenization, BERT, Machine Learning, Python, PyTorch. This is a on-site internship position focused on delivering high-quality data & ai work."
Junior Computer Vision Engineer,Data & AI,OpenCV; PyTorch; Python; Machine Learning; CNN; Deep Learning,Junior,"Contract · On-site. We are hiring a Junior Computer Vision Engineer for our E-commerce team. The ideal candidate has 1-3 years of experience and is proficient in OpenCV, PyTorch, Python, Machine Learning, CNN, Deep Learning. This is a on-site contract position focused on delivering high-quality data & ai work."
Principal Machine Learning Engineer,Data & AI,SQL; Model Deployment; PyTorch; Scikit-learn; MLOps,Principal,"Full-time · On-site. We are hiring a Principal Machine Learning Engineer for our Startup team. The ideal candidate has 12-20 years of experience and is proficient in SQL, Model Deployment, PyTorch, Scikit-learn, MLOps. This is a on-site full-time position focused on delivering high-quality data & ai work."
Lead Data Scientist,Data & AI,TensorFlow; Pandas; Machine Learning; Scikit-learn; Jupyter,Lead,"Internship · On-site. We are hiring a Lead Data Scientist for our EdTech team. The ideal candidate has 8-14 years of experience and is proficient in TensorFlow, Pandas, Machine Learning, Scikit-learn, Jupyter. This is a on-site internship position focused on delivering high-quality data & ai work."
Intern Data Analyst,Data & AI,Power BI; SQL; Data Cleaning; Reporting; Statistics; Tableau,Intern,"Full-time · On-site. We are hiring a Intern Data Analyst for our Fintech team. The ideal candidate has 0-1 years of experience and is proficient in Power BI, SQL, Data Cleaning, Reporting, Statistics, Tableau. This is a on-site full-time position focused on delivering high-quality data & ai work."
Lead Data Analyst,Data & AI,Statistics; Reporting; Python; Pandas; Data Cleaning,Lead,"Internship · On-site. We are hiring a Lead Data Analyst for our Enterprise team. The ideal candidate has 8-14 years of experience and is proficient in Statistics, Reporting, Python, Pandas, Data Cleaning. This is a on-site internship position focused on delivering high-quality data & ai work."
Mid-level Business Intelligence Analyst,Data & AI,Tableau; DAX; Data Warehousing; Excel; Dashboards; Power BI; Reporting,Mid-level,"Contract · On-site. We are hiring a Mid-level Business Intelligence Analyst for our Enterprise team. The ideal candidate has 3-6 years of experience and is proficient in Tableau, DAX, Data Warehousing, Excel, Dashboards, Power BI, Reporting. This is a on-site contract position focused on delivering high-quality data & ai work."
Principal NLP Engineer,Data & AI,Tokenization; Deep Learning; Transformers; NLP; BERT; Text Mining; Python,Principal,"Contract · Remote. We are hiring a Principal NLP Engineer for our Fintech team. The ideal candidate has 12-20 years of experience and is proficient in Tokenization, Deep Learning, Transformers, NLP, BERT, Text Mining, Python. This is a remote contract position focused on delivering high-quality data & ai work."
Lead Computer Vision Engineer,Data & AI,CNN; TensorFlow; OpenCV; Image Processing; CUDA; Machine Learning,Lead,"Internship · On-site. We are hiring a Lead Computer Vision Engineer for our Healthcare team. The ideal candidate has 8-14 years of experience and is proficient in CNN, TensorFlow, OpenCV, Image Processing, CUDA, Machine Learning. This is a on-site internship position focused on delivering high-quality data & ai work."
Mid-level Business Intelligence Analyst,Data & AI,Excel; Reporting; Python; DAX; Dashboards; Data Warehousing,Mid-level,"Full-time · Remote. We are hiring a Mid-level Business Intelligence Analyst for our Healthcare team. The ideal candidate has 3-6 years of experience and is proficient in Excel, Reporting, Python, DAX, Dashboards, Data Warehousing. This is a remote full-time position focused on delivering high-quality data & ai work."
Lead Data Scientist,Data & AI,Statistics; Jupyter; Pandas; SQL; Machine Learning,Lead,"Contract · Hybrid. We are hiring a Lead Data Scientist for our Startup team. The ideal candidate has 8-14 years of experience and is proficient in Statistics, Jupyter, Pandas, SQL, Machine Learning. This is a hybrid contract position focused on delivering high-quality data & ai work."
Intern Data Analyst,Data & AI,Data Cleaning; Reporting; Statistics; A/B Testing; SQL,Intern,"Internship · Remote. We are hiring a Intern Data Analyst for our E-commerce team. The ideal candidate has 0-1 years of experience and is proficient in Data Cleaning, Reporting, Statistics, A/B Testing, SQL. This is a remote internship position focused on delivering high-quality data & ai work."
Senior Business Intelligence Analyst,Data & AI,SQL; ETL; Power BI; Tableau; Dashboards; DAX; Python,Senior,"Full-time · Remote. We are hiring a Senior Business Intelligence Analyst for our Startup team. The ideal candidate has 6-10 years of experience and is proficient in SQL, ETL, Power BI, Tableau, Dashboards, DAX, Python. This is a remote full-time position focused on delivering high-quality data & ai work."
Intern NLP Engineer,Data & AI,Machine Learning; NLP; Tokenization; Transformers; Deep Learning,Intern,"Full-time · On-site. We are hiring a Intern NLP Engineer for our Startup team. The ideal candidate has 0-1 years of experience and is proficient in Machine Learning, NLP, Tokenization, Transformers, Deep Learning. This is a on-site full-time position focused on delivering high-quality data & ai work."
Principal Data Engineer,Data & AI,Data Modeling; Kafka; SQL; ETL; Python,Principal,"Internship · Remote. We are hiring a Principal Data Engineer for our E-commerce team. The ideal candidate has 12-20 years of experience and is proficient in Data Modeling, Kafka, SQL, ETL, Python. This is a remote internship position focused on delivering high-quality data & ai work."
Intern Business Intelligence Analyst,Data & AI,Dashboards; SQL; Power BI; Data Warehousing; DAX; Reporting,Intern,"Internship · Hybrid. We are hiring a Intern Business Intelligence Analyst for our Gaming team. The ideal candidate has 0-1 years of experience and is proficient in Dashboards, SQL, Power BI, Data Warehousing, DAX, Reporting. This is a hybrid internship position focused on delivering high-quality data & ai work."
Mid-level Data Analyst,Data & AI,Tableau; Power BI; Statistics; Excel; Python,Mid-level,"Internship · On-site. We are hiring a Mid-level Data Analyst for our Healthcare team. The ideal candidate has 3-6 years of experience and is proficient in Tableau, Power BI, Statistics, Excel, Python. This is a on-site internship position focused on delivering high-quality data & ai work."
Junior AI Researcher,Data & AI,Machine Learning; Python; Mathematics; Deep Learning; PyTorch; Research,Junior,"Full-time · Hybrid. We are hiring a Junior AI Researcher for our Enterprise team. The ideal candidate has 1-3 years of experience and is proficient in Machine Learning, Python, Mathematics, Deep Learning, PyTorch, Research. This is a hybrid full-time position focused on delivering high-quality data & ai work."
Junior Data Engineer,Data & AI,Python; ETL; Data Modeling; Hadoop; Spark; Airflow; Kafka,Junior,"Contract · On-site. We are hiring a Junior Data Engineer for our Fintech team. The ideal candidate has 1-3 years of experience and is proficient in Python, ETL, Data Modeling, Hadoop, Spark, Airflow, Kafka. This is a on-site contract position focused on delivering high-quality data & ai work."
Junior AI Researcher,Data & AI,Machine Learning; TensorFlow; Research; Reinforcement Learning; Python; Mathematics; PyTorch,Junior,"Contract · Remote. We are hiring a Junior AI Researcher for our Enterprise team. The ideal candidate has 1-3 years of experience and is proficient in Machine Learning, TensorFlow, Research, Reinforcement Learning, Python, Mathematics, PyTorch. This is a remote contract position focused on delivering high-quality data & ai work."
Intern Business Intelligence Analyst,Data & AI,Data Warehousing; DAX; Excel; Python; ETL; Dashboards,Intern,"Contract · Hybrid. We are hiring a Intern Business Intelligence Analyst for our SaaS team. The ideal candidate has 0-1 years of experience and is proficient in Data Warehousing, DAX, Excel, Python, ETL, Dashboards. This is a hybrid contract position focused on delivering high-quality data & ai work."
Intern Computer Vision Engineer,Data & AI,C++; PyTorch; Machine Learning; TensorFlow; CNN,Intern,"Internship · Hybrid. We are hiring a Intern Computer Vision Engineer for our Enterprise team. The ideal candidate has 0-1 years of experience and is proficient in C++, PyTorch, Machine Learning, TensorFlow, CNN. This is a hybrid internship position focused on delivering high-quality data & ai work."
Lead NLP Engineer,Data & AI,Python; BERT; Text Mining; Deep Learning; NLP,Lead,"Internship · On-site. We are hiring a Lead NLP Engineer for our E-commerce team. The ideal candidate has 8-14 years of experience and is proficient in Python, BERT, Text Mining, Deep Learning, NLP. This is a on-site internship position focused on delivering high-quality data & ai work."
Lead Machine Learning Engineer,Data & AI,Model Deployment; Scikit-learn; Deep Learning; TensorFlow; Docker,Lead,"Internship · Remote. We are hiring a Lead Machine Learning Engineer for our Startup team. The ideal candidate has 8-14 years of experience and is proficient in Model Deployment, Scikit-learn, Deep Learning, TensorFlow, Docker. This is a remote internship position focused on delivering high-quality data & ai work."
Principal Data Scientist,Data & AI,TensorFlow; Pandas; NumPy; Scikit-learn; Python; SQL; Jupyter,Principal,"Internship · Hybrid. We are hiring a Principal Data Scientist for our E-commerce team. The ideal candidate has 12-20 years of experience and is proficient in TensorFlow, Pandas, NumPy, Scikit-learn, Python, SQL, Jupyter. This is a hybrid internship position focused on delivering high-quality data & ai work."
Principal NLP Engineer,Data & AI,Deep Learning; BERT; Machine Learning; Transformers; spaCy,Principal,"Full-time · On-site. We are hiring a Principal NLP Engineer for our E-commerce team. The ideal candidate has 12-20 years of experience and is proficient in Deep Learning, BERT, Machine Learning, Transformers, spaCy. This is a on-site full-time position focused on delivering high-quality data & ai work."
Senior Machine Learning Engineer,Data & AI,SQL; Model Deployment; Machine Learning; Scikit-learn; Deep Learning; MLOps,Senior,"Full-time · Remote. We are hiring a Senior Machine Learning Engineer for our Fintech team. The ideal candidate has 6-10 years of experience and is proficient in SQL, Model Deployment, Machine Learning, Scikit-learn, Deep Learning, MLOps. This is a remote full-time position focused on delivering high-quality data & ai work."
Mid-level Machine Learning Engineer,Data & AI,Model Deployment; Docker; SQL; Deep Learning; Python,Mid-level,"Full-time · Remote. We are hiring a Mid-level Machine Learning Engineer for our SaaS team. The ideal candidate has 3-6 years of experience and is proficient in Model Deployment, Docker, SQL, Deep Learning, Python. This is a remote full-time position focused on delivering high-quality data & ai work."
Junior Data Analyst,Data & AI,Statistics; Pandas; Tableau; Excel; Power BI; Python; SQL,Junior,"Full-time · Remote. We are hiring a Junior Data Analyst for our Startup team. The ideal candidate has 1-3 years of experience and is proficient in Statistics, Pandas, Tableau, Excel, Power BI, Python, SQL. This is a remote full-time position focused on delivering high-quality data & ai work."
Lead Data Analyst,Data & AI,Excel; Power BI; Tableau; Data Cleaning; Python; A/B Testing; Pandas,Lead,"Contract · On-site. We are hiring a Lead Data Analyst for our Enterprise team. The ideal candidate has 8-14 years of experience and is proficient in Excel, Power BI, Tableau, Data Cleaning, Python, A/B Testing, Pandas. This is a on-site contract position focused on delivering high-quality data & ai work."
Principal Machine Learning Engineer,Data & AI,Machine Learning; PyTorch; MLOps; Docker; Deep Learning; Scikit-learn,Principal,"Internship · On-site. We are hiring a Principal Machine Learning Engineer for our EdTech team. The ideal candidate has 12-20 years of experience and is proficient in Machine Learning, PyTorch, MLOps, Docker, Deep Learning, Scikit-learn. This is a on-site internship position focused on delivering high-quality data & ai work."
Mid-level NLP Engineer,Data & AI,Machine Learning; Deep Learning; Transformers; Text Mining; spaCy; Python; PyTorch,Mid-level,"Internship · Hybrid. We are hiring a Mid-level NLP Engineer for our Startup team. The ideal candidate has 3-6 years of experience and is proficient in Machine Learning, Deep Learning, Transformers, Text Mining, spaCy, Python, PyTorch. This is a hybrid internship position focused on delivering high-quality data & ai work."
Principal Computer Vision Engineer,Data & AI,Machine Learning; OpenCV; CNN; Image Processing; CUDA; TensorFlow,Principal,"Full-time · Hybrid. We are hiring a Principal Computer Vision Engineer for our Fintech team. The ideal candidate has 12-20 years of experience and is proficient in Machine Learning, OpenCV, CNN, Image Processing, CUDA, TensorFlow. This is a hybrid full-time position focused on delivering high-quality data & ai work."
Principal Machine Learning Engineer,Data & AI,SQL; Model Deployment; Machine Learning; MLOps; Python; Docker; PyTorch,Principal,"Internship · On-site. We are hiring a Principal Machine Learning Engineer for our Startup team. The ideal candidate has 12-20 years of experience and is proficient in SQL, Model Deployment, Machine Learning, MLOps, Python, Docker, PyTorch. This is a on-site internship position focused on delivering high-quality data & ai work."
Senior Computer Vision Engineer,Data & AI,Python; OpenCV; Deep Learning; Machine Learning; Image Processing; TensorFlow,Senior,"Full-time · Remote. We are hiring a Senior Computer Vision Engineer for our Enterprise team. The ideal candidate has 6-10 years of experience and is proficient in Python, OpenCV, Deep Learning, Machine Learning, Image Processing, TensorFlow. This is a remote full-time position focused on delivering high-quality data & ai work."
Mid-level Data Engineer,Data & AI,Airflow; Kafka; ETL; Python; AWS; Spark; Snowflake,Mid-level,"Contract · On-site. We are hiring a Mid-level Data Engineer for our SaaS team. The ideal candidate has 3-6 years of experience and is proficient in Airflow, Kafka, ETL, Python, AWS, Spark, Snowflake. This is a on-site contract position focused on delivering high-quality data & ai work."
Lead Machine Learning Engineer,Data & AI,Deep Learning; Model Deployment; Machine Learning; Scikit-learn; Docker; Python,Lead,"Internship · Remote. We are hiring a Lead Machine Learning Engineer for our Enterprise team. The ideal candidate has 8-14 years of experience and is proficient in Deep Learning, Model Deployment, Machine Learning, Scikit-learn, Docker, Python. This is a remote internship position focused on delivering high-quality data & ai work."
Mid-level NLP Engineer,Data & AI,spaCy; Machine Learning; Python; PyTorch; Deep Learning; Text Mining; BERT,Mid-level,"Internship · Remote. We are hiring a Mid-level NLP Engineer for our SaaS team. The ideal candidate has 3-6 years of experience and is proficient in spaCy, Machine Learning, Python, PyTorch, Deep Learning, Text Mining, BERT. This is a remote internship position focused on delivering high-quality data & ai work."
Principal Business Intelligence Analyst,Data & AI,Excel; Power BI; DAX; Tableau; ETL; Reporting,Principal,"Contract · On-site. We are hiring a Principal Business Intelligence Analyst for our Fintech team. The ideal candidate has 12-20 years of experience and is proficient in Excel, Power BI, DAX, Tableau, ETL, Reporting. This is a on-site contract position focused on delivering high-quality data & ai work."
Intern Business Intelligence Analyst,Data & AI,Tableau; ETL; Excel; DAX; Data Warehousing,Intern,"Internship · On-site. We are hiring a Intern Business Intelligence Analyst for our Startup team. The ideal candidate has 0-1 years of experience and is proficient in Tableau, ETL, Excel, DAX, Data Warehousing. This is a on-site internship position focused on delivering high-quality data & ai work."
Principal AI Researcher,Data & AI,Python; Publications; Reinforcement Learning; Deep Learning; Machine Learning; Research,Principal,"Contract · On-site. We are hiring a Principal AI Researcher for our Enterprise team. The ideal candidate has 12-20 years of experience and is proficient in Python, Publications, Reinforcement Learning, Deep Learning, Machine Learning, Research. This is a on-site contract position focused on delivering high-quality data & ai work."
Mid-level Computer Vision Engineer,Data & AI,TensorFlow; PyTorch; OpenCV; C++; Python,Mid-level,"Contract · Remote. We are hiring a Mid-level Computer Vision Engineer for our SaaS team. The ideal candidate has 3-6 years of experience and is proficient in TensorFlow, PyTorch, OpenCV, C++, Python. This is a remote contract position focused on delivering high-quality data & ai work."
Senior NLP Engineer,Data & AI,Tokenization; Text Mining; BERT; Deep Learning; PyTorch; spaCy,Senior,"Internship · Remote. We are hiring a Senior NLP Engineer for our SaaS team. The ideal candidate has 6-10 years of experience and is proficient in Tokenization, Text Mining, BERT, Deep Learning, PyTorch, spaCy. This is a remote internship position focused on delivering high-quality data & ai work."
Lead Machine Learning Engineer,Data & AI,PyTorch; TensorFlow; Machine Learning; MLOps; SQL,Lead,"Internship · Remote. We are hiring a Lead Machine Learning Engineer for our EdTech team. The ideal candidate has 8-14 years of experience and is proficient in PyTorch, TensorFlow, Machine Learning, MLOps, SQL. This is a remote internship position focused on delivering high-quality data & ai work."
Intern Data Scientist,Data & AI,Data Visualization; Scikit-learn; Jupyter; Statistics; Machine Learning; TensorFlow; NumPy,Intern,"Internship · On-site. We are hiring a Intern Data Scientist for our Fintech team. The ideal candidate has 0-1 years of experience and is proficient in Data Visualization, Scikit-learn, Jupyter, Statistics, Machine Learning, TensorFlow, NumPy. This is a on-site internship position focused on delivering high-quality data & ai work."
Mid-level Computer Vision Engineer,Data & AI,Image Processing; TensorFlow; OpenCV; Python; C++,Mid-level,"Full-time · On-site. We are hiring a Mid-level Computer Vision Engineer for our Enterprise team. The ideal candidate has 3-6 years of experience and is proficient in Image Processing, TensorFlow, OpenCV, Python, C++. This is a on-site full-time position focused on delivering high-quality data & ai work."
Mid-level Data Analyst,Data & AI,A/B Testing; Tableau; Pandas; Reporting; Excel; Power BI; Data Cleaning,Mid-level,"Internship · Hybrid. We are hiring a Mid-level Data Analyst for our E-commerce team. The ideal candidate has 3-6 years of experience and is proficient in A/B Testing, Tableau, Pandas, Reporting, Excel, Power BI, Data Cleaning. This is a hybrid internship position focused on delivering high-quality data & ai work."
Lead Machine Learning Engineer,Data & AI,Python; PyTorch; Machine Learning; SQL; MLOps,Lead,"Internship · Remote. We are hiring a Lead Machine Learning Engineer for our Gaming team. The ideal candidate has 8-14 years of experience and is proficient in Python, PyTorch, Machine Learning, SQL, MLOps. This is a remote internship position focused on delivering high-quality data & ai work."
Mid-level NLP Engineer,Data & AI,Tokenization; BERT; Python; spaCy; NLP,Mid-level,"Internship · Hybrid. We are hiring a Mid-level NLP Engineer for our Healthcare team. The ideal candidate has 3-6 years of experience and is proficient in Tokenization, BERT, Python, spaCy, NLP. This is a hybrid internship position focused on delivering high-quality data & ai work."
Lead Computer Vision Engineer,Data & AI,TensorFlow; Image Processing; PyTorch; OpenCV; Python; C++,Lead,"Contract · On-site. We are hiring a Lead Computer Vision Engineer for our Startup team. The ideal candidate has 8-14 years of experience and is proficient in TensorFlow, Image Processing, PyTorch, OpenCV, Python, C++. This is a on-site contract position focused on delivering high-quality data & ai work."
Lead Data Analyst,Data & AI,Tableau; Power BI; Reporting; Data Cleaning; SQL,Lead,"Full-time · On-site. We are hiring a Lead Data Analyst for our Enterprise team. The ideal candidate has 8-14 years of experience and is proficient in Tableau, Power BI, Reporting, Data Cleaning, SQL. This is a on-site full-time position focused on delivering high-quality data & ai work."
Intern NLP Engineer,Data & AI,Deep Learning; NLP; Python; spaCy; PyTorch; Machine Learning; Text Mining,Intern,"Full-time · On-site. We are hiring a Intern NLP Engineer for our SaaS team. The ideal candidate has 0-1 years of experience and is proficient in Deep Learning, NLP, Python, spaCy, PyTorch, Machine Learning, Text Mining. This is a on-site full-time position focused on delivering high-quality data & ai work."
Intern NLP Engineer,Data & AI,spaCy; PyTorch; Machine Learning; BERT; Transformers; Deep Learning,Intern,"Contract · Remote. We are hiring a Intern NLP Engineer for our EdTech team. The ideal candidate has 0-1 years of experience and is proficient in spaCy, PyTorch, Machine Learning, BERT, Transformers, Deep Learning. This is a remote contract position focused on delivering high-quality data & ai work."
Senior Data Analyst,Data & AI,A/B Testing; Excel; SQL; Python; Reporting; Tableau,Senior,"Full-time · Remote. We are hiring a Senior Data Analyst for our Startup team. The ideal candidate has 6-10 years of experience and is proficient in A/B Testing, Excel, SQL, Python, Reporting, Tableau. This is a remote full-time position focused on delivering high-quality data & ai work."
Intern Data Engineer,Data & AI,Kafka; AWS; Snowflake; Data Modeling; Hadoop; Spark; Python,Intern,"Internship · Remote. We are hiring a Intern Data Engineer for our Healthcare team. The ideal candidate has 0-1 years of experience and is proficient in Kafka, AWS, Snowflake, Data Modeling, Hadoop, Spark, Python. This is a remote internship position focused on delivering high-quality data & ai work."
Intern Data Scientist,Data & AI,TensorFlow; Pandas; SQL; Statistics; Jupyter; Python,Intern,"Contract · Hybrid. We are hiring a Intern Data Scientist for our Healthcare team. The ideal candidate has 0-1 years of experience and is proficient in TensorFlow, Pandas, SQL, Statistics, Jupyter, Python. This is a hybrid contract position focused on delivering high-quality data & ai work."
Junior Data Analyst,Data & AI,Statistics; Excel; Power BI; A/B Testing; Data Cleaning,Junior,"Contract · Remote. We are hiring a Junior Data Analyst for our Startup team. The ideal candidate has 1-3 years of experience and is proficient in Statistics, Excel, Power BI, A/B Testing, Data Cleaning. This is a remote contract position focused on delivering high-quality data & ai work."
Junior AI Researcher,Data & AI,Publications; Mathematics; Machine Learning; Reinforcement Learning; PyTorch; Research; NLP,Junior,"Full-time · Remote. We are hiring a Junior AI Researcher for our SaaS team. The ideal candidate has 1-3 years of experience and is proficient in Publications, Mathematics, Machine Learning, Reinforcement Learning, PyTorch, Research, NLP. This is a remote full-time position focused on delivering high-quality data & ai work."
Senior AI Researcher,Data & AI,Research; NLP; Mathematics; TensorFlow; Reinforcement Learning; Python; Machine Learning,Senior,"Full-time · Hybrid. We are hiring a Senior AI Researcher for our E-commerce team. The ideal candidate has 6-10 years of experience and is proficient in Research, NLP, Mathematics, TensorFlow, Reinforcement Learning, Python, Machine Learning. This is a hybrid full-time position focused on delivering high-quality data & ai work."
Lead Business Intelligence Analyst,Data & AI,ETL; Data Warehousing; SQL; DAX; Dashboards; Excel,Lead,"Full-time · On-site. We are hiring a Lead Business Intelligence Analyst for our Healthcare team. The ideal candidate has 8-14 years of experience and is proficient in ETL, Data Warehousing, SQL, DAX, Dashboards, Excel. This is a on-site full-time position focused on delivering high-quality data & ai work."
Lead Data Analyst,Data & AI,Python; Pandas; Data Cleaning; Statistics; Power BI; Reporting,Lead,"Contract · Remote. We are hiring a Lead Data Analyst for our Healthcare team. The ideal candidate has 8-14 years of experience and is proficient in Python, Pandas, Data Cleaning, Statistics, Power BI, Reporting. This is a remote contract position focused on delivering high-quality data & ai work."
Mid-level NLP Engineer,Data & AI,spaCy; Python; PyTorch; BERT; Machine Learning; Deep Learning; Text Mining,Mid-level,"Contract · On-site. We are hiring a Mid-level NLP Engineer for our Healthcare team. The ideal candidate has 3-6 years of experience and is proficient in spaCy, Python, PyTorch, BERT, Machine Learning, Deep Learning, Text Mining. This is a on-site contract position focused on delivering high-quality data & ai work."
Mid-level NLP Engineer,Data & AI,Python; Deep Learning; Transformers; Tokenization; BERT; spaCy,Mid-level,"Internship · Hybrid. We are hiring a Mid-level NLP Engineer for our EdTech team. The ideal candidate has 3-6 years of experience and is proficient in Python, Deep Learning, Transformers, Tokenization, BERT, spaCy. This is a hybrid internship position focused on delivering high-quality data & ai work."
Mid-level Machine Learning Engineer,Data & AI,Model Deployment; Deep Learning; SQL; TensorFlow; Python; Scikit-learn; MLOps,Mid-level,"Full-time · Remote. We are hiring a Mid-level Machine Learning Engineer for our Gaming team. The ideal candidate has 3-6 years of experience and is proficient in Model Deployment, Deep Learning, SQL, TensorFlow, Python, Scikit-learn, MLOps. This is a remote full-time position focused on delivering high-quality data & ai work."
Principal Business Intelligence Analyst,Data & AI,Data Warehousing; Dashboards; Power BI; DAX; Excel; SQL; Reporting,Principal,"Contract · On-site. We are hiring a Principal Business Intelligence Analyst for our Enterprise team. The ideal candidate has 12-20 years of experience and is proficient in Data Warehousing, Dashboards, Power BI, DAX, Excel, SQL, Reporting. This is a on-site contract position focused on delivering high-quality data & ai work."
Mid-level Data Scientist,Data & AI,Python; Machine Learning; Pandas; Scikit-learn; SQL,Mid-level,"Internship · Hybrid. We are hiring a Mid-level Data Scientist for our Enterprise team. The ideal candidate has 3-6 years of experience and is proficient in Python, Machine Learning, Pandas, Scikit-learn, SQL. This is a hybrid internship position focused on delivering high-quality data & ai work."
Junior Data Engineer,Data & AI,Kafka; Data Modeling; Airflow; SQL; Snowflake,Junior,"Internship · Hybrid. We are hiring a Junior Data Engineer for our SaaS team. The ideal candidate has 1-3 years of experience and is proficient in Kafka, Data Modeling, Airflow, SQL, Snowflake. This is a hybrid internship position focused on delivering high-quality data & ai work."
Mid-level Machine Learning Engineer,Data & AI,Deep Learning; Model Deployment; MLOps; Docker; TensorFlow; Scikit-learn,Mid-level,"Contract · Remote. We are hiring a Mid-level Machine Learning Engineer for our E-commerce team. The ideal candidate has 3-6 years of experience and is proficient in Deep Learning, Model Deployment, MLOps, Docker, TensorFlow, Scikit-learn. This is a remote contract position focused on delivering high-quality data & ai work."
Senior Data Scientist,Data & AI,NumPy; Jupyter; TensorFlow; Scikit-learn; Pandas; Statistics,Senior,"Contract · Remote. We are hiring a Senior Data Scientist for our EdTech team. The ideal candidate has 6-10 years of experience and is proficient in NumPy, Jupyter, TensorFlow, Scikit-learn, Pandas, Statistics. This is a remote contract position focused on delivering high-quality data & ai work."
Junior Computer Vision Engineer,Data & AI,TensorFlow; CNN; OpenCV; Machine Learning; CUDA; C++; Image Processing,Junior,"Contract · Remote. We are hiring a Junior Computer Vision Engineer for our Healthcare team. The ideal candidate has 1-3 years of experience and is proficient in TensorFlow, CNN, OpenCV, Machine Learning, CUDA, C++, Image Processing. This is a remote contract position focused on delivering high-quality data & ai work."
Senior Business Intelligence Analyst,Data & AI,Dashboards; Power BI; Reporting; Tableau; Excel; Python; DAX,Senior,"Full-time · Remote. We are hiring a Senior Business Intelligence Analyst for our Enterprise team. The ideal candidate has 6-10 years of experience and is proficient in Dashboards, Power BI, Reporting, Tableau, Excel, Python, DAX. This is a remote full-time position focused on delivering high-quality data & ai work."
Mid-level AI Researcher,Data & AI,Deep Learning; NLP; TensorFlow; PyTorch; Reinforcement Learning; Machine Learning; Publications,Mid-level,"Contract · On-site. We are hiring a Mid-level AI Researcher for our E-commerce team. The ideal candidate has 3-6 years of experience and is proficient in Deep Learning, NLP, TensorFlow, PyTorch, Reinforcement Learning, Machine Learning, Publications. This is a on-site contract position focused on delivering high-quality data & ai work."
Principal Data Engineer,Data & AI,Snowflake; Spark; SQL; Hadoop; ETL,Principal,"Internship · On-site. We are hiring a Principal Data Engineer for our Healthcare team. The ideal candidate has 12-20 years of experience and is proficient in Snowflake, Spark, SQL, Hadoop, ETL. This is a on-site internship position focused on delivering high-quality data & ai work."
Lead Data Engineer,Data & AI,Spark; Hadoop; AWS; Data Modeling; Snowflake; SQL; ETL,Lead,"Internship · Remote. We are hiring a Lead Data Engineer for our Healthcare team. The ideal candidate has 8-14 years of experience and is proficient in Spark, Hadoop, AWS, Data Modeling, Snowflake, SQL, ETL. This is a remote internship position focused on delivering high-quality data & ai work."
Principal NLP Engineer,Data & AI,Python; spaCy; Tokenization; Machine Learning; NLP; Deep Learning; Text Mining,Principal,"Contract · Hybrid. We are hiring a Principal NLP Engineer for our EdTech team. The ideal candidate has 12-20 years of experience and is proficient in Python, spaCy, Tokenization, Machine Learning, NLP, Deep Learning, Text Mining. This is a hybrid contract position focused on delivering high-quality data & ai work."
Mid-level Data Scientist,Data & AI,Jupyter; Statistics; SQL; Scikit-learn; Pandas,Mid-level,"Internship · On-site. We are hiring a Mid-level Data Scientist for our Gaming team. The ideal candidate has 3-6 years of experience and is proficient in Jupyter, Statistics, SQL, Scikit-learn, Pandas. This is a on-site internship position focused on delivering high-quality data & ai work."
Senior Data Analyst,Data & AI,Statistics; Pandas; SQL; Tableau; A/B Testing; Data Cleaning,Senior,"Contract · Remote. We are hiring a Senior Data Analyst for our Enterprise team. The ideal candidate has 6-10 years of experience and is proficient in Statistics, Pandas, SQL, Tableau, A/B Testing, Data Cleaning. This is a remote contract position focused on delivering high-quality data & ai work."
Intern Data Scientist,Data & AI,TensorFlow; Pandas; Jupyter; SQL; Scikit-learn; Python; Statistics,Intern,"Full-time · Hybrid. We are hiring a Intern Data Scientist for our EdTech team. The ideal candidate has 0-1 years of experience and is proficient in TensorFlow, Pandas, Jupyter, SQL, Scikit-learn, Python, Statistics. This is a hybrid full-time position focused on delivering high-quality data & ai work."
Mid-level Business Intelligence Analyst,Data & AI,Reporting; Tableau; Dashboards; Power BI; SQL,Mid-level,"Full-time · Remote. We are hiring a Mid-level Business Intelligence Analyst for our Enterprise team. The ideal candidate has 3-6 years of experience and is proficient in Reporting, Tableau, Dashboards, Power BI, SQL. This is a remote full-time position focused on delivering high-quality data & ai work."
Intern Business Intelligence Analyst,Data & AI,Tableau; Excel; Dashboards; Data Warehousing; Reporting,Intern,"Contract · Remote. We are hiring a Intern Business Intelligence Analyst for our SaaS team. The ideal candidate has 0-1 years of experience and is proficient in Tableau, Excel, Dashboards, Data Warehousing, Reporting. This is a remote contract position focused on delivering high-quality data & ai work."
Mid-level NLP Engineer,Data & AI,Text Mining; spaCy; Python; Machine Learning; PyTorch; Deep Learning; Transformers,Mid-level,"Full-time · Hybrid. We are hiring a Mid-level NLP Engineer for our E-commerce team. The ideal candidate has 3-6 years of experience and is proficient in Text Mining, spaCy, Python, Machine Learning, PyTorch, Deep Learning, Transformers. This is a hybrid full-time position focused on delivering high-quality data & ai work."
Senior Machine Learning Engineer,Data & AI,PyTorch; Scikit-learn; MLOps; SQL; Docker; Machine Learning,Senior,"Internship · Hybrid. We are hiring a Senior Machine Learning Engineer for our Fintech team. The ideal candidate has 6-10 years of experience and is proficient in PyTorch, Scikit-learn, MLOps, SQL, Docker, Machine Learning. This is a hybrid internship position focused on delivering high-quality data & ai work."
Intern Business Intelligence Analyst,Data & AI,Dashboards; Tableau; Reporting; Data Warehousing; DAX; Python,Intern,"Full-time · Hybrid. We are hiring a Intern Business Intelligence Analyst for our SaaS team. The ideal candidate has 0-1 years of experience and is proficient in Dashboards, Tableau, Reporting, Data Warehousing, DAX, Python. This is a hybrid full-time position focused on delivering high-quality data & ai work."
Intern NLP Engineer,Data & AI,Python; PyTorch; Transformers; Deep Learning; Tokenization,Intern,"Internship · Remote. We are hiring a Intern NLP Engineer for our EdTech team. The ideal candidate has 0-1 years of experience and is proficient in Python, PyTorch, Transformers, Deep Learning, Tokenization. This is a remote internship position focused on delivering high-quality data & ai work."
Mid-level Data Scientist,Data & AI,NumPy; Jupyter; Pandas; Data Visualization; Scikit-learn; Statistics,Mid-level,"Full-time · On-site. We are hiring a Mid-level Data Scientist for our SaaS team. The ideal candidate has 3-6 years of experience and is proficient in NumPy, Jupyter, Pandas, Data Visualization, Scikit-learn, Statistics. This is a on-site full-time position focused on delivering high-quality data & ai work."
Senior Business Intelligence Analyst,Data & AI,DAX; ETL; Data Warehousing; Tableau; Dashboards; SQL; Excel,Senior,"Full-time · Hybrid. We are hiring a Senior Business Intelligence Analyst for our Enterprise team. The ideal candidate has 6-10 years of experience and is proficient in DAX, ETL, Data Warehousing, Tableau, Dashboards, SQL, Excel. This is a hybrid full-time position focused on delivering high-quality data & ai work."
Intern NLP Engineer,Data & AI,Text Mining; Deep Learning; NLP; PyTorch; spaCy,Intern,"Internship · Remote. We are hiring a Intern NLP Engineer for our Fintech team. The ideal candidate has 0-1 years of experience and is proficient in Text Mining, Deep Learning, NLP, PyTorch, spaCy. This is a remote internship position focused on delivering high-quality data & ai work."
Junior Business Intelligence Analyst,Data & AI,Excel; Dashboards; ETL; Tableau; Data Warehousing,Junior,"Internship · Remote. We are hiring a Junior Business Intelligence Analyst for our Gaming team. The ideal candidate has 1-3 years of experience and is proficient in Excel, Dashboards, ETL, Tableau, Data Warehousing. This is a remote internship position focused on delivering high-quality data & ai work."
Intern Machine Learning Engineer,Data & AI,Deep Learning; Machine Learning; PyTorch; Scikit-learn; TensorFlow; Model Deployment,Intern,"Full-time · Remote. We are hiring a Intern Machine Learning Engineer for our Enterprise team. The ideal candidate has 0-1 years of experience and is proficient in Deep Learning, Machine Learning, PyTorch, Scikit-learn, TensorFlow, Model Deployment. This is a remote full-time position focused on delivering high-quality data & ai work."
Lead Data Scientist,Data & AI,SQL; Jupyter; Machine Learning; Pandas; Statistics; Data Visualization,Lead,"Contract · Hybrid. We are hiring a Lead Data Scientist for our Gaming team. The ideal candidate has 8-14 years of experience and is proficient in SQL, Jupyter, Machine Learning, Pandas, Statistics, Data Visualization. This is a hybrid contract position focused on delivering high-quality data & ai work."
Lead Data Engineer,Data & AI,Airflow; Kafka; Python; Hadoop; ETL; AWS,Lead,"Full-time · On-site. We are hiring a Lead Data Engineer for our Healthcare team. The ideal candidate has 8-14 years of experience and is proficient in Airflow, Kafka, Python, Hadoop, ETL, AWS. This is a on-site full-time position focused on delivering high-quality data & ai work."
Senior AI Researcher,Data & AI,TensorFlow; PyTorch; Deep Learning; Python; Machine Learning; Publications; Reinforcement Learning,Senior,"Contract · Remote. We are hiring a Senior AI Researcher for our Fintech team. The ideal candidate has 6-10 years of experience and is proficient in TensorFlow, PyTorch, Deep Learning, Python, Machine Learning, Publications, Reinforcement Learning. This is a remote contract position focused on delivering high-quality data & ai work."
Lead AI Researcher,Data & AI,Deep Learning; TensorFlow; Publications; Python; Machine Learning,Lead,"Full-time · On-site. We are hiring a Lead AI Researcher for our SaaS team. The ideal candidate has 8-14 years of experience and is proficient in Deep Learning, TensorFlow, Publications, Python, Machine Learning. This is a on-site full-time position focused on delivering high-quality data & ai work."
Lead Machine Learning Engineer,Data & AI,TensorFlow; Scikit-learn; Model Deployment; Deep Learning; Machine Learning,Lead,"Contract · On-site. We are hiring a Lead Machine Learning Engineer for our Gaming team. The ideal candidate has 8-14 years of experience and is proficient in TensorFlow, Scikit-learn, Model Deployment, Deep Learning, Machine Learning. This is a on-site contract position focused on delivering high-quality data & ai work."
Senior Computer Vision Engineer,Data & AI,CUDA; Image Processing; CNN; C++; Python,Senior,"Contract · Hybrid. We are hiring a Senior Computer Vision Engineer for our EdTech team. The ideal candidate has 6-10 years of experience and is proficient in CUDA, Image Processing, CNN, C++, Python. This is a hybrid contract position focused on delivering high-quality data & ai work."
Junior Data Analyst,Data & AI,A/B Testing; Data Cleaning; Python; Excel; Reporting; Statistics; Power BI,Junior,"Internship · Remote. We are hiring a Junior Data Analyst for our E-commerce team. The ideal candidate has 1-3 years of experience and is proficient in A/B Testing, Data Cleaning, Python, Excel, Reporting, Statistics, Power BI. This is a remote internship position focused on delivering high-quality data & ai work."
Intern NLP Engineer,Data & AI,NLP; Machine Learning; PyTorch; Text Mining; BERT,Intern,"Internship · On-site. We are hiring a Intern NLP Engineer for our Healthcare team. The ideal candidate has 0-1 years of experience and is proficient in NLP, Machine Learning, PyTorch, Text Mining, BERT. This is a on-site internship position focused on delivering high-quality data & ai work."
Junior Data Scientist,Data & AI,Pandas; SQL; TensorFlow; NumPy; Data Visualization; Python; Scikit-learn,Junior,"Contract · Remote. We are hiring a Junior Data Scientist for our EdTech team. The ideal candidate has 1-3 years of experience and is proficient in Pandas, SQL, TensorFlow, NumPy, Data Visualization, Python, Scikit-learn. This is a remote contract position focused on delivering high-quality data & ai work."
Senior Data Scientist,Data & AI,SQL; Scikit-learn; Machine Learning; Data Visualization; Pandas,Senior,"Internship · On-site. We are hiring a Senior Data Scientist for our Healthcare team. The ideal candidate has 6-10 years of experience and is proficient in SQL, Scikit-learn, Machine Learning, Data Visualization, Pandas. This is a on-site internship position focused on delivering high-quality data & ai work."
Principal Data Engineer,Data & AI,Spark; Snowflake; ETL; Airflow; SQL,Principal,"Internship · On-site. We are hiring a Principal Data Engineer for our EdTech team. The ideal candidate has 12-20 years of experience and is proficient in Spark, Snowflake, ETL, Airflow, SQL. This is a on-site internship position focused on delivering high-quality data & ai work."
Senior AI Researcher,Data & AI,Python; Mathematics; Machine Learning; Reinforcement Learning; NLP,Senior,"Contract · On-site. We are hiring a Senior AI Researcher for our Startup team. The ideal candidate has 6-10 years of experience and is proficient in Python, Mathematics, Machine Learning, Reinforcement Learning, NLP. This is a on-site contract position focused on delivering high-quality data & ai work."
Senior Data Scientist,Data & AI,Jupyter; Scikit-learn; Machine Learning; SQL; NumPy; Statistics; Pandas,Senior,"Internship · On-site. We are hiring a Senior Data Scientist for our Enterprise team. The ideal candidate has 6-10 years of experience and is proficient in Jupyter, Scikit-learn, Machine Learning, SQL, NumPy, Statistics, Pandas. This is a on-site internship position focused on delivering high-quality data & ai work."
Junior Machine Learning Engineer,Data & AI,MLOps; SQL; Machine Learning; Deep Learning; PyTorch,Junior,"Internship · Remote. We are hiring a Junior Machine Learning Engineer for our EdTech team. The ideal candidate has 1-3 years of experience and is proficient in MLOps, SQL, Machine Learning, Deep Learning, PyTorch. This is a remote internship position focused on delivering high-quality data & ai work."
Junior Data Analyst,Data & AI,Pandas; Reporting; Tableau; Python; Data Cleaning; SQL,Junior,"Full-time · Hybrid. We are hiring a Junior Data Analyst for our EdTech team. The ideal candidate has 1-3 years of experience and is proficient in Pandas, Reporting, Tableau, Python, Data Cleaning, SQL. This is a hybrid full-time position focused on delivering high-quality data & ai work."
Intern NLP Engineer,Data & AI,Tokenization; Deep Learning; spaCy; Text Mining; BERT; PyTorch,Intern,"Full-time · Remote. We are hiring a Intern NLP Engineer for our E-commerce team. The ideal candidate has 0-1 years of experience and is proficient in Tokenization, Deep Learning, spaCy, Text Mining, BERT, PyTorch. This is a remote full-time position focused on delivering high-quality data & ai work."
Senior AI Researcher,Data & AI,PyTorch; Publications; TensorFlow; Machine Learning; Reinforcement Learning; Deep Learning,Senior,"Internship · On-site. We are hiring a Senior AI Researcher for our E-commerce team. The ideal candidate has 6-10 years of experience and is proficient in PyTorch, Publications, TensorFlow, Machine Learning, Reinforcement Learning, Deep Learning. This is a on-site internship position focused on delivering high-quality data & ai work."
Senior AI Researcher,Data & AI,NLP; Deep Learning; Research; Reinforcement Learning; Mathematics,Senior,"Full-time · Remote. We are hiring a Senior AI Researcher for our Healthcare team. The ideal candidate has 6-10 years of experience and is proficient in NLP, Deep Learning, Research, Reinforcement Learning, Mathematics. This is a remote full-time position focused on delivering high-quality data & ai work."
Mid-level Business Intelligence Analyst,Data & AI,Reporting; ETL; Excel; Data Warehousing; Tableau; DAX; Python,Mid-level,"Internship · On-site. We are hiring a Mid-level Business Intelligence Analyst for our Healthcare team. The ideal candidate has 3-6 years of experience and is proficient in Reporting, ETL, Excel, Data Warehousing, Tableau, DAX, Python. This is a on-site internship position focused on delivering high-quality data & ai work."
Mid-level Data Engineer,Data & AI,Data Modeling; Python; AWS; Spark; ETL,Mid-level,"Contract · On-site. We are hiring a Mid-level Data Engineer for our Healthcare team. The ideal candidate has 3-6 years of experience and is proficient in Data Modeling, Python, AWS, Spark, ETL. This is a on-site contract position focused on delivering high-quality data & ai work."
Principal Computer Vision Engineer,Data & AI,CNN; Python; Deep Learning; Image Processing; OpenCV,Principal,"Contract · Hybrid. We are hiring a Principal Computer Vision Engineer for our E-commerce team. The ideal candidate has 12-20 years of experience and is proficient in CNN, Python, Deep Learning, Image Processing, OpenCV. This is a hybrid contract position focused on delivering high-quality data & ai work."
Lead Machine Learning Engineer,Data & AI,Python; PyTorch; Scikit-learn; Docker; Deep Learning; TensorFlow; Model Deployment,Lead,"Internship · Hybrid. We are hiring a Lead Machine Learning Engineer for our Startup team. The ideal candidate has 8-14 years of experience and is proficient in Python, PyTorch, Scikit-learn, Docker, Deep Learning, TensorFlow, Model Deployment. This is a hybrid internship position focused on delivering high-quality data & ai work."
Mid-level NLP Engineer,Data & AI,Python; Text Mining; Transformers; PyTorch; spaCy,Mid-level,"Full-time · On-site. We are hiring a Mid-level NLP Engineer for our EdTech team. The ideal candidate has 3-6 years of experience and is proficient in Python, Text Mining, Transformers, PyTorch, spaCy. This is a on-site full-time position focused on delivering high-quality data & ai work."
Intern NLP Engineer,Data & AI,Python; spaCy; Machine Learning; Deep Learning; Tokenization; NLP,Intern,"Full-time · Hybrid. We are hiring a Intern NLP Engineer for our E-commerce team. The ideal candidate has 0-1 years of experience and is proficient in Python, spaCy, Machine Learning, Deep Learning, Tokenization, NLP. This is a hybrid full-time position focused on delivering high-quality data & ai work."
Mid-level Data Scientist,Data & AI,Python; NumPy; Jupyter; SQL; Machine Learning; Pandas,Mid-level,"Contract · On-site. We are hiring a Mid-level Data Scientist for our E-commerce team. The ideal candidate has 3-6 years of experience and is proficient in Python, NumPy, Jupyter, SQL, Machine Learning, Pandas. This is a on-site contract position focused on delivering high-quality data & ai work."
Mid-level Data Scientist,Data & AI,SQL; Python; Pandas; Scikit-learn; Data Visualization; Statistics; Jupyter,Mid-level,"Contract · Hybrid. We are hiring a Mid-level Data Scientist for our Enterprise team. The ideal candidate has 3-6 years of experience and is proficient in SQL, Python, Pandas, Scikit-learn, Data Visualization, Statistics, Jupyter. This is a hybrid contract position focused on delivering high-quality data & ai work."
Junior Business Intelligence Analyst,Data & AI,Dashboards; Python; SQL; Excel; DAX; Power BI,Junior,"Internship · Hybrid. We are hiring a Junior Business Intelligence Analyst for our SaaS team. The ideal candidate has 1-3 years of experience and is proficient in Dashboards, Python, SQL, Excel, DAX, Power BI. This is a hybrid internship position focused on delivering high-quality data & ai work."
Senior NLP Engineer,Data & AI,spaCy; Transformers; Text Mining; PyTorch; NLP,Senior,"Contract · Hybrid. We are hiring a Senior NLP Engineer for our SaaS team. The ideal candidate has 6-10 years of experience and is proficient in spaCy, Transformers, Text Mining, PyTorch, NLP. This is a hybrid contract position focused on delivering high-quality data & ai work."
Mid-level Data Scientist,Data & AI,TensorFlow; Statistics; Pandas; Scikit-learn; NumPy,Mid-level,"Full-time · Remote. We are hiring a Mid-level Data Scientist for our SaaS team. The ideal candidate has 3-6 years of experience and is proficient in TensorFlow, Statistics, Pandas, Scikit-learn, NumPy. This is a remote full-time position focused on delivering high-quality data & ai work."
Lead Data Scientist,Data & AI,SQL; Scikit-learn; TensorFlow; Statistics; Machine Learning,Lead,"Full-time · Remote. We are hiring a Lead Data Scientist for our E-commerce team. The ideal candidate has 8-14 years of experience and is proficient in SQL, Scikit-learn, TensorFlow, Statistics, Machine Learning. This is a remote full-time position focused on delivering high-quality data & ai work."
Lead Machine Learning Engineer,Data & AI,Deep Learning; Scikit-learn; Machine Learning; PyTorch; Model Deployment; Python,Lead,"Internship · Hybrid. We are hiring a Lead Machine Learning Engineer for our Healthcare team. The ideal candidate has 8-14 years of experience and is proficient in Deep Learning, Scikit-learn, Machine Learning, PyTorch, Model Deployment, Python. This is a hybrid internship position focused on delivering high-quality data & ai work."
Principal AI Researcher,Data & AI,NLP; Publications; PyTorch; Research; Deep Learning; Mathematics,Principal,"Full-time · Remote. We are hiring a Principal AI Researcher for our Startup team. The ideal candidate has 12-20 years of experience and is proficient in NLP, Publications, PyTorch, Research, Deep Learning, Mathematics. This is a remote full-time position focused on delivering high-quality data & ai work."
Lead Business Intelligence Analyst,Data & AI,Dashboards; SQL; Reporting; ETL; DAX; Tableau; Data Warehousing,Lead,"Contract · On-site. We are hiring a Lead Business Intelligence Analyst for our Startup team. The ideal candidate has 8-14 years of experience and is proficient in Dashboards, SQL, Reporting, ETL, DAX, Tableau, Data Warehousing. This is a on-site contract position focused on delivering high-quality data & ai work."
Junior Computer Vision Engineer,Data & AI,CNN; C++; Machine Learning; PyTorch; CUDA; OpenCV,Junior,"Contract · On-site. We are hiring a Junior Computer Vision Engineer for our EdTech team. The ideal candidate has 1-3 years of experience and is proficient in CNN, C++, Machine Learning, PyTorch, CUDA, OpenCV. This is a on-site contract position focused on delivering high-quality data & ai work."
Mid-level Business Intelligence Analyst,Data & AI,Excel; SQL; ETL; Tableau; Data Warehousing; DAX,Mid-level,"Internship · On-site. We are hiring a Mid-level Business Intelligence Analyst for our Gaming team. The ideal candidate has 3-6 years of experience and is proficient in Excel, SQL, ETL, Tableau, Data Warehousing, DAX. This is a on-site internship position focused on delivering high-quality data & ai work."
Intern Data Scientist,Data & AI,Data Visualization; Python; Machine Learning; NumPy; Jupyter; Pandas,Intern,"Internship · On-site. We are hiring a Intern Data Scientist for our EdTech team. The ideal candidate has 0-1 years of experience and is proficient in Data Visualization, Python, Machine Learning, NumPy, Jupyter, Pandas. This is a on-site internship position focused on delivering high-quality data & ai work."
Intern Business Intelligence Analyst,Data & AI,ETL; SQL; Tableau; Reporting; Dashboards; Excel,Intern,"Full-time · Hybrid. We are hiring a Intern Business Intelligence Analyst for our Enterprise team. The ideal candidate has 0-1 years of experience and is proficient in ETL, SQL, Tableau, Reporting, Dashboards, Excel. This is a hybrid full-time position focused on delivering high-quality data & ai work."
Mid-level Computer Vision Engineer,Data & AI,OpenCV; Deep Learning; TensorFlow; CUDA; C++; CNN; Machine Learning,Mid-level,"Internship · Hybrid. We are hiring a Mid-level Computer Vision Engineer for our Fintech team. The ideal candidate has 3-6 years of experience and is proficient in OpenCV, Deep Learning, TensorFlow, CUDA, C++, CNN, Machine Learning. This is a hybrid internship position focused on delivering high-quality data & ai work."
Principal Data Analyst,Data & AI,Python; Reporting; Data Cleaning; A/B Testing; Excel; Tableau; Power BI,Principal,"Full-time · Remote. We are hiring a Principal Data Analyst for our EdTech team. The ideal candidate has 12-20 years of experience and is proficient in Python, Reporting, Data Cleaning, A/B Testing, Excel, Tableau, Power BI. This is a remote full-time position focused on delivering high-quality data & ai work."
Senior NLP Engineer,Data & AI,spaCy; Tokenization; Machine Learning; Deep Learning; BERT,Senior,"Full-time · On-site. We are hiring a Senior NLP Engineer for our E-commerce team. The ideal candidate has 6-10 years of experience and is proficient in spaCy, Tokenization, Machine Learning, Deep Learning, BERT. This is a on-site full-time position focused on delivering high-quality data & ai work."
Principal Business Intelligence Analyst,Data & AI,Tableau; Power BI; Data Warehousing; Python; Excel; ETL; Reporting,Principal,"Internship · Remote. We are hiring a Principal Business Intelligence Analyst for our Fintech team. The ideal candidate has 12-20 years of experience and is proficient in Tableau, Power BI, Data Warehousing, Python, Excel, ETL, Reporting. This is a remote internship position focused on delivering high-quality data & ai work."
Senior Business Intelligence Analyst,Data & AI,Excel; Python; Data Warehousing; Reporting; Dashboards,Senior,"Contract · Hybrid. We are hiring a Senior Business Intelligence Analyst for our Enterprise team. The ideal candidate has 6-10 years of experience and is proficient in Excel, Python, Data Warehousing, Reporting, Dashboards. This is a hybrid contract position focused on delivering high-quality data & ai work."
Mid-level Data Scientist,Data & AI,Jupyter; SQL; TensorFlow; NumPy; Scikit-learn,Mid-level,"Full-time · Hybrid. We are hiring a Mid-level Data Scientist for our EdTech team. The ideal candidate has 3-6 years of experience and is proficient in Jupyter, SQL, TensorFlow, NumPy, Scikit-learn. This is a hybrid full-time position focused on delivering high-quality data & ai work."
Mid-level Business Intelligence Analyst,Data & AI,Reporting; ETL; Excel; Python; SQL,Mid-level,"Contract · Hybrid. We are hiring a Mid-level Business Intelligence Analyst for our Enterprise team. The ideal candidate has 3-6 years of experience and is proficient in Reporting, ETL, Excel, Python, SQL. This is a hybrid contract position focused on delivering high-quality data & ai work."
Lead Business Intelligence Analyst,Data & AI,Python; Tableau; ETL; SQL; Power BI; Excel,Lead,"Contract · Remote. We are hiring a Lead Business Intelligence Analyst for our E-commerce team. The ideal candidate has 8-14 years of experience and is proficient in Python, Tableau, ETL, SQL, Power BI, Excel. This is a remote contract position focused on delivering high-quality data & ai work."
Junior Computer Vision Engineer,Data & AI,Deep Learning; CUDA; Python; CNN; C++; Machine Learning,Junior,"Internship · Hybrid. We are hiring a Junior Computer Vision Engineer for our SaaS team. The ideal candidate has 1-3 years of experience and is proficient in Deep Learning, CUDA, Python, CNN, C++, Machine Learning. This is a hybrid internship position focused on delivering high-quality data & ai work."
Junior Computer Vision Engineer,Data & AI,Python; C++; Image Processing; CUDA; TensorFlow,Junior,"Internship · Hybrid. We are hiring a Junior Computer Vision Engineer for our Fintech team. The ideal candidate has 1-3 years of experience and is proficient in Python, C++, Image Processing, CUDA, TensorFlow. This is a hybrid internship position focused on delivering high-quality data & ai work."
Junior Data Analyst,Data & AI,Pandas; Tableau; Excel; Data Cleaning; Statistics; Python,Junior,"Contract · On-site. We are hiring a Junior Data Analyst for our EdTech team. The ideal candidate has 1-3 years of experience and is proficient in Pandas, Tableau, Excel, Data Cleaning, Statistics, Python. This is a on-site contract position focused on delivering high-quality data & ai work."
Lead Business Intelligence Analyst,Data & AI,Data Warehousing; ETL; DAX; Power BI; Python; SQL; Dashboards,Lead,"Internship · On-site. We are hiring a Lead Business Intelligence Analyst for our E-commerce team. The ideal candidate has 8-14 years of experience and is proficient in Data Warehousing, ETL, DAX, Power BI, Python, SQL, Dashboards. This is a on-site internship position focused on delivering high-quality data & ai work."
Principal Business Intelligence Analyst,Data & AI,DAX; Power BI; ETL; Python; Reporting; Dashboards; Excel,Principal,"Full-time · Remote. We are hiring a Principal Business Intelligence Analyst for our Fintech team. The ideal candidate has 12-20 years of experience and is proficient in DAX, Power BI, ETL, Python, Reporting, Dashboards, Excel. This is a remote full-time position focused on delivering high-quality data & ai work."
Junior Business Intelligence Analyst,Data & AI,SQL; Dashboards; Python; Reporting; ETL; Excel; Power BI,Junior,"Internship · Remote. We are hiring a Junior Business Intelligence Analyst for our Fintech team. The ideal candidate has 1-3 years of experience and is proficient in SQL, Dashboards, Python, Reporting, ETL, Excel, Power BI. This is a remote internship position focused on delivering high-quality data & ai work."
Intern NLP Engineer,Data & AI,Tokenization; NLP; Machine Learning; Deep Learning; Python; Transformers,Intern,"Internship · On-site. We are hiring a Intern NLP Engineer for our Startup team. The ideal candidate has 0-1 years of experience and is proficient in Tokenization, NLP, Machine Learning, Deep Learning, Python, Transformers. This is a on-site internship position focused on delivering high-quality data & ai work."
Mid-level Data Engineer,Data & AI,Python; SQL; Spark; Data Modeling; AWS; Snowflake; Hadoop,Mid-level,"Full-time · Hybrid. We are hiring a Mid-level Data Engineer for our EdTech team. The ideal candidate has 3-6 years of experience and is proficient in Python, SQL, Spark, Data Modeling, AWS, Snowflake, Hadoop. This is a hybrid full-time position focused on delivering high-quality data & ai work."
Principal Data Analyst,Data & AI,Data Cleaning; A/B Testing; Python; Pandas; SQL; Excel; Statistics,Principal,"Full-time · Remote. We are hiring a Principal Data Analyst for our Healthcare team. The ideal candidate has 12-20 years of experience and is proficient in Data Cleaning, A/B Testing, Python, Pandas, SQL, Excel, Statistics. This is a remote full-time position focused on delivering high-quality data & ai work."
Principal AI Researcher,Data & AI,Deep Learning; Machine Learning; Python; TensorFlow; Research; PyTorch; Mathematics,Principal,"Contract · Remote. We are hiring a Principal AI Researcher for our EdTech team. The ideal candidate has 12-20 years of experience and is proficient in Deep Learning, Machine Learning, Python, TensorFlow, Research, PyTorch, Mathematics. This is a remote contract position focused on delivering high-quality data & ai work."
Mid-level AI Researcher,Data & AI,Reinforcement Learning; Deep Learning; Publications; Mathematics; PyTorch; NLP; Research,Mid-level,"Internship · On-site. We are hiring a Mid-level AI Researcher for our Startup team. The ideal candidate has 3-6 years of experience and is proficient in Reinforcement Learning, Deep Learning, Publications, Mathematics, PyTorch, NLP, Research. This is a on-site internship position focused on delivering high-quality data & ai work."
Lead Computer Vision Engineer,Data & AI,C++; Deep Learning; PyTorch; TensorFlow; Image Processing; Machine Learning; Python,Lead,"Internship · Hybrid. We are hiring a Lead Computer Vision Engineer for our Gaming team. The ideal candidate has 8-14 years of experience and is proficient in C++, Deep Learning, PyTorch, TensorFlow, Image Processing, Machine Learning, Python. This is a hybrid internship position focused on delivering high-quality data & ai work."
Junior Business Intelligence Analyst,Data & AI,Tableau; Power BI; Python; Data Warehousing; Excel,Junior,"Internship · On-site. We are hiring a Junior Business Intelligence Analyst for our Fintech team. The ideal candidate has 1-3 years of experience and is proficient in Tableau, Power BI, Python, Data Warehousing, Excel. This is a on-site internship position focused on delivering high-quality data & ai work."
Mid-level Data Analyst,Data & AI,SQL; Data Cleaning; Statistics; A/B Testing; Power BI; Python; Excel,Mid-level,"Full-time · On-site. We are hiring a Mid-level Data Analyst for our EdTech team. The ideal candidate has 3-6 years of experience and is proficient in SQL, Data Cleaning, Statistics, A/B Testing, Power BI, Python, Excel. This is a on-site full-time position focused on delivering high-quality data & ai work."
Senior Business Intelligence Analyst,Data & AI,Power BI; Dashboards; Excel; Reporting; Tableau; Python,Senior,"Contract · Remote. We are hiring a Senior Business Intelligence Analyst for our E-commerce team. The ideal candidate has 6-10 years of experience and is proficient in Power BI, Dashboards, Excel, Reporting, Tableau, Python. This is a remote contract position focused on delivering high-quality data & ai work."
Junior Business Intelligence Analyst,Data & AI,Power BI; DAX; ETL; Python; Dashboards; Data Warehousing,Junior,"Internship · Hybrid. We are hiring a Junior Business Intelligence Analyst for our EdTech team. The ideal candidate has 1-3 years of experience and is proficient in Power BI, DAX, ETL, Python, Dashboards, Data Warehousing. This is a hybrid internship position focused on delivering high-quality data & ai work."
Mid-level AI Researcher,Data & AI,PyTorch; Python; NLP; Machine Learning; TensorFlow; Mathematics; Reinforcement Learning,Mid-level,"Full-time · Remote. We are hiring a Mid-level AI Researcher for our E-commerce team. The ideal candidate has 3-6 years of experience and is proficient in PyTorch, Python, NLP, Machine Learning, TensorFlow, Mathematics, Reinforcement Learning. This is a remote full-time position focused on delivering high-quality data & ai work."
Principal NLP Engineer,Data & AI,Deep Learning; Machine Learning; Python; spaCy; PyTorch; BERT,Principal,"Full-time · Remote. We are hiring a Principal NLP Engineer for our EdTech team. The ideal candidate has 12-20 years of experience and is proficient in Deep Learning, Machine Learning, Python, spaCy, PyTorch, BERT. This is a remote full-time position focused on delivering high-quality data & ai work."
Lead Machine Learning Engineer,Data & AI,Docker; PyTorch; Machine Learning; Python; MLOps; Deep Learning; TensorFlow,Lead,"Full-time · Remote. We are hiring a Lead Machine Learning Engineer for our SaaS team. The ideal candidate has 8-14 years of experience and is proficient in Docker, PyTorch, Machine Learning, Python, MLOps, Deep Learning, TensorFlow. This is a remote full-time position focused on delivering high-quality data & ai work."
Principal Computer Vision Engineer,Data & AI,OpenCV; Python; TensorFlow; PyTorch; CNN,Principal,"Contract · Remote. We are hiring a Principal Computer Vision Engineer for our E-commerce team. The ideal candidate has 12-20 years of experience and is proficient in OpenCV, Python, TensorFlow, PyTorch, CNN. This is a remote contract position focused on delivering high-quality data & ai work."
Intern Data Engineer,Data & AI,AWS; Python; SQL; Hadoop; Data Modeling,Intern,"Full-time · On-site. We are hiring a Intern Data Engineer for our Gaming team. The ideal candidate has 0-1 years of experience and is proficient in AWS, Python, SQL, Hadoop, Data Modeling. This is a on-site full-time position focused on delivering high-quality data & ai work."
Mid-level Machine Learning Engineer,Data & AI,Machine Learning; Model Deployment; TensorFlow; Docker; Deep Learning; MLOps,Mid-level,"Internship · On-site. We are hiring a Mid-level Machine Learning Engineer for our Fintech team. The ideal candidate has 3-6 years of experience and is proficient in Machine Learning, Model Deployment, TensorFlow, Docker, Deep Learning, MLOps. This is a on-site internship position focused on delivering high-quality data & ai work."
Senior Data Analyst,Data & AI,Statistics; Excel; Pandas; SQL; A/B Testing,Senior,"Contract · On-site. We are hiring a Senior Data Analyst for our E-commerce team. The ideal candidate has 6-10 years of experience and is proficient in Statistics, Excel, Pandas, SQL, A/B Testing. This is a on-site contract position focused on delivering high-quality data & ai work."
Mid-level Business Intelligence Analyst,Data & AI,Reporting; DAX; Tableau; SQL; Power BI,Mid-level,"Full-time · On-site. We are hiring a Mid-level Business Intelligence Analyst for our Gaming team. The ideal candidate has 3-6 years of experience and is proficient in Reporting, DAX, Tableau, SQL, Power BI. This is a on-site full-time position focused on delivering high-quality data & ai work."
Lead AI Researcher,Data & AI,Mathematics; PyTorch; Deep Learning; Python; Machine Learning; Research,Lead,"Internship · On-site. We are hiring a Lead AI Researcher for our EdTech team. The ideal candidate has 8-14 years of experience and is proficient in Mathematics, PyTorch, Deep Learning, Python, Machine Learning, Research. This is a on-site internship position focused on delivering high-quality data & ai work."
Intern Business Intelligence Analyst,Data & AI,ETL; Python; Power BI; Dashboards; Excel; Reporting; Data Warehousing,Intern,"Internship · Hybrid. We are hiring a Intern Business Intelligence Analyst for our Startup team. The ideal candidate has 0-1 years of experience and is proficient in ETL, Python, Power BI, Dashboards, Excel, Reporting, Data Warehousing. This is a hybrid internship position focused on delivering high-quality data & ai work."
Lead Machine Learning Engineer,Data & AI,TensorFlow; PyTorch; Python; Docker; SQL,Lead,"Internship · On-site. We are hiring a Lead Machine Learning Engineer for our SaaS team. The ideal candidate has 8-14 years of experience and is proficient in TensorFlow, PyTorch, Python, Docker, SQL. This is a on-site internship position focused on delivering high-quality data & ai work."
Intern Business Intelligence Analyst,Data & AI,Power BI; SQL; Data Warehousing; Tableau; ETL; Dashboards,Intern,"Contract · Remote. We are hiring a Intern Business Intelligence Analyst for our Healthcare team. The ideal candidate has 0-1 years of experience and is proficient in Power BI, SQL, Data Warehousing, Tableau, ETL, Dashboards. This is a remote contract position focused on delivering high-quality data & ai work."
Junior Computer Vision Engineer,Data & AI,Python; Image Processing; CNN; C++; TensorFlow; Deep Learning,Junior,"Full-time · Hybrid. We are hiring a Junior Computer Vision Engineer for our Startup team. The ideal candidate has 1-3 years of experience and is proficient in Python, Image Processing, CNN, C++, TensorFlow, Deep Learning. This is a hybrid full-time position focused on delivering high-quality data & ai work."
Senior NLP Engineer,Data & AI,BERT; Tokenization; PyTorch; Text Mining; Machine Learning; Deep Learning,Senior,"Full-time · On-site. We are hiring a Senior NLP Engineer for our SaaS team. The ideal candidate has 6-10 years of experience and is proficient in BERT, Tokenization, PyTorch, Text Mining, Machine Learning, Deep Learning. This is a on-site full-time position focused on delivering high-quality data & ai work."
Lead Machine Learning Engineer,Data & AI,Python; Scikit-learn; SQL; TensorFlow; Docker,Lead,"Full-time · Hybrid. We are hiring a Lead Machine Learning Engineer for our Fintech team. The ideal candidate has 8-14 years of experience and is proficient in Python, Scikit-learn, SQL, TensorFlow, Docker. This is a hybrid full-time position focused on delivering high-quality data & ai work."
Mid-level Business Intelligence Analyst,Data & AI,Power BI; ETL; Excel; Tableau; DAX,Mid-level,"Full-time · Remote. We are hiring a Mid-level Business Intelligence Analyst for our Gaming team. The ideal candidate has 3-6 years of experience and is proficient in Power BI, ETL, Excel, Tableau, DAX. This is a remote full-time position focused on delivering high-quality data & ai work."
Intern AI Researcher,Data & AI,Publications; Reinforcement Learning; Python; PyTorch; Deep Learning,Intern,"Internship · On-site. We are hiring a Intern AI Researcher for our SaaS team. The ideal candidate has 0-1 years of experience and is proficient in Publications, Reinforcement Learning, Python, PyTorch, Deep Learning. This is a on-site internship position focused on delivering high-quality data & ai work."
Principal NLP Engineer,Data & AI,PyTorch; Tokenization; Machine Learning; spaCy; Text Mining,Principal,"Internship · Remote. We are hiring a Principal NLP Engineer for our Gaming team. The ideal candidate has 12-20 years of experience and is proficient in PyTorch, Tokenization, Machine Learning, spaCy, Text Mining. This is a remote internship position focused on delivering high-quality data & ai work."
Mid-level AI Researcher,Data & AI,PyTorch; TensorFlow; NLP; Reinforcement Learning; Python; Deep Learning; Research,Mid-level,"Internship · On-site. We are hiring a Mid-level AI Researcher for our E-commerce team. The ideal candidate has 3-6 years of experience and is proficient in PyTorch, TensorFlow, NLP, Reinforcement Learning, Python, Deep Learning, Research. This is a on-site internship position focused on delivering high-quality data & ai work."
Lead Data Scientist,Data & AI,Jupyter; TensorFlow; Data Visualization; Statistics; SQL,Lead,"Full-time · Remote. We are hiring a Lead Data Scientist for our Healthcare team. The ideal candidate has 8-14 years of experience and is proficient in Jupyter, TensorFlow, Data Visualization, Statistics, SQL. This is a remote full-time position focused on delivering high-quality data & ai work."
Intern NLP Engineer,Data & AI,PyTorch; spaCy; BERT; Machine Learning; NLP; Python; Transformers,Intern,"Contract · Remote. We are hiring a Intern NLP Engineer for our E-commerce team. The ideal candidate has 0-1 years of experience and is proficient in PyTorch, spaCy, BERT, Machine Learning, NLP, Python, Transformers. This is a remote contract position focused on delivering high-quality data & ai work."
Intern AI Researcher,Data & AI,TensorFlow; Reinforcement Learning; Mathematics; Python; Machine Learning; Research,Intern,"Contract · Hybrid. We are hiring a Intern AI Researcher for our Startup team. The ideal candidate has 0-1 years of experience and is proficient in TensorFlow, Reinforcement Learning, Mathematics, Python, Machine Learning, Research. This is a hybrid contract position focused on delivering high-quality data & ai work."
Intern Machine Learning Engineer,Data & AI,TensorFlow; Deep Learning; Model Deployment; MLOps; PyTorch,Intern,"Full-time · Hybrid. We are hiring a Intern Machine Learning Engineer for our Healthcare team. The ideal candidate has 0-1 years of experience and is proficient in TensorFlow, Deep Learning, Model Deployment, MLOps, PyTorch. This is a hybrid full-time position focused on delivering high-quality data & ai work."
Lead Data Engineer,Data & AI,Snowflake; SQL; AWS; ETL; Kafka; Python; Hadoop,Lead,"Contract · Hybrid. We are hiring a Lead Data Engineer for our Fintech team. The ideal candidate has 8-14 years of experience and is proficient in Snowflake, SQL, AWS, ETL, Kafka, Python, Hadoop. This is a hybrid contract position focused on delivering high-quality data & ai work."
Intern NLP Engineer,Data & AI,Transformers; Machine Learning; spaCy; BERT; Python,Intern,"Full-time · On-site. We are hiring a Intern NLP Engineer for our Fintech team. The ideal candidate has 0-1 years of experience and is proficient in Transformers, Machine Learning, spaCy, BERT, Python. This is a on-site full-time position focused on delivering high-quality data & ai work."
Senior Data Scientist,Data & AI,Jupyter; SQL; Statistics; Pandas; TensorFlow,Senior,"Contract · On-site. We are hiring a Senior Data Scientist for our Enterprise team. The ideal candidate has 6-10 years of experience and is proficient in Jupyter, SQL, Statistics, Pandas, TensorFlow. This is a on-site contract position focused on delivering high-quality data & ai work."
Mid-level AI Researcher,Data & AI,Reinforcement Learning; Mathematics; Deep Learning; Publications; Machine Learning; Python; TensorFlow,Mid-level,"Full-time · On-site. We are hiring a Mid-level AI Researcher for our Gaming team. The ideal candidate has 3-6 years of experience and is proficient in Reinforcement Learning, Mathematics, Deep Learning, Publications, Machine Learning, Python, TensorFlow. This is a on-site full-time position focused on delivering high-quality data & ai work."
Mid-level Machine Learning Engineer,Data & AI,MLOps; PyTorch; Deep Learning; TensorFlow; Scikit-learn,Mid-level,"Internship · Hybrid. We are hiring a Mid-level Machine Learning Engineer for our SaaS team. The ideal candidate has 3-6 years of experience and is proficient in MLOps, PyTorch, Deep Learning, TensorFlow, Scikit-learn. This is a hybrid internship position focused on delivering high-quality data & ai work."
Intern AI Researcher,Data & AI,Publications; NLP; Machine Learning; Mathematics; Python,Intern,"Full-time · Hybrid. We are hiring a Intern AI Researcher for our Gaming team. The ideal candidate has 0-1 years of experience and is proficient in Publications, NLP, Machine Learning, Mathematics, Python. This is a hybrid full-time position focused on delivering high-quality data & ai work."
Senior Machine Learning Engineer,Data & AI,Deep Learning; SQL; PyTorch; MLOps; Docker; Machine Learning,Senior,"Full-time · Hybrid. We are hiring a Senior Machine Learning Engineer for our Fintech team. The ideal candidate has 6-10 years of experience and is proficient in Deep Learning, SQL, PyTorch, MLOps, Docker, Machine Learning. This is a hybrid full-time position focused on delivering high-quality data & ai work."
Lead Data Scientist,Data & AI,TensorFlow; Jupyter; Python; NumPy; Machine Learning,Lead,"Full-time · On-site. We are hiring a Lead Data Scientist for our Healthcare team. The ideal candidate has 8-14 years of experience and is proficient in TensorFlow, Jupyter, Python, NumPy, Machine Learning. This is a on-site full-time position focused on delivering high-quality data & ai work."
Principal Machine Learning Engineer,Data & AI,Model Deployment; TensorFlow; Deep Learning; Scikit-learn; PyTorch; SQL,Principal,"Internship · Hybrid. We are hiring a Principal Machine Learning Engineer for our E-commerce team. The ideal candidate has 12-20 years of experience and is proficient in Model Deployment, TensorFlow, Deep Learning, Scikit-learn, PyTorch, SQL. This is a hybrid internship position focused on delivering high-quality data & ai work."
Senior Data Scientist,Data & AI,Jupyter; SQL; Python; Statistics; TensorFlow; Machine Learning; Data Visualization,Senior,"Internship · Remote. We are hiring a Senior Data Scientist for our Fintech team. The ideal candidate has 6-10 years of experience and is proficient in Jupyter, SQL, Python, Statistics, TensorFlow, Machine Learning, Data Visualization. This is a remote internship position focused on delivering high-quality data & ai work."
Mid-level Business Intelligence Analyst,Data & AI,Excel; Data Warehousing; Reporting; Tableau; ETL,Mid-level,"Contract · Hybrid. We are hiring a Mid-level Business Intelligence Analyst for our SaaS team. The ideal candidate has 3-6 years of experience and is proficient in Excel, Data Warehousing, Reporting, Tableau, ETL. This is a hybrid contract position focused on delivering high-quality data & ai work."
Lead AI Researcher,Data & AI,Mathematics; Research; Deep Learning; Python; TensorFlow,Lead,"Contract · Hybrid. We are hiring a Lead AI Researcher for our Gaming team. The ideal candidate has 8-14 years of experience and is proficient in Mathematics, Research, Deep Learning, Python, TensorFlow. This is a hybrid contract position focused on delivering high-quality data & ai work."
Lead AI Researcher,Data & AI,Python; PyTorch; Publications; TensorFlow; Research; Reinforcement Learning; Mathematics,Lead,"Full-time · Remote. We are hiring a Lead AI Researcher for our Enterprise team. The ideal candidate has 8-14 years of experience and is proficient in Python, PyTorch, Publications, TensorFlow, Research, Reinforcement Learning, Mathematics. This is a remote full-time position focused on delivering high-quality data & ai work."
Mid-level Computer Vision Engineer,Data & AI,Image Processing; OpenCV; PyTorch; Machine Learning; C++,Mid-level,"Full-time · Hybrid. We are hiring a Mid-level Computer Vision Engineer for our EdTech team. The ideal candidate has 3-6 years of experience and is proficient in Image Processing, OpenCV, PyTorch, Machine Learning, C++. This is a hybrid full-time position focused on delivering high-quality data & ai work."
Mid-level Data Engineer,Data & AI,Airflow; Hadoop; Kafka; AWS; ETL; SQL; Data Modeling,Mid-level,"Contract · Remote. We are hiring a Mid-level Data Engineer for our Startup team. The ideal candidate has 3-6 years of experience and is proficient in Airflow, Hadoop, Kafka, AWS, ETL, SQL, Data Modeling. This is a remote contract position focused on delivering high-quality data & ai work."
Intern Data Analyst,Data & AI,Tableau; Data Cleaning; A/B Testing; Pandas; Python,Intern,"Full-time · On-site. We are hiring a Intern Data Analyst for our Startup team. The ideal candidate has 0-1 years of experience and is proficient in Tableau, Data Cleaning, A/B Testing, Pandas, Python. This is a on-site full-time position focused on delivering high-quality data & ai work."
Mid-level Machine Learning Engineer,Data & AI,Docker; Model Deployment; TensorFlow; MLOps; PyTorch; Python; SQL,Mid-level,"Full-time · On-site. We are hiring a Mid-level Machine Learning Engineer for our Enterprise team. The ideal candidate has 3-6 years of experience and is proficient in Docker, Model Deployment, TensorFlow, MLOps, PyTorch, Python, SQL. This is a on-site full-time position focused on delivering high-quality data & ai work."
Lead Machine Learning Engineer,Data & AI,Python; MLOps; SQL; Machine Learning; PyTorch; Deep Learning; Docker,Lead,"Contract · On-site. We are hiring a Lead Machine Learning Engineer for our SaaS team. The ideal candidate has 8-14 years of experience and is proficient in Python, MLOps, SQL, Machine Learning, PyTorch, Deep Learning, Docker. This is a on-site contract position focused on delivering high-quality data & ai work."
Intern Data Scientist,Data & AI,Machine Learning; NumPy; Pandas; Jupyter; Data Visualization; SQL; Python,Intern,"Internship · Remote. We are hiring a Intern Data Scientist for our Gaming team. The ideal candidate has 0-1 years of experience and is proficient in Machine Learning, NumPy, Pandas, Jupyter, Data Visualization, SQL, Python. This is a remote internship position focused on delivering high-quality data & ai work."
Senior Data Engineer,Data & AI,Kafka; Snowflake; ETL; Python; Spark; AWS,Senior,"Full-time · Remote. We are hiring a Senior Data Engineer for our Enterprise team. The ideal candidate has 6-10 years of experience and is proficient in Kafka, Snowflake, ETL, Python, Spark, AWS. This is a remote full-time position focused on delivering high-quality data & ai work."
Senior AI Researcher,Data & AI,PyTorch; Python; Mathematics; Research; TensorFlow; Publications,Senior,"Internship · On-site. We are hiring a Senior AI Researcher for our Healthcare team. The ideal candidate has 6-10 years of experience and is proficient in PyTorch, Python, Mathematics, Research, TensorFlow, Publications. This is a on-site internship position focused on delivering high-quality data & ai work."
Intern AI Researcher,Data & AI,PyTorch; Machine Learning; NLP; Research; Mathematics; Deep Learning,Intern,"Full-time · Remote. We are hiring a Intern AI Researcher for our Healthcare team. The ideal candidate has 0-1 years of experience and is proficient in PyTorch, Machine Learning, NLP, Research, Mathematics, Deep Learning. This is a remote full-time position focused on delivering high-quality data & ai work."
Senior Data Analyst,Data & AI,Data Cleaning; A/B Testing; SQL; Reporting; Power BI; Statistics; Excel,Senior,"Internship · Hybrid. We are hiring a Senior Data Analyst for our SaaS team. The ideal candidate has 6-10 years of experience and is proficient in Data Cleaning, A/B Testing, SQL, Reporting, Power BI, Statistics, Excel. This is a hybrid internship position focused on delivering high-quality data & ai work."
Junior Computer Vision Engineer,Data & AI,CUDA; OpenCV; Python; Machine Learning; TensorFlow,Junior,"Full-time · Remote. We are hiring a Junior Computer Vision Engineer for our Startup team. The ideal candidate has 1-3 years of experience and is proficient in CUDA, OpenCV, Python, Machine Learning, TensorFlow. This is a remote full-time position focused on delivering high-quality data & ai work."
Junior AI Researcher,Data & AI,Publications; Reinforcement Learning; Machine Learning; TensorFlow; PyTorch; Mathematics,Junior,"Contract · On-site. We are hiring a Junior AI Researcher for our SaaS team. The ideal candidate has 1-3 years of experience and is proficient in Publications, Reinforcement Learning, Machine Learning, TensorFlow, PyTorch, Mathematics. This is a on-site contract position focused on delivering high-quality data & ai work."
Principal Machine Learning Engineer,Data & AI,Machine Learning; Scikit-learn; Docker; Model Deployment; Python,Principal,"Contract · Hybrid. We are hiring a Principal Machine Learning Engineer for our Enterprise team. The ideal candidate has 12-20 years of experience and is proficient in Machine Learning, Scikit-learn, Docker, Model Deployment, Python. This is a hybrid contract position focused on delivering high-quality data & ai work."
Junior Data Analyst,Data & AI,Power BI; Pandas; SQL; Python; A/B Testing; Statistics,Junior,"Contract · Hybrid. We are hiring a Junior Data Analyst for our E-commerce team. The ideal candidate has 1-3 years of experience and is proficient in Power BI, Pandas, SQL, Python, A/B Testing, Statistics. This is a hybrid contract position focused on delivering high-quality data & ai work."
Principal Data Engineer,Data & AI,Spark; Python; Data Modeling; Hadoop; SQL; Airflow; ETL,Principal,"Full-time · Hybrid. We are hiring a Principal Data Engineer for our E-commerce team. The ideal candidate has 12-20 years of experience and is proficient in Spark, Python, Data Modeling, Hadoop, SQL, Airflow, ETL. This is a hybrid full-time position focused on delivering high-quality data & ai work."
Senior Data Scientist,Data & AI,TensorFlow; Python; NumPy; Pandas; Statistics; Jupyter; Scikit-learn,Senior,"Internship · Hybrid. We are hiring a Senior Data Scientist for our Healthcare team. The ideal candidate has 6-10 years of experience and is proficient in TensorFlow, Python, NumPy, Pandas, Statistics, Jupyter, Scikit-learn. This is a hybrid internship position focused on delivering high-quality data & ai work."
Mid-level Machine Learning Engineer,Data & AI,Model Deployment; Scikit-learn; Deep Learning; MLOps; Machine Learning,Mid-level,"Contract · Hybrid. We are hiring a Mid-level Machine Learning Engineer for our SaaS team. The ideal candidate has 3-6 years of experience and is proficient in Model Deployment, Scikit-learn, Deep Learning, MLOps, Machine Learning. This is a hybrid contract position focused on delivering high-quality data & ai work."
Mid-level Data Scientist,Data & AI,Python; Pandas; Statistics; NumPy; TensorFlow; Data Visualization; SQL,Mid-level,"Full-time · On-site. We are hiring a Mid-level Data Scientist for our EdTech team. The ideal candidate has 3-6 years of experience and is proficient in Python, Pandas, Statistics, NumPy, TensorFlow, Data Visualization, SQL. This is a on-site full-time position focused on delivering high-quality data & ai work."
Intern NLP Engineer,Data & AI,Deep Learning; Machine Learning; Python; Transformers; spaCy; Text Mining,Intern,"Contract · Remote. We are hiring a Intern NLP Engineer for our Fintech team. The ideal candidate has 0-1 years of experience and is proficient in Deep Learning, Machine Learning, Python, Transformers, spaCy, Text Mining. This is a remote contract position focused on delivering high-quality data & ai work."
Lead Data Engineer,Data & AI,Hadoop; Airflow; AWS; ETL; Spark; Python; Data Modeling,Lead,"Internship · Hybrid. We are hiring a Lead Data Engineer for our Enterprise team. The ideal candidate has 8-14 years of experience and is proficient in Hadoop, Airflow, AWS, ETL, Spark, Python, Data Modeling. This is a hybrid internship position focused on delivering high-quality data & ai work."
Lead AI Researcher,Data & AI,TensorFlow; Deep Learning; Reinforcement Learning; Research; Python,Lead,"Internship · Hybrid. We are hiring a Lead AI Researcher for our Enterprise team. The ideal candidate has 8-14 years of experience and is proficient in TensorFlow, Deep Learning, Reinforcement Learning, Research, Python. This is a hybrid internship position focused on delivering high-quality data & ai work."
Senior NLP Engineer,Data & AI,spaCy; Python; Deep Learning; Tokenization; Text Mining,Senior,"Contract · On-site. We are hiring a Senior NLP Engineer for our Healthcare team. The ideal candidate has 6-10 years of experience and is proficient in spaCy, Python, Deep Learning, Tokenization, Text Mining. This is a on-site contract position focused on delivering high-quality data & ai work."
Lead Machine Learning Engineer,Data & AI,Deep Learning; PyTorch; Machine Learning; Scikit-learn; Docker,Lead,"Internship · Hybrid. We are hiring a Lead Machine Learning Engineer for our E-commerce team. The ideal candidate has 8-14 years of experience and is proficient in Deep Learning, PyTorch, Machine Learning, Scikit-learn, Docker. This is a hybrid internship position focused on delivering high-quality data & ai work."
Intern Data Analyst,Data & AI,Reporting; Statistics; Power BI; Python; Tableau,Intern,"Full-time · Remote. We are hiring a Intern Data Analyst for our Enterprise team. The ideal candidate has 0-1 years of experience and is proficient in Reporting, Statistics, Power BI, Python, Tableau. This is a remote full-time position focused on delivering high-quality data & ai work."
Principal Business Intelligence Analyst,Data & AI,Data Warehousing; DAX; ETL; Excel; Dashboards; Reporting; Power BI,Principal,"Contract · Remote. We are hiring a Principal Business Intelligence Analyst for our Fintech team. The ideal candidate has 12-20 years of experience and is proficient in Data Warehousing, DAX, ETL, Excel, Dashboards, Reporting, Power BI. This is a remote contract position focused on delivering high-quality data & ai work."
Mid-level Computer Vision Engineer,Data & AI,Machine Learning; CUDA; PyTorch; Python; C++; CNN,Mid-level,"Full-time · On-site. We are hiring a Mid-level Computer Vision Engineer for our EdTech team. The ideal candidate has 3-6 years of experience and is proficient in Machine Learning, CUDA, PyTorch, Python, C++, CNN. This is a on-site full-time position focused on delivering high-quality data & ai work."
Senior Data Analyst,Data & AI,Pandas; SQL; Data Cleaning; Excel; Power BI; Reporting,Senior,"Contract · On-site. We are hiring a Senior Data Analyst for our Healthcare team. The ideal candidate has 6-10 years of experience and is proficient in Pandas, SQL, Data Cleaning, Excel, Power BI, Reporting. This is a on-site contract position focused on delivering high-quality data & ai work."
Principal Machine Learning Engineer,Data & AI,MLOps; SQL; Python; TensorFlow; Machine Learning; Scikit-learn; PyTorch,Principal,"Full-time · Hybrid. We are hiring a Principal Machine Learning Engineer for our SaaS team. The ideal candidate has 12-20 years of experience and is proficient in MLOps, SQL, Python, TensorFlow, Machine Learning, Scikit-learn, PyTorch. This is a hybrid full-time position focused on delivering high-quality data & ai work."
Mid-level Data Engineer,Data & AI,Python; Hadoop; Snowflake; SQL; Data Modeling,Mid-level,"Full-time · Remote. We are hiring a Mid-level Data Engineer for our SaaS team. The ideal candidate has 3-6 years of experience and is proficient in Python, Hadoop, Snowflake, SQL, Data Modeling. This is a remote full-time position focused on delivering high-quality data & ai work."
Principal NLP Engineer,Data & AI,Text Mining; BERT; Python; Machine Learning; Tokenization; Deep Learning,Principal,"Internship · On-site. We are hiring a Principal NLP Engineer for our E-commerce team. The ideal candidate has 12-20 years of experience and is proficient in Text Mining, BERT, Python, Machine Learning, Tokenization, Deep Learning. This is a on-site internship position focused on delivering high-quality data & ai work."
Junior Data Engineer,Data & AI,ETL; Kafka; Snowflake; Data Modeling; Airflow; SQL,Junior,"Contract · On-site. We are hiring a Junior Data Engineer for our E-commerce team. The ideal candidate has 1-3 years of experience and is proficient in ETL, Kafka, Snowflake, Data Modeling, Airflow, SQL. This is a on-site contract position focused on delivering high-quality data & ai work."
Junior Business Intelligence Analyst,Data & AI,Power BI; SQL; Python; Dashboards; Data Warehousing,Junior,"Full-time · Remote. We are hiring a Junior Business Intelligence Analyst for our EdTech team. The ideal candidate has 1-3 years of experience and is proficient in Power BI, SQL, Python, Dashboards, Data Warehousing. This is a remote full-time position focused on delivering high-quality data & ai work."
Principal AI Researcher,Data & AI,Research; Machine Learning; Publications; TensorFlow; NLP; PyTorch,Principal,"Contract · On-site. We are hiring a Principal AI Researcher for our Fintech team. The ideal candidate has 12-20 years of experience and is proficient in Research, Machine Learning, Publications, TensorFlow, NLP, PyTorch. This is a on-site contract position focused on delivering high-quality data & ai work."
Senior Business Intelligence Analyst,Data & AI,Power BI; Python; Excel; SQL; Data Warehousing,Senior,"Contract · On-site. We are hiring a Senior Business Intelligence Analyst for our Enterprise team. The ideal candidate has 6-10 years of experience and is proficient in Power BI, Python, Excel, SQL, Data Warehousing. This is a on-site contract position focused on delivering high-quality data & ai work."
Principal NLP Engineer,Data & AI,BERT; Deep Learning; Tokenization; NLP; Python; spaCy; Machine Learning,Principal,"Full-time · On-site. We are hiring a Principal NLP Engineer for our Enterprise team. The ideal candidate has 12-20 years of experience and is proficient in BERT, Deep Learning, Tokenization, NLP, Python, spaCy, Machine Learning. This is a on-site full-time position focused on delivering high-quality data & ai work."
Principal Data Scientist,Data & AI,Pandas; Data Visualization; Jupyter; Statistics; Scikit-learn; Machine Learning,Principal,"Contract · Hybrid. We are hiring a Principal Data Scientist for our Healthcare team. The ideal candidate has 12-20 years of experience and is proficient in Pandas, Data Visualization, Jupyter, Statistics, Scikit-learn, Machine Learning. This is a hybrid contract position focused on delivering high-quality data & ai work."
Junior Business Intelligence Analyst,Data & AI,Python; Excel; Data Warehousing; Power BI; ETL; SQL; Reporting,Junior,"Contract · Hybrid. We are hiring a Junior Business Intelligence Analyst for our Healthcare team. The ideal candidate has 1-3 years of experience and is proficient in Python, Excel, Data Warehousing, Power BI, ETL, SQL, Reporting. This is a hybrid contract position focused on delivering high-quality data & ai work."
Mid-level Machine Learning Engineer,Data & AI,Scikit-learn; SQL; Deep Learning; TensorFlow; PyTorch; Machine Learning; MLOps,Mid-level,"Full-time · Remote. We are hiring a Mid-level Machine Learning Engineer for our Healthcare team. The ideal candidate has 3-6 years of experience and is proficient in Scikit-learn, SQL, Deep Learning, TensorFlow, PyTorch, Machine Learning, MLOps. This is a remote full-time position focused on delivering high-quality data & ai work."
Principal Computer Vision Engineer,Data & AI,PyTorch; Python; Deep Learning; C++; Machine Learning; CUDA,Principal,"Full-time · On-site. We are hiring a Principal Computer Vision Engineer for our Gaming team. The ideal candidate has 12-20 years of experience and is proficient in PyTorch, Python, Deep Learning, C++, Machine Learning, CUDA. This is a on-site full-time position focused on delivering high-quality data & ai work."
Principal AI Researcher,Data & AI,Publications; NLP; Reinforcement Learning; PyTorch; Python; TensorFlow; Deep Learning,Principal,"Internship · Hybrid. We are hiring a Principal AI Researcher for our Fintech team. The ideal candidate has 12-20 years of experience and is proficient in Publications, NLP, Reinforcement Learning, PyTorch, Python, TensorFlow, Deep Learning. This is a hybrid internship position focused on delivering high-quality data & ai work."
Mid-level Computer Vision Engineer,Data & AI,CUDA; Deep Learning; Image Processing; OpenCV; C++,Mid-level,"Full-time · On-site. We are hiring a Mid-level Computer Vision Engineer for our Fintech team. The ideal candidate has 3-6 years of experience and is proficient in CUDA, Deep Learning, Image Processing, OpenCV, C++. This is a on-site full-time position focused on delivering high-quality data & ai work."
Lead NLP Engineer,Data & AI,Text Mining; PyTorch; BERT; Machine Learning; NLP,Lead,"Internship · On-site. We are hiring a Lead NLP Engineer for our Gaming team. The ideal candidate has 8-14 years of experience and is proficient in Text Mining, PyTorch, BERT, Machine Learning, NLP. This is a on-site internship position focused on delivering high-quality data & ai work."
Intern Data Scientist,Data & AI,Jupyter; Pandas; Python; SQL; Machine Learning; Statistics,Intern,"Full-time · On-site. We are hiring a Intern Data Scientist for our Startup team. The ideal candidate has 0-1 years of experience and is proficient in Jupyter, Pandas, Python, SQL, Machine Learning, Statistics. This is a on-site full-time position focused on delivering high-quality data & ai work."
Principal Machine Learning Engineer,Data & AI,SQL; TensorFlow; Scikit-learn; MLOps; Docker; PyTorch; Model Deployment,Principal,"Full-time · Hybrid. We are hiring a Principal Machine Learning Engineer for our Startup team. The ideal candidate has 12-20 years of experience and is proficient in SQL, TensorFlow, Scikit-learn, MLOps, Docker, PyTorch, Model Deployment. This is a hybrid full-time position focused on delivering high-quality data & ai work."
Intern Computer Vision Engineer,Data & AI,CNN; Deep Learning; CUDA; OpenCV; Machine Learning,Intern,"Internship · Remote. We are hiring a Intern Computer Vision Engineer for our E-commerce team. The ideal candidate has 0-1 years of experience and is proficient in CNN, Deep Learning, CUDA, OpenCV, Machine Learning. This is a remote internship position focused on delivering high-quality data & ai work."
Principal Data Scientist,Data & AI,SQL; TensorFlow; Python; Machine Learning; Data Visualization; NumPy; Jupyter,Principal,"Internship · On-site. We are hiring a Principal Data Scientist for our SaaS team. The ideal candidate has 12-20 years of experience and is proficient in SQL, TensorFlow, Python, Machine Learning, Data Visualization, NumPy, Jupyter. This is a on-site internship position focused on delivering high-quality data & ai work."
Lead AI Researcher,Data & AI,Deep Learning; Research; Publications; Python; Mathematics,Lead,"Full-time · On-site. We are hiring a Lead AI Researcher for our EdTech team. The ideal candidate has 8-14 years of experience and is proficient in Deep Learning, Research, Publications, Python, Mathematics. This is a on-site full-time position focused on delivering high-quality data & ai work."
Mid-level AI Researcher,Data & AI,Deep Learning; Machine Learning; NLP; Research; TensorFlow; Mathematics,Mid-level,"Internship · Hybrid. We are hiring a Mid-level AI Researcher for our Healthcare team. The ideal candidate has 3-6 years of experience and is proficient in Deep Learning, Machine Learning, NLP, Research, TensorFlow, Mathematics. This is a hybrid internship position focused on delivering high-quality data & ai work."
Principal Data Engineer,Data & AI,SQL; ETL; Python; Kafka; AWS,Principal,"Internship · On-site. We are hiring a Principal Data Engineer for our Gaming team. The ideal candidate has 12-20 years of experience and is proficient in SQL, ETL, Python, Kafka, AWS. This is a on-site internship position focused on delivering high-quality data & ai work."
Senior Machine Learning Engineer,Data & AI,SQL; Docker; Deep Learning; Scikit-learn; TensorFlow,Senior,"Full-time · On-site. We are hiring a Senior Machine Learning Engineer for our Fintech team. The ideal candidate has 6-10 years of experience and is proficient in SQL, Docker, Deep Learning, Scikit-learn, TensorFlow. This is a on-site full-time position focused on delivering high-quality data & ai work."
Intern Data Analyst,Data & AI,Excel; Pandas; Python; SQL; Tableau; Power BI,Intern,"Full-time · Remote. We are hiring a Intern Data Analyst for our SaaS team. The ideal candidate has 0-1 years of experience and is proficient in Excel, Pandas, Python, SQL, Tableau, Power BI. This is a remote full-time position focused on delivering high-quality data & ai work."
Lead Data Engineer,Data & AI,Hadoop; AWS; Kafka; Airflow; ETL; SQL,Lead,"Full-time · On-site. We are hiring a Lead Data Engineer for our Fintech team. The ideal candidate has 8-14 years of experience and is proficient in Hadoop, AWS, Kafka, Airflow, ETL, SQL. This is a on-site full-time position focused on delivering high-quality data & ai work."
Principal Data Engineer,Data & AI,SQL; Data Modeling; ETL; Hadoop; Snowflake; Kafka,Principal,"Full-time · Hybrid. We are hiring a Principal Data Engineer for our Gaming team. The ideal candidate has 12-20 years of experience and is proficient in SQL, Data Modeling, ETL, Hadoop, Snowflake, Kafka. This is a hybrid full-time position focused on delivering high-quality data & ai work."
Intern Data Engineer,Data & AI,Spark; Kafka; ETL; SQL; Python,Intern,"Internship · Hybrid. We are hiring a Intern Data Engineer for our Healthcare team. The ideal candidate has 0-1 years of experience and is proficient in Spark, Kafka, ETL, SQL, Python. This is a hybrid internship position focused on delivering high-quality data & ai work."
Senior AI Researcher,Data & AI,NLP; PyTorch; Machine Learning; Publications; Mathematics,Senior,"Contract · On-site. We are hiring a Senior AI Researcher for our Healthcare team. The ideal candidate has 6-10 years of experience and is proficient in NLP, PyTorch, Machine Learning, Publications, Mathematics. This is a on-site contract position focused on delivering high-quality data & ai work."
Intern Computer Vision Engineer,Data & AI,OpenCV; Python; CNN; C++; PyTorch,Intern,"Contract · On-site. We are hiring a Intern Computer Vision Engineer for our SaaS team. The ideal candidate has 0-1 years of experience and is proficient in OpenCV, Python, CNN, C++, PyTorch. This is a on-site contract position focused on delivering high-quality data & ai work."
Senior NLP Engineer,Data & AI,Machine Learning; Python; spaCy; PyTorch; Transformers,Senior,"Contract · On-site. We are hiring a Senior NLP Engineer for our Startup team. The ideal candidate has 6-10 years of experience and is proficient in Machine Learning, Python, spaCy, PyTorch, Transformers. This is a on-site contract position focused on delivering high-quality data & ai work."
Lead AI Researcher,Data & AI,Machine Learning; PyTorch; Reinforcement Learning; Publications; NLP,Lead,"Contract · On-site. We are hiring a Lead AI Researcher for our EdTech team. The ideal candidate has 8-14 years of experience and is proficient in Machine Learning, PyTorch, Reinforcement Learning, Publications, NLP. This is a on-site contract position focused on delivering high-quality data & ai work."
Intern AI Researcher,Data & AI,PyTorch; Mathematics; Machine Learning; Deep Learning; NLP,Intern,"Internship · Remote. We are hiring a Intern AI Researcher for our Startup team. The ideal candidate has 0-1 years of experience and is proficient in PyTorch, Mathematics, Machine Learning, Deep Learning, NLP. This is a remote internship position focused on delivering high-quality data & ai work."
Junior Machine Learning Engineer,Data & AI,Deep Learning; Docker; Python; Scikit-learn; SQL; Model Deployment,Junior,"Internship · On-site. We are hiring a Junior Machine Learning Engineer for our Healthcare team. The ideal candidate has 1-3 years of experience and is proficient in Deep Learning, Docker, Python, Scikit-learn, SQL, Model Deployment. This is a on-site internship position focused on delivering high-quality data & ai work."
Principal Data Analyst,Data & AI,Data Cleaning; Excel; Reporting; Python; Tableau; SQL; Statistics,Principal,"Full-time · Remote. We are hiring a Principal Data Analyst for our Fintech team. The ideal candidate has 12-20 years of experience and is proficient in Data Cleaning, Excel, Reporting, Python, Tableau, SQL, Statistics. This is a remote full-time position focused on delivering high-quality data & ai work."
Principal Data Engineer,Data & AI,SQL; Airflow; Python; Kafka; Spark,Principal,"Internship · On-site. We are hiring a Principal Data Engineer for our E-commerce team. The ideal candidate has 12-20 years of experience and is proficient in SQL, Airflow, Python, Kafka, Spark. This is a on-site internship position focused on delivering high-quality data & ai work."
Principal Data Scientist,Data & AI,Data Visualization; Statistics; NumPy; Pandas; Python; TensorFlow,Principal,"Internship · On-site. We are hiring a Principal Data Scientist for our Fintech team. The ideal candidate has 12-20 years of experience and is proficient in Data Visualization, Statistics, NumPy, Pandas, Python, TensorFlow. This is a on-site internship position focused on delivering high-quality data & ai work."
Intern Data Analyst,Data & AI,Power BI; Python; Statistics; SQL; Data Cleaning; Tableau,Intern,"Internship · Remote. We are hiring a Intern Data Analyst for our Startup team. The ideal candidate has 0-1 years of experience and is proficient in Power BI, Python, Statistics, SQL, Data Cleaning, Tableau. This is a remote internship position focused on delivering high-quality data & ai work."
Senior Machine Learning Engineer,Data & AI,Model Deployment; PyTorch; Deep Learning; SQL; Machine Learning; Scikit-learn; Python,Senior,"Contract · Remote. We are hiring a Senior Machine Learning Engineer for our SaaS team. The ideal candidate has 6-10 years of experience and is proficient in Model Deployment, PyTorch, Deep Learning, SQL, Machine Learning, Scikit-learn, Python. This is a remote contract position focused on delivering high-quality data & ai work."
Junior Data Engineer,Data & AI,Hadoop; AWS; Snowflake; Spark; Python,Junior,"Full-time · Remote. We are hiring a Junior Data Engineer for our Fintech team. The ideal candidate has 1-3 years of experience and is proficient in Hadoop, AWS, Snowflake, Spark, Python. This is a remote full-time position focused on delivering high-quality data & ai work."
Senior Business Intelligence Analyst,Data & AI,Reporting; SQL; Power BI; Dashboards; DAX; Excel; Python,Senior,"Full-time · On-site. We are hiring a Senior Business Intelligence Analyst for our Enterprise team. The ideal candidate has 6-10 years of experience and is proficient in Reporting, SQL, Power BI, Dashboards, DAX, Excel, Python. This is a on-site full-time position focused on delivering high-quality data & ai work."
Senior Machine Learning Engineer,Data & AI,Machine Learning; MLOps; TensorFlow; SQL; PyTorch; Model Deployment; Docker,Senior,"Full-time · On-site. We are hiring a Senior Machine Learning Engineer for our Healthcare team. The ideal candidate has 6-10 years of experience and is proficient in Machine Learning, MLOps, TensorFlow, SQL, PyTorch, Model Deployment, Docker. This is a on-site full-time position focused on delivering high-quality data & ai work."
Mid-level Computer Vision Engineer,Data & AI,Deep Learning; OpenCV; CNN; PyTorch; CUDA; Python,Mid-level,"Internship · Remote. We are hiring a Mid-level Computer Vision Engineer for our E-commerce team. The ideal candidate has 3-6 years of experience and is proficient in Deep Learning, OpenCV, CNN, PyTorch, CUDA, Python. This is a remote internship position focused on delivering high-quality data & ai work."
Junior AI Researcher,Data & AI,Machine Learning; Reinforcement Learning; Mathematics; PyTorch; Python,Junior,"Contract · Hybrid. We are hiring a Junior AI Researcher for our Healthcare team. The ideal candidate has 1-3 years of experience and is proficient in Machine Learning, Reinforcement Learning, Mathematics, PyTorch, Python. This is a hybrid contract position focused on delivering high-quality data & ai work."
Senior NLP Engineer,Data & AI,Transformers; Deep Learning; Machine Learning; NLP; BERT; PyTorch,Senior,"Internship · Remote. We are hiring a Senior NLP Engineer for our Gaming team. The ideal candidate has 6-10 years of experience and is proficient in Transformers, Deep Learning, Machine Learning, NLP, BERT, PyTorch. This is a remote internship position focused on delivering high-quality data & ai work."
Principal Data Scientist,Data & AI,Scikit-learn; Python; NumPy; Data Visualization; Machine Learning; Pandas,Principal,"Contract · Remote. We are hiring a Principal Data Scientist for our Fintech team. The ideal candidate has 12-20 years of experience and is proficient in Scikit-learn, Python, NumPy, Data Visualization, Machine Learning, Pandas. This is a remote contract position focused on delivering high-quality data & ai work."
Lead Data Analyst,Data & AI,Excel; Reporting; Tableau; Power BI; Statistics; Python,Lead,"Contract · Remote. We are hiring a Lead Data Analyst for our E-commerce team. The ideal candidate has 8-14 years of experience and is proficient in Excel, Reporting, Tableau, Power BI, Statistics, Python. This is a remote contract position focused on delivering high-quality data & ai work."
Lead Data Scientist,Data & AI,Scikit-learn; Machine Learning; TensorFlow; SQL; NumPy,Lead,"Internship · On-site. We are hiring a Lead Data Scientist for our Healthcare team. The ideal candidate has 8-14 years of experience and is proficient in Scikit-learn, Machine Learning, TensorFlow, SQL, NumPy. This is a on-site internship position focused on delivering high-quality data & ai work."
Junior Business Intelligence Analyst,Data & AI,Data Warehousing; DAX; Excel; Python; ETL; Tableau; SQL,Junior,"Internship · Remote. We are hiring a Junior Business Intelligence Analyst for our EdTech team. The ideal candidate has 1-3 years of experience and is proficient in Data Warehousing, DAX, Excel, Python, ETL, Tableau, SQL. This is a remote internship position focused on delivering high-quality data & ai work."
Intern Computer Vision Engineer,Data & AI,PyTorch; Python; CUDA; CNN; Deep Learning; C++,Intern,"Contract · Remote. We are hiring a Intern Computer Vision Engineer for our EdTech team. The ideal candidate has 0-1 years of experience and is proficient in PyTorch, Python, CUDA, CNN, Deep Learning, C++. This is a remote contract position focused on delivering high-quality data & ai work."
Mid-level AI Researcher,Data & AI,Mathematics; Machine Learning; TensorFlow; Python; Research; Deep Learning,Mid-level,"Full-time · On-site. We are hiring a Mid-level AI Researcher for our E-commerce team. The ideal candidate has 3-6 years of experience and is proficient in Mathematics, Machine Learning, TensorFlow, Python, Research, Deep Learning. This is a on-site full-time position focused on delivering high-quality data & ai work."
Intern AI Researcher,Data & AI,NLP; Machine Learning; Reinforcement Learning; Mathematics; Research,Intern,"Internship · Remote. We are hiring a Intern AI Researcher for our Fintech team. The ideal candidate has 0-1 years of experience and is proficient in NLP, Machine Learning, Reinforcement Learning, Mathematics, Research. This is a remote internship position focused on delivering high-quality data & ai work."
Mid-level Machine Learning Engineer,Data & AI,Machine Learning; Model Deployment; Scikit-learn; Python; TensorFlow,Mid-level,"Contract · On-site. We are hiring a Mid-level Machine Learning Engineer for our SaaS team. The ideal candidate has 3-6 years of experience and is proficient in Machine Learning, Model Deployment, Scikit-learn, Python, TensorFlow. This is a on-site contract position focused on delivering high-quality data & ai work."
Lead NLP Engineer,Data & AI,Python; Tokenization; Transformers; spaCy; PyTorch; Machine Learning,Lead,"Contract · On-site. We are hiring a Lead NLP Engineer for our SaaS team. The ideal candidate has 8-14 years of experience and is proficient in Python, Tokenization, Transformers, spaCy, PyTorch, Machine Learning. This is a on-site contract position focused on delivering high-quality data & ai work."
Senior Data Scientist,Data & AI,Data Visualization; Machine Learning; NumPy; Scikit-learn; Python,Senior,"Contract · Remote. We are hiring a Senior Data Scientist for our Enterprise team. The ideal candidate has 6-10 years of experience and is proficient in Data Visualization, Machine Learning, NumPy, Scikit-learn, Python. This is a remote contract position focused on delivering high-quality data & ai work."
Principal Data Analyst,Data & AI,Reporting; Data Cleaning; Statistics; Pandas; A/B Testing; Excel,Principal,"Contract · Hybrid. We are hiring a Principal Data Analyst for our EdTech team. The ideal candidate has 12-20 years of experience and is proficient in Reporting, Data Cleaning, Statistics, Pandas, A/B Testing, Excel. This is a hybrid contract position focused on delivering high-quality data & ai work."
Lead Data Analyst,Data & AI,Data Cleaning; Reporting; Tableau; SQL; A/B Testing; Power BI; Python,Lead,"Internship · Hybrid. We are hiring a Lead Data Analyst for our Healthcare team. The ideal candidate has 8-14 years of experience and is proficient in Data Cleaning, Reporting, Tableau, SQL, A/B Testing, Power BI, Python. This is a hybrid internship position focused on delivering high-quality data & ai work."
Principal Data Scientist,Data & AI,SQL; Python; NumPy; TensorFlow; Jupyter; Machine Learning; Scikit-learn,Principal,"Full-time · Hybrid. We are hiring a Principal Data Scientist for our Startup team. The ideal candidate has 12-20 years of experience and is proficient in SQL, Python, NumPy, TensorFlow, Jupyter, Machine Learning, Scikit-learn. This is a hybrid full-time position focused on delivering high-quality data & ai work."
Senior Computer Vision Engineer,Data & AI,Python; Deep Learning; OpenCV; CUDA; Machine Learning; TensorFlow,Senior,"Contract · Hybrid. We are hiring a Senior Computer Vision Engineer for our Fintech team. The ideal candidate has 6-10 years of experience and is proficient in Python, Deep Learning, OpenCV, CUDA, Machine Learning, TensorFlow. This is a hybrid contract position focused on delivering high-quality data & ai work."
Principal Computer Vision Engineer,Data & AI,Python; Machine Learning; Deep Learning; CNN; Image Processing,Principal,"Contract · On-site. We are hiring a Principal Computer Vision Engineer for our Gaming team. The ideal candidate has 12-20 years of experience and is proficient in Python, Machine Learning, Deep Learning, CNN, Image Processing. This is a on-site contract position focused on delivering high-quality data & ai work."
Lead Data Engineer,Data & AI,Kafka; AWS; SQL; ETL; Spark; Data Modeling,Lead,"Contract · Remote. We are hiring a Lead Data Engineer for our Gaming team. The ideal candidate has 8-14 years of experience and is proficient in Kafka, AWS, SQL, ETL, Spark, Data Modeling. This is a remote contract position focused on delivering high-quality data & ai work."
Senior NLP Engineer,Data & AI,PyTorch; Transformers; Machine Learning; Tokenization; Deep Learning; spaCy; BERT,Senior,"Contract · Remote. We are hiring a Senior NLP Engineer for our Healthcare team. The ideal candidate has 6-10 years of experience and is proficient in PyTorch, Transformers, Machine Learning, Tokenization, Deep Learning, spaCy, BERT. This is a remote contract position focused on delivering high-quality data & ai work."
Mid-level Data Analyst,Data & AI,Data Cleaning; Reporting; SQL; Excel; Python; Power BI; Pandas,Mid-level,"Internship · On-site. We are hiring a Mid-level Data Analyst for our Enterprise team. The ideal candidate has 3-6 years of experience and is proficient in Data Cleaning, Reporting, SQL, Excel, Python, Power BI, Pandas. This is a on-site internship position focused on delivering high-quality data & ai work."
Intern Machine Learning Engineer,Data & AI,Python; PyTorch; Machine Learning; Scikit-learn; TensorFlow; Docker,Intern,"Contract · Hybrid. We are hiring a Intern Machine Learning Engineer for our Startup team. The ideal candidate has 0-1 years of experience and is proficient in Python, PyTorch, Machine Learning, Scikit-learn, TensorFlow, Docker. This is a hybrid contract position focused on delivering high-quality data & ai work."
Lead Data Scientist,Data & AI,SQL; NumPy; Machine Learning; Jupyter; Python,Lead,"Full-time · On-site. We are hiring a Lead Data Scientist for our Enterprise team. The ideal candidate has 8-14 years of experience and is proficient in SQL, NumPy, Machine Learning, Jupyter, Python. This is a on-site full-time position focused on delivering high-quality data & ai work."
Lead AI Researcher,Data & AI,TensorFlow; NLP; Deep Learning; Research; PyTorch; Python,Lead,"Internship · On-site. We are hiring a Lead AI Researcher for our Gaming team. The ideal candidate has 8-14 years of experience and is proficient in TensorFlow, NLP, Deep Learning, Research, PyTorch, Python. This is a on-site internship position focused on delivering high-quality data & ai work."
Senior Computer Vision Engineer,Data & AI,TensorFlow; CNN; C++; Deep Learning; Python; CUDA,Senior,"Internship · Remote. We are hiring a Senior Computer Vision Engineer for our Enterprise team. The ideal candidate has 6-10 years of experience and is proficient in TensorFlow, CNN, C++, Deep Learning, Python, CUDA. This is a remote internship position focused on delivering high-quality data & ai work."
Senior AI Researcher,Data & AI,Python; TensorFlow; Machine Learning; PyTorch; NLP,Senior,"Contract · On-site. We are hiring a Senior AI Researcher for our Fintech team. The ideal candidate has 6-10 years of experience and is proficient in Python, TensorFlow, Machine Learning, PyTorch, NLP. This is a on-site contract position focused on delivering high-quality data & ai work."
Lead Data Scientist,Data & AI,Python; Jupyter; Data Visualization; Scikit-learn; Machine Learning; TensorFlow,Lead,"Contract · On-site. We are hiring a Lead Data Scientist for our EdTech team. The ideal candidate has 8-14 years of experience and is proficient in Python, Jupyter, Data Visualization, Scikit-learn, Machine Learning, TensorFlow. This is a on-site contract position focused on delivering high-quality data & ai work."
Junior Machine Learning Engineer,Data & AI,Model Deployment; PyTorch; MLOps; Docker; TensorFlow,Junior,"Full-time · Remote. We are hiring a Junior Machine Learning Engineer for our EdTech team. The ideal candidate has 1-3 years of experience and is proficient in Model Deployment, PyTorch, MLOps, Docker, TensorFlow. This is a remote full-time position focused on delivering high-quality data & ai work."
Senior Data Engineer,Data & AI,Data Modeling; Airflow; Python; ETL; Spark; Kafka; Hadoop,Senior,"Contract · On-site. We are hiring a Senior Data Engineer for our EdTech team. The ideal candidate has 6-10 years of experience and is proficient in Data Modeling, Airflow, Python, ETL, Spark, Kafka, Hadoop. This is a on-site contract position focused on delivering high-quality data & ai work."
Principal NLP Engineer,Data & AI,Deep Learning; Transformers; PyTorch; Machine Learning; Tokenization; spaCy,Principal,"Contract · Hybrid. We are hiring a Principal NLP Engineer for our SaaS team. The ideal candidate has 12-20 years of experience and is proficient in Deep Learning, Transformers, PyTorch, Machine Learning, Tokenization, spaCy. This is a hybrid contract position focused on delivering high-quality data & ai work."
Mid-level Data Scientist,Data & AI,Data Visualization; Pandas; Machine Learning; TensorFlow; NumPy,Mid-level,"Contract · Hybrid. We are hiring a Mid-level Data Scientist for our E-commerce team. The ideal candidate has 3-6 years of experience and is proficient in Data Visualization, Pandas, Machine Learning, TensorFlow, NumPy. This is a hybrid contract position focused on delivering high-quality data & ai work."
Mid-level Data Analyst,Data & AI,Data Cleaning; Tableau; Statistics; SQL; Python; Pandas; A/B Testing,Mid-level,"Full-time · Remote. We are hiring a Mid-level Data Analyst for our SaaS team. The ideal candidate has 3-6 years of experience and is proficient in Data Cleaning, Tableau, Statistics, SQL, Python, Pandas, A/B Testing. This is a remote full-time position focused on delivering high-quality data & ai work."
Principal AI Researcher,Data & AI,Python; Deep Learning; Machine Learning; Mathematics; PyTorch; Reinforcement Learning,Principal,"Contract · Remote. We are hiring a Principal AI Researcher for our E-commerce team. The ideal candidate has 12-20 years of experience and is proficient in Python, Deep Learning, Machine Learning, Mathematics, PyTorch, Reinforcement Learning. This is a remote contract position focused on delivering high-quality data & ai work."
Senior Computer Vision Engineer,Data & AI,CUDA; Deep Learning; C++; PyTorch; CNN; Image Processing,Senior,"Contract · On-site. We are hiring a Senior Computer Vision Engineer for our SaaS team. The ideal candidate has 6-10 years of experience and is proficient in CUDA, Deep Learning, C++, PyTorch, CNN, Image Processing. This is a on-site contract position focused on delivering high-quality data & ai work."
Senior Business Intelligence Analyst,Data & AI,Tableau; Python; Data Warehousing; Excel; DAX; SQL; Power BI,Senior,"Internship · On-site. We are hiring a Senior Business Intelligence Analyst for our E-commerce team. The ideal candidate has 6-10 years of experience and is proficient in Tableau, Python, Data Warehousing, Excel, DAX, SQL, Power BI. This is a on-site internship position focused on delivering high-quality data & ai work."
Principal AI Researcher,Data & AI,Python; Mathematics; Deep Learning; Research; NLP; Machine Learning; Publications,Principal,"Internship · Hybrid. We are hiring a Principal AI Researcher for our Enterprise team. The ideal candidate has 12-20 years of experience and is proficient in Python, Mathematics, Deep Learning, Research, NLP, Machine Learning, Publications. This is a hybrid internship position focused on delivering high-quality data & ai work."
Junior NLP Engineer,Data & AI,spaCy; NLP; Transformers; Tokenization; Text Mining; Python; BERT,Junior,"Full-time · Hybrid. We are hiring a Junior NLP Engineer for our Fintech team. The ideal candidate has 1-3 years of experience and is proficient in spaCy, NLP, Transformers, Tokenization, Text Mining, Python, BERT. This is a hybrid full-time position focused on delivering high-quality data & ai work."
Junior AI Researcher,Data & AI,PyTorch; Reinforcement Learning; Python; Mathematics; Publications; Deep Learning,Junior,"Internship · Hybrid. We are hiring a Junior AI Researcher for our Enterprise team. The ideal candidate has 1-3 years of experience and is proficient in PyTorch, Reinforcement Learning, Python, Mathematics, Publications, Deep Learning. This is a hybrid internship position focused on delivering high-quality data & ai work."
Senior Business Intelligence Analyst,Data & AI,DAX; SQL; Data Warehousing; Excel; ETL; Tableau; Python,Senior,"Contract · Hybrid. We are hiring a Senior Business Intelligence Analyst for our EdTech team. The ideal candidate has 6-10 years of experience and is proficient in DAX, SQL, Data Warehousing, Excel, ETL, Tableau, Python. This is a hybrid contract position focused on delivering high-quality data & ai work."
Senior Business Intelligence Analyst,Data & AI,Excel; Dashboards; ETL; Data Warehousing; Tableau,Senior,"Internship · Hybrid. We are hiring a Senior Business Intelligence Analyst for our Startup team. The ideal candidate has 6-10 years of experience and is proficient in Excel, Dashboards, ETL, Data Warehousing, Tableau. This is a hybrid internship position focused on delivering high-quality data & ai work."
Senior NLP Engineer,Data & AI,Machine Learning; Deep Learning; Tokenization; NLP; BERT; PyTorch,Senior,"Contract · Hybrid. We are hiring a Senior NLP Engineer for our E-commerce team. The ideal candidate has 6-10 years of experience and is proficient in Machine Learning, Deep Learning, Tokenization, NLP, BERT, PyTorch. This is a hybrid contract position focused on delivering high-quality data & ai work."
Principal Data Engineer,Data & AI,Data Modeling; Airflow; ETL; Hadoop; SQL; Python,Principal,"Full-time · Hybrid. We are hiring a Principal Data Engineer for our Healthcare team. The ideal candidate has 12-20 years of experience and is proficient in Data Modeling, Airflow, ETL, Hadoop, SQL, Python. This is a hybrid full-time position focused on delivering high-quality data & ai work."
Lead Machine Learning Engineer,Data & AI,TensorFlow; Machine Learning; Docker; Model Deployment; Python; Scikit-learn,Lead,"Internship · On-site. We are hiring a Lead Machine Learning Engineer for our Fintech team. The ideal candidate has 8-14 years of experience and is proficient in TensorFlow, Machine Learning, Docker, Model Deployment, Python, Scikit-learn. This is a on-site internship position focused on delivering high-quality data & ai work."
Mid-level Data Scientist,Data & AI,Pandas; Data Visualization; Jupyter; Machine Learning; NumPy; Python,Mid-level,"Contract · Hybrid. We are hiring a Mid-level Data Scientist for our Gaming team. The ideal candidate has 3-6 years of experience and is proficient in Pandas, Data Visualization, Jupyter, Machine Learning, NumPy, Python. This is a hybrid contract position focused on delivering high-quality data & ai work."
Principal Business Intelligence Analyst,Data & AI,Python; SQL; Power BI; Excel; Reporting; DAX,Principal,"Internship · Remote. We are hiring a Principal Business Intelligence Analyst for our EdTech team. The ideal candidate has 12-20 years of experience and is proficient in Python, SQL, Power BI, Excel, Reporting, DAX. This is a remote internship position focused on delivering high-quality data & ai work."
Intern NLP Engineer,Data & AI,spaCy; NLP; Text Mining; PyTorch; BERT; Python; Machine Learning,Intern,"Internship · Hybrid. We are hiring a Intern NLP Engineer for our EdTech team. The ideal candidate has 0-1 years of experience and is proficient in spaCy, NLP, Text Mining, PyTorch, BERT, Python, Machine Learning. This is a hybrid internship position focused on delivering high-quality data & ai work."
Mid-level Computer Vision Engineer,Data & AI,Deep Learning; C++; TensorFlow; OpenCV; PyTorch,Mid-level,"Contract · Remote. We are hiring a Mid-level Computer Vision Engineer for our E-commerce team. The ideal candidate has 3-6 years of experience and is proficient in Deep Learning, C++, TensorFlow, OpenCV, PyTorch. This is a remote contract position focused on delivering high-quality data & ai work."
Junior Computer Vision Engineer,Data & AI,Python; Deep Learning; OpenCV; CUDA; C++; PyTorch,Junior,"Contract · Remote. We are hiring a Junior Computer Vision Engineer for our Gaming team. The ideal candidate has 1-3 years of experience and is proficient in Python, Deep Learning, OpenCV, CUDA, C++, PyTorch. This is a remote contract position focused on delivering high-quality data & ai work."
Principal Data Scientist,Data & AI,SQL; Data Visualization; TensorFlow; Python; Statistics,Principal,"Contract · Hybrid. We are hiring a Principal Data Scientist for our Startup team. The ideal candidate has 12-20 years of experience and is proficient in SQL, Data Visualization, TensorFlow, Python, Statistics. This is a hybrid contract position focused on delivering high-quality data & ai work."
Senior Data Engineer,Data & AI,Snowflake; Kafka; Hadoop; SQL; AWS; Airflow; Data Modeling,Senior,"Full-time · On-site. We are hiring a Senior Data Engineer for our Gaming team. The ideal candidate has 6-10 years of experience and is proficient in Snowflake, Kafka, Hadoop, SQL, AWS, Airflow, Data Modeling. This is a on-site full-time position focused on delivering high-quality data & ai work."
Senior Data Engineer,Data & AI,Airflow; ETL; AWS; Kafka; Data Modeling,Senior,"Contract · On-site. We are hiring a Senior Data Engineer for our Startup team. The ideal candidate has 6-10 years of experience and is proficient in Airflow, ETL, AWS, Kafka, Data Modeling. This is a on-site contract position focused on delivering high-quality data & ai work."
Senior NLP Engineer,Data & AI,BERT; Transformers; Python; NLP; Tokenization; Text Mining,Senior,"Full-time · Remote. We are hiring a Senior NLP Engineer for our Healthcare team. The ideal candidate has 6-10 years of experience and is proficient in BERT, Transformers, Python, NLP, Tokenization, Text Mining. This is a remote full-time position focused on delivering high-quality data & ai work."
Senior Data Analyst,Data & AI,Pandas; Tableau; Power BI; SQL; Python,Senior,"Contract · Hybrid. We are hiring a Senior Data Analyst for our SaaS team. The ideal candidate has 6-10 years of experience and is proficient in Pandas, Tableau, Power BI, SQL, Python. This is a hybrid contract position focused on delivering high-quality data & ai work."
Intern Data Analyst,Data & AI,Pandas; SQL; Power BI; Excel; Statistics; Reporting; Python,Intern,"Contract · Remote. We are hiring a Intern Data Analyst for our SaaS team. The ideal candidate has 0-1 years of experience and is proficient in Pandas, SQL, Power BI, Excel, Statistics, Reporting, Python. This is a remote contract position focused on delivering high-quality data & ai work."
Senior Data Engineer,Data & AI,AWS; ETL; Snowflake; Spark; Hadoop; SQL; Python,Senior,"Internship · Remote. We are hiring a Senior Data Engineer for our Fintech team. The ideal candidate has 6-10 years of experience and is proficient in AWS, ETL, Snowflake, Spark, Hadoop, SQL, Python. This is a remote internship position focused on delivering high-quality data & ai work."
Intern NLP Engineer,Data & AI,Machine Learning; Text Mining; Transformers; spaCy; Python,Intern,"Contract · Hybrid. We are hiring a Intern NLP Engineer for our Startup team. The ideal candidate has 0-1 years of experience and is proficient in Machine Learning, Text Mining, Transformers, spaCy, Python. This is a hybrid contract position focused on delivering high-quality data & ai work."
Intern AI Researcher,Data & AI,Research; Reinforcement Learning; Python; Machine Learning; Deep Learning; Publications; Mathematics,Intern,"Contract · Remote. We are hiring a Intern AI Researcher for our Healthcare team. The ideal candidate has 0-1 years of experience and is proficient in Research, Reinforcement Learning, Python, Machine Learning, Deep Learning, Publications, Mathematics. This is a remote contract position focused on delivering high-quality data & ai work."
Senior Computer Vision Engineer,Data & AI,Python; Machine Learning; PyTorch; C++; TensorFlow,Senior,"Contract · On-site. We are hiring a Senior Computer Vision Engineer for our Fintech team. The ideal candidate has 6-10 years of experience and is proficient in Python, Machine Learning, PyTorch, C++, TensorFlow. This is a on-site contract position focused on delivering high-quality data & ai work."
Intern Business Intelligence Analyst,Data & AI,Tableau; Data Warehousing; Python; DAX; Reporting; Excel; ETL,Intern,"Full-time · Remote. We are hiring a Intern Business Intelligence Analyst for our Enterprise team. The ideal candidate has 0-1 years of experience and is proficient in Tableau, Data Warehousing, Python, DAX, Reporting, Excel, ETL. This is a remote full-time position focused on delivering high-quality data & ai work."
Senior Data Engineer,Data & AI,AWS; Snowflake; Kafka; Python; SQL; Airflow; Spark,Senior,"Full-time · On-site. We are hiring a Senior Data Engineer for our E-commerce team. The ideal candidate has 6-10 years of experience and is proficient in AWS, Snowflake, Kafka, Python, SQL, Airflow, Spark. This is a on-site full-time position focused on delivering high-quality data & ai work."
Mid-level Data Scientist,Data & AI,SQL; NumPy; Python; Jupyter; Machine Learning,Mid-level,"Full-time · Hybrid. We are hiring a Mid-level Data Scientist for our Startup team. The ideal candidate has 3-6 years of experience and is proficient in SQL, NumPy, Python, Jupyter, Machine Learning. This is a hybrid full-time position focused on delivering high-quality data & ai work."
Mid-level Data Analyst,Data & AI,Excel; Data Cleaning; Pandas; SQL; A/B Testing; Reporting,Mid-level,"Internship · Remote. We are hiring a Mid-level Data Analyst for our Enterprise team. The ideal candidate has 3-6 years of experience and is proficient in Excel, Data Cleaning, Pandas, SQL, A/B Testing, Reporting. This is a remote internship position focused on delivering high-quality data & ai work."
Intern Data Analyst,Data & AI,A/B Testing; Pandas; Reporting; Python; Power BI; Data Cleaning; SQL,Intern,"Internship · Hybrid. We are hiring a Intern Data Analyst for our EdTech team. The ideal candidate has 0-1 years of experience and is proficient in A/B Testing, Pandas, Reporting, Python, Power BI, Data Cleaning, SQL. This is a hybrid internship position focused on delivering high-quality data & ai work."
Intern Data Engineer,Data & AI,Airflow; SQL; AWS; Hadoop; Python,Intern,"Full-time · On-site. We are hiring a Intern Data Engineer for our EdTech team. The ideal candidate has 0-1 years of experience and is proficient in Airflow, SQL, AWS, Hadoop, Python. This is a on-site full-time position focused on delivering high-quality data & ai work."
Mid-level Machine Learning Engineer,Data & AI,SQL; PyTorch; Machine Learning; Scikit-learn; Python,Mid-level,"Full-time · Remote. We are hiring a Mid-level Machine Learning Engineer for our EdTech team. The ideal candidate has 3-6 years of experience and is proficient in SQL, PyTorch, Machine Learning, Scikit-learn, Python. This is a remote full-time position focused on delivering high-quality data & ai work."
Lead Data Engineer,Data & AI,Hadoop; Data Modeling; AWS; Snowflake; Airflow,Lead,"Contract · Remote. We are hiring a Lead Data Engineer for our E-commerce team. The ideal candidate has 8-14 years of experience and is proficient in Hadoop, Data Modeling, AWS, Snowflake, Airflow. This is a remote contract position focused on delivering high-quality data & ai work."
Principal Computer Vision Engineer,Data & AI,Machine Learning; PyTorch; Python; CUDA; CNN; Deep Learning; OpenCV,Principal,"Full-time · On-site. We are hiring a Principal Computer Vision Engineer for our EdTech team. The ideal candidate has 12-20 years of experience and is proficient in Machine Learning, PyTorch, Python, CUDA, CNN, Deep Learning, OpenCV. This is a on-site full-time position focused on delivering high-quality data & ai work."
Principal Data Analyst,Data & AI,Data Cleaning; Python; Pandas; Statistics; SQL; Power BI,Principal,"Contract · Remote. We are hiring a Principal Data Analyst for our Healthcare team. The ideal candidate has 12-20 years of experience and is proficient in Data Cleaning, Python, Pandas, Statistics, SQL, Power BI. This is a remote contract position focused on delivering high-quality data & ai work."
Mid-level Machine Learning Engineer,Data & AI,Python; MLOps; Deep Learning; Machine Learning; Model Deployment,Mid-level,"Full-time · On-site. We are hiring a Mid-level Machine Learning Engineer for our SaaS team. The ideal candidate has 3-6 years of experience and is proficient in Python, MLOps, Deep Learning, Machine Learning, Model Deployment. This is a on-site full-time position focused on delivering high-quality data & ai work."
Junior NLP Engineer,Data & AI,Transformers; Text Mining; PyTorch; Python; Deep Learning,Junior,"Contract · Hybrid. We are hiring a Junior NLP Engineer for our EdTech team. The ideal candidate has 1-3 years of experience and is proficient in Transformers, Text Mining, PyTorch, Python, Deep Learning. This is a hybrid contract position focused on delivering high-quality data & ai work."
Mid-level Data Scientist,Data & AI,SQL; NumPy; Statistics; Jupyter; Pandas; Scikit-learn; Python,Mid-level,"Contract · Remote. We are hiring a Mid-level Data Scientist for our Fintech team. The ideal candidate has 3-6 years of experience and is proficient in SQL, NumPy, Statistics, Jupyter, Pandas, Scikit-learn, Python. This is a remote contract position focused on delivering high-quality data & ai work."
Mid-level Data Analyst,Data & AI,SQL; Pandas; Reporting; A/B Testing; Tableau; Python; Data Cleaning,Mid-level,"Internship · Remote. We are hiring a Mid-level Data Analyst for our EdTech team. The ideal candidate has 3-6 years of experience and is proficient in SQL, Pandas, Reporting, A/B Testing, Tableau, Python, Data Cleaning. This is a remote internship position focused on delivering high-quality data & ai work."
Mid-level Data Analyst,Data & AI,Tableau; Data Cleaning; Pandas; A/B Testing; Reporting; Power BI,Mid-level,"Full-time · Hybrid. We are hiring a Mid-level Data Analyst for our Gaming team. The ideal candidate has 3-6 years of experience and is proficient in Tableau, Data Cleaning, Pandas, A/B Testing, Reporting, Power BI. This is a hybrid full-time position focused on delivering high-quality data & ai work."
Senior Data Engineer,Data & AI,Spark; Python; SQL; ETL; Data Modeling; Kafka,Senior,"Internship · Remote. We are hiring a Senior Data Engineer for our EdTech team. The ideal candidate has 6-10 years of experience and is proficient in Spark, Python, SQL, ETL, Data Modeling, Kafka. This is a remote internship position focused on delivering high-quality data & ai work."
Lead Computer Vision Engineer,Data & AI,Python; CNN; Deep Learning; Machine Learning; TensorFlow; OpenCV,Lead,"Full-time · Remote. We are hiring a Lead Computer Vision Engineer for our E-commerce team. The ideal candidate has 8-14 years of experience and is proficient in Python, CNN, Deep Learning, Machine Learning, TensorFlow, OpenCV. This is a remote full-time position focused on delivering high-quality data & ai work."
Mid-level AI Researcher,Data & AI,NLP; Research; Deep Learning; PyTorch; Machine Learning; Reinforcement Learning,Mid-level,"Contract · On-site. We are hiring a Mid-level AI Researcher for our SaaS team. The ideal candidate has 3-6 years of experience and is proficient in NLP, Research, Deep Learning, PyTorch, Machine Learning, Reinforcement Learning. This is a on-site contract position focused on delivering high-quality data & ai work."
Principal Machine Learning Engineer,Data & AI,Machine Learning; Docker; PyTorch; Python; Deep Learning; Scikit-learn; SQL,Principal,"Full-time · Remote. We are hiring a Principal Machine Learning Engineer for our Startup team. The ideal candidate has 12-20 years of experience and is proficient in Machine Learning, Docker, PyTorch, Python, Deep Learning, Scikit-learn, SQL. This is a remote full-time position focused on delivering high-quality data & ai work."
Principal Data Scientist,Data & AI,Python; NumPy; Statistics; Jupyter; Pandas,Principal,"Internship · On-site. We are hiring a Principal Data Scientist for our E-commerce team. The ideal candidate has 12-20 years of experience and is proficient in Python, NumPy, Statistics, Jupyter, Pandas. This is a on-site internship position focused on delivering high-quality data & ai work."
Mid-level Computer Vision Engineer,Data & AI,Python; Deep Learning; TensorFlow; CUDA; CNN,Mid-level,"Full-time · Remote. We are hiring a Mid-level Computer Vision Engineer for our Enterprise team. The ideal candidate has 3-6 years of experience and is proficient in Python, Deep Learning, TensorFlow, CUDA, CNN. This is a remote full-time position focused on delivering high-quality data & ai work."
Senior Computer Vision Engineer,Data & AI,Image Processing; OpenCV; Deep Learning; CUDA; C++,Senior,"Full-time · Hybrid. We are hiring a Senior Computer Vision Engineer for our Startup team. The ideal candidate has 6-10 years of experience and is proficient in Image Processing, OpenCV, Deep Learning, CUDA, C++. This is a hybrid full-time position focused on delivering high-quality data & ai work."
Senior NLP Engineer,Data & AI,Text Mining; Deep Learning; NLP; BERT; spaCy,Senior,"Contract · Remote. We are hiring a Senior NLP Engineer for our Startup team. The ideal candidate has 6-10 years of experience and is proficient in Text Mining, Deep Learning, NLP, BERT, spaCy. This is a remote contract position focused on delivering high-quality data & ai work."
Principal Machine Learning Engineer,Data & AI,PyTorch; Python; Machine Learning; TensorFlow; Model Deployment; Deep Learning; Docker,Principal,"Full-time · On-site. We are hiring a Principal Machine Learning Engineer for our Gaming team. The ideal candidate has 12-20 years of experience and is proficient in PyTorch, Python, Machine Learning, TensorFlow, Model Deployment, Deep Learning, Docker. This is a on-site full-time position focused on delivering high-quality data & ai work."
Lead Computer Vision Engineer,Data & AI,Machine Learning; TensorFlow; CUDA; OpenCV; C++; CNN; Python,Lead,"Internship · Remote. We are hiring a Lead Computer Vision Engineer for our Startup team. The ideal candidate has 8-14 years of experience and is proficient in Machine Learning, TensorFlow, CUDA, OpenCV, C++, CNN, Python. This is a remote internship position focused on delivering high-quality data & ai work."
Senior Computer Vision Engineer,Data & AI,Deep Learning; OpenCV; Image Processing; CUDA; PyTorch; CNN,Senior,"Contract · On-site. We are hiring a Senior Computer Vision Engineer for our Startup team. The ideal candidate has 6-10 years of experience and is proficient in Deep Learning, OpenCV, Image Processing, CUDA, PyTorch, CNN. This is a on-site contract position focused on delivering high-quality data & ai work."
Mid-level Computer Vision Engineer,Data & AI,Machine Learning; Deep Learning; CUDA; C++; PyTorch; CNN,Mid-level,"Internship · Remote. We are hiring a Mid-level Computer Vision Engineer for our Startup team. The ideal candidate has 3-6 years of experience and is proficient in Machine Learning, Deep Learning, CUDA, C++, PyTorch, CNN. This is a remote internship position focused on delivering high-quality data & ai work."
Principal Data Engineer,Data & AI,Kafka; AWS; ETL; Airflow; SQL,Principal,"Full-time · On-site. We are hiring a Principal Data Engineer for our Enterprise team. The ideal candidate has 12-20 years of experience and is proficient in Kafka, AWS, ETL, Airflow, SQL. This is a on-site full-time position focused on delivering high-quality data & ai work."
Principal Machine Learning Engineer,Data & AI,SQL; Scikit-learn; Model Deployment; Python; MLOps; Deep Learning; PyTorch,Principal,"Full-time · Hybrid. We are hiring a Principal Machine Learning Engineer for our Enterprise team. The ideal candidate has 12-20 years of experience and is proficient in SQL, Scikit-learn, Model Deployment, Python, MLOps, Deep Learning, PyTorch. This is a hybrid full-time position focused on delivering high-quality data & ai work."
Principal Machine Learning Engineer,Data & AI,Model Deployment; PyTorch; MLOps; SQL; Machine Learning,Principal,"Full-time · On-site. We are hiring a Principal Machine Learning Engineer for our Healthcare team. The ideal candidate has 12-20 years of experience and is proficient in Model Deployment, PyTorch, MLOps, SQL, Machine Learning. This is a on-site full-time position focused on delivering high-quality data & ai work."
Junior Machine Learning Engineer,Data & AI,Scikit-learn; MLOps; Python; SQL; PyTorch; TensorFlow,Junior,"Contract · On-site. We are hiring a Junior Machine Learning Engineer for our Enterprise team. The ideal candidate has 1-3 years of experience and is proficient in Scikit-learn, MLOps, Python, SQL, PyTorch, TensorFlow. This is a on-site contract position focused on delivering high-quality data & ai work."
Principal Data Analyst,Data & AI,Excel; Python; Data Cleaning; Pandas; A/B Testing,Principal,"Contract · On-site. We are hiring a Principal Data Analyst for our SaaS team. The ideal candidate has 12-20 years of experience and is proficient in Excel, Python, Data Cleaning, Pandas, A/B Testing. This is a on-site contract position focused on delivering high-quality data & ai work."
Lead NLP Engineer,Data & AI,NLP; Machine Learning; Text Mining; spaCy; Python; BERT,Lead,"Full-time · On-site. We are hiring a Lead NLP Engineer for our Startup team. The ideal candidate has 8-14 years of experience and is proficient in NLP, Machine Learning, Text Mining, spaCy, Python, BERT. This is a on-site full-time position focused on delivering high-quality data & ai work."
Principal Data Scientist,Data & AI,Python; TensorFlow; Pandas; Machine Learning; SQL; Data Visualization,Principal,"Contract · On-site. We are hiring a Principal Data Scientist for our Startup team. The ideal candidate has 12-20 years of experience and is proficient in Python, TensorFlow, Pandas, Machine Learning, SQL, Data Visualization. This is a on-site contract position focused on delivering high-quality data & ai work."
Principal NLP Engineer,Data & AI,Deep Learning; NLP; spaCy; Transformers; PyTorch; Tokenization,Principal,"Contract · On-site. We are hiring a Principal NLP Engineer for our E-commerce team. The ideal candidate has 12-20 years of experience and is proficient in Deep Learning, NLP, spaCy, Transformers, PyTorch, Tokenization. This is a on-site contract position focused on delivering high-quality data & ai work."
Junior AI Researcher,Data & AI,NLP; Python; Research; Deep Learning; Publications,Junior,"Contract · Hybrid. We are hiring a Junior AI Researcher for our E-commerce team. The ideal candidate has 1-3 years of experience and is proficient in NLP, Python, Research, Deep Learning, Publications. This is a hybrid contract position focused on delivering high-quality data & ai work."
Junior Computer Vision Engineer,Data & AI,Machine Learning; Deep Learning; C++; CNN; OpenCV,Junior,"Internship · On-site. We are hiring a Junior Computer Vision Engineer for our Startup team. The ideal candidate has 1-3 years of experience and is proficient in Machine Learning, Deep Learning, C++, CNN, OpenCV. This is a on-site internship position focused on delivering high-quality data & ai work."
Junior Computer Vision Engineer,Data & AI,Machine Learning; CUDA; Python; Deep Learning; OpenCV; PyTorch; TensorFlow,Junior,"Internship · Remote. We are hiring a Junior Computer Vision Engineer for our Startup team. The ideal candidate has 1-3 years of experience and is proficient in Machine Learning, CUDA, Python, Deep Learning, OpenCV, PyTorch, TensorFlow. This is a remote internship position focused on delivering high-quality data & ai work."
Junior AI Researcher,Data & AI,Reinforcement Learning; Research; Deep Learning; Mathematics; NLP; Publications; Python,Junior,"Full-time · On-site. We are hiring a Junior AI Researcher for our Enterprise team. The ideal candidate has 1-3 years of experience and is proficient in Reinforcement Learning, Research, Deep Learning, Mathematics, NLP, Publications, Python. This is a on-site full-time position focused on delivering high-quality data & ai work."
Intern NLP Engineer,Data & AI,Tokenization; NLP; Text Mining; Machine Learning; BERT; PyTorch,Intern,"Internship · Hybrid. We are hiring a Intern NLP Engineer for our E-commerce team. The ideal candidate has 0-1 years of experience and is proficient in Tokenization, NLP, Text Mining, Machine Learning, BERT, PyTorch. This is a hybrid internship position focused on delivering high-quality data & ai work."
Senior NLP Engineer,Data & AI,Tokenization; Machine Learning; Python; spaCy; Deep Learning,Senior,"Contract · Remote. We are hiring a Senior NLP Engineer for our EdTech team. The ideal candidate has 6-10 years of experience and is proficient in Tokenization, Machine Learning, Python, spaCy, Deep Learning. This is a remote contract position focused on delivering high-quality data & ai work."
Junior Machine Learning Engineer,Data & AI,Docker; PyTorch; Python; Model Deployment; SQL; MLOps; Scikit-learn,Junior,"Contract · Hybrid. We are hiring a Junior Machine Learning Engineer for our SaaS team. The ideal candidate has 1-3 years of experience and is proficient in Docker, PyTorch, Python, Model Deployment, SQL, MLOps, Scikit-learn. This is a hybrid contract position focused on delivering high-quality data & ai work."
Principal AI Researcher,Data & AI,TensorFlow; PyTorch; Research; Reinforcement Learning; NLP; Deep Learning; Mathematics,Principal,"Internship · On-site. We are hiring a Principal AI Researcher for our SaaS team. The ideal candidate has 12-20 years of experience and is proficient in TensorFlow, PyTorch, Research, Reinforcement Learning, NLP, Deep Learning, Mathematics. This is a on-site internship position focused on delivering high-quality data & ai work."
Senior Machine Learning Engineer,Data & AI,Scikit-learn; Deep Learning; TensorFlow; Machine Learning; PyTorch; MLOps; Docker,Senior,"Internship · On-site. We are hiring a Senior Machine Learning Engineer for our E-commerce team. The ideal candidate has 6-10 years of experience and is proficient in Scikit-learn, Deep Learning, TensorFlow, Machine Learning, PyTorch, MLOps, Docker. This is a on-site internship position focused on delivering high-quality data & ai work."
Lead Computer Vision Engineer,Data & AI,Python; PyTorch; Deep Learning; C++; CNN; Machine Learning; OpenCV,Lead,"Full-time · Remote. We are hiring a Lead Computer Vision Engineer for our EdTech team. The ideal candidate has 8-14 years of experience and is proficient in Python, PyTorch, Deep Learning, C++, CNN, Machine Learning, OpenCV. This is a remote full-time position focused on delivering high-quality data & ai work."
Junior Business Intelligence Analyst,Data & AI,Power BI; SQL; Python; Reporting; Tableau; Dashboards,Junior,"Internship · On-site. We are hiring a Junior Business Intelligence Analyst for our Startup team. The ideal candidate has 1-3 years of experience and is proficient in Power BI, SQL, Python, Reporting, Tableau, Dashboards. This is a on-site internship position focused on delivering high-quality data & ai work."
Mid-level Computer Vision Engineer,Data & AI,Machine Learning; CUDA; Deep Learning; PyTorch; TensorFlow; Python,Mid-level,"Full-time · Hybrid. We are hiring a Mid-level Computer Vision Engineer for our Enterprise team. The ideal candidate has 3-6 years of experience and is proficient in Machine Learning, CUDA, Deep Learning, PyTorch, TensorFlow, Python. This is a hybrid full-time position focused on delivering high-quality data & ai work."
Lead Business Intelligence Analyst,Data & AI,Power BI; Python; Dashboards; Reporting; SQL; ETL; Tableau,Lead,"Full-time · On-site. We are hiring a Lead Business Intelligence Analyst for our Startup team. The ideal candidate has 8-14 years of experience and is proficient in Power BI, Python, Dashboards, Reporting, SQL, ETL, Tableau. This is a on-site full-time position focused on delivering high-quality data & ai work."
Lead AI Researcher,Data & AI,NLP; Publications; Deep Learning; PyTorch; Machine Learning,Lead,"Full-time · Remote. We are hiring a Lead AI Researcher for our Healthcare team. The ideal candidate has 8-14 years of experience and is proficient in NLP, Publications, Deep Learning, PyTorch, Machine Learning. This is a remote full-time position focused on delivering high-quality data & ai work."
Mid-level Machine Learning Engineer,Data & AI,SQL; Python; Scikit-learn; MLOps; Deep Learning; Machine Learning; PyTorch,Mid-level,"Contract · On-site. We are hiring a Mid-level Machine Learning Engineer for our Startup team. The ideal candidate has 3-6 years of experience and is proficient in SQL, Python, Scikit-learn, MLOps, Deep Learning, Machine Learning, PyTorch. This is a on-site contract position focused on delivering high-quality data & ai work."
Principal Data Scientist,Data & AI,Statistics; Python; TensorFlow; Pandas; SQL; Jupyter; NumPy,Principal,"Full-time · Remote. We are hiring a Principal Data Scientist for our Startup team. The ideal candidate has 12-20 years of experience and is proficient in Statistics, Python, TensorFlow, Pandas, SQL, Jupyter, NumPy. This is a remote full-time position focused on delivering high-quality data & ai work."
Senior AI Researcher,Data & AI,Deep Learning; NLP; Research; Mathematics; Publications; Reinforcement Learning; PyTorch,Senior,"Full-time · Hybrid. We are hiring a Senior AI Researcher for our Healthcare team. The ideal candidate has 6-10 years of experience and is proficient in Deep Learning, NLP, Research, Mathematics, Publications, Reinforcement Learning, PyTorch. This is a hybrid full-time position focused on delivering high-quality data & ai work."
Lead Data Engineer,Data & AI,ETL; Hadoop; Spark; Kafka; Airflow; Snowflake,Lead,"Full-time · Hybrid. We are hiring a Lead Data Engineer for our E-commerce team. The ideal candidate has 8-14 years of experience and is proficient in ETL, Hadoop, Spark, Kafka, Airflow, Snowflake. This is a hybrid full-time position focused on delivering high-quality data & ai work."
Mid-level Data Analyst,Data & AI,Pandas; Excel; SQL; Power BI; Reporting,Mid-level,"Full-time · On-site. We are hiring a Mid-level Data Analyst for our Fintech team. The ideal candidate has 3-6 years of experience and is proficient in Pandas, Excel, SQL, Power BI, Reporting. This is a on-site full-time position focused on delivering high-quality data & ai work."
Mid-level Data Analyst,Data & AI,Excel; Pandas; Reporting; A/B Testing; Python,Mid-level,"Full-time · Hybrid. We are hiring a Mid-level Data Analyst for our Fintech team. The ideal candidate has 3-6 years of experience and is proficient in Excel, Pandas, Reporting, A/B Testing, Python. This is a hybrid full-time position focused on delivering high-quality data & ai work."
Mid-level NLP Engineer,Data & AI,Machine Learning; spaCy; Deep Learning; NLP; Tokenization; Python,Mid-level,"Contract · On-site. We are hiring a Mid-level NLP Engineer for our Fintech team. The ideal candidate has 3-6 years of experience and is proficient in Machine Learning, spaCy, Deep Learning, NLP, Tokenization, Python. This is a on-site contract position focused on delivering high-quality data & ai work."
Intern Business Intelligence Analyst,Data & AI,Python; Tableau; Dashboards; SQL; Reporting; Data Warehousing; Power BI,Intern,"Full-time · Remote. We are hiring a Intern Business Intelligence Analyst for our Startup team. The ideal candidate has 0-1 years of experience and is proficient in Python, Tableau, Dashboards, SQL, Reporting, Data Warehousing, Power BI. This is a remote full-time position focused on delivering high-quality data & ai work."
Junior NLP Engineer,Data & AI,PyTorch; Deep Learning; spaCy; BERT; Python; Tokenization; Text Mining,Junior,"Contract · Remote. We are hiring a Junior NLP Engineer for our Fintech team. The ideal candidate has 1-3 years of experience and is proficient in PyTorch, Deep Learning, spaCy, BERT, Python, Tokenization, Text Mining. This is a remote contract position focused on delivering high-quality data & ai work."
Junior Data Scientist,Data & AI,NumPy; Python; Pandas; TensorFlow; Scikit-learn; Statistics,Junior,"Contract · Hybrid. We are hiring a Junior Data Scientist for our EdTech team. The ideal candidate has 1-3 years of experience and is proficient in NumPy, Python, Pandas, TensorFlow, Scikit-learn, Statistics. This is a hybrid contract position focused on delivering high-quality data & ai work."
Junior Machine Learning Engineer,Data & AI,Scikit-learn; SQL; TensorFlow; Docker; Machine Learning,Junior,"Internship · Remote. We are hiring a Junior Machine Learning Engineer for our E-commerce team. The ideal candidate has 1-3 years of experience and is proficient in Scikit-learn, SQL, TensorFlow, Docker, Machine Learning. This is a remote internship position focused on delivering high-quality data & ai work."
Principal NLP Engineer,Data & AI,spaCy; BERT; NLP; Python; Deep Learning; PyTorch; Text Mining,Principal,"Full-time · Hybrid. We are hiring a Principal NLP Engineer for our SaaS team. The ideal candidate has 12-20 years of experience and is proficient in spaCy, BERT, NLP, Python, Deep Learning, PyTorch, Text Mining. This is a hybrid full-time position focused on delivering high-quality data & ai work."
Senior Data Scientist,Data & AI,TensorFlow; Pandas; NumPy; SQL; Python; Jupyter,Senior,"Contract · On-site. We are hiring a Senior Data Scientist for our Startup team. The ideal candidate has 6-10 years of experience and is proficient in TensorFlow, Pandas, NumPy, SQL, Python, Jupyter. This is a on-site contract position focused on delivering high-quality data & ai work."
Principal Data Engineer,Data & AI,ETL; Data Modeling; Spark; Kafka; Hadoop; Python; SQL,Principal,"Internship · Hybrid. We are hiring a Principal Data Engineer for our Enterprise team. The ideal candidate has 12-20 years of experience and is proficient in ETL, Data Modeling, Spark, Kafka, Hadoop, Python, SQL. This is a hybrid internship position focused on delivering high-quality data & ai work."
Intern Data Engineer,Data & AI,SQL; Data Modeling; Snowflake; Hadoop; Kafka; Airflow,Intern,"Full-time · Hybrid. We are hiring a Intern Data Engineer for our Startup team. The ideal candidate has 0-1 years of experience and is proficient in SQL, Data Modeling, Snowflake, Hadoop, Kafka, Airflow. This is a hybrid full-time position focused on delivering high-quality data & ai work."
Junior Data Engineer,Data & AI,AWS; SQL; Snowflake; ETL; Airflow,Junior,"Contract · Remote. We are hiring a Junior Data Engineer for our Fintech team. The ideal candidate has 1-3 years of experience and is proficient in AWS, SQL, Snowflake, ETL, Airflow. This is a remote contract position focused on delivering high-quality data & ai work."
Junior Data Scientist,Data & AI,Python; Data Visualization; SQL; Scikit-learn; Statistics,Junior,"Internship · Remote. We are hiring a Junior Data Scientist for our Enterprise team. The ideal candidate has 1-3 years of experience and is proficient in Python, Data Visualization, SQL, Scikit-learn, Statistics. This is a remote internship position focused on delivering high-quality data & ai work."
Intern Computer Vision Engineer,Data & AI,C++; OpenCV; PyTorch; TensorFlow; CUDA,Intern,"Full-time · On-site. We are hiring a Intern Computer Vision Engineer for our Startup team. The ideal candidate has 0-1 years of experience and is proficient in C++, OpenCV, PyTorch, TensorFlow, CUDA. This is a on-site full-time position focused on delivering high-quality data & ai work."
Lead Data Analyst,Data & AI,A/B Testing; Excel; Reporting; Pandas; SQL; Python; Tableau,Lead,"Contract · Hybrid. We are hiring a Lead Data Analyst for our Enterprise team. The ideal candidate has 8-14 years of experience and is proficient in A/B Testing, Excel, Reporting, Pandas, SQL, Python, Tableau. This is a hybrid contract position focused on delivering high-quality data & ai work."
Principal Machine Learning Engineer,Data & AI,Scikit-learn; TensorFlow; Docker; Model Deployment; Deep Learning; SQL; MLOps,Principal,"Contract · On-site. We are hiring a Principal Machine Learning Engineer for our Healthcare team. The ideal candidate has 12-20 years of experience and is proficient in Scikit-learn, TensorFlow, Docker, Model Deployment, Deep Learning, SQL, MLOps. This is a on-site contract position focused on delivering high-quality data & ai work."
Lead Data Analyst,Data & AI,Power BI; Python; SQL; Statistics; Pandas; Tableau; Excel,Lead,"Contract · Remote. We are hiring a Lead Data Analyst for our Startup team. The ideal candidate has 8-14 years of experience and is proficient in Power BI, Python, SQL, Statistics, Pandas, Tableau, Excel. This is a remote contract position focused on delivering high-quality data & ai work."
Principal Data Engineer,Data & AI,Spark; Hadoop; SQL; Python; AWS; Snowflake; Airflow,Principal,"Full-time · Hybrid. We are hiring a Principal Data Engineer for our EdTech team. The ideal candidate has 12-20 years of experience and is proficient in Spark, Hadoop, SQL, Python, AWS, Snowflake, Airflow. This is a hybrid full-time position focused on delivering high-quality data & ai work."
Intern Data Analyst,Data & AI,SQL; A/B Testing; Pandas; Reporting; Power BI,Intern,"Contract · Hybrid. We are hiring a Intern Data Analyst for our Enterprise team. The ideal candidate has 0-1 years of experience and is proficient in SQL, A/B Testing, Pandas, Reporting, Power BI. This is a hybrid contract position focused on delivering high-quality data & ai work."
Intern Machine Learning Engineer,Data & AI,SQL; Scikit-learn; MLOps; PyTorch; Model Deployment; Deep Learning,Intern,"Internship · On-site. We are hiring a Intern Machine Learning Engineer for our SaaS team. The ideal candidate has 0-1 years of experience and is proficient in SQL, Scikit-learn, MLOps, PyTorch, Model Deployment, Deep Learning. This is a on-site internship position focused on delivering high-quality data & ai work."
Mid-level Data Analyst,Data & AI,Data Cleaning; A/B Testing; Pandas; Reporting; Python; Statistics; Tableau,Mid-level,"Internship · Hybrid. We are hiring a Mid-level Data Analyst for our SaaS team. The ideal candidate has 3-6 years of experience and is proficient in Data Cleaning, A/B Testing, Pandas, Reporting, Python, Statistics, Tableau. This is a hybrid internship position focused on delivering high-quality data & ai work."
Junior Machine Learning Engineer,Data & AI,Model Deployment; Machine Learning; MLOps; PyTorch; TensorFlow; Scikit-learn,Junior,"Internship · On-site. We are hiring a Junior Machine Learning Engineer for our SaaS team. The ideal candidate has 1-3 years of experience and is proficient in Model Deployment, Machine Learning, MLOps, PyTorch, TensorFlow, Scikit-learn. This is a on-site internship position focused on delivering high-quality data & ai work."
Senior Machine Learning Engineer,Data & AI,Deep Learning; Python; Machine Learning; Model Deployment; Scikit-learn; Docker,Senior,"Contract · On-site. We are hiring a Senior Machine Learning Engineer for our Gaming team. The ideal candidate has 6-10 years of experience and is proficient in Deep Learning, Python, Machine Learning, Model Deployment, Scikit-learn, Docker. This is a on-site contract position focused on delivering high-quality data & ai work."
Lead Data Analyst,Data & AI,Reporting; A/B Testing; Data Cleaning; Pandas; Statistics; Tableau; Excel,Lead,"Internship · Hybrid. We are hiring a Lead Data Analyst for our Startup team. The ideal candidate has 8-14 years of experience and is proficient in Reporting, A/B Testing, Data Cleaning, Pandas, Statistics, Tableau, Excel. This is a hybrid internship position focused on delivering high-quality data & ai work."
Senior Data Engineer,Data & AI,SQL; Snowflake; Data Modeling; Hadoop; Kafka,Senior,"Contract · Remote. We are hiring a Senior Data Engineer for our Enterprise team. The ideal candidate has 6-10 years of experience and is proficient in SQL, Snowflake, Data Modeling, Hadoop, Kafka. This is a remote contract position focused on delivering high-quality data & ai work."
Principal NLP Engineer,Data & AI,Machine Learning; PyTorch; Text Mining; BERT; Tokenization,Principal,"Internship · On-site. We are hiring a Principal NLP Engineer for our Enterprise team. The ideal candidate has 12-20 years of experience and is proficient in Machine Learning, PyTorch, Text Mining, BERT, Tokenization. This is a on-site internship position focused on delivering high-quality data & ai work."
Lead Business Intelligence Analyst,Data & AI,Dashboards; ETL; Power BI; Reporting; SQL,Lead,"Internship · On-site. We are hiring a Lead Business Intelligence Analyst for our Enterprise team. The ideal candidate has 8-14 years of experience and is proficient in Dashboards, ETL, Power BI, Reporting, SQL. This is a on-site internship position focused on delivering high-quality data & ai work."
Principal AI Researcher,Data & AI,Mathematics; Python; Deep Learning; Research; PyTorch; Reinforcement Learning; NLP,Principal,"Full-time · Hybrid. We are hiring a Principal AI Researcher for our EdTech team. The ideal candidate has 12-20 years of experience and is proficient in Mathematics, Python, Deep Learning, Research, PyTorch, Reinforcement Learning, NLP. This is a hybrid full-time position focused on delivering high-quality data & ai work."
Senior AI Researcher,Data & AI,Python; Publications; Reinforcement Learning; NLP; Research; Mathematics; Deep Learning,Senior,"Internship · Remote. We are hiring a Senior AI Researcher for our EdTech team. The ideal candidate has 6-10 years of experience and is proficient in Python, Publications, Reinforcement Learning, NLP, Research, Mathematics, Deep Learning. This is a remote internship position focused on delivering high-quality data & ai work."
Principal Data Engineer,Data & AI,Python; Snowflake; Data Modeling; SQL; Hadoop,Principal,"Internship · On-site. We are hiring a Principal Data Engineer for our Fintech team. The ideal candidate has 12-20 years of experience and is proficient in Python, Snowflake, Data Modeling, SQL, Hadoop. This is a on-site internship position focused on delivering high-quality data & ai work."
Principal Data Scientist,Data & AI,Machine Learning; Pandas; TensorFlow; Python; Jupyter; SQL; NumPy,Principal,"Contract · On-site. We are hiring a Principal Data Scientist for our Gaming team. The ideal candidate has 12-20 years of experience and is proficient in Machine Learning, Pandas, TensorFlow, Python, Jupyter, SQL, NumPy. This is a on-site contract position focused on delivering high-quality data & ai work."
Principal Computer Vision Engineer,Data & AI,CUDA; Image Processing; Machine Learning; PyTorch; C++; Deep Learning,Principal,"Contract · On-site. We are hiring a Principal Computer Vision Engineer for our EdTech team. The ideal candidate has 12-20 years of experience and is proficient in CUDA, Image Processing, Machine Learning, PyTorch, C++, Deep Learning. This is a on-site contract position focused on delivering high-quality data & ai work."
Mid-level Machine Learning Engineer,Data & AI,Python; SQL; Model Deployment; MLOps; Machine Learning; Scikit-learn,Mid-level,"Internship · Remote. We are hiring a Mid-level Machine Learning Engineer for our SaaS team. The ideal candidate has 3-6 years of experience and is proficient in Python, SQL, Model Deployment, MLOps, Machine Learning, Scikit-learn. This is a remote internship position focused on delivering high-quality data & ai work."
Principal Business Intelligence Analyst,Data & AI,Excel; Tableau; Reporting; Data Warehousing; Python; Dashboards; SQL,Principal,"Full-time · Hybrid. We are hiring a Principal Business Intelligence Analyst for our Startup team. The ideal candidate has 12-20 years of experience and is proficient in Excel, Tableau, Reporting, Data Warehousing, Python, Dashboards, SQL. This is a hybrid full-time position focused on delivering high-quality data & ai work."
Principal Computer Vision Engineer,Data & AI,CNN; Image Processing; OpenCV; PyTorch; Machine Learning; CUDA,Principal,"Full-time · Hybrid. We are hiring a Principal Computer Vision Engineer for our Enterprise team. The ideal candidate has 12-20 years of experience and is proficient in CNN, Image Processing, OpenCV, PyTorch, Machine Learning, CUDA. This is a hybrid full-time position focused on delivering high-quality data & ai work."
Junior Data Scientist,Data & AI,NumPy; Machine Learning; Pandas; Data Visualization; SQL; Statistics; Jupyter,Junior,"Internship · Remote. We are hiring a Junior Data Scientist for our Healthcare team. The ideal candidate has 1-3 years of experience and is proficient in NumPy, Machine Learning, Pandas, Data Visualization, SQL, Statistics, Jupyter. This is a remote internship position focused on delivering high-quality data & ai work."
Mid-level Data Scientist,Data & AI,Machine Learning; Data Visualization; NumPy; Pandas; Python; Jupyter; Statistics,Mid-level,"Contract · On-site. We are hiring a Mid-level Data Scientist for our Startup team. The ideal candidate has 3-6 years of experience and is proficient in Machine Learning, Data Visualization, NumPy, Pandas, Python, Jupyter, Statistics. This is a on-site contract position focused on delivering high-quality data & ai work."
Senior Machine Learning Engineer,Data & AI,Docker; Machine Learning; Model Deployment; Deep Learning; TensorFlow; Scikit-learn,Senior,"Contract · Hybrid. We are hiring a Senior Machine Learning Engineer for our EdTech team. The ideal candidate has 6-10 years of experience and is proficient in Docker, Machine Learning, Model Deployment, Deep Learning, TensorFlow, Scikit-learn. This is a hybrid contract position focused on delivering high-quality data & ai work."
Junior Machine Learning Engineer,Data & AI,Scikit-learn; PyTorch; Deep Learning; Python; Machine Learning; SQL,Junior,"Full-time · On-site. We are hiring a Junior Machine Learning Engineer for our Healthcare team. The ideal candidate has 1-3 years of experience and is proficient in Scikit-learn, PyTorch, Deep Learning, Python, Machine Learning, SQL. This is a on-site full-time position focused on delivering high-quality data & ai work."
Senior NLP Engineer,Data & AI,NLP; Text Mining; Transformers; Tokenization; Deep Learning,Senior,"Full-time · On-site. We are hiring a Senior NLP Engineer for our EdTech team. The ideal candidate has 6-10 years of experience and is proficient in NLP, Text Mining, Transformers, Tokenization, Deep Learning. This is a on-site full-time position focused on delivering high-quality data & ai work."
Junior Data Scientist,Data & AI,Python; TensorFlow; Statistics; Machine Learning; Data Visualization,Junior,"Contract · On-site. We are hiring a Junior Data Scientist for our SaaS team. The ideal candidate has 1-3 years of experience and is proficient in Python, TensorFlow, Statistics, Machine Learning, Data Visualization. This is a on-site contract position focused on delivering high-quality data & ai work."
Principal Data Analyst,Data & AI,Power BI; Reporting; Statistics; Tableau; Excel,Principal,"Internship · Hybrid. We are hiring a Principal Data Analyst for our Gaming team. The ideal candidate has 12-20 years of experience and is proficient in Power BI, Reporting, Statistics, Tableau, Excel. This is a hybrid internship position focused on delivering high-quality data & ai work."
Senior Computer Vision Engineer,Data & AI,Machine Learning; Python; Deep Learning; CNN; PyTorch; C++,Senior,"Contract · On-site. We are hiring a Senior Computer Vision Engineer for our Healthcare team. The ideal candidate has 6-10 years of experience and is proficient in Machine Learning, Python, Deep Learning, CNN, PyTorch, C++. This is a on-site contract position focused on delivering high-quality data & ai work."
Lead Machine Learning Engineer,Data & AI,MLOps; Docker; Machine Learning; Scikit-learn; Python; TensorFlow; PyTorch,Lead,"Full-time · On-site. We are hiring a Lead Machine Learning Engineer for our E-commerce team. The ideal candidate has 8-14 years of experience and is proficient in MLOps, Docker, Machine Learning, Scikit-learn, Python, TensorFlow, PyTorch. This is a on-site full-time position focused on delivering high-quality data & ai work."
Principal Data Engineer,Data & AI,Airflow; Python; ETL; Hadoop; Snowflake; Data Modeling,Principal,"Internship · Hybrid. We are hiring a Principal Data Engineer for our Healthcare team. The ideal candidate has 12-20 years of experience and is proficient in Airflow, Python, ETL, Hadoop, Snowflake, Data Modeling. This is a hybrid internship position focused on delivering high-quality data & ai work."
Senior Business Intelligence Analyst,Data & AI,Tableau; ETL; Data Warehousing; Reporting; Excel; Dashboards,Senior,"Full-time · Remote. We are hiring a Senior Business Intelligence Analyst for our SaaS team. The ideal candidate has 6-10 years of experience and is proficient in Tableau, ETL, Data Warehousing, Reporting, Excel, Dashboards. This is a remote full-time position focused on delivering high-quality data & ai work."
Principal Business Intelligence Analyst,Data & AI,ETL; Reporting; Dashboards; Excel; Python; Data Warehousing,Principal,"Internship · Hybrid. We are hiring a Principal Business Intelligence Analyst for our E-commerce team. The ideal candidate has 12-20 years of experience and is proficient in ETL, Reporting, Dashboards, Excel, Python, Data Warehousing. This is a hybrid internship position focused on delivering high-quality data & ai work."
Intern Data Scientist,Data & AI,Python; Pandas; TensorFlow; Statistics; Jupyter; SQL,Intern,"Contract · Hybrid. We are hiring a Intern Data Scientist for our Fintech team. The ideal candidate has 0-1 years of experience and is proficient in Python, Pandas, TensorFlow, Statistics, Jupyter, SQL. This is a hybrid contract position focused on delivering high-quality data & ai work."
Senior Computer Vision Engineer,Data & AI,Image Processing; TensorFlow; Python; Machine Learning; CUDA,Senior,"Internship · On-site. We are hiring a Senior Computer Vision Engineer for our Fintech team. The ideal candidate has 6-10 years of experience and is proficient in Image Processing, TensorFlow, Python, Machine Learning, CUDA. This is a on-site internship position focused on delivering high-quality data & ai work."
Junior AI Researcher,Data & AI,Python; Machine Learning; NLP; PyTorch; TensorFlow,Junior,"Full-time · On-site. We are hiring a Junior AI Researcher for our Fintech team. The ideal candidate has 1-3 years of experience and is proficient in Python, Machine Learning, NLP, PyTorch, TensorFlow. This is a on-site full-time position focused on delivering high-quality data & ai work."
Junior Data Scientist,Data & AI,Python; Jupyter; Machine Learning; TensorFlow; NumPy,Junior,"Full-time · Hybrid. We are hiring a Junior Data Scientist for our EdTech team. The ideal candidate has 1-3 years of experience and is proficient in Python, Jupyter, Machine Learning, TensorFlow, NumPy. This is a hybrid full-time position focused on delivering high-quality data & ai work."
Senior Machine Learning Engineer,Data & AI,Docker; SQL; Machine Learning; Scikit-learn; Model Deployment; TensorFlow,Senior,"Internship · On-site. We are hiring a Senior Machine Learning Engineer for our Fintech team. The ideal candidate has 6-10 years of experience and is proficient in Docker, SQL, Machine Learning, Scikit-learn, Model Deployment, TensorFlow. This is a on-site internship position focused on delivering high-quality data & ai work."
Lead Data Engineer,Data & AI,Spark; AWS; SQL; Python; Snowflake,Lead,"Full-time · On-site. We are hiring a Lead Data Engineer for our E-commerce team. The ideal candidate has 8-14 years of experience and is proficient in Spark, AWS, SQL, Python, Snowflake. This is a on-site full-time position focused on delivering high-quality data & ai work."
Intern Computer Vision Engineer,Data & AI,Machine Learning; PyTorch; Deep Learning; OpenCV; CUDA; C++,Intern,"Full-time · Remote. We are hiring a Intern Computer Vision Engineer for our Gaming team. The ideal candidate has 0-1 years of experience and is proficient in Machine Learning, PyTorch, Deep Learning, OpenCV, CUDA, C++. This is a remote full-time position focused on delivering high-quality data & ai work."
Lead Business Intelligence Analyst,Data & AI,DAX; Dashboards; Reporting; Data Warehousing; Tableau; Excel,Lead,"Internship · Remote. We are hiring a Lead Business Intelligence Analyst for our E-commerce team. The ideal candidate has 8-14 years of experience and is proficient in DAX, Dashboards, Reporting, Data Warehousing, Tableau, Excel. This is a remote internship position focused on delivering high-quality data & ai work."
Principal NLP Engineer,Data & AI,spaCy; Deep Learning; NLP; BERT; Tokenization; PyTorch; Text Mining,Principal,"Internship · On-site. We are hiring a Principal NLP Engineer for our Healthcare team. The ideal candidate has 12-20 years of experience and is proficient in spaCy, Deep Learning, NLP, BERT, Tokenization, PyTorch, Text Mining. This is a on-site internship position focused on delivering high-quality data & ai work."
Junior Data Scientist,Data & AI,TensorFlow; NumPy; Jupyter; Statistics; Scikit-learn; Python,Junior,"Full-time · Remote. We are hiring a Junior Data Scientist for our Gaming team. The ideal candidate has 1-3 years of experience and is proficient in TensorFlow, NumPy, Jupyter, Statistics, Scikit-learn, Python. This is a remote full-time position focused on delivering high-quality data & ai work."
Principal Machine Learning Engineer,Data & AI,SQL; Model Deployment; Deep Learning; Python; PyTorch,Principal,"Full-time · On-site. We are hiring a Principal Machine Learning Engineer for our SaaS team. The ideal candidate has 12-20 years of experience and is proficient in SQL, Model Deployment, Deep Learning, Python, PyTorch. This is a on-site full-time position focused on delivering high-quality data & ai work."
Lead Data Engineer,Data & AI,SQL; AWS; Spark; Python; ETL,Lead,"Contract · Hybrid. We are hiring a Lead Data Engineer for our E-commerce team. The ideal candidate has 8-14 years of experience and is proficient in SQL, AWS, Spark, Python, ETL. This is a hybrid contract position focused on delivering high-quality data & ai work."
Mid-level Business Intelligence Analyst,Data & AI,Power BI; Reporting; SQL; DAX; Data Warehousing; Tableau; Excel,Mid-level,"Contract · Remote. We are hiring a Mid-level Business Intelligence Analyst for our Enterprise team. The ideal candidate has 3-6 years of experience and is proficient in Power BI, Reporting, SQL, DAX, Data Warehousing, Tableau, Excel. This is a remote contract position focused on delivering high-quality data & ai work."
Senior Business Intelligence Analyst,Data & AI,Excel; SQL; Data Warehousing; Python; Reporting; DAX,Senior,"Contract · Remote. We are hiring a Senior Business Intelligence Analyst for our EdTech team. The ideal candidate has 6-10 years of experience and is proficient in Excel, SQL, Data Warehousing, Python, Reporting, DAX. This is a remote contract position focused on delivering high-quality data & ai work."
Principal Data Scientist,Data & AI,SQL; Data Visualization; TensorFlow; Pandas; Jupyter,Principal,"Contract · Hybrid. We are hiring a Principal Data Scientist for our SaaS team. The ideal candidate has 12-20 years of experience and is proficient in SQL, Data Visualization, TensorFlow, Pandas, Jupyter. This is a hybrid contract position focused on delivering high-quality data & ai work."
Junior Business Intelligence Analyst,Data & AI,Reporting; Python; Excel; Tableau; ETL; SQL; Power BI,Junior,"Full-time · On-site. We are hiring a Junior Business Intelligence Analyst for our Startup team. The ideal candidate has 1-3 years of experience and is proficient in Reporting, Python, Excel, Tableau, ETL, SQL, Power BI. This is a on-site full-time position focused on delivering high-quality data & ai work."
Senior AI Researcher,Data & AI,Machine Learning; Python; Research; Mathematics; TensorFlow; Reinforcement Learning,Senior,"Full-time · Hybrid. We are hiring a Senior AI Researcher for our Fintech team. The ideal candidate has 6-10 years of experience and is proficient in Machine Learning, Python, Research, Mathematics, TensorFlow, Reinforcement Learning. This is a hybrid full-time position focused on delivering high-quality data & ai work."
Intern Data Scientist,Data & AI,SQL; NumPy; Python; Jupyter; Data Visualization,Intern,"Internship · Hybrid. We are hiring a Intern Data Scientist for our Startup team. The ideal candidate has 0-1 years of experience and is proficient in SQL, NumPy, Python, Jupyter, Data Visualization. This is a hybrid internship position focused on delivering high-quality data & ai work."
Mid-level Data Analyst,Data & AI,Pandas; Power BI; Statistics; SQL; Data Cleaning; Python,Mid-level,"Contract · Hybrid. We are hiring a Mid-level Data Analyst for our Healthcare team. The ideal candidate has 3-6 years of experience and is proficient in Pandas, Power BI, Statistics, SQL, Data Cleaning, Python. This is a hybrid contract position focused on delivering high-quality data & ai work."
Mid-level NLP Engineer,Data & AI,NLP; Machine Learning; BERT; Text Mining; Tokenization; Transformers,Mid-level,"Full-time · Remote. We are hiring a Mid-level NLP Engineer for our Enterprise team. The ideal candidate has 3-6 years of experience and is proficient in NLP, Machine Learning, BERT, Text Mining, Tokenization, Transformers. This is a remote full-time position focused on delivering high-quality data & ai work."
Senior AI Researcher,Data & AI,Mathematics; Reinforcement Learning; Deep Learning; Machine Learning; Python,Senior,"Internship · Remote. We are hiring a Senior AI Researcher for our Startup team. The ideal candidate has 6-10 years of experience and is proficient in Mathematics, Reinforcement Learning, Deep Learning, Machine Learning, Python. This is a remote internship position focused on delivering high-quality data & ai work."
Junior Machine Learning Engineer,Data & AI,TensorFlow; Machine Learning; Docker; Python; MLOps; SQL,Junior,"Internship · Hybrid. We are hiring a Junior Machine Learning Engineer for our Fintech team. The ideal candidate has 1-3 years of experience and is proficient in TensorFlow, Machine Learning, Docker, Python, MLOps, SQL. This is a hybrid internship position focused on delivering high-quality data & ai work."
Senior Data Analyst,Data & AI,Python; SQL; A/B Testing; Data Cleaning; Statistics; Pandas,Senior,"Internship · On-site. We are hiring a Senior Data Analyst for our Enterprise team. The ideal candidate has 6-10 years of experience and is proficient in Python, SQL, A/B Testing, Data Cleaning, Statistics, Pandas. This is a on-site internship position focused on delivering high-quality data & ai work."
Lead NLP Engineer,Data & AI,NLP; spaCy; Deep Learning; Tokenization; PyTorch,Lead,"Internship · On-site. We are hiring a Lead NLP Engineer for our Startup team. The ideal candidate has 8-14 years of experience and is proficient in NLP, spaCy, Deep Learning, Tokenization, PyTorch. This is a on-site internship position focused on delivering high-quality data & ai work."
Principal Data Scientist,Data & AI,Data Visualization; NumPy; Pandas; Python; TensorFlow; Jupyter,Principal,"Full-time · Remote. We are hiring a Principal Data Scientist for our SaaS team. The ideal candidate has 12-20 years of experience and is proficient in Data Visualization, NumPy, Pandas, Python, TensorFlow, Jupyter. This is a remote full-time position focused on delivering high-quality data & ai work."
Principal Data Analyst,Data & AI,SQL; Reporting; A/B Testing; Statistics; Tableau; Python,Principal,"Contract · Hybrid. We are hiring a Principal Data Analyst for our E-commerce team. The ideal candidate has 12-20 years of experience and is proficient in SQL, Reporting, A/B Testing, Statistics, Tableau, Python. This is a hybrid contract position focused on delivering high-quality data & ai work."
Junior AI Researcher,Data & AI,Mathematics; Deep Learning; Publications; PyTorch; Research,Junior,"Internship · On-site. We are hiring a Junior AI Researcher for our Startup team. The ideal candidate has 1-3 years of experience and is proficient in Mathematics, Deep Learning, Publications, PyTorch, Research. This is a on-site internship position focused on delivering high-quality data & ai work."
Intern NLP Engineer,Data & AI,Text Mining; BERT; Machine Learning; NLP; Deep Learning; PyTorch; Tokenization,Intern,"Contract · On-site. We are hiring a Intern NLP Engineer for our Enterprise team. The ideal candidate has 0-1 years of experience and is proficient in Text Mining, BERT, Machine Learning, NLP, Deep Learning, PyTorch, Tokenization. This is a on-site contract position focused on delivering high-quality data & ai work."
Senior Data Engineer,Data & AI,Snowflake; Python; SQL; Kafka; Spark; Hadoop; Data Modeling,Senior,"Contract · On-site. We are hiring a Senior Data Engineer for our Gaming team. The ideal candidate has 6-10 years of experience and is proficient in Snowflake, Python, SQL, Kafka, Spark, Hadoop, Data Modeling. This is a on-site contract position focused on delivering high-quality data & ai work."
Mid-level NLP Engineer,Data & AI,NLP; spaCy; BERT; Machine Learning; Transformers; Text Mining; Deep Learning,Mid-level,"Contract · Hybrid. We are hiring a Mid-level NLP Engineer for our E-commerce team. The ideal candidate has 3-6 years of experience and is proficient in NLP, spaCy, BERT, Machine Learning, Transformers, Text Mining, Deep Learning. This is a hybrid contract position focused on delivering high-quality data & ai work."
Mid-level Machine Learning Engineer,Data & AI,Machine Learning; MLOps; Deep Learning; PyTorch; SQL,Mid-level,"Internship · Hybrid. We are hiring a Mid-level Machine Learning Engineer for our Enterprise team. The ideal candidate has 3-6 years of experience and is proficient in Machine Learning, MLOps, Deep Learning, PyTorch, SQL. This is a hybrid internship position focused on delivering high-quality data & ai work."
Junior Data Scientist,Data & AI,TensorFlow; Python; Machine Learning; Statistics; Data Visualization; NumPy; SQL,Junior,"Internship · On-site. We are hiring a Junior Data Scientist for our Enterprise team. The ideal candidate has 1-3 years of experience and is proficient in TensorFlow, Python, Machine Learning, Statistics, Data Visualization, NumPy, SQL. This is a on-site internship position focused on delivering high-quality data & ai work."
Senior NLP Engineer,Data & AI,Python; PyTorch; Deep Learning; Text Mining; Tokenization,Senior,"Internship · Hybrid. We are hiring a Senior NLP Engineer for our E-commerce team. The ideal candidate has 6-10 years of experience and is proficient in Python, PyTorch, Deep Learning, Text Mining, Tokenization. This is a hybrid internship position focused on delivering high-quality data & ai work."
Senior Data Analyst,Data & AI,A/B Testing; Python; Excel; Reporting; Tableau; Data Cleaning; Statistics,Senior,"Full-time · Hybrid. We are hiring a Senior Data Analyst for our Fintech team. The ideal candidate has 6-10 years of experience and is proficient in A/B Testing, Python, Excel, Reporting, Tableau, Data Cleaning, Statistics. This is a hybrid full-time position focused on delivering high-quality data & ai work."
Principal Machine Learning Engineer,Data & AI,Model Deployment; Scikit-learn; Deep Learning; Python; PyTorch; MLOps; Machine Learning,Principal,"Internship · Hybrid. We are hiring a Principal Machine Learning Engineer for our SaaS team. The ideal candidate has 12-20 years of experience and is proficient in Model Deployment, Scikit-learn, Deep Learning, Python, PyTorch, MLOps, Machine Learning. This is a hybrid internship position focused on delivering high-quality data & ai work."
Junior Business Intelligence Analyst,Data & AI,Reporting; Tableau; Power BI; Excel; Dashboards; Data Warehousing; SQL,Junior,"Contract · Hybrid. We are hiring a Junior Business Intelligence Analyst for our SaaS team. The ideal candidate has 1-3 years of experience and is proficient in Reporting, Tableau, Power BI, Excel, Dashboards, Data Warehousing, SQL. This is a hybrid contract position focused on delivering high-quality data & ai work."
Principal Computer Vision Engineer,Data & AI,Image Processing; C++; PyTorch; Deep Learning; CNN; TensorFlow; OpenCV,Principal,"Full-time · Remote. We are hiring a Principal Computer Vision Engineer for our EdTech team. The ideal candidate has 12-20 years of experience and is proficient in Image Processing, C++, PyTorch, Deep Learning, CNN, TensorFlow, OpenCV. This is a remote full-time position focused on delivering high-quality data & ai work."
Principal AI Researcher,Data & AI,Machine Learning; NLP; PyTorch; Mathematics; Reinforcement Learning,Principal,"Full-time · Remote. We are hiring a Principal AI Researcher for our Gaming team. The ideal candidate has 12-20 years of experience and is proficient in Machine Learning, NLP, PyTorch, Mathematics, Reinforcement Learning. This is a remote full-time position focused on delivering high-quality data & ai work."
Mid-level Data Analyst,Data & AI,Python; Power BI; Reporting; Tableau; SQL; A/B Testing; Statistics,Mid-level,"Contract · Hybrid. We are hiring a Mid-level Data Analyst for our E-commerce team. The ideal candidate has 3-6 years of experience and is proficient in Python, Power BI, Reporting, Tableau, SQL, A/B Testing, Statistics. This is a hybrid contract position focused on delivering high-quality data & ai work."
Junior Data Scientist,Data & AI,Pandas; Python; NumPy; SQL; Scikit-learn; Statistics; Data Visualization,Junior,"Contract · Hybrid. We are hiring a Junior Data Scientist for our Healthcare team. The ideal candidate has 1-3 years of experience and is proficient in Pandas, Python, NumPy, SQL, Scikit-learn, Statistics, Data Visualization. This is a hybrid contract position focused on delivering high-quality data & ai work."
Mid-level AI Researcher,Data & AI,PyTorch; Reinforcement Learning; TensorFlow; Python; Mathematics,Mid-level,"Internship · Hybrid. We are hiring a Mid-level AI Researcher for our EdTech team. The ideal candidate has 3-6 years of experience and is proficient in PyTorch, Reinforcement Learning, TensorFlow, Python, Mathematics. This is a hybrid internship position focused on delivering high-quality data & ai work."
Intern Computer Vision Engineer,Data & AI,TensorFlow; CNN; OpenCV; C++; Python; Image Processing; Deep Learning,Intern,"Contract · Hybrid. We are hiring a Intern Computer Vision Engineer for our EdTech team. The ideal candidate has 0-1 years of experience and is proficient in TensorFlow, CNN, OpenCV, C++, Python, Image Processing, Deep Learning. This is a hybrid contract position focused on delivering high-quality data & ai work."
Mid-level Data Scientist,Data & AI,Pandas; Scikit-learn; Jupyter; Data Visualization; SQL; Machine Learning; Statistics,Mid-level,"Internship · On-site. We are hiring a Mid-level Data Scientist for our E-commerce team. The ideal candidate has 3-6 years of experience and is proficient in Pandas, Scikit-learn, Jupyter, Data Visualization, SQL, Machine Learning, Statistics. This is a on-site internship position focused on delivering high-quality data & ai work."
Junior Business Intelligence Analyst,Data & AI,SQL; Data Warehousing; Excel; Dashboards; Tableau,Junior,"Full-time · On-site. We are hiring a Junior Business Intelligence Analyst for our SaaS team. The ideal candidate has 1-3 years of experience and is proficient in SQL, Data Warehousing, Excel, Dashboards, Tableau. This is a on-site full-time position focused on delivering high-quality data & ai work."
Junior Data Analyst,Data & AI,SQL; Power BI; Tableau; A/B Testing; Statistics; Excel; Reporting,Junior,"Contract · Remote. We are hiring a Junior Data Analyst for our Fintech team. The ideal candidate has 1-3 years of experience and is proficient in SQL, Power BI, Tableau, A/B Testing, Statistics, Excel, Reporting. This is a remote contract position focused on delivering high-quality data & ai work."
Lead AI Researcher,Data & AI,Publications; TensorFlow; PyTorch; Mathematics; Deep Learning; Machine Learning,Lead,"Full-time · Remote. We are hiring a Lead AI Researcher for our SaaS team. The ideal candidate has 8-14 years of experience and is proficient in Publications, TensorFlow, PyTorch, Mathematics, Deep Learning, Machine Learning. This is a remote full-time position focused on delivering high-quality data & ai work."
Principal Computer Vision Engineer,Data & AI,C++; CUDA; Deep Learning; Python; OpenCV; Image Processing; TensorFlow,Principal,"Contract · On-site. We are hiring a Principal Computer Vision Engineer for our SaaS team. The ideal candidate has 12-20 years of experience and is proficient in C++, CUDA, Deep Learning, Python, OpenCV, Image Processing, TensorFlow. This is a on-site contract position focused on delivering high-quality data & ai work."
Mid-level NLP Engineer,Data & AI,PyTorch; Transformers; Machine Learning; BERT; Text Mining; Tokenization; NLP,Mid-level,"Contract · Hybrid. We are hiring a Mid-level NLP Engineer for our SaaS team. The ideal candidate has 3-6 years of experience and is proficient in PyTorch, Transformers, Machine Learning, BERT, Text Mining, Tokenization, NLP. This is a hybrid contract position focused on delivering high-quality data & ai work."
Lead Data Analyst,Data & AI,Tableau; Power BI; SQL; Python; A/B Testing; Reporting; Data Cleaning,Lead,"Contract · Hybrid. We are hiring a Lead Data Analyst for our E-commerce team. The ideal candidate has 8-14 years of experience and is proficient in Tableau, Power BI, SQL, Python, A/B Testing, Reporting, Data Cleaning. This is a hybrid contract position focused on delivering high-quality data & ai work."
Senior Machine Learning Engineer,Data & AI,Deep Learning; Python; Scikit-learn; PyTorch; TensorFlow; Docker,Senior,"Full-time · Remote. We are hiring a Senior Machine Learning Engineer for our Enterprise team. The ideal candidate has 6-10 years of experience and is proficient in Deep Learning, Python, Scikit-learn, PyTorch, TensorFlow, Docker. This is a remote full-time position focused on delivering high-quality data & ai work."
Mid-level NLP Engineer,Data & AI,NLP; PyTorch; Transformers; Text Mining; Deep Learning; spaCy; Machine Learning,Mid-level,"Internship · Hybrid. We are hiring a Mid-level NLP Engineer for our Enterprise team. The ideal candidate has 3-6 years of experience and is proficient in NLP, PyTorch, Transformers, Text Mining, Deep Learning, spaCy, Machine Learning. This is a hybrid internship position focused on delivering high-quality data & ai work."
Intern Business Intelligence Analyst,Data & AI,DAX; Dashboards; Tableau; ETL; Power BI; SQL; Excel,Intern,"Internship · Remote. We are hiring a Intern Business Intelligence Analyst for our Enterprise team. The ideal candidate has 0-1 years of experience and is proficient in DAX, Dashboards, Tableau, ETL, Power BI, SQL, Excel. This is a remote internship position focused on delivering high-quality data & ai work."
Lead Business Intelligence Analyst,Data & AI,Tableau; Reporting; SQL; Data Warehousing; Python; Dashboards,Lead,"Internship · On-site. We are hiring a Lead Business Intelligence Analyst for our SaaS team. The ideal candidate has 8-14 years of experience and is proficient in Tableau, Reporting, SQL, Data Warehousing, Python, Dashboards. This is a on-site internship position focused on delivering high-quality data & ai work."
Senior Data Scientist,Data & AI,Machine Learning; Jupyter; Pandas; Scikit-learn; Data Visualization,Senior,"Internship · Remote. We are hiring a Senior Data Scientist for our Healthcare team. The ideal candidate has 6-10 years of experience and is proficient in Machine Learning, Jupyter, Pandas, Scikit-learn, Data Visualization. This is a remote internship position focused on delivering high-quality data & ai work."
Intern Data Scientist,Data & AI,Python; Scikit-learn; NumPy; Data Visualization; Jupyter,Intern,"Full-time · Remote. We are hiring a Intern Data Scientist for our Gaming team. The ideal candidate has 0-1 years of experience and is proficient in Python, Scikit-learn, NumPy, Data Visualization, Jupyter. This is a remote full-time position focused on delivering high-quality data & ai work."
Junior Data Scientist,Data & AI,Statistics; Pandas; TensorFlow; Jupyter; Python; Scikit-learn; Data Visualization,Junior,"Contract · Remote. We are hiring a Junior Data Scientist for our Fintech team. The ideal candidate has 1-3 years of experience and is proficient in Statistics, Pandas, TensorFlow, Jupyter, Python, Scikit-learn, Data Visualization. This is a remote contract position focused on delivering high-quality data & ai work."
Intern Machine Learning Engineer,Data & AI,Model Deployment; Deep Learning; SQL; Python; MLOps; Scikit-learn,Intern,"Contract · Remote. We are hiring a Intern Machine Learning Engineer for our Fintech team. The ideal candidate has 0-1 years of experience and is proficient in Model Deployment, Deep Learning, SQL, Python, MLOps, Scikit-learn. This is a remote contract position focused on delivering high-quality data & ai work."
Lead Data Engineer,Data & AI,Spark; AWS; Python; Hadoop; Airflow; SQL; ETL,Lead,"Internship · On-site. We are hiring a Lead Data Engineer for our E-commerce team. The ideal candidate has 8-14 years of experience and is proficient in Spark, AWS, Python, Hadoop, Airflow, SQL, ETL. This is a on-site internship position focused on delivering high-quality data & ai work."
Lead Business Intelligence Analyst,Data & AI,Tableau; Dashboards; Excel; Reporting; Data Warehousing; ETL; Python,Lead,"Full-time · Hybrid. We are hiring a Lead Business Intelligence Analyst for our Gaming team. The ideal candidate has 8-14 years of experience and is proficient in Tableau, Dashboards, Excel, Reporting, Data Warehousing, ETL, Python. This is a hybrid full-time position focused on delivering high-quality data & ai work."
Junior Data Analyst,Data & AI,A/B Testing; Data Cleaning; SQL; Reporting; Tableau; Pandas; Python,Junior,"Contract · Remote. We are hiring a Junior Data Analyst for our Enterprise team. The ideal candidate has 1-3 years of experience and is proficient in A/B Testing, Data Cleaning, SQL, Reporting, Tableau, Pandas, Python. This is a remote contract position focused on delivering high-quality data & ai work."
Senior Business Intelligence Analyst,Data & AI,Tableau; ETL; Data Warehousing; SQL; Excel,Senior,"Full-time · On-site. We are hiring a Senior Business Intelligence Analyst for our Gaming team. The ideal candidate has 6-10 years of experience and is proficient in Tableau, ETL, Data Warehousing, SQL, Excel. This is a on-site full-time position focused on delivering high-quality data & ai work."
Senior Data Scientist,Data & AI,Data Visualization; Jupyter; Python; TensorFlow; Statistics,Senior,"Contract · Remote. We are hiring a Senior Data Scientist for our Fintech team. The ideal candidate has 6-10 years of experience and is proficient in Data Visualization, Jupyter, Python, TensorFlow, Statistics. This is a remote contract position focused on delivering high-quality data & ai work."
Mid-level Business Intelligence Analyst,Data & AI,Data Warehousing; SQL; DAX; ETL; Tableau; Python; Excel,Mid-level,"Full-time · Hybrid. We are hiring a Mid-level Business Intelligence Analyst for our SaaS team. The ideal candidate has 3-6 years of experience and is proficient in Data Warehousing, SQL, DAX, ETL, Tableau, Python, Excel. This is a hybrid full-time position focused on delivering high-quality data & ai work."
Lead Business Intelligence Analyst,Data & AI,Excel; Python; Dashboards; DAX; Power BI; SQL,Lead,"Contract · Remote. We are hiring a Lead Business Intelligence Analyst for our SaaS team. The ideal candidate has 8-14 years of experience and is proficient in Excel, Python, Dashboards, DAX, Power BI, SQL. This is a remote contract position focused on delivering high-quality data & ai work."
Principal Computer Vision Engineer,Data & AI,C++; Python; Image Processing; CUDA; CNN; Machine Learning,Principal,"Full-time · On-site. We are hiring a Principal Computer Vision Engineer for our Enterprise team. The ideal candidate has 12-20 years of experience and is proficient in C++, Python, Image Processing, CUDA, CNN, Machine Learning. This is a on-site full-time position focused on delivering high-quality data & ai work."
Lead NLP Engineer,Data & AI,spaCy; Deep Learning; BERT; Text Mining; Tokenization; Machine Learning,Lead,"Full-time · Hybrid. We are hiring a Lead NLP Engineer for our Fintech team. The ideal candidate has 8-14 years of experience and is proficient in spaCy, Deep Learning, BERT, Text Mining, Tokenization, Machine Learning. This is a hybrid full-time position focused on delivering high-quality data & ai work."
Senior Business Intelligence Analyst,Data & AI,Reporting; SQL; Dashboards; Tableau; Excel,Senior,"Contract · Remote. We are hiring a Senior Business Intelligence Analyst for our SaaS team. The ideal candidate has 6-10 years of experience and is proficient in Reporting, SQL, Dashboards, Tableau, Excel. This is a remote contract position focused on delivering high-quality data & ai work."
Mid-level Business Intelligence Analyst,Data & AI,DAX; Tableau; Reporting; Dashboards; SQL; ETL; Python,Mid-level,"Full-time · Hybrid. We are hiring a Mid-level Business Intelligence Analyst for our Fintech team. The ideal candidate has 3-6 years of experience and is proficient in DAX, Tableau, Reporting, Dashboards, SQL, ETL, Python. This is a hybrid full-time position focused on delivering high-quality data & ai work."
Senior Data Engineer,Data & AI,Snowflake; Data Modeling; AWS; Hadoop; Spark; SQL; Airflow,Senior,"Internship · Remote. We are hiring a Senior Data Engineer for our Gaming team. The ideal candidate has 6-10 years of experience and is proficient in Snowflake, Data Modeling, AWS, Hadoop, Spark, SQL, Airflow. This is a remote internship position focused on delivering high-quality data & ai work."
Lead NLP Engineer,Data & AI,Deep Learning; PyTorch; NLP; Tokenization; BERT; Text Mining; Machine Learning,Lead,"Contract · On-site. We are hiring a Lead NLP Engineer for our EdTech team. The ideal candidate has 8-14 years of experience and is proficient in Deep Learning, PyTorch, NLP, Tokenization, BERT, Text Mining, Machine Learning. This is a on-site contract position focused on delivering high-quality data & ai work."
Senior Business Intelligence Analyst,Data & AI,Tableau; ETL; Dashboards; Python; Reporting,Senior,"Internship · Remote. We are hiring a Senior Business Intelligence Analyst for our Healthcare team. The ideal candidate has 6-10 years of experience and is proficient in Tableau, ETL, Dashboards, Python, Reporting. This is a remote internship position focused on delivering high-quality data & ai work."
Mid-level NLP Engineer,Data & AI,Text Mining; Deep Learning; BERT; Machine Learning; spaCy; Tokenization; PyTorch,Mid-level,"Contract · Remote. We are hiring a Mid-level NLP Engineer for our Enterprise team. The ideal candidate has 3-6 years of experience and is proficient in Text Mining, Deep Learning, BERT, Machine Learning, spaCy, Tokenization, PyTorch. This is a remote contract position focused on delivering high-quality data & ai work."
Junior Data Engineer,Data & AI,Python; Snowflake; SQL; ETL; AWS,Junior,"Full-time · Hybrid. We are hiring a Junior Data Engineer for our SaaS team. The ideal candidate has 1-3 years of experience and is proficient in Python, Snowflake, SQL, ETL, AWS. This is a hybrid full-time position focused on delivering high-quality data & ai work."
Lead Data Analyst,Data & AI,SQL; Statistics; Reporting; Power BI; Pandas; Excel; Python,Lead,"Full-time · Hybrid. We are hiring a Lead Data Analyst for our Healthcare team. The ideal candidate has 8-14 years of experience and is proficient in SQL, Statistics, Reporting, Power BI, Pandas, Excel, Python. This is a hybrid full-time position focused on delivering high-quality data & ai work."
Mid-level Machine Learning Engineer,Data & AI,MLOps; Machine Learning; PyTorch; TensorFlow; SQL; Deep Learning,Mid-level,"Internship · Hybrid. We are hiring a Mid-level Machine Learning Engineer for our Gaming team. The ideal candidate has 3-6 years of experience and is proficient in MLOps, Machine Learning, PyTorch, TensorFlow, SQL, Deep Learning. This is a hybrid internship position focused on delivering high-quality data & ai work."
Principal Machine Learning Engineer,Data & AI,Deep Learning; Python; Docker; TensorFlow; PyTorch; Machine Learning,Principal,"Internship · On-site. We are hiring a Principal Machine Learning Engineer for our Healthcare team. The ideal candidate has 12-20 years of experience and is proficient in Deep Learning, Python, Docker, TensorFlow, PyTorch, Machine Learning. This is a on-site internship position focused on delivering high-quality data & ai work."
Junior NLP Engineer,Data & AI,BERT; NLP; Tokenization; Python; Transformers; Deep Learning,Junior,"Full-time · Hybrid. We are hiring a Junior NLP Engineer for our Gaming team. The ideal candidate has 1-3 years of experience and is proficient in BERT, NLP, Tokenization, Python, Transformers, Deep Learning. This is a hybrid full-time position focused on delivering high-quality data & ai work."
Senior Data Scientist,Data & AI,Pandas; Jupyter; TensorFlow; SQL; Scikit-learn,Senior,"Full-time · Hybrid. We are hiring a Senior Data Scientist for our Gaming team. The ideal candidate has 6-10 years of experience and is proficient in Pandas, Jupyter, TensorFlow, SQL, Scikit-learn. This is a hybrid full-time position focused on delivering high-quality data & ai work."
Mid-level Computer Vision Engineer,Data & AI,CNN; Machine Learning; Image Processing; OpenCV; TensorFlow; Deep Learning; CUDA,Mid-level,"Full-time · Hybrid. We are hiring a Mid-level Computer Vision Engineer for our SaaS team. The ideal candidate has 3-6 years of experience and is proficient in CNN, Machine Learning, Image Processing, OpenCV, TensorFlow, Deep Learning, CUDA. This is a hybrid full-time position focused on delivering high-quality data & ai work."
Lead Data Scientist,Data & AI,Machine Learning; Statistics; NumPy; TensorFlow; Scikit-learn; Data Visualization; Jupyter,Lead,"Contract · On-site. We are hiring a Lead Data Scientist for our Gaming team. The ideal candidate has 8-14 years of experience and is proficient in Machine Learning, Statistics, NumPy, TensorFlow, Scikit-learn, Data Visualization, Jupyter. This is a on-site contract position focused on delivering high-quality data & ai work."
Mid-level Data Analyst,Data & AI,Excel; Tableau; SQL; Data Cleaning; Power BI; A/B Testing; Statistics,Mid-level,"Contract · On-site. We are hiring a Mid-level Data Analyst for our Gaming team. The ideal candidate has 3-6 years of experience and is proficient in Excel, Tableau, SQL, Data Cleaning, Power BI, A/B Testing, Statistics. This is a on-site contract position focused on delivering high-quality data & ai work."
Intern NLP Engineer,Data & AI,Text Mining; Machine Learning; Python; PyTorch; BERT,Intern,"Internship · On-site. We are hiring a Intern NLP Engineer for our SaaS team. The ideal candidate has 0-1 years of experience and is proficient in Text Mining, Machine Learning, Python, PyTorch, BERT. This is a on-site internship position focused on delivering high-quality data & ai work."
Intern Data Scientist,Data & AI,Python; SQL; Statistics; TensorFlow; Data Visualization,Intern,"Contract · On-site. We are hiring a Intern Data Scientist for our Gaming team. The ideal candidate has 0-1 years of experience and is proficient in Python, SQL, Statistics, TensorFlow, Data Visualization. This is a on-site contract position focused on delivering high-quality data & ai work."
Intern Data Engineer,Data & AI,Spark; SQL; Data Modeling; Snowflake; AWS,Intern,"Full-time · Remote. We are hiring a Intern Data Engineer for our E-commerce team. The ideal candidate has 0-1 years of experience and is proficient in Spark, SQL, Data Modeling, Snowflake, AWS. This is a remote full-time position focused on delivering high-quality data & ai work."
Principal Machine Learning Engineer,Data & AI,TensorFlow; PyTorch; SQL; MLOps; Scikit-learn,Principal,"Internship · Hybrid. We are hiring a Principal Machine Learning Engineer for our Healthcare team. The ideal candidate has 12-20 years of experience and is proficient in TensorFlow, PyTorch, SQL, MLOps, Scikit-learn. This is a hybrid internship position focused on delivering high-quality data & ai work."
Principal Machine Learning Engineer,Data & AI,Docker; Deep Learning; Scikit-learn; Machine Learning; Model Deployment; Python,Principal,"Internship · Hybrid. We are hiring a Principal Machine Learning Engineer for our Gaming team. The ideal candidate has 12-20 years of experience and is proficient in Docker, Deep Learning, Scikit-learn, Machine Learning, Model Deployment, Python. This is a hybrid internship position focused on delivering high-quality data & ai work."
Principal Business Intelligence Analyst,Data & AI,Dashboards; Data Warehousing; Power BI; SQL; ETL; Excel; Reporting,Principal,"Internship · Hybrid. We are hiring a Principal Business Intelligence Analyst for our Startup team. The ideal candidate has 12-20 years of experience and is proficient in Dashboards, Data Warehousing, Power BI, SQL, ETL, Excel, Reporting. This is a hybrid internship position focused on delivering high-quality data & ai work."
Principal Machine Learning Engineer,Data & AI,SQL; Deep Learning; Docker; MLOps; Model Deployment; PyTorch,Principal,"Contract · On-site. We are hiring a Principal Machine Learning Engineer for our E-commerce team. The ideal candidate has 12-20 years of experience and is proficient in SQL, Deep Learning, Docker, MLOps, Model Deployment, PyTorch. This is a on-site contract position focused on delivering high-quality data & ai work."
Senior Data Scientist,Data & AI,Scikit-learn; NumPy; Python; Machine Learning; Pandas; Data Visualization; Statistics,Senior,"Internship · On-site. We are hiring a Senior Data Scientist for our Startup team. The ideal candidate has 6-10 years of experience and is proficient in Scikit-learn, NumPy, Python, Machine Learning, Pandas, Data Visualization, Statistics. This is a on-site internship position focused on delivering high-quality data & ai work."
Junior Data Analyst,Data & AI,Statistics; Tableau; SQL; Power BI; Reporting; Data Cleaning,Junior,"Internship · Hybrid. We are hiring a Junior Data Analyst for our Enterprise team. The ideal candidate has 1-3 years of experience and is proficient in Statistics, Tableau, SQL, Power BI, Reporting, Data Cleaning. This is a hybrid internship position focused on delivering high-quality data & ai work."
Senior Machine Learning Engineer,Data & AI,Scikit-learn; Machine Learning; Deep Learning; SQL; MLOps; Docker; Python,Senior,"Contract · On-site. We are hiring a Senior Machine Learning Engineer for our E-commerce team. The ideal candidate has 6-10 years of experience and is proficient in Scikit-learn, Machine Learning, Deep Learning, SQL, MLOps, Docker, Python. This is a on-site contract position focused on delivering high-quality data & ai work."
Intern Machine Learning Engineer,Data & AI,SQL; Machine Learning; Python; Docker; PyTorch; Model Deployment; Deep Learning,Intern,"Internship · Hybrid. We are hiring a Intern Machine Learning Engineer for our Fintech team. The ideal candidate has 0-1 years of experience and is proficient in SQL, Machine Learning, Python, Docker, PyTorch, Model Deployment, Deep Learning. This is a hybrid internship position focused on delivering high-quality data & ai work."
Principal Computer Vision Engineer,Data & AI,C++; OpenCV; Deep Learning; Machine Learning; Python,Principal,"Internship · Remote. We are hiring a Principal Computer Vision Engineer for our SaaS team. The ideal candidate has 12-20 years of experience and is proficient in C++, OpenCV, Deep Learning, Machine Learning, Python. This is a remote internship position focused on delivering high-quality data & ai work."
Lead AI Researcher,Data & AI,Mathematics; NLP; PyTorch; Publications; Machine Learning,Lead,"Full-time · On-site. We are hiring a Lead AI Researcher for our Gaming team. The ideal candidate has 8-14 years of experience and is proficient in Mathematics, NLP, PyTorch, Publications, Machine Learning. This is a on-site full-time position focused on delivering high-quality data & ai work."
Intern NLP Engineer,Data & AI,NLP; Text Mining; BERT; Python; Machine Learning; Tokenization,Intern,"Internship · Hybrid. We are hiring a Intern NLP Engineer for our Enterprise team. The ideal candidate has 0-1 years of experience and is proficient in NLP, Text Mining, BERT, Python, Machine Learning, Tokenization. This is a hybrid internship position focused on delivering high-quality data & ai work."
Junior Data Engineer,Data & AI,SQL; ETL; Airflow; Snowflake; Data Modeling; Python; Kafka,Junior,"Contract · On-site. We are hiring a Junior Data Engineer for our Enterprise team. The ideal candidate has 1-3 years of experience and is proficient in SQL, ETL, Airflow, Snowflake, Data Modeling, Python, Kafka. This is a on-site contract position focused on delivering high-quality data & ai work."
Junior Machine Learning Engineer,Data & AI,PyTorch; TensorFlow; Model Deployment; Python; Docker; Machine Learning; Deep Learning,Junior,"Full-time · Hybrid. We are hiring a Junior Machine Learning Engineer for our E-commerce team. The ideal candidate has 1-3 years of experience and is proficient in PyTorch, TensorFlow, Model Deployment, Python, Docker, Machine Learning, Deep Learning. This is a hybrid full-time position focused on delivering high-quality data & ai work."
Intern NLP Engineer,Data & AI,Tokenization; Python; NLP; BERT; Text Mining; Transformers,Intern,"Contract · On-site. We are hiring a Intern NLP Engineer for our Gaming team. The ideal candidate has 0-1 years of experience and is proficient in Tokenization, Python, NLP, BERT, Text Mining, Transformers. This is a on-site contract position focused on delivering high-quality data & ai work."
Junior Data Analyst,Data & AI,A/B Testing; Statistics; Python; Data Cleaning; Reporting,Junior,"Internship · On-site. We are hiring a Junior Data Analyst for our Gaming team. The ideal candidate has 1-3 years of experience and is proficient in A/B Testing, Statistics, Python, Data Cleaning, Reporting. This is a on-site internship position focused on delivering high-quality data & ai work."
Principal Data Engineer,Data & AI,ETL; Snowflake; Hadoop; Python; AWS,Principal,"Contract · On-site. We are hiring a Principal Data Engineer for our SaaS team. The ideal candidate has 12-20 years of experience and is proficient in ETL, Snowflake, Hadoop, Python, AWS. This is a on-site contract position focused on delivering high-quality data & ai work."
Junior Business Intelligence Analyst,Data & AI,Power BI; Tableau; SQL; Reporting; DAX; Python,Junior,"Internship · Remote. We are hiring a Junior Business Intelligence Analyst for our Startup team. The ideal candidate has 1-3 years of experience and is proficient in Power BI, Tableau, SQL, Reporting, DAX, Python. This is a remote internship position focused on delivering high-quality data & ai work."
Principal Data Analyst,Data & AI,Pandas; Power BI; A/B Testing; Statistics; Data Cleaning; Reporting,Principal,"Internship · Remote. We are hiring a Principal Data Analyst for our SaaS team. The ideal candidate has 12-20 years of experience and is proficient in Pandas, Power BI, A/B Testing, Statistics, Data Cleaning, Reporting. This is a remote internship position focused on delivering high-quality data & ai work."
Junior Computer Vision Engineer,Data & AI,PyTorch; C++; CNN; Python; OpenCV,Junior,"Full-time · On-site. We are hiring a Junior Computer Vision Engineer for our Healthcare team. The ideal candidate has 1-3 years of experience and is proficient in PyTorch, C++, CNN, Python, OpenCV. This is a on-site full-time position focused on delivering high-quality data & ai work."
Senior NLP Engineer,Data & AI,Machine Learning; Text Mining; Python; Tokenization; NLP,Senior,"Internship · Hybrid. We are hiring a Senior NLP Engineer for our Fintech team. The ideal candidate has 6-10 years of experience and is proficient in Machine Learning, Text Mining, Python, Tokenization, NLP. This is a hybrid internship position focused on delivering high-quality data & ai work."
Principal Data Engineer,Data & AI,Hadoop; ETL; SQL; Data Modeling; Python; AWS,Principal,"Full-time · Remote. We are hiring a Principal Data Engineer for our Gaming team. The ideal candidate has 12-20 years of experience and is proficient in Hadoop, ETL, SQL, Data Modeling, Python, AWS. This is a remote full-time position focused on delivering high-quality data & ai work."
Junior Data Analyst,Data & AI,A/B Testing; Reporting; Tableau; Python; Data Cleaning; SQL; Power BI,Junior,"Internship · Hybrid. We are hiring a Junior Data Analyst for our EdTech team. The ideal candidate has 1-3 years of experience and is proficient in A/B Testing, Reporting, Tableau, Python, Data Cleaning, SQL, Power BI. This is a hybrid internship position focused on delivering high-quality data & ai work."
Intern Computer Vision Engineer,Data & AI,Machine Learning; Image Processing; C++; CNN; Deep Learning; TensorFlow,Intern,"Internship · Remote. We are hiring a Intern Computer Vision Engineer for our Startup team. The ideal candidate has 0-1 years of experience and is proficient in Machine Learning, Image Processing, C++, CNN, Deep Learning, TensorFlow. This is a remote internship position focused on delivering high-quality data & ai work."
Senior Data Engineer,Data & AI,ETL; Data Modeling; AWS; Snowflake; Python; Airflow,Senior,"Contract · Remote. We are hiring a Senior Data Engineer for our E-commerce team. The ideal candidate has 6-10 years of experience and is proficient in ETL, Data Modeling, AWS, Snowflake, Python, Airflow. This is a remote contract position focused on delivering high-quality data & ai work."
Junior Computer Vision Engineer,Data & AI,CNN; OpenCV; C++; PyTorch; TensorFlow,Junior,"Internship · On-site. We are hiring a Junior Computer Vision Engineer for our Fintech team. The ideal candidate has 1-3 years of experience and is proficient in CNN, OpenCV, C++, PyTorch, TensorFlow. This is a on-site internship position focused on delivering high-quality data & ai work."
Junior Computer Vision Engineer,Data & AI,Deep Learning; Python; C++; CNN; Machine Learning,Junior,"Internship · On-site. We are hiring a Junior Computer Vision Engineer for our Gaming team. The ideal candidate has 1-3 years of experience and is proficient in Deep Learning, Python, C++, CNN, Machine Learning. This is a on-site internship position focused on delivering high-quality data & ai work."
Intern NLP Engineer,Data & AI,PyTorch; Text Mining; NLP; Tokenization; Transformers; spaCy; BERT,Intern,"Contract · On-site. We are hiring a Intern NLP Engineer for our E-commerce team. The ideal candidate has 0-1 years of experience and is proficient in PyTorch, Text Mining, NLP, Tokenization, Transformers, spaCy, BERT. This is a on-site contract position focused on delivering high-quality data & ai work."
Principal Data Scientist,Data & AI,Statistics; TensorFlow; Jupyter; Data Visualization; SQL,Principal,"Contract · Hybrid. We are hiring a Principal Data Scientist for our E-commerce team. The ideal candidate has 12-20 years of experience and is proficient in Statistics, TensorFlow, Jupyter, Data Visualization, SQL. This is a hybrid contract position focused on delivering high-quality data & ai work."
Mid-level NLP Engineer,Data & AI,PyTorch; Text Mining; spaCy; Python; Deep Learning; Tokenization; NLP,Mid-level,"Contract · Remote. We are hiring a Mid-level NLP Engineer for our E-commerce team. The ideal candidate has 3-6 years of experience and is proficient in PyTorch, Text Mining, spaCy, Python, Deep Learning, Tokenization, NLP. This is a remote contract position focused on delivering high-quality data & ai work."
Junior Data Scientist,Data & AI,NumPy; SQL; Machine Learning; Jupyter; Statistics; TensorFlow,Junior,"Contract · On-site. We are hiring a Junior Data Scientist for our E-commerce team. The ideal candidate has 1-3 years of experience and is proficient in NumPy, SQL, Machine Learning, Jupyter, Statistics, TensorFlow. This is a on-site contract position focused on delivering high-quality data & ai work."
Junior Data Analyst,Data & AI,Data Cleaning; A/B Testing; Tableau; Excel; SQL; Reporting,Junior,"Contract · Hybrid. We are hiring a Junior Data Analyst for our Fintech team. The ideal candidate has 1-3 years of experience and is proficient in Data Cleaning, A/B Testing, Tableau, Excel, SQL, Reporting. This is a hybrid contract position focused on delivering high-quality data & ai work."
Senior AI Researcher,Data & AI,Python; NLP; PyTorch; Research; Publications; TensorFlow; Machine Learning,Senior,"Full-time · On-site. We are hiring a Senior AI Researcher for our E-commerce team. The ideal candidate has 6-10 years of experience and is proficient in Python, NLP, PyTorch, Research, Publications, TensorFlow, Machine Learning. This is a on-site full-time position focused on delivering high-quality data & ai work."
Lead Data Engineer,Data & AI,Spark; Airflow; Python; ETL; AWS; Data Modeling,Lead,"Internship · Hybrid. We are hiring a Lead Data Engineer for our Gaming team. The ideal candidate has 8-14 years of experience and is proficient in Spark, Airflow, Python, ETL, AWS, Data Modeling. This is a hybrid internship position focused on delivering high-quality data & ai work."
Lead Business Intelligence Analyst,Data & AI,SQL; Data Warehousing; Python; Excel; ETL; DAX,Lead,"Contract · Hybrid. We are hiring a Lead Business Intelligence Analyst for our Startup team. The ideal candidate has 8-14 years of experience and is proficient in SQL, Data Warehousing, Python, Excel, ETL, DAX. This is a hybrid contract position focused on delivering high-quality data & ai work."
Intern Computer Vision Engineer,Data & AI,OpenCV; Deep Learning; TensorFlow; PyTorch; C++; CUDA; Python,Intern,"Internship · On-site. We are hiring a Intern Computer Vision Engineer for our Startup team. The ideal candidate has 0-1 years of experience and is proficient in OpenCV, Deep Learning, TensorFlow, PyTorch, C++, CUDA, Python. This is a on-site internship position focused on delivering high-quality data & ai work."
Principal Data Scientist,Data & AI,Scikit-learn; Machine Learning; Data Visualization; Python; Jupyter; Pandas; Statistics,Principal,"Contract · On-site. We are hiring a Principal Data Scientist for our EdTech team. The ideal candidate has 12-20 years of experience and is proficient in Scikit-learn, Machine Learning, Data Visualization, Python, Jupyter, Pandas, Statistics. This is a on-site contract position focused on delivering high-quality data & ai work."
Junior Data Analyst,Data & AI,Tableau; Data Cleaning; Excel; SQL; Python,Junior,"Internship · Hybrid. We are hiring a Junior Data Analyst for our Gaming team. The ideal candidate has 1-3 years of experience and is proficient in Tableau, Data Cleaning, Excel, SQL, Python. This is a hybrid internship position focused on delivering high-quality data & ai work."
Intern Data Engineer,Data & AI,Kafka; Python; Data Modeling; AWS; Hadoop; Spark,Intern,"Contract · Remote. We are hiring a Intern Data Engineer for our SaaS team. The ideal candidate has 0-1 years of experience and is proficient in Kafka, Python, Data Modeling, AWS, Hadoop, Spark. This is a remote contract position focused on delivering high-quality data & ai work."
Lead Data Analyst,Data & AI,Python; Reporting; Power BI; Pandas; A/B Testing; Excel,Lead,"Internship · Remote. We are hiring a Lead Data Analyst for our Fintech team. The ideal candidate has 8-14 years of experience and is proficient in Python, Reporting, Power BI, Pandas, A/B Testing, Excel. This is a remote internship position focused on delivering high-quality data & ai work."
Mid-level Machine Learning Engineer,Data & AI,TensorFlow; Python; MLOps; Model Deployment; PyTorch,Mid-level,"Full-time · Remote. We are hiring a Mid-level Machine Learning Engineer for our Enterprise team. The ideal candidate has 3-6 years of experience and is proficient in TensorFlow, Python, MLOps, Model Deployment, PyTorch. This is a remote full-time position focused on delivering high-quality data & ai work."
Mid-level Data Analyst,Data & AI,Statistics; Tableau; Python; Power BI; Reporting; SQL; Excel,Mid-level,"Full-time · Hybrid. We are hiring a Mid-level Data Analyst for our Startup team. The ideal candidate has 3-6 years of experience and is proficient in Statistics, Tableau, Python, Power BI, Reporting, SQL, Excel. This is a hybrid full-time position focused on delivering high-quality data & ai work."
Intern NLP Engineer,Data & AI,PyTorch; NLP; spaCy; Text Mining; Machine Learning; Transformers,Intern,"Contract · On-site. We are hiring a Intern NLP Engineer for our Startup team. The ideal candidate has 0-1 years of experience and is proficient in PyTorch, NLP, spaCy, Text Mining, Machine Learning, Transformers. This is a on-site contract position focused on delivering high-quality data & ai work."
Principal AI Researcher,Data & AI,Python; Deep Learning; Research; Reinforcement Learning; NLP,Principal,"Internship · Remote. We are hiring a Principal AI Researcher for our Healthcare team. The ideal candidate has 12-20 years of experience and is proficient in Python, Deep Learning, Research, Reinforcement Learning, NLP. This is a remote internship position focused on delivering high-quality data & ai work."
Senior AI Researcher,Data & AI,Deep Learning; PyTorch; Python; NLP; Publications,Senior,"Full-time · Hybrid. We are hiring a Senior AI Researcher for our Gaming team. The ideal candidate has 6-10 years of experience and is proficient in Deep Learning, PyTorch, Python, NLP, Publications. This is a hybrid full-time position focused on delivering high-quality data & ai work."
Principal Machine Learning Engineer,Data & AI,MLOps; Machine Learning; Scikit-learn; PyTorch; Docker; Model Deployment,Principal,"Contract · On-site. We are hiring a Principal Machine Learning Engineer for our Startup team. The ideal candidate has 12-20 years of experience and is proficient in MLOps, Machine Learning, Scikit-learn, PyTorch, Docker, Model Deployment. This is a on-site contract position focused on delivering high-quality data & ai work."
Lead Data Engineer,Data & AI,Kafka; ETL; AWS; Python; Airflow,Lead,"Contract · Hybrid. We are hiring a Lead Data Engineer for our Healthcare team. The ideal candidate has 8-14 years of experience and is proficient in Kafka, ETL, AWS, Python, Airflow. This is a hybrid contract position focused on delivering high-quality data & ai work."
Principal Computer Vision Engineer,Data & AI,Machine Learning; CUDA; OpenCV; Image Processing; PyTorch; Deep Learning,Principal,"Full-time · Remote. We are hiring a Principal Computer Vision Engineer for our Startup team. The ideal candidate has 12-20 years of experience and is proficient in Machine Learning, CUDA, OpenCV, Image Processing, PyTorch, Deep Learning. This is a remote full-time position focused on delivering high-quality data & ai work."
Mid-level Business Intelligence Analyst,Data & AI,Excel; SQL; Python; Dashboards; DAX; Reporting; Power BI,Mid-level,"Full-time · Hybrid. We are hiring a Mid-level Business Intelligence Analyst for our Healthcare team. The ideal candidate has 3-6 years of experience and is proficient in Excel, SQL, Python, Dashboards, DAX, Reporting, Power BI. This is a hybrid full-time position focused on delivering high-quality data & ai work."
Junior Data Scientist,Data & AI,Data Visualization; Jupyter; Statistics; TensorFlow; Scikit-learn; Pandas; SQL,Junior,"Contract · Hybrid. We are hiring a Junior Data Scientist for our Gaming team. The ideal candidate has 1-3 years of experience and is proficient in Data Visualization, Jupyter, Statistics, TensorFlow, Scikit-learn, Pandas, SQL. This is a hybrid contract position focused on delivering high-quality data & ai work."
Principal NLP Engineer,Data & AI,PyTorch; NLP; Transformers; BERT; Tokenization; Python,Principal,"Internship · Remote. We are hiring a Principal NLP Engineer for our Healthcare team. The ideal candidate has 12-20 years of experience and is proficient in PyTorch, NLP, Transformers, BERT, Tokenization, Python. This is a remote internship position focused on delivering high-quality data & ai work."
Mid-level Data Scientist,Data & AI,SQL; Python; TensorFlow; Pandas; NumPy; Data Visualization,Mid-level,"Full-time · Remote. We are hiring a Mid-level Data Scientist for our Healthcare team. The ideal candidate has 3-6 years of experience and is proficient in SQL, Python, TensorFlow, Pandas, NumPy, Data Visualization. This is a remote full-time position focused on delivering high-quality data & ai work."
Senior Data Scientist,Data & AI,Jupyter; Machine Learning; Python; NumPy; Scikit-learn; Statistics; Data Visualization,Senior,"Internship · On-site. We are hiring a Senior Data Scientist for our Fintech team. The ideal candidate has 6-10 years of experience and is proficient in Jupyter, Machine Learning, Python, NumPy, Scikit-learn, Statistics, Data Visualization. This is a on-site internship position focused on delivering high-quality data & ai work."
Intern Data Analyst,Data & AI,Reporting; Statistics; Tableau; Data Cleaning; Python; Power BI; SQL,Intern,"Internship · Hybrid. We are hiring a Intern Data Analyst for our Fintech team. The ideal candidate has 0-1 years of experience and is proficient in Reporting, Statistics, Tableau, Data Cleaning, Python, Power BI, SQL. This is a hybrid internship position focused on delivering high-quality data & ai work."
Junior Machine Learning Engineer,Data & AI,Docker; MLOps; SQL; Machine Learning; Scikit-learn; Deep Learning,Junior,"Contract · Hybrid. We are hiring a Junior Machine Learning Engineer for our Fintech team. The ideal candidate has 1-3 years of experience and is proficient in Docker, MLOps, SQL, Machine Learning, Scikit-learn, Deep Learning. This is a hybrid contract position focused on delivering high-quality data & ai work."
Intern Data Engineer,Data & AI,Hadoop; Airflow; Spark; Snowflake; AWS,Intern,"Full-time · On-site. We are hiring a Intern Data Engineer for our E-commerce team. The ideal candidate has 0-1 years of experience and is proficient in Hadoop, Airflow, Spark, Snowflake, AWS. This is a on-site full-time position focused on delivering high-quality data & ai work."
Junior Data Analyst,Data & AI,Statistics; Pandas; SQL; Excel; Power BI,Junior,"Contract · Hybrid. We are hiring a Junior Data Analyst for our Healthcare team. The ideal candidate has 1-3 years of experience and is proficient in Statistics, Pandas, SQL, Excel, Power BI. This is a hybrid contract position focused on delivering high-quality data & ai work."
Junior Machine Learning Engineer,Data & AI,Machine Learning; Python; Scikit-learn; TensorFlow; Docker; PyTorch,Junior,"Contract · Hybrid. We are hiring a Junior Machine Learning Engineer for our Healthcare team. The ideal candidate has 1-3 years of experience and is proficient in Machine Learning, Python, Scikit-learn, TensorFlow, Docker, PyTorch. This is a hybrid contract position focused on delivering high-quality data & ai work."
Senior Data Analyst,Data & AI,A/B Testing; SQL; Python; Statistics; Excel; Tableau,Senior,"Internship · On-site. We are hiring a Senior Data Analyst for our E-commerce team. The ideal candidate has 6-10 years of experience and is proficient in A/B Testing, SQL, Python, Statistics, Excel, Tableau. This is a on-site internship position focused on delivering high-quality data & ai work."
Intern Data Analyst,Data & AI,Python; Excel; Reporting; Statistics; Data Cleaning,Intern,"Contract · Remote. We are hiring a Intern Data Analyst for our Gaming team. The ideal candidate has 0-1 years of experience and is proficient in Python, Excel, Reporting, Statistics, Data Cleaning. This is a remote contract position focused on delivering high-quality data & ai work."
Intern Data Scientist,Data & AI,SQL; Python; Data Visualization; Machine Learning; Jupyter,Intern,"Internship · On-site. We are hiring a Intern Data Scientist for our SaaS team. The ideal candidate has 0-1 years of experience and is proficient in SQL, Python, Data Visualization, Machine Learning, Jupyter. This is a on-site internship position focused on delivering high-quality data & ai work."
Principal Data Analyst,Data & AI,Tableau; Python; Data Cleaning; A/B Testing; SQL; Statistics; Pandas,Principal,"Internship · Hybrid. We are hiring a Principal Data Analyst for our E-commerce team. The ideal candidate has 12-20 years of experience and is proficient in Tableau, Python, Data Cleaning, A/B Testing, SQL, Statistics, Pandas. This is a hybrid internship position focused on delivering high-quality data & ai work."
Junior Data Analyst,Data & AI,Tableau; SQL; Reporting; Python; A/B Testing,Junior,"Contract · Hybrid. We are hiring a Junior Data Analyst for our EdTech team. The ideal candidate has 1-3 years of experience and is proficient in Tableau, SQL, Reporting, Python, A/B Testing. This is a hybrid contract position focused on delivering high-quality data & ai work."
Junior Business Intelligence Analyst,Data & AI,Dashboards; Tableau; Python; Data Warehousing; Reporting; SQL; DAX,Junior,"Contract · Remote. We are hiring a Junior Business Intelligence Analyst for our Enterprise team. The ideal candidate has 1-3 years of experience and is proficient in Dashboards, Tableau, Python, Data Warehousing, Reporting, SQL, DAX. This is a remote contract position focused on delivering high-quality data & ai work."
Mid-level Computer Vision Engineer,Data & AI,PyTorch; Machine Learning; C++; CUDA; OpenCV; CNN; Image Processing,Mid-level,"Contract · Remote. We are hiring a Mid-level Computer Vision Engineer for our EdTech team. The ideal candidate has 3-6 years of experience and is proficient in PyTorch, Machine Learning, C++, CUDA, OpenCV, CNN, Image Processing. This is a remote contract position focused on delivering high-quality data & ai work."
Principal Business Intelligence Analyst,Data & AI,Reporting; Power BI; Excel; Data Warehousing; ETL; Tableau,Principal,"Contract · On-site. We are hiring a Principal Business Intelligence Analyst for our Gaming team. The ideal candidate has 12-20 years of experience and is proficient in Reporting, Power BI, Excel, Data Warehousing, ETL, Tableau. This is a on-site contract position focused on delivering high-quality data & ai work."
Principal Data Scientist,Data & AI,Machine Learning; NumPy; SQL; Python; Jupyter,Principal,"Internship · On-site. We are hiring a Principal Data Scientist for our Gaming team. The ideal candidate has 12-20 years of experience and is proficient in Machine Learning, NumPy, SQL, Python, Jupyter. This is a on-site internship position focused on delivering high-quality data & ai work."
Senior Data Engineer,Data & AI,Spark; ETL; Hadoop; SQL; Snowflake; Kafka,Senior,"Full-time · Hybrid. We are hiring a Senior Data Engineer for our Gaming team. The ideal candidate has 6-10 years of experience and is proficient in Spark, ETL, Hadoop, SQL, Snowflake, Kafka. This is a hybrid full-time position focused on delivering high-quality data & ai work."
Senior NLP Engineer,Data & AI,Tokenization; NLP; Deep Learning; PyTorch; Transformers; Text Mining,Senior,"Internship · Remote. We are hiring a Senior NLP Engineer for our Healthcare team. The ideal candidate has 6-10 years of experience and is proficient in Tokenization, NLP, Deep Learning, PyTorch, Transformers, Text Mining. This is a remote internship position focused on delivering high-quality data & ai work."
Senior Data Engineer,Data & AI,Hadoop; Snowflake; ETL; Kafka; Data Modeling; AWS; SQL,Senior,"Full-time · Hybrid. We are hiring a Senior Data Engineer for our Enterprise team. The ideal candidate has 6-10 years of experience and is proficient in Hadoop, Snowflake, ETL, Kafka, Data Modeling, AWS, SQL. This is a hybrid full-time position focused on delivering high-quality data & ai work."
Intern Computer Vision Engineer,Data & AI,Machine Learning; TensorFlow; C++; CUDA; OpenCV,Intern,"Internship · On-site. We are hiring a Intern Computer Vision Engineer for our E-commerce team. The ideal candidate has 0-1 years of experience and is proficient in Machine Learning, TensorFlow, C++, CUDA, OpenCV. This is a on-site internship position focused on delivering high-quality data & ai work."
Mid-level Business Intelligence Analyst,Data & AI,SQL; DAX; Data Warehousing; Dashboards; Excel; ETL,Mid-level,"Internship · Remote. We are hiring a Mid-level Business Intelligence Analyst for our Enterprise team. The ideal candidate has 3-6 years of experience and is proficient in SQL, DAX, Data Warehousing, Dashboards, Excel, ETL. This is a remote internship position focused on delivering high-quality data & ai work."
Intern Computer Vision Engineer,Data & AI,TensorFlow; C++; Deep Learning; Python; CNN; OpenCV,Intern,"Internship · Hybrid. We are hiring a Intern Computer Vision Engineer for our EdTech team. The ideal candidate has 0-1 years of experience and is proficient in TensorFlow, C++, Deep Learning, Python, CNN, OpenCV. This is a hybrid internship position focused on delivering high-quality data & ai work."
Mid-level NLP Engineer,Data & AI,Machine Learning; BERT; Transformers; Tokenization; Text Mining,Mid-level,"Internship · Remote. We are hiring a Mid-level NLP Engineer for our Startup team. The ideal candidate has 3-6 years of experience and is proficient in Machine Learning, BERT, Transformers, Tokenization, Text Mining. This is a remote internship position focused on delivering high-quality data & ai work."
Mid-level NLP Engineer,Data & AI,NLP; Transformers; BERT; Tokenization; Text Mining,Mid-level,"Contract · Remote. We are hiring a Mid-level NLP Engineer for our SaaS team. The ideal candidate has 3-6 years of experience and is proficient in NLP, Transformers, BERT, Tokenization, Text Mining. This is a remote contract position focused on delivering high-quality data & ai work."
Lead Machine Learning Engineer,Data & AI,Python; Docker; Model Deployment; Deep Learning; Machine Learning; PyTorch; SQL,Lead,"Full-time · Hybrid. We are hiring a Lead Machine Learning Engineer for our Startup team. The ideal candidate has 8-14 years of experience and is proficient in Python, Docker, Model Deployment, Deep Learning, Machine Learning, PyTorch, SQL. This is a hybrid full-time position focused on delivering high-quality data & ai work."
Mid-level Data Engineer,Data & AI,Kafka; Snowflake; Data Modeling; Spark; AWS,Mid-level,"Contract · Remote. We are hiring a Mid-level Data Engineer for our Gaming team. The ideal candidate has 3-6 years of experience and is proficient in Kafka, Snowflake, Data Modeling, Spark, AWS. This is a remote contract position focused on delivering high-quality data & ai work."
Intern Computer Vision Engineer,Data & AI,Machine Learning; TensorFlow; Python; CUDA; CNN; Image Processing,Intern,"Internship · Hybrid. We are hiring a Intern Computer Vision Engineer for our SaaS team. The ideal candidate has 0-1 years of experience and is proficient in Machine Learning, TensorFlow, Python, CUDA, CNN, Image Processing. This is a hybrid internship position focused on delivering high-quality data & ai work."
Principal AI Researcher,Data & AI,Python; PyTorch; Deep Learning; Machine Learning; TensorFlow; NLP,Principal,"Contract · Remote. We are hiring a Principal AI Researcher for our Startup team. The ideal candidate has 12-20 years of experience and is proficient in Python, PyTorch, Deep Learning, Machine Learning, TensorFlow, NLP. This is a remote contract position focused on delivering high-quality data & ai work."
Lead Data Engineer,Data & AI,Airflow; Spark; Data Modeling; ETL; Python; AWS,Lead,"Internship · On-site. We are hiring a Lead Data Engineer for our Enterprise team. The ideal candidate has 8-14 years of experience and is proficient in Airflow, Spark, Data Modeling, ETL, Python, AWS. This is a on-site internship position focused on delivering high-quality data & ai work."
Lead Data Analyst,Data & AI,Power BI; SQL; A/B Testing; Reporting; Python; Statistics; Pandas,Lead,"Full-time · Remote. We are hiring a Lead Data Analyst for our EdTech team. The ideal candidate has 8-14 years of experience and is proficient in Power BI, SQL, A/B Testing, Reporting, Python, Statistics, Pandas. This is a remote full-time position focused on delivering high-quality data & ai work."
Senior AI Researcher,Data & AI,PyTorch; NLP; Reinforcement Learning; Research; Deep Learning; TensorFlow; Mathematics,Senior,"Contract · On-site. We are hiring a Senior AI Researcher for our Gaming team. The ideal candidate has 6-10 years of experience and is proficient in PyTorch, NLP, Reinforcement Learning, Research, Deep Learning, TensorFlow, Mathematics. This is a on-site contract position focused on delivering high-quality data & ai work."
Intern Machine Learning Engineer,Data & AI,PyTorch; Deep Learning; Python; SQL; Scikit-learn; MLOps; TensorFlow,Intern,"Full-time · On-site. We are hiring a Intern Machine Learning Engineer for our Fintech team. The ideal candidate has 0-1 years of experience and is proficient in PyTorch, Deep Learning, Python, SQL, Scikit-learn, MLOps, TensorFlow. This is a on-site full-time position focused on delivering high-quality data & ai work."
Principal Data Scientist,Data & AI,Python; Statistics; SQL; Data Visualization; NumPy; TensorFlow,Principal,"Internship · Hybrid. We are hiring a Principal Data Scientist for our Startup team. The ideal candidate has 12-20 years of experience and is proficient in Python, Statistics, SQL, Data Visualization, NumPy, TensorFlow. This is a hybrid internship position focused on delivering high-quality data & ai work."
Principal Business Intelligence Analyst,Data & AI,Dashboards; Python; Power BI; Tableau; Reporting; SQL; Excel,Principal,"Contract · Hybrid. We are hiring a Principal Business Intelligence Analyst for our SaaS team. The ideal candidate has 12-20 years of experience and is proficient in Dashboards, Python, Power BI, Tableau, Reporting, SQL, Excel. This is a hybrid contract position focused on delivering high-quality data & ai work."
Intern Machine Learning Engineer,Data & AI,Model Deployment; Deep Learning; Python; SQL; PyTorch,Intern,"Contract · Remote. We are hiring a Intern Machine Learning Engineer for our Gaming team. The ideal candidate has 0-1 years of experience and is proficient in Model Deployment, Deep Learning, Python, SQL, PyTorch. This is a remote contract position focused on delivering high-quality data & ai work."
Mid-level Data Analyst,Data & AI,Data Cleaning; SQL; A/B Testing; Excel; Tableau; Pandas,Mid-level,"Internship · Hybrid. We are hiring a Mid-level Data Analyst for our Gaming team. The ideal candidate has 3-6 years of experience and is proficient in Data Cleaning, SQL, A/B Testing, Excel, Tableau, Pandas. This is a hybrid internship position focused on delivering high-quality data & ai work."
Principal AI Researcher,Data & AI,Reinforcement Learning; Deep Learning; NLP; Publications; TensorFlow,Principal,"Internship · Hybrid. We are hiring a Principal AI Researcher for our SaaS team. The ideal candidate has 12-20 years of experience and is proficient in Reinforcement Learning, Deep Learning, NLP, Publications, TensorFlow. This is a hybrid internship position focused on delivering high-quality data & ai work."
Junior Data Engineer,Data & AI,AWS; Python; Snowflake; ETL; Hadoop,Junior,"Internship · On-site. We are hiring a Junior Data Engineer for our SaaS team. The ideal candidate has 1-3 years of experience and is proficient in AWS, Python, Snowflake, ETL, Hadoop. This is a on-site internship position focused on delivering high-quality data & ai work."
Lead Computer Vision Engineer,Data & AI,C++; Machine Learning; OpenCV; Deep Learning; CUDA; Python; Image Processing,Lead,"Contract · On-site. We are hiring a Lead Computer Vision Engineer for our Enterprise team. The ideal candidate has 8-14 years of experience and is proficient in C++, Machine Learning, OpenCV, Deep Learning, CUDA, Python, Image Processing. This is a on-site contract position focused on delivering high-quality data & ai work."
Principal AI Researcher,Data & AI,Publications; NLP; TensorFlow; Python; Mathematics; PyTorch,Principal,"Contract · On-site. We are hiring a Principal AI Researcher for our Gaming team. The ideal candidate has 12-20 years of experience and is proficient in Publications, NLP, TensorFlow, Python, Mathematics, PyTorch. This is a on-site contract position focused on delivering high-quality data & ai work."
Lead Computer Vision Engineer,Data & AI,OpenCV; Python; C++; Deep Learning; PyTorch; CUDA,Lead,"Internship · Remote. We are hiring a Lead Computer Vision Engineer for our EdTech team. The ideal candidate has 8-14 years of experience and is proficient in OpenCV, Python, C++, Deep Learning, PyTorch, CUDA. This is a remote internship position focused on delivering high-quality data & ai work."
Intern Business Intelligence Analyst,Data & AI,ETL; Data Warehousing; Power BI; Python; Tableau; DAX; Reporting,Intern,"Full-time · On-site. We are hiring a Intern Business Intelligence Analyst for our E-commerce team. The ideal candidate has 0-1 years of experience and is proficient in ETL, Data Warehousing, Power BI, Python, Tableau, DAX, Reporting. This is a on-site full-time position focused on delivering high-quality data & ai work."
Junior Machine Learning Engineer,Data & AI,SQL; Deep Learning; PyTorch; TensorFlow; Docker; MLOps; Python,Junior,"Internship · Remote. We are hiring a Junior Machine Learning Engineer for our SaaS team. The ideal candidate has 1-3 years of experience and is proficient in SQL, Deep Learning, PyTorch, TensorFlow, Docker, MLOps, Python. This is a remote internship position focused on delivering high-quality data & ai work."
Principal Computer Vision Engineer,Data & AI,TensorFlow; C++; PyTorch; CNN; OpenCV; Deep Learning,Principal,"Internship · On-site. We are hiring a Principal Computer Vision Engineer for our Gaming team. The ideal candidate has 12-20 years of experience and is proficient in TensorFlow, C++, PyTorch, CNN, OpenCV, Deep Learning. This is a on-site internship position focused on delivering high-quality data & ai work."
Principal Data Analyst,Data & AI,SQL; Statistics; Tableau; Pandas; Excel; Python; Power BI,Principal,"Full-time · Hybrid. We are hiring a Principal Data Analyst for our Healthcare team. The ideal candidate has 12-20 years of experience and is proficient in SQL, Statistics, Tableau, Pandas, Excel, Python, Power BI. This is a hybrid full-time position focused on delivering high-quality data & ai work."
Intern Data Analyst,Data & AI,Data Cleaning; Python; Reporting; SQL; A/B Testing,Intern,"Contract · Remote. We are hiring a Intern Data Analyst for our EdTech team. The ideal candidate has 0-1 years of experience and is proficient in Data Cleaning, Python, Reporting, SQL, A/B Testing. This is a remote contract position focused on delivering high-quality data & ai work."
Mid-level Machine Learning Engineer,Data & AI,Model Deployment; TensorFlow; Scikit-learn; Machine Learning; MLOps; PyTorch; Docker,Mid-level,"Full-time · Remote. We are hiring a Mid-level Machine Learning Engineer for our Startup team. The ideal candidate has 3-6 years of experience and is proficient in Model Deployment, TensorFlow, Scikit-learn, Machine Learning, MLOps, PyTorch, Docker. This is a remote full-time position focused on delivering high-quality data & ai work."
Intern AI Researcher,Data & AI,Mathematics; Reinforcement Learning; Publications; Deep Learning; Python,Intern,"Full-time · Hybrid. We are hiring a Intern AI Researcher for our Fintech team. The ideal candidate has 0-1 years of experience and is proficient in Mathematics, Reinforcement Learning, Publications, Deep Learning, Python. This is a hybrid full-time position focused on delivering high-quality data & ai work."
Lead NLP Engineer,Data & AI,Tokenization; NLP; Transformers; Machine Learning; spaCy; Deep Learning,Lead,"Contract · On-site. We are hiring a Lead NLP Engineer for our Healthcare team. The ideal candidate has 8-14 years of experience and is proficient in Tokenization, NLP, Transformers, Machine Learning, spaCy, Deep Learning. This is a on-site contract position focused on delivering high-quality data & ai work."
Junior Computer Vision Engineer,Data & AI,CUDA; Python; CNN; Image Processing; Machine Learning; TensorFlow,Junior,"Contract · On-site. We are hiring a Junior Computer Vision Engineer for our SaaS team. The ideal candidate has 1-3 years of experience and is proficient in CUDA, Python, CNN, Image Processing, Machine Learning, TensorFlow. This is a on-site contract position focused on delivering high-quality data & ai work."
Principal NLP Engineer,Data & AI,Text Mining; Machine Learning; BERT; Tokenization; NLP; spaCy,Principal,"Internship · Hybrid. We are hiring a Principal NLP Engineer for our Fintech team. The ideal candidate has 12-20 years of experience and is proficient in Text Mining, Machine Learning, BERT, Tokenization, NLP, spaCy. This is a hybrid internship position focused on delivering high-quality data & ai work."
Lead Computer Vision Engineer,Data & AI,C++; Deep Learning; OpenCV; Image Processing; TensorFlow; Machine Learning,Lead,"Contract · Remote. We are hiring a Lead Computer Vision Engineer for our SaaS team. The ideal candidate has 8-14 years of experience and is proficient in C++, Deep Learning, OpenCV, Image Processing, TensorFlow, Machine Learning. This is a remote contract position focused on delivering high-quality data & ai work."
Principal NLP Engineer,Data & AI,BERT; Text Mining; Deep Learning; PyTorch; Transformers; Tokenization,Principal,"Contract · On-site. We are hiring a Principal NLP Engineer for our SaaS team. The ideal candidate has 12-20 years of experience and is proficient in BERT, Text Mining, Deep Learning, PyTorch, Transformers, Tokenization. This is a on-site contract position focused on delivering high-quality data & ai work."
Principal Machine Learning Engineer,Data & AI,Scikit-learn; Docker; PyTorch; Deep Learning; SQL; Model Deployment; Python,Principal,"Full-time · Hybrid. We are hiring a Principal Machine Learning Engineer for our EdTech team. The ideal candidate has 12-20 years of experience and is proficient in Scikit-learn, Docker, PyTorch, Deep Learning, SQL, Model Deployment, Python. This is a hybrid full-time position focused on delivering high-quality data & ai work."
Lead Computer Vision Engineer,Data & AI,PyTorch; OpenCV; Image Processing; C++; TensorFlow; Machine Learning,Lead,"Internship · Hybrid. We are hiring a Lead Computer Vision Engineer for our Fintech team. The ideal candidate has 8-14 years of experience and is proficient in PyTorch, OpenCV, Image Processing, C++, TensorFlow, Machine Learning. This is a hybrid internship position focused on delivering high-quality data & ai work."
Lead Data Engineer,Data & AI,Data Modeling; Snowflake; Kafka; Hadoop; Python; AWS,Lead,"Full-time · Remote. We are hiring a Lead Data Engineer for our Gaming team. The ideal candidate has 8-14 years of experience and is proficient in Data Modeling, Snowflake, Kafka, Hadoop, Python, AWS. This is a remote full-time position focused on delivering high-quality data & ai work."
Senior Data Analyst,Data & AI,Python; Pandas; Tableau; Power BI; Data Cleaning; A/B Testing,Senior,"Internship · Hybrid. We are hiring a Senior Data Analyst for our Healthcare team. The ideal candidate has 6-10 years of experience and is proficient in Python, Pandas, Tableau, Power BI, Data Cleaning, A/B Testing. This is a hybrid internship position focused on delivering high-quality data & ai work."
Lead Machine Learning Engineer,Data & AI,TensorFlow; Python; Scikit-learn; Docker; MLOps; PyTorch,Lead,"Internship · Hybrid. We are hiring a Lead Machine Learning Engineer for our EdTech team. The ideal candidate has 8-14 years of experience and is proficient in TensorFlow, Python, Scikit-learn, Docker, MLOps, PyTorch. This is a hybrid internship position focused on delivering high-quality data & ai work."
Senior Machine Learning Engineer,Data & AI,Machine Learning; Model Deployment; TensorFlow; Python; MLOps; Docker,Senior,"Full-time · Hybrid. We are hiring a Senior Machine Learning Engineer for our EdTech team. The ideal candidate has 6-10 years of experience and is proficient in Machine Learning, Model Deployment, TensorFlow, Python, MLOps, Docker. This is a hybrid full-time position focused on delivering high-quality data & ai work."
Lead Data Scientist,Data & AI,Python; Data Visualization; Scikit-learn; Jupyter; TensorFlow; SQL,Lead,"Internship · Remote. We are hiring a Lead Data Scientist for our Healthcare team. The ideal candidate has 8-14 years of experience and is proficient in Python, Data Visualization, Scikit-learn, Jupyter, TensorFlow, SQL. This is a remote internship position focused on delivering high-quality data & ai work."
Principal Data Engineer,Data & AI,Snowflake; ETL; AWS; SQL; Kafka,Principal,"Contract · Hybrid. We are hiring a Principal Data Engineer for our E-commerce team. The ideal candidate has 12-20 years of experience and is proficient in Snowflake, ETL, AWS, SQL, Kafka. This is a hybrid contract position focused on delivering high-quality data & ai work."
Senior NLP Engineer,Data & AI,Machine Learning; Transformers; Text Mining; Deep Learning; PyTorch; NLP,Senior,"Full-time · Hybrid. We are hiring a Senior NLP Engineer for our Fintech team. The ideal candidate has 6-10 years of experience and is proficient in Machine Learning, Transformers, Text Mining, Deep Learning, PyTorch, NLP. This is a hybrid full-time position focused on delivering high-quality data & ai work."
Principal Machine Learning Engineer,Data & AI,SQL; Scikit-learn; MLOps; Python; PyTorch,Principal,"Internship · Remote. We are hiring a Principal Machine Learning Engineer for our Enterprise team. The ideal candidate has 12-20 years of experience and is proficient in SQL, Scikit-learn, MLOps, Python, PyTorch. This is a remote internship position focused on delivering high-quality data & ai work."
Principal Data Scientist,Data & AI,Machine Learning; Python; SQL; TensorFlow; Jupyter,Principal,"Full-time · Hybrid. We are hiring a Principal Data Scientist for our Fintech team. The ideal candidate has 12-20 years of experience and is proficient in Machine Learning, Python, SQL, TensorFlow, Jupyter. This is a hybrid full-time position focused on delivering high-quality data & ai work."
Intern Data Analyst,Data & AI,Data Cleaning; Reporting; Pandas; Python; Excel; Power BI,Intern,"Contract · On-site. We are hiring a Intern Data Analyst for our SaaS team. The ideal candidate has 0-1 years of experience and is proficient in Data Cleaning, Reporting, Pandas, Python, Excel, Power BI. This is a on-site contract position focused on delivering high-quality data & ai work."
Junior Data Engineer,Data & AI,Data Modeling; Airflow; Python; Kafka; AWS,Junior,"Contract · Remote. We are hiring a Junior Data Engineer for our Enterprise team. The ideal candidate has 1-3 years of experience and is proficient in Data Modeling, Airflow, Python, Kafka, AWS. This is a remote contract position focused on delivering high-quality data & ai work."
Junior Business Intelligence Analyst,Data & AI,Power BI; Dashboards; ETL; Tableau; Reporting,Junior,"Contract · Remote. We are hiring a Junior Business Intelligence Analyst for our Fintech team. The ideal candidate has 1-3 years of experience and is proficient in Power BI, Dashboards, ETL, Tableau, Reporting. This is a remote contract position focused on delivering high-quality data & ai work."
Mid-level Business Intelligence Analyst,Data & AI,Python; Reporting; Data Warehousing; Power BI; Excel,Mid-level,"Contract · Remote. We are hiring a Mid-level Business Intelligence Analyst for our Healthcare team. The ideal candidate has 3-6 years of experience and is proficient in Python, Reporting, Data Warehousing, Power BI, Excel. This is a remote contract position focused on delivering high-quality data & ai work."
Lead Data Analyst,Data & AI,Data Cleaning; SQL; Statistics; Power BI; A/B Testing; Pandas; Reporting,Lead,"Internship · On-site. We are hiring a Lead Data Analyst for our SaaS team. The ideal candidate has 8-14 years of experience and is proficient in Data Cleaning, SQL, Statistics, Power BI, A/B Testing, Pandas, Reporting. This is a on-site internship position focused on delivering high-quality data & ai work."
Lead Data Analyst,Data & AI,Statistics; SQL; A/B Testing; Data Cleaning; Reporting; Power BI; Python,Lead,"Contract · Hybrid. We are hiring a Lead Data Analyst for our EdTech team. The ideal candidate has 8-14 years of experience and is proficient in Statistics, SQL, A/B Testing, Data Cleaning, Reporting, Power BI, Python. This is a hybrid contract position focused on delivering high-quality data & ai work."
Lead Data Analyst,Data & AI,Python; Pandas; SQL; Data Cleaning; Tableau; Reporting; Power BI,Lead,"Full-time · Remote. We are hiring a Lead Data Analyst for our Fintech team. The ideal candidate has 8-14 years of experience and is proficient in Python, Pandas, SQL, Data Cleaning, Tableau, Reporting, Power BI. This is a remote full-time position focused on delivering high-quality data & ai work."
Lead AI Researcher,Data & AI,Publications; Machine Learning; Reinforcement Learning; TensorFlow; NLP,Lead,"Internship · Remote. We are hiring a Lead AI Researcher for our Startup team. The ideal candidate has 8-14 years of experience and is proficient in Publications, Machine Learning, Reinforcement Learning, TensorFlow, NLP. This is a remote internship position focused on delivering high-quality data & ai work."
Intern Data Analyst,Data & AI,Python; Reporting; A/B Testing; Excel; SQL; Power BI,Intern,"Contract · On-site. We are hiring a Intern Data Analyst for our Healthcare team. The ideal candidate has 0-1 years of experience and is proficient in Python, Reporting, A/B Testing, Excel, SQL, Power BI. This is a on-site contract position focused on delivering high-quality data & ai work."
Principal NLP Engineer,Data & AI,PyTorch; Python; Transformers; Text Mining; spaCy; Tokenization,Principal,"Full-time · Remote. We are hiring a Principal NLP Engineer for our Fintech team. The ideal candidate has 12-20 years of experience and is proficient in PyTorch, Python, Transformers, Text Mining, spaCy, Tokenization. This is a remote full-time position focused on delivering high-quality data & ai work."
Principal AI Researcher,Data & AI,Publications; Reinforcement Learning; TensorFlow; Machine Learning; Research,Principal,"Internship · Remote. We are hiring a Principal AI Researcher for our Startup team. The ideal candidate has 12-20 years of experience and is proficient in Publications, Reinforcement Learning, TensorFlow, Machine Learning, Research. This is a remote internship position focused on delivering high-quality data & ai work."
Mid-level Data Scientist,Data & AI,Pandas; Jupyter; SQL; NumPy; Statistics,Mid-level,"Internship · Remote. We are hiring a Mid-level Data Scientist for our Gaming team. The ideal candidate has 3-6 years of experience and is proficient in Pandas, Jupyter, SQL, NumPy, Statistics. This is a remote internship position focused on delivering high-quality data & ai work."
Senior AI Researcher,Data & AI,Mathematics; Research; Publications; Reinforcement Learning; PyTorch; NLP,Senior,"Contract · Remote. We are hiring a Senior AI Researcher for our Startup team. The ideal candidate has 6-10 years of experience and is proficient in Mathematics, Research, Publications, Reinforcement Learning, PyTorch, NLP. This is a remote contract position focused on delivering high-quality data & ai work."
Senior Data Engineer,Data & AI,Airflow; SQL; AWS; Data Modeling; ETL,Senior,"Full-time · Remote. We are hiring a Senior Data Engineer for our SaaS team. The ideal candidate has 6-10 years of experience and is proficient in Airflow, SQL, AWS, Data Modeling, ETL. This is a remote full-time position focused on delivering high-quality data & ai work."
Mid-level Data Scientist,Data & AI,Pandas; SQL; Jupyter; Scikit-learn; NumPy; Machine Learning,Mid-level,"Internship · Remote. We are hiring a Mid-level Data Scientist for our Enterprise team. The ideal candidate has 3-6 years of experience and is proficient in Pandas, SQL, Jupyter, Scikit-learn, NumPy, Machine Learning. This is a remote internship position focused on delivering high-quality data & ai work."
Intern Data Analyst,Data & AI,A/B Testing; Python; SQL; Statistics; Excel; Tableau; Reporting,Intern,"Contract · Remote. We are hiring a Intern Data Analyst for our Fintech team. The ideal candidate has 0-1 years of experience and is proficient in A/B Testing, Python, SQL, Statistics, Excel, Tableau, Reporting. This is a remote contract position focused on delivering high-quality data & ai work."
Senior AI Researcher,Data & AI,Machine Learning; Publications; TensorFlow; NLP; Python,Senior,"Contract · Hybrid. We are hiring a Senior AI Researcher for our Fintech team. The ideal candidate has 6-10 years of experience and is proficient in Machine Learning, Publications, TensorFlow, NLP, Python. This is a hybrid contract position focused on delivering high-quality data & ai work."
Mid-level Computer Vision Engineer,Data & AI,CNN; CUDA; Deep Learning; Image Processing; OpenCV; Python,Mid-level,"Internship · On-site. We are hiring a Mid-level Computer Vision Engineer for our Healthcare team. The ideal candidate has 3-6 years of experience and is proficient in CNN, CUDA, Deep Learning, Image Processing, OpenCV, Python. This is a on-site internship position focused on delivering high-quality data & ai work."
Senior Data Scientist,Data & AI,Jupyter; Pandas; Scikit-learn; Statistics; Data Visualization,Senior,"Full-time · On-site. We are hiring a Senior Data Scientist for our E-commerce team. The ideal candidate has 6-10 years of experience and is proficient in Jupyter, Pandas, Scikit-learn, Statistics, Data Visualization. This is a on-site full-time position focused on delivering high-quality data & ai work."
Lead Data Scientist,Data & AI,SQL; Jupyter; Data Visualization; NumPy; Python; Pandas; TensorFlow,Lead,"Contract · On-site. We are hiring a Lead Data Scientist for our Startup team. The ideal candidate has 8-14 years of experience and is proficient in SQL, Jupyter, Data Visualization, NumPy, Python, Pandas, TensorFlow. This is a on-site contract position focused on delivering high-quality data & ai work."
Mid-level Data Analyst,Data & AI,Statistics; A/B Testing; Power BI; Python; Data Cleaning; Reporting,Mid-level,"Full-time · On-site. We are hiring a Mid-level Data Analyst for our Startup team. The ideal candidate has 3-6 years of experience and is proficient in Statistics, A/B Testing, Power BI, Python, Data Cleaning, Reporting. This is a on-site full-time position focused on delivering high-quality data & ai work."
Lead AI Researcher,Data & AI,NLP; Reinforcement Learning; Mathematics; Deep Learning; Publications; Python,Lead,"Contract · Hybrid. We are hiring a Lead AI Researcher for our EdTech team. The ideal candidate has 8-14 years of experience and is proficient in NLP, Reinforcement Learning, Mathematics, Deep Learning, Publications, Python. This is a hybrid contract position focused on delivering high-quality data & ai work."
Intern Business Intelligence Analyst,Data & AI,Reporting; Data Warehousing; ETL; DAX; SQL; Tableau; Power BI,Intern,"Internship · On-site. We are hiring a Intern Business Intelligence Analyst for our Healthcare team. The ideal candidate has 0-1 years of experience and is proficient in Reporting, Data Warehousing, ETL, DAX, SQL, Tableau, Power BI. This is a on-site internship position focused on delivering high-quality data & ai work."
Lead Machine Learning Engineer,Data & AI,Python; Docker; SQL; Model Deployment; PyTorch; MLOps; Scikit-learn,Lead,"Contract · On-site. We are hiring a Lead Machine Learning Engineer for our Startup team. The ideal candidate has 8-14 years of experience and is proficient in Python, Docker, SQL, Model Deployment, PyTorch, MLOps, Scikit-learn. This is a on-site contract position focused on delivering high-quality data & ai work."
Senior AI Researcher,Data & AI,PyTorch; Reinforcement Learning; Deep Learning; Research; TensorFlow; Publications,Senior,"Contract · Hybrid. We are hiring a Senior AI Researcher for our SaaS team. The ideal candidate has 6-10 years of experience and is proficient in PyTorch, Reinforcement Learning, Deep Learning, Research, TensorFlow, Publications. This is a hybrid contract position focused on delivering high-quality data & ai work."
Principal Machine Learning Engineer,Data & AI,SQL; MLOps; Docker; PyTorch; Model Deployment; Machine Learning,Principal,"Full-time · On-site. We are hiring a Principal Machine Learning Engineer for our EdTech team. The ideal candidate has 12-20 years of experience and is proficient in SQL, MLOps, Docker, PyTorch, Model Deployment, Machine Learning. This is a on-site full-time position focused on delivering high-quality data & ai work."
Lead NLP Engineer,Data & AI,Text Mining; Transformers; Tokenization; Machine Learning; PyTorch; Python; Deep Learning,Lead,"Contract · Remote. We are hiring a Lead NLP Engineer for our Enterprise team. The ideal candidate has 8-14 years of experience and is proficient in Text Mining, Transformers, Tokenization, Machine Learning, PyTorch, Python, Deep Learning. This is a remote contract position focused on delivering high-quality data & ai work."
Principal NLP Engineer,Data & AI,Machine Learning; Text Mining; Python; Deep Learning; Transformers; NLP,Principal,"Contract · Remote. We are hiring a Principal NLP Engineer for our Enterprise team. The ideal candidate has 12-20 years of experience and is proficient in Machine Learning, Text Mining, Python, Deep Learning, Transformers, NLP. This is a remote contract position focused on delivering high-quality data & ai work."
Lead NLP Engineer,Data & AI,Text Mining; Python; Transformers; Tokenization; NLP; PyTorch,Lead,"Internship · Hybrid. We are hiring a Lead NLP Engineer for our Fintech team. The ideal candidate has 8-14 years of experience and is proficient in Text Mining, Python, Transformers, Tokenization, NLP, PyTorch. This is a hybrid internship position focused on delivering high-quality data & ai work."
Intern Business Intelligence Analyst,Data & AI,Power BI; SQL; Reporting; Excel; Dashboards; DAX; Tableau,Intern,"Full-time · Hybrid. We are hiring a Intern Business Intelligence Analyst for our Healthcare team. The ideal candidate has 0-1 years of experience and is proficient in Power BI, SQL, Reporting, Excel, Dashboards, DAX, Tableau. This is a hybrid full-time position focused on delivering high-quality data & ai work."
Lead AI Researcher,Data & AI,Research; Publications; Deep Learning; Reinforcement Learning; NLP,Lead,"Contract · On-site. We are hiring a Lead AI Researcher for our Gaming team. The ideal candidate has 8-14 years of experience and is proficient in Research, Publications, Deep Learning, Reinforcement Learning, NLP. This is a on-site contract position focused on delivering high-quality data & ai work."
Lead Machine Learning Engineer,Data & AI,Model Deployment; Machine Learning; Docker; Python; PyTorch; Scikit-learn,Lead,"Full-time · Hybrid. We are hiring a Lead Machine Learning Engineer for our EdTech team. The ideal candidate has 8-14 years of experience and is proficient in Model Deployment, Machine Learning, Docker, Python, PyTorch, Scikit-learn. This is a hybrid full-time position focused on delivering high-quality data & ai work."
Junior Business Intelligence Analyst,Data & AI,Excel; Power BI; ETL; SQL; Python; Data Warehousing; Tableau,Junior,"Internship · On-site. We are hiring a Junior Business Intelligence Analyst for our E-commerce team. The ideal candidate has 1-3 years of experience and is proficient in Excel, Power BI, ETL, SQL, Python, Data Warehousing, Tableau. This is a on-site internship position focused on delivering high-quality data & ai work."
Mid-level NLP Engineer,Data & AI,NLP; Python; PyTorch; Deep Learning; Text Mining; Machine Learning; Tokenization,Mid-level,"Full-time · Remote. We are hiring a Mid-level NLP Engineer for our EdTech team. The ideal candidate has 3-6 years of experience and is proficient in NLP, Python, PyTorch, Deep Learning, Text Mining, Machine Learning, Tokenization. This is a remote full-time position focused on delivering high-quality data & ai work."
Intern Data Analyst,Data & AI,A/B Testing; Tableau; SQL; Data Cleaning; Statistics,Intern,"Internship · Hybrid. We are hiring a Intern Data Analyst for our SaaS team. The ideal candidate has 0-1 years of experience and is proficient in A/B Testing, Tableau, SQL, Data Cleaning, Statistics. This is a hybrid internship position focused on delivering high-quality data & ai work."
Lead NLP Engineer,Data & AI,Python; BERT; Machine Learning; Transformers; PyTorch; Tokenization,Lead,"Internship · Hybrid. We are hiring a Lead NLP Engineer for our E-commerce team. The ideal candidate has 8-14 years of experience and is proficient in Python, BERT, Machine Learning, Transformers, PyTorch, Tokenization. This is a hybrid internship position focused on delivering high-quality data & ai work."
Senior Data Engineer,Data & AI,Hadoop; Python; SQL; Data Modeling; Airflow; ETL; Snowflake,Senior,"Contract · Hybrid. We are hiring a Senior Data Engineer for our Healthcare team. The ideal candidate has 6-10 years of experience and is proficient in Hadoop, Python, SQL, Data Modeling, Airflow, ETL, Snowflake. This is a hybrid contract position focused on delivering high-quality data & ai work."
Mid-level Computer Vision Engineer,Data & AI,TensorFlow; Deep Learning; PyTorch; Machine Learning; CUDA; Python; CNN,Mid-level,"Internship · Remote. We are hiring a Mid-level Computer Vision Engineer for our Gaming team. The ideal candidate has 3-6 years of experience and is proficient in TensorFlow, Deep Learning, PyTorch, Machine Learning, CUDA, Python, CNN. This is a remote internship position focused on delivering high-quality data & ai work."
Lead NLP Engineer,Data & AI,BERT; Tokenization; spaCy; Transformers; Machine Learning; Deep Learning; NLP,Lead,"Contract · Remote. We are hiring a Lead NLP Engineer for our EdTech team. The ideal candidate has 8-14 years of experience and is proficient in BERT, Tokenization, spaCy, Transformers, Machine Learning, Deep Learning, NLP. This is a remote contract position focused on delivering high-quality data & ai work."
Lead AI Researcher,Data & AI,NLP; Deep Learning; Reinforcement Learning; PyTorch; Research; TensorFlow; Mathematics,Lead,"Internship · Remote. We are hiring a Lead AI Researcher for our Fintech team. The ideal candidate has 8-14 years of experience and is proficient in NLP, Deep Learning, Reinforcement Learning, PyTorch, Research, TensorFlow, Mathematics. This is a remote internship position focused on delivering high-quality data & ai work."
Intern Data Scientist,Data & AI,Jupyter; SQL; Python; TensorFlow; Statistics; Machine Learning; NumPy,Intern,"Full-time · Remote. We are hiring a Intern Data Scientist for our SaaS team. The ideal candidate has 0-1 years of experience and is proficient in Jupyter, SQL, Python, TensorFlow, Statistics, Machine Learning, NumPy. This is a remote full-time position focused on delivering high-quality data & ai work."
Lead Data Scientist,Data & AI,Data Visualization; Machine Learning; Python; NumPy; Statistics; Scikit-learn; TensorFlow,Lead,"Contract · Hybrid. We are hiring a Lead Data Scientist for our Healthcare team. The ideal candidate has 8-14 years of experience and is proficient in Data Visualization, Machine Learning, Python, NumPy, Statistics, Scikit-learn, TensorFlow. This is a hybrid contract position focused on delivering high-quality data & ai work."
Lead Machine Learning Engineer,Data & AI,Docker; MLOps; TensorFlow; SQL; Model Deployment; Scikit-learn; PyTorch,Lead,"Internship · On-site. We are hiring a Lead Machine Learning Engineer for our Gaming team. The ideal candidate has 8-14 years of experience and is proficient in Docker, MLOps, TensorFlow, SQL, Model Deployment, Scikit-learn, PyTorch. This is a on-site internship position focused on delivering high-quality data & ai work."
Intern Data Engineer,Data & AI,Spark; AWS; Snowflake; ETL; Data Modeling,Intern,"Full-time · Remote. We are hiring a Intern Data Engineer for our Fintech team. The ideal candidate has 0-1 years of experience and is proficient in Spark, AWS, Snowflake, ETL, Data Modeling. This is a remote full-time position focused on delivering high-quality data & ai work."
Lead Data Scientist,Data & AI,Machine Learning; Data Visualization; Pandas; Scikit-learn; Python; TensorFlow,Lead,"Full-time · On-site. We are hiring a Lead Data Scientist for our SaaS team. The ideal candidate has 8-14 years of experience and is proficient in Machine Learning, Data Visualization, Pandas, Scikit-learn, Python, TensorFlow. This is a on-site full-time position focused on delivering high-quality data & ai work."
Senior Data Scientist,Data & AI,Python; NumPy; Jupyter; Statistics; TensorFlow,Senior,"Full-time · Hybrid. We are hiring a Senior Data Scientist for our EdTech team. The ideal candidate has 6-10 years of experience and is proficient in Python, NumPy, Jupyter, Statistics, TensorFlow. This is a hybrid full-time position focused on delivering high-quality data & ai work."
Lead Data Scientist,Data & AI,Pandas; Data Visualization; Machine Learning; SQL; Jupyter; Python; TensorFlow,Lead,"Contract · Remote. We are hiring a Lead Data Scientist for our Enterprise team. The ideal candidate has 8-14 years of experience and is proficient in Pandas, Data Visualization, Machine Learning, SQL, Jupyter, Python, TensorFlow. This is a remote contract position focused on delivering high-quality data & ai work."
Senior AI Researcher,Data & AI,Machine Learning; Publications; TensorFlow; Python; PyTorch; Deep Learning,Senior,"Internship · Remote. We are hiring a Senior AI Researcher for our E-commerce team. The ideal candidate has 6-10 years of experience and is proficient in Machine Learning, Publications, TensorFlow, Python, PyTorch, Deep Learning. This is a remote internship position focused on delivering high-quality data & ai work."
Lead Computer Vision Engineer,Data & AI,CNN; CUDA; Machine Learning; Image Processing; Deep Learning; OpenCV; PyTorch,Lead,"Full-time · On-site. We are hiring a Lead Computer Vision Engineer for our EdTech team. The ideal candidate has 8-14 years of experience and is proficient in CNN, CUDA, Machine Learning, Image Processing, Deep Learning, OpenCV, PyTorch. This is a on-site full-time position focused on delivering high-quality data & ai work."
Mid-level Machine Learning Engineer,Data & AI,Machine Learning; Docker; Model Deployment; Deep Learning; TensorFlow; Scikit-learn,Mid-level,"Full-time · Hybrid. We are hiring a Mid-level Machine Learning Engineer for our Healthcare team. The ideal candidate has 3-6 years of experience and is proficient in Machine Learning, Docker, Model Deployment, Deep Learning, TensorFlow, Scikit-learn. This is a hybrid full-time position focused on delivering high-quality data & ai work."
Junior Computer Vision Engineer,Data & AI,Deep Learning; CNN; Machine Learning; Image Processing; C++; OpenCV; CUDA,Junior,"Internship · Remote. We are hiring a Junior Computer Vision Engineer for our Healthcare team. The ideal candidate has 1-3 years of experience and is proficient in Deep Learning, CNN, Machine Learning, Image Processing, C++, OpenCV, CUDA. This is a remote internship position focused on delivering high-quality data & ai work."
Senior Data Engineer,Data & AI,AWS; Snowflake; SQL; Kafka; Airflow,Senior,"Full-time · Hybrid. We are hiring a Senior Data Engineer for our EdTech team. The ideal candidate has 6-10 years of experience and is proficient in AWS, Snowflake, SQL, Kafka, Airflow. This is a hybrid full-time position focused on delivering high-quality data & ai work."
Intern Business Intelligence Analyst,Data & AI,Power BI; ETL; Excel; Python; Tableau; SQL; Reporting,Intern,"Internship · On-site. We are hiring a Intern Business Intelligence Analyst for our E-commerce team. The ideal candidate has 0-1 years of experience and is proficient in Power BI, ETL, Excel, Python, Tableau, SQL, Reporting. This is a on-site internship position focused on delivering high-quality data & ai work."
Principal Data Engineer,Data & AI,Kafka; SQL; Spark; AWS; ETL,Principal,"Contract · Hybrid. We are hiring a Principal Data Engineer for our Startup team. The ideal candidate has 12-20 years of experience and is proficient in Kafka, SQL, Spark, AWS, ETL. This is a hybrid contract position focused on delivering high-quality data & ai work."
Junior Data Analyst,Data & AI,Excel; Python; Power BI; Pandas; Reporting,Junior,"Full-time · On-site. We are hiring a Junior Data Analyst for our Fintech team. The ideal candidate has 1-3 years of experience and is proficient in Excel, Python, Power BI, Pandas, Reporting. This is a on-site full-time position focused on delivering high-quality data & ai work."
Principal Data Analyst,Data & AI,Excel; Data Cleaning; Power BI; Python; SQL,Principal,"Internship · On-site. We are hiring a Principal Data Analyst for our Startup team. The ideal candidate has 12-20 years of experience and is proficient in Excel, Data Cleaning, Power BI, Python, SQL. This is a on-site internship position focused on delivering high-quality data & ai work."
Intern Business Intelligence Analyst,Data & AI,SQL; Data Warehousing; Tableau; Power BI; Excel; Dashboards; Python,Intern,"Full-time · Remote. We are hiring a Intern Business Intelligence Analyst for our E-commerce team. The ideal candidate has 0-1 years of experience and is proficient in SQL, Data Warehousing, Tableau, Power BI, Excel, Dashboards, Python. This is a remote full-time position focused on delivering high-quality data & ai work."
Intern AI Researcher,Data & AI,Reinforcement Learning; Machine Learning; NLP; Mathematics; TensorFlow,Intern,"Full-time · On-site. We are hiring a Intern AI Researcher for our Fintech team. The ideal candidate has 0-1 years of experience and is proficient in Reinforcement Learning, Machine Learning, NLP, Mathematics, TensorFlow. This is a on-site full-time position focused on delivering high-quality data & ai work."
Intern AI Researcher,Data & AI,Mathematics; NLP; TensorFlow; Research; Python,Intern,"Full-time · Remote. We are hiring a Intern AI Researcher for our EdTech team. The ideal candidate has 0-1 years of experience and is proficient in Mathematics, NLP, TensorFlow, Research, Python. This is a remote full-time position focused on delivering high-quality data & ai work."
Senior Data Engineer,Data & AI,Spark; Snowflake; Airflow; AWS; Data Modeling; Kafka; SQL,Senior,"Full-time · Hybrid. We are hiring a Senior Data Engineer for our SaaS team. The ideal candidate has 6-10 years of experience and is proficient in Spark, Snowflake, Airflow, AWS, Data Modeling, Kafka, SQL. This is a hybrid full-time position focused on delivering high-quality data & ai work."
Junior Computer Vision Engineer,Data & AI,Machine Learning; C++; Deep Learning; PyTorch; OpenCV,Junior,"Contract · Remote. We are hiring a Junior Computer Vision Engineer for our Fintech team. The ideal candidate has 1-3 years of experience and is proficient in Machine Learning, C++, Deep Learning, PyTorch, OpenCV. This is a remote contract position focused on delivering high-quality data & ai work."
Junior Business Intelligence Analyst,Data & AI,Reporting; Tableau; Dashboards; Data Warehousing; SQL,Junior,"Full-time · Hybrid. We are hiring a Junior Business Intelligence Analyst for our Enterprise team. The ideal candidate has 1-3 years of experience and is proficient in Reporting, Tableau, Dashboards, Data Warehousing, SQL. This is a hybrid full-time position focused on delivering high-quality data & ai work."
Intern NLP Engineer,Data & AI,BERT; Text Mining; Python; spaCy; PyTorch; Machine Learning; NLP,Intern,"Full-time · Remote. We are hiring a Intern NLP Engineer for our Enterprise team. The ideal candidate has 0-1 years of experience and is proficient in BERT, Text Mining, Python, spaCy, PyTorch, Machine Learning, NLP. This is a remote full-time position focused on delivering high-quality data & ai work."
Mid-level Data Engineer,Data & AI,Python; SQL; Kafka; Snowflake; Data Modeling,Mid-level,"Contract · Remote. We are hiring a Mid-level Data Engineer for our SaaS team. The ideal candidate has 3-6 years of experience and is proficient in Python, SQL, Kafka, Snowflake, Data Modeling. This is a remote contract position focused on delivering high-quality data & ai work."
Mid-level NLP Engineer,Data & AI,Deep Learning; NLP; Machine Learning; spaCy; Python,Mid-level,"Full-time · On-site. We are hiring a Mid-level NLP Engineer for our Gaming team. The ideal candidate has 3-6 years of experience and is proficient in Deep Learning, NLP, Machine Learning, spaCy, Python. This is a on-site full-time position focused on delivering high-quality data & ai work."
Principal Business Intelligence Analyst,Data & AI,Excel; SQL; Reporting; Dashboards; ETL; Python; Tableau,Principal,"Contract · On-site. We are hiring a Principal Business Intelligence Analyst for our E-commerce team. The ideal candidate has 12-20 years of experience and is proficient in Excel, SQL, Reporting, Dashboards, ETL, Python, Tableau. This is a on-site contract position focused on delivering high-quality data & ai work."
Principal Computer Vision Engineer,Data & AI,PyTorch; CUDA; Machine Learning; OpenCV; CNN,Principal,"Full-time · Hybrid. We are hiring a Principal Computer Vision Engineer for our SaaS team. The ideal candidate has 12-20 years of experience and is proficient in PyTorch, CUDA, Machine Learning, OpenCV, CNN. This is a hybrid full-time position focused on delivering high-quality data & ai work."
Intern Data Engineer,Data & AI,SQL; Data Modeling; Spark; ETL; Kafka; Python,Intern,"Contract · On-site. We are hiring a Intern Data Engineer for our Healthcare team. The ideal candidate has 0-1 years of experience and is proficient in SQL, Data Modeling, Spark, ETL, Kafka, Python. This is a on-site contract position focused on delivering high-quality data & ai work."
Junior NLP Engineer,Data & AI,Python; PyTorch; Text Mining; Transformers; Machine Learning; Deep Learning; BERT,Junior,"Internship · Hybrid. We are hiring a Junior NLP Engineer for our E-commerce team. The ideal candidate has 1-3 years of experience and is proficient in Python, PyTorch, Text Mining, Transformers, Machine Learning, Deep Learning, BERT. This is a hybrid internship position focused on delivering high-quality data & ai work."
Principal Business Intelligence Analyst,Data & AI,Reporting; Dashboards; Python; SQL; Excel; Power BI,Principal,"Contract · Remote. We are hiring a Principal Business Intelligence Analyst for our Healthcare team. The ideal candidate has 12-20 years of experience and is proficient in Reporting, Dashboards, Python, SQL, Excel, Power BI. This is a remote contract position focused on delivering high-quality data & ai work."
Lead AI Researcher,Data & AI,Mathematics; Machine Learning; Publications; Reinforcement Learning; TensorFlow; NLP; Research,Lead,"Contract · Hybrid. We are hiring a Lead AI Researcher for our Healthcare team. The ideal candidate has 8-14 years of experience and is proficient in Mathematics, Machine Learning, Publications, Reinforcement Learning, TensorFlow, NLP, Research. This is a hybrid contract position focused on delivering high-quality data & ai work."
Senior Business Intelligence Analyst,Data & AI,Python; DAX; Power BI; Data Warehousing; SQL,Senior,"Contract · Remote. We are hiring a Senior Business Intelligence Analyst for our Fintech team. The ideal candidate has 6-10 years of experience and is proficient in Python, DAX, Power BI, Data Warehousing, SQL. This is a remote contract position focused on delivering high-quality data & ai work."
Mid-level Computer Vision Engineer,Data & AI,CNN; TensorFlow; CUDA; C++; Python; OpenCV,Mid-level,"Full-time · Hybrid. We are hiring a Mid-level Computer Vision Engineer for our Startup team. The ideal candidate has 3-6 years of experience and is proficient in CNN, TensorFlow, CUDA, C++, Python, OpenCV. This is a hybrid full-time position focused on delivering high-quality data & ai work."
Lead Computer Vision Engineer,Data & AI,TensorFlow; PyTorch; Machine Learning; C++; Python,Lead,"Contract · Remote. We are hiring a Lead Computer Vision Engineer for our EdTech team. The ideal candidate has 8-14 years of experience and is proficient in TensorFlow, PyTorch, Machine Learning, C++, Python. This is a remote contract position focused on delivering high-quality data & ai work."
Mid-level NLP Engineer,Data & AI,Python; PyTorch; Text Mining; Tokenization; Transformers; BERT; spaCy,Mid-level,"Full-time · Hybrid. We are hiring a Mid-level NLP Engineer for our Enterprise team. The ideal candidate has 3-6 years of experience and is proficient in Python, PyTorch, Text Mining, Tokenization, Transformers, BERT, spaCy. This is a hybrid full-time position focused on delivering high-quality data & ai work."
Junior Data Scientist,Data & AI,Scikit-learn; Machine Learning; Pandas; TensorFlow; Python; NumPy; SQL,Junior,"Full-time · On-site. We are hiring a Junior Data Scientist for our Enterprise team. The ideal candidate has 1-3 years of experience and is proficient in Scikit-learn, Machine Learning, Pandas, TensorFlow, Python, NumPy, SQL. This is a on-site full-time position focused on delivering high-quality data & ai work."
Mid-level NLP Engineer,Data & AI,PyTorch; NLP; Deep Learning; BERT; spaCy,Mid-level,"Internship · Remote. We are hiring a Mid-level NLP Engineer for our Gaming team. The ideal candidate has 3-6 years of experience and is proficient in PyTorch, NLP, Deep Learning, BERT, spaCy. This is a remote internship position focused on delivering high-quality data & ai work."
Senior Machine Learning Engineer,Data & AI,Deep Learning; SQL; TensorFlow; Model Deployment; Python; Scikit-learn; MLOps,Senior,"Contract · On-site. We are hiring a Senior Machine Learning Engineer for our SaaS team. The ideal candidate has 6-10 years of experience and is proficient in Deep Learning, SQL, TensorFlow, Model Deployment, Python, Scikit-learn, MLOps. This is a on-site contract position focused on delivering high-quality data & ai work."
Senior Machine Learning Engineer,Data & AI,MLOps; Machine Learning; TensorFlow; SQL; Scikit-learn; Model Deployment; PyTorch,Senior,"Contract · Hybrid. We are hiring a Senior Machine Learning Engineer for our Healthcare team. The ideal candidate has 6-10 years of experience and is proficient in MLOps, Machine Learning, TensorFlow, SQL, Scikit-learn, Model Deployment, PyTorch. This is a hybrid contract position focused on delivering high-quality data & ai work."
Junior Machine Learning Engineer,Data & AI,Docker; PyTorch; Scikit-learn; TensorFlow; Python; Deep Learning; SQL,Junior,"Full-time · Remote. We are hiring a Junior Machine Learning Engineer for our Gaming team. The ideal candidate has 1-3 years of experience and is proficient in Docker, PyTorch, Scikit-learn, TensorFlow, Python, Deep Learning, SQL. This is a remote full-time position focused on delivering high-quality data & ai work."
Senior Data Scientist,Data & AI,SQL; NumPy; Python; Data Visualization; Machine Learning; Statistics; TensorFlow,Senior,"Internship · On-site. We are hiring a Senior Data Scientist for our SaaS team. The ideal candidate has 6-10 years of experience and is proficient in SQL, NumPy, Python, Data Visualization, Machine Learning, Statistics, TensorFlow. This is a on-site internship position focused on delivering high-quality data & ai work."
Principal Data Scientist,Data & AI,Python; Machine Learning; Jupyter; Pandas; NumPy; SQL,Principal,"Internship · Remote. We are hiring a Principal Data Scientist for our EdTech team. The ideal candidate has 12-20 years of experience and is proficient in Python, Machine Learning, Jupyter, Pandas, NumPy, SQL. This is a remote internship position focused on delivering high-quality data & ai work."
Lead Data Analyst,Data & AI,Pandas; Tableau; Excel; A/B Testing; SQL; Python,Lead,"Internship · On-site. We are hiring a Lead Data Analyst for our EdTech team. The ideal candidate has 8-14 years of experience and is proficient in Pandas, Tableau, Excel, A/B Testing, SQL, Python. This is a on-site internship position focused on delivering high-quality data & ai work."
Mid-level Data Scientist,Data & AI,Data Visualization; Machine Learning; SQL; Jupyter; Pandas; Scikit-learn,Mid-level,"Internship · Hybrid. We are hiring a Mid-level Data Scientist for our Startup team. The ideal candidate has 3-6 years of experience and is proficient in Data Visualization, Machine Learning, SQL, Jupyter, Pandas, Scikit-learn. This is a hybrid internship position focused on delivering high-quality data & ai work."
Junior Machine Learning Engineer,Data & AI,Docker; Machine Learning; Deep Learning; Python; SQL; MLOps; Scikit-learn,Junior,"Contract · On-site. We are hiring a Junior Machine Learning Engineer for our Fintech team. The ideal candidate has 1-3 years of experience and is proficient in Docker, Machine Learning, Deep Learning, Python, SQL, MLOps, Scikit-learn. This is a on-site contract position focused on delivering high-quality data & ai work."
Mid-level Computer Vision Engineer,Data & AI,CNN; PyTorch; Machine Learning; Python; Deep Learning; C++,Mid-level,"Internship · On-site. We are hiring a Mid-level Computer Vision Engineer for our E-commerce team. The ideal candidate has 3-6 years of experience and is proficient in CNN, PyTorch, Machine Learning, Python, Deep Learning, C++. This is a on-site internship position focused on delivering high-quality data & ai work."
Junior AI Researcher,Data & AI,Mathematics; Publications; NLP; PyTorch; Reinforcement Learning; Research,Junior,"Internship · Hybrid. We are hiring a Junior AI Researcher for our EdTech team. The ideal candidate has 1-3 years of experience and is proficient in Mathematics, Publications, NLP, PyTorch, Reinforcement Learning, Research. This is a hybrid internship position focused on delivering high-quality data & ai work."
Principal Business Intelligence Analyst,Data & AI,Excel; Reporting; Python; Power BI; Data Warehousing,Principal,"Internship · Hybrid. We are hiring a Principal Business Intelligence Analyst for our Healthcare team. The ideal candidate has 12-20 years of experience and is proficient in Excel, Reporting, Python, Power BI, Data Warehousing. This is a hybrid internship position focused on delivering high-quality data & ai work."
Principal Data Analyst,Data & AI,A/B Testing; Data Cleaning; Power BI; SQL; Python; Statistics,Principal,"Internship · On-site. We are hiring a Principal Data Analyst for our E-commerce team. The ideal candidate has 12-20 years of experience and is proficient in A/B Testing, Data Cleaning, Power BI, SQL, Python, Statistics. This is a on-site internship position focused on delivering high-quality data & ai work."
Lead Computer Vision Engineer,Data & AI,PyTorch; C++; Python; OpenCV; Machine Learning; TensorFlow; CNN,Lead,"Internship · Remote. We are hiring a Lead Computer Vision Engineer for our Healthcare team. The ideal candidate has 8-14 years of experience and is proficient in PyTorch, C++, Python, OpenCV, Machine Learning, TensorFlow, CNN. This is a remote internship position focused on delivering high-quality data & ai work."
Senior Data Analyst,Data & AI,Tableau; Reporting; Python; Pandas; Data Cleaning,Senior,"Internship · Remote. We are hiring a Senior Data Analyst for our Healthcare team. The ideal candidate has 6-10 years of experience and is proficient in Tableau, Reporting, Python, Pandas, Data Cleaning. This is a remote internship position focused on delivering high-quality data & ai work."
Junior Machine Learning Engineer,Data & AI,Model Deployment; TensorFlow; Docker; Python; Machine Learning,Junior,"Internship · On-site. We are hiring a Junior Machine Learning Engineer for our Startup team. The ideal candidate has 1-3 years of experience and is proficient in Model Deployment, TensorFlow, Docker, Python, Machine Learning. This is a on-site internship position focused on delivering high-quality data & ai work."
Intern NLP Engineer,Data & AI,PyTorch; BERT; spaCy; Python; Deep Learning; NLP; Tokenization,Intern,"Full-time · Hybrid. We are hiring a Intern NLP Engineer for our Enterprise team. The ideal candidate has 0-1 years of experience and is proficient in PyTorch, BERT, spaCy, Python, Deep Learning, NLP, Tokenization. This is a hybrid full-time position focused on delivering high-quality data & ai work."
Junior Data Scientist,Data & AI,NumPy; Pandas; Machine Learning; TensorFlow; Python; Scikit-learn,Junior,"Full-time · Hybrid. We are hiring a Junior Data Scientist for our Enterprise team. The ideal candidate has 1-3 years of experience and is proficient in NumPy, Pandas, Machine Learning, TensorFlow, Python, Scikit-learn. This is a hybrid full-time position focused on delivering high-quality data & ai work."
Senior Business Intelligence Analyst,Data & AI,DAX; SQL; Reporting; ETL; Tableau; Power BI; Python,Senior,"Internship · On-site. We are hiring a Senior Business Intelligence Analyst for our Healthcare team. The ideal candidate has 6-10 years of experience and is proficient in DAX, SQL, Reporting, ETL, Tableau, Power BI, Python. This is a on-site internship position focused on delivering high-quality data & ai work."
Senior Computer Vision Engineer,Data & AI,TensorFlow; Python; Image Processing; PyTorch; Deep Learning; CNN,Senior,"Internship · Remote. We are hiring a Senior Computer Vision Engineer for our Healthcare team. The ideal candidate has 6-10 years of experience and is proficient in TensorFlow, Python, Image Processing, PyTorch, Deep Learning, CNN. This is a remote internship position focused on delivering high-quality data & ai work."
Lead Data Engineer,Data & AI,Python; AWS; Snowflake; Spark; SQL,Lead,"Internship · Remote. We are hiring a Lead Data Engineer for our SaaS team. The ideal candidate has 8-14 years of experience and is proficient in Python, AWS, Snowflake, Spark, SQL. This is a remote internship position focused on delivering high-quality data & ai work."
Principal Data Scientist,Data & AI,Pandas; Scikit-learn; SQL; Python; Statistics; Data Visualization; NumPy,Principal,"Full-time · On-site. We are hiring a Principal Data Scientist for our Fintech team. The ideal candidate has 12-20 years of experience and is proficient in Pandas, Scikit-learn, SQL, Python, Statistics, Data Visualization, NumPy. This is a on-site full-time position focused on delivering high-quality data & ai work."
Principal Machine Learning Engineer,Data & AI,MLOps; PyTorch; Machine Learning; SQL; Scikit-learn; Model Deployment,Principal,"Internship · On-site. We are hiring a Principal Machine Learning Engineer for our SaaS team. The ideal candidate has 12-20 years of experience and is proficient in MLOps, PyTorch, Machine Learning, SQL, Scikit-learn, Model Deployment. This is a on-site internship position focused on delivering high-quality data & ai work."
Intern Data Engineer,Data & AI,Python; Kafka; Snowflake; Hadoop; SQL,Intern,"Internship · Remote. We are hiring a Intern Data Engineer for our Fintech team. The ideal candidate has 0-1 years of experience and is proficient in Python, Kafka, Snowflake, Hadoop, SQL. This is a remote internship position focused on delivering high-quality data & ai work."
Senior Machine Learning Engineer,Data & AI,MLOps; Scikit-learn; Deep Learning; Model Deployment; SQL,Senior,"Internship · Remote. We are hiring a Senior Machine Learning Engineer for our Healthcare team. The ideal candidate has 6-10 years of experience and is proficient in MLOps, Scikit-learn, Deep Learning, Model Deployment, SQL. This is a remote internship position focused on delivering high-quality data & ai work."
Intern NLP Engineer,Data & AI,Machine Learning; Deep Learning; NLP; spaCy; Tokenization,Intern,"Internship · On-site. We are hiring a Intern NLP Engineer for our E-commerce team. The ideal candidate has 0-1 years of experience and is proficient in Machine Learning, Deep Learning, NLP, spaCy, Tokenization. This is a on-site internship position focused on delivering high-quality data & ai work."
Senior Business Intelligence Analyst,Data & AI,DAX; Power BI; Data Warehousing; Reporting; Tableau; Excel,Senior,"Internship · Hybrid. We are hiring a Senior Business Intelligence Analyst for our E-commerce team. The ideal candidate has 6-10 years of experience and is proficient in DAX, Power BI, Data Warehousing, Reporting, Tableau, Excel. This is a hybrid internship position focused on delivering high-quality data & ai work."
Principal Data Scientist,Data & AI,Scikit-learn; Pandas; Python; NumPy; Data Visualization,Principal,"Contract · On-site. We are hiring a Principal Data Scientist for our Enterprise team. The ideal candidate has 12-20 years of experience and is proficient in Scikit-learn, Pandas, Python, NumPy, Data Visualization. This is a on-site contract position focused on delivering high-quality data & ai work."
Lead Data Scientist,Data & AI,Statistics; Machine Learning; TensorFlow; Pandas; Scikit-learn; Data Visualization,Lead,"Contract · Remote. We are hiring a Lead Data Scientist for our SaaS team. The ideal candidate has 8-14 years of experience and is proficient in Statistics, Machine Learning, TensorFlow, Pandas, Scikit-learn, Data Visualization. This is a remote contract position focused on delivering high-quality data & ai work."
Intern Machine Learning Engineer,Data & AI,Deep Learning; SQL; Python; MLOps; Scikit-learn; Model Deployment,Intern,"Internship · Remote. We are hiring a Intern Machine Learning Engineer for our Fintech team. The ideal candidate has 0-1 years of experience and is proficient in Deep Learning, SQL, Python, MLOps, Scikit-learn, Model Deployment. This is a remote internship position focused on delivering high-quality data & ai work."
Intern Business Intelligence Analyst,Data & AI,Data Warehousing; SQL; DAX; Tableau; Reporting; ETL; Python,Intern,"Full-time · On-site. We are hiring a Intern Business Intelligence Analyst for our SaaS team. The ideal candidate has 0-1 years of experience and is proficient in Data Warehousing, SQL, DAX, Tableau, Reporting, ETL, Python. This is a on-site full-time position focused on delivering high-quality data & ai work."
Mid-level Data Engineer,Data & AI,Spark; Kafka; Airflow; Snowflake; AWS; Data Modeling,Mid-level,"Internship · On-site. We are hiring a Mid-level Data Engineer for our E-commerce team. The ideal candidate has 3-6 years of experience and is proficient in Spark, Kafka, Airflow, Snowflake, AWS, Data Modeling. This is a on-site internship position focused on delivering high-quality data & ai work."
Senior Business Intelligence Analyst,Data & AI,Data Warehousing; DAX; ETL; Power BI; Tableau; Excel; Dashboards,Senior,"Contract · Hybrid. We are hiring a Senior Business Intelligence Analyst for our Healthcare team. The ideal candidate has 6-10 years of experience and is proficient in Data Warehousing, DAX, ETL, Power BI, Tableau, Excel, Dashboards. This is a hybrid contract position focused on delivering high-quality data & ai work."
Junior Data Scientist,Data & AI,NumPy; Statistics; Scikit-learn; SQL; Python,Junior,"Internship · Hybrid. We are hiring a Junior Data Scientist for our E-commerce team. The ideal candidate has 1-3 years of experience and is proficient in NumPy, Statistics, Scikit-learn, SQL, Python. This is a hybrid internship position focused on delivering high-quality data & ai work."
Intern Machine Learning Engineer,Data & AI,SQL; TensorFlow; Python; Deep Learning; MLOps; PyTorch; Scikit-learn,Intern,"Full-time · Hybrid. We are hiring a Intern Machine Learning Engineer for our EdTech team. The ideal candidate has 0-1 years of experience and is proficient in SQL, TensorFlow, Python, Deep Learning, MLOps, PyTorch, Scikit-learn. This is a hybrid full-time position focused on delivering high-quality data & ai work."
Mid-level Business Intelligence Analyst,Data & AI,Power BI; Data Warehousing; DAX; ETL; Dashboards; Python,Mid-level,"Full-time · On-site. We are hiring a Mid-level Business Intelligence Analyst for our Fintech team. The ideal candidate has 3-6 years of experience and is proficient in Power BI, Data Warehousing, DAX, ETL, Dashboards, Python. This is a on-site full-time position focused on delivering high-quality data & ai work."
Junior Data Scientist,Data & AI,Data Visualization; Pandas; TensorFlow; NumPy; Statistics; Scikit-learn; Python,Junior,"Internship · Hybrid. We are hiring a Junior Data Scientist for our Enterprise team. The ideal candidate has 1-3 years of experience and is proficient in Data Visualization, Pandas, TensorFlow, NumPy, Statistics, Scikit-learn, Python. This is a hybrid internship position focused on delivering high-quality data & ai work."
Intern Data Engineer,Data & AI,Spark; Kafka; Python; SQL; ETL; Snowflake; Airflow,Intern,"Contract · Hybrid. We are hiring a Intern Data Engineer for our E-commerce team. The ideal candidate has 0-1 years of experience and is proficient in Spark, Kafka, Python, SQL, ETL, Snowflake, Airflow. This is a hybrid contract position focused on delivering high-quality data & ai work."
Mid-level Machine Learning Engineer,Data & AI,Model Deployment; MLOps; Machine Learning; SQL; Deep Learning; TensorFlow,Mid-level,"Internship · On-site. We are hiring a Mid-level Machine Learning Engineer for our EdTech team. The ideal candidate has 3-6 years of experience and is proficient in Model Deployment, MLOps, Machine Learning, SQL, Deep Learning, TensorFlow. This is a on-site internship position focused on delivering high-quality data & ai work."
Principal Computer Vision Engineer,Data & AI,Deep Learning; Image Processing; C++; TensorFlow; PyTorch; CNN,Principal,"Internship · Hybrid. We are hiring a Principal Computer Vision Engineer for our SaaS team. The ideal candidate has 12-20 years of experience and is proficient in Deep Learning, Image Processing, C++, TensorFlow, PyTorch, CNN. This is a hybrid internship position focused on delivering high-quality data & ai work."
Mid-level Machine Learning Engineer,Data & AI,PyTorch; Python; Deep Learning; SQL; Model Deployment; Docker; Machine Learning,Mid-level,"Contract · Remote. We are hiring a Mid-level Machine Learning Engineer for our SaaS team. The ideal candidate has 3-6 years of experience and is proficient in PyTorch, Python, Deep Learning, SQL, Model Deployment, Docker, Machine Learning. This is a remote contract position focused on delivering high-quality data & ai work."
Intern AI Researcher,Data & AI,TensorFlow; Python; Mathematics; Research; PyTorch; NLP; Reinforcement Learning,Intern,"Internship · Hybrid. We are hiring a Intern AI Researcher for our Healthcare team. The ideal candidate has 0-1 years of experience and is proficient in TensorFlow, Python, Mathematics, Research, PyTorch, NLP, Reinforcement Learning. This is a hybrid internship position focused on delivering high-quality data & ai work."
Junior Data Scientist,Data & AI,Scikit-learn; Machine Learning; Jupyter; NumPy; Data Visualization; Python,Junior,"Full-time · Remote. We are hiring a Junior Data Scientist for our Enterprise team. The ideal candidate has 1-3 years of experience and is proficient in Scikit-learn, Machine Learning, Jupyter, NumPy, Data Visualization, Python. This is a remote full-time position focused on delivering high-quality data & ai work."
Junior Business Intelligence Analyst,Data & AI,Data Warehousing; Excel; Dashboards; Tableau; ETL,Junior,"Internship · Hybrid. We are hiring a Junior Business Intelligence Analyst for our Gaming team. The ideal candidate has 1-3 years of experience and is proficient in Data Warehousing, Excel, Dashboards, Tableau, ETL. This is a hybrid internship position focused on delivering high-quality data & ai work."
Intern Business Intelligence Analyst,Data & AI,Data Warehousing; Dashboards; Reporting; Tableau; SQL,Intern,"Contract · On-site. We are hiring a Intern Business Intelligence Analyst for our SaaS team. The ideal candidate has 0-1 years of experience and is proficient in Data Warehousing, Dashboards, Reporting, Tableau, SQL. This is a on-site contract position focused on delivering high-quality data & ai work."
Principal AI Researcher,Data & AI,TensorFlow; NLP; Publications; Deep Learning; Research; Python,Principal,"Full-time · Remote. We are hiring a Principal AI Researcher for our Enterprise team. The ideal candidate has 12-20 years of experience and is proficient in TensorFlow, NLP, Publications, Deep Learning, Research, Python. This is a remote full-time position focused on delivering high-quality data & ai work."
Lead AI Researcher,Data & AI,Reinforcement Learning; Publications; TensorFlow; Research; Deep Learning; Mathematics; PyTorch,Lead,"Internship · On-site. We are hiring a Lead AI Researcher for our Enterprise team. The ideal candidate has 8-14 years of experience and is proficient in Reinforcement Learning, Publications, TensorFlow, Research, Deep Learning, Mathematics, PyTorch. This is a on-site internship position focused on delivering high-quality data & ai work."
Mid-level Business Intelligence Analyst,Data & AI,Dashboards; ETL; SQL; Data Warehousing; Python,Mid-level,"Full-time · Remote. We are hiring a Mid-level Business Intelligence Analyst for our E-commerce team. The ideal candidate has 3-6 years of experience and is proficient in Dashboards, ETL, SQL, Data Warehousing, Python. This is a remote full-time position focused on delivering high-quality data & ai work."
Senior Data Scientist,Data & AI,Pandas; SQL; TensorFlow; NumPy; Machine Learning,Senior,"Contract · Remote. We are hiring a Senior Data Scientist for our SaaS team. The ideal candidate has 6-10 years of experience and is proficient in Pandas, SQL, TensorFlow, NumPy, Machine Learning. This is a remote contract position focused on delivering high-quality data & ai work."
Lead Data Scientist,Data & AI,Statistics; Pandas; Jupyter; Scikit-learn; TensorFlow; NumPy,Lead,"Full-time · On-site. We are hiring a Lead Data Scientist for our Gaming team. The ideal candidate has 8-14 years of experience and is proficient in Statistics, Pandas, Jupyter, Scikit-learn, TensorFlow, NumPy. This is a on-site full-time position focused on delivering high-quality data & ai work."
Senior Data Analyst,Data & AI,Statistics; Reporting; Pandas; Python; Data Cleaning; Excel; SQL,Senior,"Full-time · Hybrid. We are hiring a Senior Data Analyst for our Gaming team. The ideal candidate has 6-10 years of experience and is proficient in Statistics, Reporting, Pandas, Python, Data Cleaning, Excel, SQL. This is a hybrid full-time position focused on delivering high-quality data & ai work."
Junior Data Scientist,Data & AI,Statistics; Python; Jupyter; Pandas; Scikit-learn,Junior,"Contract · Hybrid. We are hiring a Junior Data Scientist for our Fintech team. The ideal candidate has 1-3 years of experience and is proficient in Statistics, Python, Jupyter, Pandas, Scikit-learn. This is a hybrid contract position focused on delivering high-quality data & ai work."
Senior Machine Learning Engineer,Data & AI,Python; Deep Learning; MLOps; Model Deployment; Docker; PyTorch; Machine Learning,Senior,"Full-time · On-site. We are hiring a Senior Machine Learning Engineer for our Gaming team. The ideal candidate has 6-10 years of experience and is proficient in Python, Deep Learning, MLOps, Model Deployment, Docker, PyTorch, Machine Learning. This is a on-site full-time position focused on delivering high-quality data & ai work."
Senior Data Analyst,Data & AI,Reporting; A/B Testing; SQL; Pandas; Data Cleaning; Tableau; Power BI,Senior,"Contract · Hybrid. We are hiring a Senior Data Analyst for our Fintech team. The ideal candidate has 6-10 years of experience and is proficient in Reporting, A/B Testing, SQL, Pandas, Data Cleaning, Tableau, Power BI. This is a hybrid contract position focused on delivering high-quality data & ai work."
Senior Data Engineer,Data & AI,ETL; Python; AWS; SQL; Kafka; Airflow,Senior,"Full-time · On-site. We are hiring a Senior Data Engineer for our EdTech team. The ideal candidate has 6-10 years of experience and is proficient in ETL, Python, AWS, SQL, Kafka, Airflow. This is a on-site full-time position focused on delivering high-quality data & ai work."
Junior Machine Learning Engineer,Data & AI,TensorFlow; Machine Learning; Deep Learning; Python; SQL; Scikit-learn,Junior,"Internship · On-site. We are hiring a Junior Machine Learning Engineer for our Gaming team. The ideal candidate has 1-3 years of experience and is proficient in TensorFlow, Machine Learning, Deep Learning, Python, SQL, Scikit-learn. This is a on-site internship position focused on delivering high-quality data & ai work."
Principal Data Scientist,Data & AI,SQL; Scikit-learn; Python; Data Visualization; Machine Learning,Principal,"Contract · Remote. We are hiring a Principal Data Scientist for our Gaming team. The ideal candidate has 12-20 years of experience and is proficient in SQL, Scikit-learn, Python, Data Visualization, Machine Learning. This is a remote contract position focused on delivering high-quality data & ai work."
Mid-level Machine Learning Engineer,Data & AI,Docker; SQL; Deep Learning; Python; Model Deployment; PyTorch; TensorFlow,Mid-level,"Contract · Remote. We are hiring a Mid-level Machine Learning Engineer for our Gaming team. The ideal candidate has 3-6 years of experience and is proficient in Docker, SQL, Deep Learning, Python, Model Deployment, PyTorch, TensorFlow. This is a remote contract position focused on delivering high-quality data & ai work."
Lead Data Scientist,Data & AI,Machine Learning; Jupyter; NumPy; Data Visualization; Statistics,Lead,"Contract · On-site. We are hiring a Lead Data Scientist for our E-commerce team. The ideal candidate has 8-14 years of experience and is proficient in Machine Learning, Jupyter, NumPy, Data Visualization, Statistics. This is a on-site contract position focused on delivering high-quality data & ai work."
Intern Data Scientist,Data & AI,Scikit-learn; Jupyter; Machine Learning; Pandas; TensorFlow; Python; NumPy,Intern,"Full-time · On-site. We are hiring a Intern Data Scientist for our Fintech team. The ideal candidate has 0-1 years of experience and is proficient in Scikit-learn, Jupyter, Machine Learning, Pandas, TensorFlow, Python, NumPy. This is a on-site full-time position focused on delivering high-quality data & ai work."
Senior AI Researcher,Data & AI,Python; Mathematics; Research; Publications; PyTorch,Senior,"Internship · On-site. We are hiring a Senior AI Researcher for our Startup team. The ideal candidate has 6-10 years of experience and is proficient in Python, Mathematics, Research, Publications, PyTorch. This is a on-site internship position focused on delivering high-quality data & ai work."
Lead Data Engineer,Data & AI,Data Modeling; Spark; Kafka; Hadoop; Airflow,Lead,"Internship · Remote. We are hiring a Lead Data Engineer for our Gaming team. The ideal candidate has 8-14 years of experience and is proficient in Data Modeling, Spark, Kafka, Hadoop, Airflow. This is a remote internship position focused on delivering high-quality data & ai work."
Senior Data Scientist,Data & AI,SQL; TensorFlow; Data Visualization; Scikit-learn; NumPy; Jupyter; Machine Learning,Senior,"Contract · On-site. We are hiring a Senior Data Scientist for our Gaming team. The ideal candidate has 6-10 years of experience and is proficient in SQL, TensorFlow, Data Visualization, Scikit-learn, NumPy, Jupyter, Machine Learning. This is a on-site contract position focused on delivering high-quality data & ai work."
Intern Data Analyst,Data & AI,Statistics; Excel; Power BI; Tableau; Data Cleaning,Intern,"Contract · On-site. We are hiring a Intern Data Analyst for our Fintech team. The ideal candidate has 0-1 years of experience and is proficient in Statistics, Excel, Power BI, Tableau, Data Cleaning. This is a on-site contract position focused on delivering high-quality data & ai work."
Junior Computer Vision Engineer,Data & AI,Image Processing; OpenCV; PyTorch; C++; TensorFlow; Machine Learning; CUDA,Junior,"Full-time · Hybrid. We are hiring a Junior Computer Vision Engineer for our Fintech team. The ideal candidate has 1-3 years of experience and is proficient in Image Processing, OpenCV, PyTorch, C++, TensorFlow, Machine Learning, CUDA. This is a hybrid full-time position focused on delivering high-quality data & ai work."
Mid-level AI Researcher,Data & AI,Reinforcement Learning; Mathematics; TensorFlow; Publications; Research; PyTorch; Deep Learning,Mid-level,"Internship · Hybrid. We are hiring a Mid-level AI Researcher for our SaaS team. The ideal candidate has 3-6 years of experience and is proficient in Reinforcement Learning, Mathematics, TensorFlow, Publications, Research, PyTorch, Deep Learning. This is a hybrid internship position focused on delivering high-quality data & ai work."
Senior NLP Engineer,Data & AI,BERT; Machine Learning; NLP; Deep Learning; Text Mining; Python,Senior,"Internship · Remote. We are hiring a Senior NLP Engineer for our Startup team. The ideal candidate has 6-10 years of experience and is proficient in BERT, Machine Learning, NLP, Deep Learning, Text Mining, Python. This is a remote internship position focused on delivering high-quality data & ai work."
Junior Data Scientist,Data & AI,Pandas; SQL; NumPy; Data Visualization; Machine Learning; TensorFlow,Junior,"Full-time · Remote. We are hiring a Junior Data Scientist for our SaaS team. The ideal candidate has 1-3 years of experience and is proficient in Pandas, SQL, NumPy, Data Visualization, Machine Learning, TensorFlow. This is a remote full-time position focused on delivering high-quality data & ai work."
Intern NLP Engineer,Data & AI,Machine Learning; Transformers; Text Mining; BERT; Tokenization; PyTorch,Intern,"Internship · Hybrid. We are hiring a Intern NLP Engineer for our Fintech team. The ideal candidate has 0-1 years of experience and is proficient in Machine Learning, Transformers, Text Mining, BERT, Tokenization, PyTorch. This is a hybrid internship position focused on delivering high-quality data & ai work."
Lead Data Engineer,Data & AI,Data Modeling; Spark; Airflow; Kafka; SQL; Snowflake; ETL,Lead,"Internship · On-site. We are hiring a Lead Data Engineer for our Healthcare team. The ideal candidate has 8-14 years of experience and is proficient in Data Modeling, Spark, Airflow, Kafka, SQL, Snowflake, ETL. This is a on-site internship position focused on delivering high-quality data & ai work."
Junior NLP Engineer,Data & AI,Transformers; Python; spaCy; Tokenization; Text Mining; NLP,Junior,"Internship · On-site. We are hiring a Junior NLP Engineer for our E-commerce team. The ideal candidate has 1-3 years of experience and is proficient in Transformers, Python, spaCy, Tokenization, Text Mining, NLP. This is a on-site internship position focused on delivering high-quality data & ai work."
Lead Machine Learning Engineer,Data & AI,TensorFlow; SQL; MLOps; Python; PyTorch; Model Deployment; Machine Learning,Lead,"Contract · Remote. We are hiring a Lead Machine Learning Engineer for our Fintech team. The ideal candidate has 8-14 years of experience and is proficient in TensorFlow, SQL, MLOps, Python, PyTorch, Model Deployment, Machine Learning. This is a remote contract position focused on delivering high-quality data & ai work."
Intern Data Engineer,Data & AI,Python; SQL; AWS; Kafka; Data Modeling,Intern,"Internship · Hybrid. We are hiring a Intern Data Engineer for our Gaming team. The ideal candidate has 0-1 years of experience and is proficient in Python, SQL, AWS, Kafka, Data Modeling. This is a hybrid internship position focused on delivering high-quality data & ai work."
Senior Data Analyst,Data & AI,Python; A/B Testing; Data Cleaning; SQL; Reporting,Senior,"Internship · Remote. We are hiring a Senior Data Analyst for our Fintech team. The ideal candidate has 6-10 years of experience and is proficient in Python, A/B Testing, Data Cleaning, SQL, Reporting. This is a remote internship position focused on delivering high-quality data & ai work."
Principal Computer Vision Engineer,Data & AI,C++; Deep Learning; Machine Learning; CNN; TensorFlow,Principal,"Contract · Hybrid. We are hiring a Principal Computer Vision Engineer for our SaaS team. The ideal candidate has 12-20 years of experience and is proficient in C++, Deep Learning, Machine Learning, CNN, TensorFlow. This is a hybrid contract position focused on delivering high-quality data & ai work."
Principal Data Engineer,Data & AI,Spark; Data Modeling; Kafka; Airflow; Python; ETL; AWS,Principal,"Contract · On-site. We are hiring a Principal Data Engineer for our EdTech team. The ideal candidate has 12-20 years of experience and is proficient in Spark, Data Modeling, Kafka, Airflow, Python, ETL, AWS. This is a on-site contract position focused on delivering high-quality data & ai work."
Lead NLP Engineer,Data & AI,NLP; BERT; Deep Learning; Transformers; Text Mining; spaCy; Tokenization,Lead,"Full-time · Remote. We are hiring a Lead NLP Engineer for our Fintech team. The ideal candidate has 8-14 years of experience and is proficient in NLP, BERT, Deep Learning, Transformers, Text Mining, spaCy, Tokenization. This is a remote full-time position focused on delivering high-quality data & ai work."
Senior Data Engineer,Data & AI,Hadoop; Snowflake; Spark; Data Modeling; Python; SQL; ETL,Senior,"Contract · Hybrid. We are hiring a Senior Data Engineer for our E-commerce team. The ideal candidate has 6-10 years of experience and is proficient in Hadoop, Snowflake, Spark, Data Modeling, Python, SQL, ETL. This is a hybrid contract position focused on delivering high-quality data & ai work."
Intern Data Engineer,Data & AI,Snowflake; Data Modeling; Airflow; SQL; Python,Intern,"Internship · On-site. We are hiring a Intern Data Engineer for our Fintech team. The ideal candidate has 0-1 years of experience and is proficient in Snowflake, Data Modeling, Airflow, SQL, Python. This is a on-site internship position focused on delivering high-quality data & ai work."
Mid-level Business Intelligence Analyst,Data & AI,Data Warehousing; Tableau; Power BI; Excel; DAX,Mid-level,"Internship · Hybrid. We are hiring a Mid-level Business Intelligence Analyst for our SaaS team. The ideal candidate has 3-6 years of experience and is proficient in Data Warehousing, Tableau, Power BI, Excel, DAX. This is a hybrid internship position focused on delivering high-quality data & ai work."
Principal NLP Engineer,Data & AI,NLP; BERT; Machine Learning; spaCy; PyTorch; Deep Learning; Tokenization,Principal,"Full-time · On-site. We are hiring a Principal NLP Engineer for our SaaS team. The ideal candidate has 12-20 years of experience and is proficient in NLP, BERT, Machine Learning, spaCy, PyTorch, Deep Learning, Tokenization. This is a on-site full-time position focused on delivering high-quality data & ai work."
Junior Data Engineer,Data & AI,Snowflake; Hadoop; Airflow; Spark; Data Modeling,Junior,"Full-time · On-site. We are hiring a Junior Data Engineer for our EdTech team. The ideal candidate has 1-3 years of experience and is proficient in Snowflake, Hadoop, Airflow, Spark, Data Modeling. This is a on-site full-time position focused on delivering high-quality data & ai work."
Junior Business Intelligence Analyst,Data & AI,Reporting; Power BI; Tableau; Dashboards; SQL,Junior,"Contract · Remote. We are hiring a Junior Business Intelligence Analyst for our EdTech team. The ideal candidate has 1-3 years of experience and is proficient in Reporting, Power BI, Tableau, Dashboards, SQL. This is a remote contract position focused on delivering high-quality data & ai work."
Junior AI Researcher,Data & AI,Reinforcement Learning; TensorFlow; Mathematics; Machine Learning; Deep Learning; Research; Publications,Junior,"Full-time · Hybrid. We are hiring a Junior AI Researcher for our Healthcare team. The ideal candidate has 1-3 years of experience and is proficient in Reinforcement Learning, TensorFlow, Mathematics, Machine Learning, Deep Learning, Research, Publications. This is a hybrid full-time position focused on delivering high-quality data & ai work."
Mid-level Data Engineer,Data & AI,Hadoop; Snowflake; Kafka; AWS; SQL; Airflow,Mid-level,"Internship · Remote. We are hiring a Mid-level Data Engineer for our Gaming team. The ideal candidate has 3-6 years of experience and is proficient in Hadoop, Snowflake, Kafka, AWS, SQL, Airflow. This is a remote internship position focused on delivering high-quality data & ai work."
Senior NLP Engineer,Data & AI,PyTorch; Transformers; spaCy; Python; Tokenization,Senior,"Contract · Hybrid. We are hiring a Senior NLP Engineer for our EdTech team. The ideal candidate has 6-10 years of experience and is proficient in PyTorch, Transformers, spaCy, Python, Tokenization. This is a hybrid contract position focused on delivering high-quality data & ai work."
Principal AI Researcher,Data & AI,NLP; Python; Mathematics; PyTorch; Machine Learning; Publications,Principal,"Full-time · On-site. We are hiring a Principal AI Researcher for our E-commerce team. The ideal candidate has 12-20 years of experience and is proficient in NLP, Python, Mathematics, PyTorch, Machine Learning, Publications. This is a on-site full-time position focused on delivering high-quality data & ai work."
Senior Computer Vision Engineer,Data & AI,Machine Learning; Image Processing; Deep Learning; CUDA; PyTorch; OpenCV,Senior,"Contract · Remote. We are hiring a Senior Computer Vision Engineer for our Enterprise team. The ideal candidate has 6-10 years of experience and is proficient in Machine Learning, Image Processing, Deep Learning, CUDA, PyTorch, OpenCV. This is a remote contract position focused on delivering high-quality data & ai work."
Mid-level Data Scientist,Data & AI,Jupyter; Python; SQL; Scikit-learn; Pandas; Statistics; Machine Learning,Mid-level,"Contract · On-site. We are hiring a Mid-level Data Scientist for our SaaS team. The ideal candidate has 3-6 years of experience and is proficient in Jupyter, Python, SQL, Scikit-learn, Pandas, Statistics, Machine Learning. This is a on-site contract position focused on delivering high-quality data & ai work."
Principal Data Engineer,Data & AI,Airflow; Data Modeling; SQL; Spark; ETL,Principal,"Internship · On-site. We are hiring a Principal Data Engineer for our Enterprise team. The ideal candidate has 12-20 years of experience and is proficient in Airflow, Data Modeling, SQL, Spark, ETL. This is a on-site internship position focused on delivering high-quality data & ai work."
Mid-level Data Engineer,Data & AI,Data Modeling; Hadoop; ETL; Snowflake; Python; Spark,Mid-level,"Full-time · On-site. We are hiring a Mid-level Data Engineer for our Healthcare team. The ideal candidate has 3-6 years of experience and is proficient in Data Modeling, Hadoop, ETL, Snowflake, Python, Spark. This is a on-site full-time position focused on delivering high-quality data & ai work."
Principal Business Intelligence Analyst,Data & AI,Excel; DAX; ETL; Power BI; SQL,Principal,"Contract · Hybrid. We are hiring a Principal Business Intelligence Analyst for our Fintech team. The ideal candidate has 12-20 years of experience and is proficient in Excel, DAX, ETL, Power BI, SQL. This is a hybrid contract position focused on delivering high-quality data & ai work."
Mid-level AI Researcher,Data & AI,TensorFlow; PyTorch; NLP; Publications; Mathematics; Machine Learning; Research,Mid-level,"Internship · Remote. We are hiring a Mid-level AI Researcher for our E-commerce team. The ideal candidate has 3-6 years of experience and is proficient in TensorFlow, PyTorch, NLP, Publications, Mathematics, Machine Learning, Research. This is a remote internship position focused on delivering high-quality data & ai work."
Mid-level Data Scientist,Data & AI,Statistics; Machine Learning; Python; Scikit-learn; Pandas,Mid-level,"Internship · On-site. We are hiring a Mid-level Data Scientist for our Fintech team. The ideal candidate has 3-6 years of experience and is proficient in Statistics, Machine Learning, Python, Scikit-learn, Pandas. This is a on-site internship position focused on delivering high-quality data & ai work."
Principal Data Analyst,Data & AI,Pandas; Python; Tableau; Data Cleaning; Excel; A/B Testing,Principal,"Contract · Hybrid. We are hiring a Principal Data Analyst for our Enterprise team. The ideal candidate has 12-20 years of experience and is proficient in Pandas, Python, Tableau, Data Cleaning, Excel, A/B Testing. This is a hybrid contract position focused on delivering high-quality data & ai work."
Principal NLP Engineer,Data & AI,Tokenization; NLP; Python; BERT; Machine Learning; spaCy; Text Mining,Principal,"Full-time · Hybrid. We are hiring a Principal NLP Engineer for our Fintech team. The ideal candidate has 12-20 years of experience and is proficient in Tokenization, NLP, Python, BERT, Machine Learning, spaCy, Text Mining. This is a hybrid full-time position focused on delivering high-quality data & ai work."
Junior Data Analyst,Data & AI,Tableau; Power BI; Reporting; Pandas; Python,Junior,"Full-time · Remote. We are hiring a Junior Data Analyst for our E-commerce team. The ideal candidate has 1-3 years of experience and is proficient in Tableau, Power BI, Reporting, Pandas, Python. This is a remote full-time position focused on delivering high-quality data & ai work."
Intern Data Engineer,Data & AI,Python; Airflow; Hadoop; Spark; AWS,Intern,"Contract · Remote. We are hiring a Intern Data Engineer for our EdTech team. The ideal candidate has 0-1 years of experience and is proficient in Python, Airflow, Hadoop, Spark, AWS. This is a remote contract position focused on delivering high-quality data & ai work."
Mid-level AI Researcher,Data & AI,Publications; Research; NLP; Machine Learning; TensorFlow; Mathematics,Mid-level,"Contract · Remote. We are hiring a Mid-level AI Researcher for our Enterprise team. The ideal candidate has 3-6 years of experience and is proficient in Publications, Research, NLP, Machine Learning, TensorFlow, Mathematics. This is a remote contract position focused on delivering high-quality data & ai work."
Principal Business Intelligence Analyst,Data & AI,SQL; Data Warehousing; Python; Tableau; Reporting,Principal,"Full-time · On-site. We are hiring a Principal Business Intelligence Analyst for our Gaming team. The ideal candidate has 12-20 years of experience and is proficient in SQL, Data Warehousing, Python, Tableau, Reporting. This is a on-site full-time position focused on delivering high-quality data & ai work."
Mid-level Computer Vision Engineer,Data & AI,TensorFlow; Deep Learning; C++; PyTorch; Python,Mid-level,"Contract · Remote. We are hiring a Mid-level Computer Vision Engineer for our Enterprise team. The ideal candidate has 3-6 years of experience and is proficient in TensorFlow, Deep Learning, C++, PyTorch, Python. This is a remote contract position focused on delivering high-quality data & ai work."
Intern NLP Engineer,Data & AI,PyTorch; spaCy; NLP; Machine Learning; BERT,Intern,"Internship · On-site. We are hiring a Intern NLP Engineer for our Enterprise team. The ideal candidate has 0-1 years of experience and is proficient in PyTorch, spaCy, NLP, Machine Learning, BERT. This is a on-site internship position focused on delivering high-quality data & ai work."
Mid-level Machine Learning Engineer,Data & AI,Deep Learning; Scikit-learn; Docker; MLOps; Model Deployment; TensorFlow,Mid-level,"Contract · Hybrid. We are hiring a Mid-level Machine Learning Engineer for our Enterprise team. The ideal candidate has 3-6 years of experience and is proficient in Deep Learning, Scikit-learn, Docker, MLOps, Model Deployment, TensorFlow. This is a hybrid contract position focused on delivering high-quality data & ai work."
Mid-level Computer Vision Engineer,Data & AI,Machine Learning; OpenCV; CUDA; Image Processing; TensorFlow; PyTorch; C++,Mid-level,"Internship · On-site. We are hiring a Mid-level Computer Vision Engineer for our Startup team. The ideal candidate has 3-6 years of experience and is proficient in Machine Learning, OpenCV, CUDA, Image Processing, TensorFlow, PyTorch, C++. This is a on-site internship position focused on delivering high-quality data & ai work."
Intern Machine Learning Engineer,Data & AI,Model Deployment; Machine Learning; Docker; PyTorch; Python,Intern,"Contract · Remote. We are hiring a Intern Machine Learning Engineer for our SaaS team. The ideal candidate has 0-1 years of experience and is proficient in Model Deployment, Machine Learning, Docker, PyTorch, Python. This is a remote contract position focused on delivering high-quality data & ai work."
Senior Data Engineer,Data & AI,SQL; Spark; Python; Kafka; Hadoop; Snowflake; AWS,Senior,"Internship · On-site. We are hiring a Senior Data Engineer for our Healthcare team. The ideal candidate has 6-10 years of experience and is proficient in SQL, Spark, Python, Kafka, Hadoop, Snowflake, AWS. This is a on-site internship position focused on delivering high-quality data & ai work."
Lead NLP Engineer,Data & AI,Transformers; spaCy; NLP; Tokenization; Text Mining; BERT; Deep Learning,Lead,"Internship · On-site. We are hiring a Lead NLP Engineer for our Fintech team. The ideal candidate has 8-14 years of experience and is proficient in Transformers, spaCy, NLP, Tokenization, Text Mining, BERT, Deep Learning. This is a on-site internship position focused on delivering high-quality data & ai work."
Senior Data Analyst,Data & AI,Pandas; Tableau; Statistics; SQL; Python,Senior,"Internship · Hybrid. We are hiring a Senior Data Analyst for our Gaming team. The ideal candidate has 6-10 years of experience and is proficient in Pandas, Tableau, Statistics, SQL, Python. This is a hybrid internship position focused on delivering high-quality data & ai work."
Mid-level AI Researcher,Data & AI,Reinforcement Learning; Machine Learning; Deep Learning; TensorFlow; Research,Mid-level,"Full-time · Hybrid. We are hiring a Mid-level AI Researcher for our EdTech team. The ideal candidate has 3-6 years of experience and is proficient in Reinforcement Learning, Machine Learning, Deep Learning, TensorFlow, Research. This is a hybrid full-time position focused on delivering high-quality data & ai work."
Lead Data Analyst,Data & AI,A/B Testing; Tableau; Data Cleaning; Python; Statistics; Reporting; Excel,Lead,"Internship · Remote. We are hiring a Lead Data Analyst for our E-commerce team. The ideal candidate has 8-14 years of experience and is proficient in A/B Testing, Tableau, Data Cleaning, Python, Statistics, Reporting, Excel. This is a remote internship position focused on delivering high-quality data & ai work."
Lead Data Scientist,Data & AI,Jupyter; Statistics; SQL; NumPy; TensorFlow,Lead,"Internship · On-site. We are hiring a Lead Data Scientist for our E-commerce team. The ideal candidate has 8-14 years of experience and is proficient in Jupyter, Statistics, SQL, NumPy, TensorFlow. This is a on-site internship position focused on delivering high-quality data & ai work."
Mid-level Data Analyst,Data & AI,A/B Testing; Tableau; Statistics; Data Cleaning; Power BI; Excel; SQL,Mid-level,"Contract · Remote. We are hiring a Mid-level Data Analyst for our Gaming team. The ideal candidate has 3-6 years of experience and is proficient in A/B Testing, Tableau, Statistics, Data Cleaning, Power BI, Excel, SQL. This is a remote contract position focused on delivering high-quality data & ai work."
Mid-level AI Researcher,Data & AI,Python; Machine Learning; Research; PyTorch; Publications; Mathematics; TensorFlow,Mid-level,"Full-time · On-site. We are hiring a Mid-level AI Researcher for our Healthcare team. The ideal candidate has 3-6 years of experience and is proficient in Python, Machine Learning, Research, PyTorch, Publications, Mathematics, TensorFlow. This is a on-site full-time position focused on delivering high-quality data & ai work."
Mid-level Business Intelligence Analyst,Data & AI,Reporting; Data Warehousing; DAX; ETL; Dashboards,Mid-level,"Full-time · Remote. We are hiring a Mid-level Business Intelligence Analyst for our Fintech team. The ideal candidate has 3-6 years of experience and is proficient in Reporting, Data Warehousing, DAX, ETL, Dashboards. This is a remote full-time position focused on delivering high-quality data & ai work."
