title,category,skills,level,description
Lead Financial Analyst,Business,Budgeting; SQL; Excel; Power BI; Forecasting; Valuation; Financial Modeling,Lead,"Internship · On-site. We are hiring a Lead Financial Analyst for our Healthcare team. The ideal candidate has 8-14 years of experience and is proficient in Budgeting, SQL, Excel, Power BI, Forecasting, Valuation, Financial Modeling. This is a on-site internship position focused on delivering high-quality business work."
Junior HR Specialist,Business,Recruitment; Communication; Payroll; Training; Compliance; Onboarding; Conflict Resolution,Junior,"Internship · Remote. We are hiring a Junior HR Specialist for our Healthcare team. The ideal candidate has 1-3 years of experience and is proficient in Recruitment, Communication, Payroll, Training, Compliance, Onboarding, Conflict Resolution. This is a remote internship position focused on delivering high-quality business work."
Senior HR Specialist,Business,Recruitment; Payroll; Conflict Resolution; Employee Relations; Training; Compliance; Communication,Senior,"Full-time · Remote. We are hiring a Senior HR Specialist for our EdTech team. The ideal candidate has 6-10 years of experience and is proficient in Recruitment, Payroll, Conflict Resolution, Employee Relations, Training, Compliance, Communication. This is a remote full-time position focused on delivering high-quality business work."
Intern Operations Manager,Business,Vendor Management; Process Improvement; Operations Management; Communication; Supply Chain,Intern,"Full-time · Hybrid. We are hiring a Intern Operations Manager for our Startup team. The ideal candidate has 0-1 years of experience and is proficient in Vendor Management, Process Improvement, Operations Management, Communication, Supply Chain. This is a hybrid full-time position focused on delivering high-quality business work."
Junior Business Analyst,Business,Requirements Gathering; UML; Stakeholder Management; Agile; Communication,Junior,"Internship · On-site. We are hiring a Junior Business Analyst for our Enterprise team. The ideal candidate has 1-3 years of experience and is proficient in Requirements Gathering, UML, Stakeholder Management, Agile, Communication. This is a on-site internship position focused on delivering high-quality business work."
Intern Business Analyst,Business,Stakeholder Management; Agile; Process Modeling; SQL; Data Analysis; Excel; Documentation,Intern,"Internship · On-site. We are hiring a Intern Business Analyst for our Gaming team. The ideal candidate has 0-1 years of experience and is proficient in Stakeholder Management, Agile, Process Modeling, SQL, Data Analysis, Excel, Documentation. This is a on-site internship position focused on delivering high-quality business work."
Senior Sales Engineer,Business,APIs; Solution Design; Product Demos; Cloud; Customer Success; Presentations,Senior,"Full-time · On-site. We are hiring a Senior Sales Engineer for our Startup team. The ideal candidate has 6-10 years of experience and is proficient in APIs, Solution Design, Product Demos, Cloud, Customer Success, Presentations. This is a on-site full-time position focused on delivering high-quality business work."
Intern Business Analyst,Business,Communication; Stakeholder Management; UML; Data Analysis; Process Modeling; Documentation; Requirements Gathering,Intern,"Internship · Remote. We are hiring a Intern Business Analyst for our Startup team. The ideal candidate has 0-1 years of experience and is proficient in Communication, Stakeholder Management, UML, Data Analysis, Process Modeling, Documentation, Requirements Gathering. This is a remote internship position focused on delivering high-quality business work."
Intern Operations Manager,Business,Leadership; Communication; Budgeting; Lean; Supply Chain; Vendor Management; Analytics,Intern,"Internship · Remote. We are hiring a Intern Operations Manager for our EdTech team. The ideal candidate has 0-1 years of experience and is proficient in Leadership, Communication, Budgeting, Lean, Supply Chain, Vendor Management, Analytics. This is a remote internship position focused on delivering high-quality business work."
Intern HR Specialist,Business,Onboarding; Performance Management; HRIS; Employee Relations; Communication; Recruitment; Training,Intern,"Full-time · Remote. We are hiring a Intern HR Specialist for our Enterprise team. The ideal candidate has 0-1 years of experience and is proficient in Onboarding, Performance Management, HRIS, Employee Relations, Communication, Recruitment, Training. This is a remote full-time position focused on delivering high-quality business work."
Intern Financial Analyst,Business,Valuation; Financial Modeling; Budgeting; Accounting; SQL; Analytics; Power BI,Intern,"Internship · Remote. We are hiring a Intern Financial Analyst for our Gaming team. The ideal candidate has 0-1 years of experience and is proficient in Valuation, Financial Modeling, Budgeting, Accounting, SQL, Analytics, Power BI. This is a remote internship position focused on delivering high-quality business work."
Junior Operations Manager,Business,Lean; Operations Management; Communication; Vendor Management; Analytics,Junior,"Internship · Remote. We are hiring a Junior Operations Manager for our E-commerce team. The ideal candidate has 1-3 years of experience and is proficient in Lean, Operations Management, Communication, Vendor Management, Analytics. This is a remote internship position focused on delivering high-quality business work."
Lead Operations Manager,Business,Operations Management; Budgeting; Leadership; Six Sigma; Process Improvement; Communication,Lead,"Contract · On-site. We are hiring a Lead Operations Manager for our Startup team. The ideal candidate has 8-14 years of experience and is proficient in Operations Management, Budgeting, Leadership, Six Sigma, Process Improvement, Communication. This is a on-site contract position focused on delivering high-quality business work."
Principal HR Specialist,Business,Communication; Compliance; Payroll; Recruitment; Conflict Resolution; Onboarding,Principal,"Contract · On-site. We are hiring a Principal HR Specialist for our SaaS team. The ideal candidate has 12-20 years of experience and is proficient in Communication, Compliance, Payroll, Recruitment, Conflict Resolution, Onboarding. This is a on-site contract position focused on delivering high-quality business work."
Intern Operations Manager,Business,Analytics; Six Sigma; Supply Chain; Operations Management; Lean,Intern,"Full-time · On-site. We are hiring a Intern Operations Manager for our Enterprise team. The ideal candidate has 0-1 years of experience and is proficient in Analytics, Six Sigma, Supply Chain, Operations Management, Lean. This is a on-site full-time position focused on delivering high-quality business work."
Junior HR Specialist,Business,HRIS; Payroll; Employee Relations; Communication; Training; Onboarding; Conflict Resolution,Junior,"Full-time · Remote. We are hiring a Junior HR Specialist for our Enterprise team. The ideal candidate has 1-3 years of experience and is proficient in HRIS, Payroll, Employee Relations, Communication, Training, Onboarding, Conflict Resolution. This is a remote full-time position focused on delivering high-quality business work."
Senior Business Analyst,Business,Data Analysis; SQL; Agile; Process Modeling; Requirements Gathering; UML; Excel,Senior,"Contract · On-site. We are hiring a Senior Business Analyst for our Enterprise team. The ideal candidate has 6-10 years of experience and is proficient in Data Analysis, SQL, Agile, Process Modeling, Requirements Gathering, UML, Excel. This is a on-site contract position focused on delivering high-quality business work."
Mid-level HR Specialist,Business,Training; Employee Relations; Compliance; Payroll; Conflict Resolution; Onboarding; Communication,Mid-level,"Full-time · Hybrid. We are hiring a Mid-level HR Specialist for our Healthcare team. The ideal candidate has 3-6 years of experience and is proficient in Training, Employee Relations, Compliance, Payroll, Conflict Resolution, Onboarding, Communication. This is a hybrid full-time position focused on delivering high-quality business work."
Intern Sales Engineer,Business,Customer Success; APIs; Product Demos; Communication; Cloud; Solution Design; Presentations,Intern,"Contract · On-site. We are hiring a Intern Sales Engineer for our EdTech team. The ideal candidate has 0-1 years of experience and is proficient in Customer Success, APIs, Product Demos, Communication, Cloud, Solution Design, Presentations. This is a on-site contract position focused on delivering high-quality business work."
Intern Business Analyst,Business,Communication; Agile; Documentation; Stakeholder Management; Process Modeling; Excel; Data Analysis,Intern,"Contract · On-site. We are hiring a Intern Business Analyst for our Startup team. The ideal candidate has 0-1 years of experience and is proficient in Communication, Agile, Documentation, Stakeholder Management, Process Modeling, Excel, Data Analysis. This is a on-site contract position focused on delivering high-quality business work."
Lead Financial Analyst,Business,Forecasting; Reporting; Financial Modeling; Budgeting; Valuation; Accounting,Lead,"Contract · On-site. We are hiring a Lead Financial Analyst for our E-commerce team. The ideal candidate has 8-14 years of experience and is proficient in Forecasting, Reporting, Financial Modeling, Budgeting, Valuation, Accounting. This is a on-site contract position focused on delivering high-quality business work."
Principal HR Specialist,Business,Recruitment; Payroll; Communication; Conflict Resolution; HRIS; Performance Management; Compliance,Principal,"Full-time · On-site. We are hiring a Principal HR Specialist for our Healthcare team. The ideal candidate has 12-20 years of experience and is proficient in Recruitment, Payroll, Communication, Conflict Resolution, HRIS, Performance Management, Compliance. This is a on-site full-time position focused on delivering high-quality business work."
Principal Financial Analyst,Business,Analytics; Valuation; Reporting; SQL; Forecasting,Principal,"Internship · On-site. We are hiring a Principal Financial Analyst for our SaaS team. The ideal candidate has 12-20 years of experience and is proficient in Analytics, Valuation, Reporting, SQL, Forecasting. This is a on-site internship position focused on delivering high-quality business work."
Lead Business Analyst,Business,Process Modeling; UML; Communication; SQL; Documentation; Excel; Stakeholder Management,Lead,"Contract · Remote. We are hiring a Lead Business Analyst for our Enterprise team. The ideal candidate has 8-14 years of experience and is proficient in Process Modeling, UML, Communication, SQL, Documentation, Excel, Stakeholder Management. This is a remote contract position focused on delivering high-quality business work."
Senior HR Specialist,Business,HRIS; Performance Management; Training; Onboarding; Recruitment; Conflict Resolution,Senior,"Full-time · Hybrid. We are hiring a Senior HR Specialist for our SaaS team. The ideal candidate has 6-10 years of experience and is proficient in HRIS, Performance Management, Training, Onboarding, Recruitment, Conflict Resolution. This is a hybrid full-time position focused on delivering high-quality business work."
Senior Sales Engineer,Business,APIs; Cloud; Negotiation; Solution Design; Communication,Senior,"Contract · Remote. We are hiring a Senior Sales Engineer for our EdTech team. The ideal candidate has 6-10 years of experience and is proficient in APIs, Cloud, Negotiation, Solution Design, Communication. This is a remote contract position focused on delivering high-quality business work."
Principal Business Analyst,Business,Stakeholder Management; Process Modeling; Agile; Excel; UML; Communication,Principal,"Contract · On-site. We are hiring a Principal Business Analyst for our Enterprise team. The ideal candidate has 12-20 years of experience and is proficient in Stakeholder Management, Process Modeling, Agile, Excel, UML, Communication. This is a on-site contract position focused on delivering high-quality business work."
Senior HR Specialist,Business,Training; Payroll; Performance Management; Onboarding; HRIS; Compliance; Conflict Resolution,Senior,"Contract · Hybrid. We are hiring a Senior HR Specialist for our EdTech team. The ideal candidate has 6-10 years of experience and is proficient in Training, Payroll, Performance Management, Onboarding, HRIS, Compliance, Conflict Resolution. This is a hybrid contract position focused on delivering high-quality business work."
Mid-level Operations Manager,Business,Six Sigma; Vendor Management; Lean; Communication; Operations Management; Process Improvement; Leadership,Mid-level,"Contract · On-site. We are hiring a Mid-level Operations Manager for our Fintech team. The ideal candidate has 3-6 years of experience and is proficient in Six Sigma, Vendor Management, Lean, Communication, Operations Management, Process Improvement, Leadership. This is a on-site contract position focused on delivering high-quality business work."
Mid-level HR Specialist,Business,Communication; Conflict Resolution; Recruitment; HRIS; Onboarding,Mid-level,"Full-time · Remote. We are hiring a Mid-level HR Specialist for our SaaS team. The ideal candidate has 3-6 years of experience and is proficient in Communication, Conflict Resolution, Recruitment, HRIS, Onboarding. This is a remote full-time position focused on delivering high-quality business work."
Junior Financial Analyst,Business,Analytics; Accounting; Excel; Forecasting; Reporting; Power BI; Financial Modeling,Junior,"Contract · Hybrid. We are hiring a Junior Financial Analyst for our Healthcare team. The ideal candidate has 1-3 years of experience and is proficient in Analytics, Accounting, Excel, Forecasting, Reporting, Power BI, Financial Modeling. This is a hybrid contract position focused on delivering high-quality business work."
Principal Business Analyst,Business,UML; Communication; SQL; Excel; Process Modeling; Stakeholder Management; Documentation,Principal,"Internship · Remote. We are hiring a Principal Business Analyst for our Fintech team. The ideal candidate has 12-20 years of experience and is proficient in UML, Communication, SQL, Excel, Process Modeling, Stakeholder Management, Documentation. This is a remote internship position focused on delivering high-quality business work."
Junior Financial Analyst,Business,Analytics; Excel; Financial Modeling; Power BI; Forecasting; Budgeting,Junior,"Contract · Remote. We are hiring a Junior Financial Analyst for our E-commerce team. The ideal candidate has 1-3 years of experience and is proficient in Analytics, Excel, Financial Modeling, Power BI, Forecasting, Budgeting. This is a remote contract position focused on delivering high-quality business work."
Lead HR Specialist,Business,Conflict Resolution; Compliance; Recruitment; Onboarding; HRIS; Employee Relations,Lead,"Internship · On-site. We are hiring a Lead HR Specialist for our Startup team. The ideal candidate has 8-14 years of experience and is proficient in Conflict Resolution, Compliance, Recruitment, Onboarding, HRIS, Employee Relations. This is a on-site internship position focused on delivering high-quality business work."
Junior Sales Engineer,Business,CRM; Cloud; Negotiation; Presentations; Product Demos; APIs; Customer Success,Junior,"Internship · Hybrid. We are hiring a Junior Sales Engineer for our Fintech team. The ideal candidate has 1-3 years of experience and is proficient in CRM, Cloud, Negotiation, Presentations, Product Demos, APIs, Customer Success. This is a hybrid internship position focused on delivering high-quality business work."
Junior HR Specialist,Business,Conflict Resolution; HRIS; Compliance; Training; Employee Relations,Junior,"Full-time · Remote. We are hiring a Junior HR Specialist for our E-commerce team. The ideal candidate has 1-3 years of experience and is proficient in Conflict Resolution, HRIS, Compliance, Training, Employee Relations. This is a remote full-time position focused on delivering high-quality business work."
Intern Sales Engineer,Business,Cloud; Negotiation; Communication; Customer Success; APIs; Technical Sales,Intern,"Internship · Hybrid. We are hiring a Intern Sales Engineer for our Gaming team. The ideal candidate has 0-1 years of experience and is proficient in Cloud, Negotiation, Communication, Customer Success, APIs, Technical Sales. This is a hybrid internship position focused on delivering high-quality business work."
Junior HR Specialist,Business,Payroll; Onboarding; HRIS; Conflict Resolution; Recruitment; Employee Relations,Junior,"Contract · Remote. We are hiring a Junior HR Specialist for our E-commerce team. The ideal candidate has 1-3 years of experience and is proficient in Payroll, Onboarding, HRIS, Conflict Resolution, Recruitment, Employee Relations. This is a remote contract position focused on delivering high-quality business work."
Principal Sales Engineer,Business,Solution Design; Presentations; Negotiation; Communication; Customer Success,Principal,"Full-time · Hybrid. We are hiring a Principal Sales Engineer for our Healthcare team. The ideal candidate has 12-20 years of experience and is proficient in Solution Design, Presentations, Negotiation, Communication, Customer Success. This is a hybrid full-time position focused on delivering high-quality business work."
Lead Financial Analyst,Business,Analytics; Budgeting; SQL; Excel; Reporting,Lead,"Internship · Remote. We are hiring a Lead Financial Analyst for our Fintech team. The ideal candidate has 8-14 years of experience and is proficient in Analytics, Budgeting, SQL, Excel, Reporting. This is a remote internship position focused on delivering high-quality business work."
Senior HR Specialist,Business,Training; Payroll; Compliance; Performance Management; Conflict Resolution; Communication; Onboarding,Senior,"Full-time · Remote. We are hiring a Senior HR Specialist for our SaaS team. The ideal candidate has 6-10 years of experience and is proficient in Training, Payroll, Compliance, Performance Management, Conflict Resolution, Communication, Onboarding. This is a remote full-time position focused on delivering high-quality business work."
Junior Business Analyst,Business,Requirements Gathering; Agile; Data Analysis; Excel; SQL,Junior,"Contract · Hybrid. We are hiring a Junior Business Analyst for our Enterprise team. The ideal candidate has 1-3 years of experience and is proficient in Requirements Gathering, Agile, Data Analysis, Excel, SQL. This is a hybrid contract position focused on delivering high-quality business work."
Lead Operations Manager,Business,Supply Chain; Six Sigma; Communication; Operations Management; Budgeting; Process Improvement; Lean,Lead,"Full-time · On-site. We are hiring a Lead Operations Manager for our SaaS team. The ideal candidate has 8-14 years of experience and is proficient in Supply Chain, Six Sigma, Communication, Operations Management, Budgeting, Process Improvement, Lean. This is a on-site full-time position focused on delivering high-quality business work."
Intern Operations Manager,Business,Communication; Six Sigma; Lean; Supply Chain; Operations Management; Leadership,Intern,"Contract · On-site. We are hiring a Intern Operations Manager for our Fintech team. The ideal candidate has 0-1 years of experience and is proficient in Communication, Six Sigma, Lean, Supply Chain, Operations Management, Leadership. This is a on-site contract position focused on delivering high-quality business work."
Lead HR Specialist,Business,Conflict Resolution; HRIS; Payroll; Compliance; Communication; Onboarding,Lead,"Internship · Hybrid. We are hiring a Lead HR Specialist for our Healthcare team. The ideal candidate has 8-14 years of experience and is proficient in Conflict Resolution, HRIS, Payroll, Compliance, Communication, Onboarding. This is a hybrid internship position focused on delivering high-quality business work."
Senior HR Specialist,Business,Performance Management; Communication; HRIS; Onboarding; Training; Compliance,Senior,"Contract · On-site. We are hiring a Senior HR Specialist for our Healthcare team. The ideal candidate has 6-10 years of experience and is proficient in Performance Management, Communication, HRIS, Onboarding, Training, Compliance. This is a on-site contract position focused on delivering high-quality business work."
Intern Business Analyst,Business,Stakeholder Management; Requirements Gathering; Data Analysis; Process Modeling; Communication; Documentation,Intern,"Internship · Remote. We are hiring a Intern Business Analyst for our Fintech team. The ideal candidate has 0-1 years of experience and is proficient in Stakeholder Management, Requirements Gathering, Data Analysis, Process Modeling, Communication, Documentation. This is a remote internship position focused on delivering high-quality business work."
Intern Operations Manager,Business,Analytics; Process Improvement; Six Sigma; Supply Chain; Communication; Budgeting,Intern,"Full-time · Remote. We are hiring a Intern Operations Manager for our EdTech team. The ideal candidate has 0-1 years of experience and is proficient in Analytics, Process Improvement, Six Sigma, Supply Chain, Communication, Budgeting. This is a remote full-time position focused on delivering high-quality business work."
Junior Financial Analyst,Business,Excel; SQL; Analytics; Forecasting; Reporting; Valuation,Junior,"Internship · On-site. We are hiring a Junior Financial Analyst for our EdTech team. The ideal candidate has 1-3 years of experience and is proficient in Excel, SQL, Analytics, Forecasting, Reporting, Valuation. This is a on-site internship position focused on delivering high-quality business work."
Lead Financial Analyst,Business,Forecasting; Financial Modeling; Reporting; Budgeting; Power BI,Lead,"Contract · Remote. We are hiring a Lead Financial Analyst for our SaaS team. The ideal candidate has 8-14 years of experience and is proficient in Forecasting, Financial Modeling, Reporting, Budgeting, Power BI. This is a remote contract position focused on delivering high-quality business work."
Senior Business Analyst,Business,Data Analysis; UML; Documentation; SQL; Agile; Process Modeling,Senior,"Internship · Hybrid. We are hiring a Senior Business Analyst for our E-commerce team. The ideal candidate has 6-10 years of experience and is proficient in Data Analysis, UML, Documentation, SQL, Agile, Process Modeling. This is a hybrid internship position focused on delivering high-quality business work."
Principal Operations Manager,Business,Vendor Management; Communication; Lean; Supply Chain; Budgeting; Process Improvement,Principal,"Contract · On-site. We are hiring a Principal Operations Manager for our EdTech team. The ideal candidate has 12-20 years of experience and is proficient in Vendor Management, Communication, Lean, Supply Chain, Budgeting, Process Improvement. This is a on-site contract position focused on delivering high-quality business work."
Mid-level HR Specialist,Business,Recruitment; Employee Relations; Conflict Resolution; Training; Performance Management,Mid-level,"Contract · On-site. We are hiring a Mid-level HR Specialist for our EdTech team. The ideal candidate has 3-6 years of experience and is proficient in Recruitment, Employee Relations, Conflict Resolution, Training, Performance Management. This is a on-site contract position focused on delivering high-quality business work."
Principal Sales Engineer,Business,Communication; Solution Design; Product Demos; Customer Success; Technical Sales; Presentations,Principal,"Contract · On-site. We are hiring a Principal Sales Engineer for our SaaS team. The ideal candidate has 12-20 years of experience and is proficient in Communication, Solution Design, Product Demos, Customer Success, Technical Sales, Presentations. This is a on-site contract position focused on delivering high-quality business work."
Senior Business Analyst,Business,Documentation; Excel; Process Modeling; Agile; Communication; Requirements Gathering,Senior,"Full-time · Remote. We are hiring a Senior Business Analyst for our E-commerce team. The ideal candidate has 6-10 years of experience and is proficient in Documentation, Excel, Process Modeling, Agile, Communication, Requirements Gathering. This is a remote full-time position focused on delivering high-quality business work."
Junior HR Specialist,Business,Training; Onboarding; Employee Relations; Recruitment; Performance Management; Communication,Junior,"Full-time · Remote. We are hiring a Junior HR Specialist for our EdTech team. The ideal candidate has 1-3 years of experience and is proficient in Training, Onboarding, Employee Relations, Recruitment, Performance Management, Communication. This is a remote full-time position focused on delivering high-quality business work."
Senior Financial Analyst,Business,Valuation; Excel; Reporting; Financial Modeling; Forecasting; Power BI,Senior,"Internship · Hybrid. We are hiring a Senior Financial Analyst for our E-commerce team. The ideal candidate has 6-10 years of experience and is proficient in Valuation, Excel, Reporting, Financial Modeling, Forecasting, Power BI. This is a hybrid internship position focused on delivering high-quality business work."
Junior Operations Manager,Business,Lean; Analytics; Leadership; Vendor Management; Budgeting; Six Sigma,Junior,"Contract · On-site. We are hiring a Junior Operations Manager for our E-commerce team. The ideal candidate has 1-3 years of experience and is proficient in Lean, Analytics, Leadership, Vendor Management, Budgeting, Six Sigma. This is a on-site contract position focused on delivering high-quality business work."
Intern Business Analyst,Business,Requirements Gathering; Process Modeling; Agile; Excel; SQL,Intern,"Internship · Remote. We are hiring a Intern Business Analyst for our SaaS team. The ideal candidate has 0-1 years of experience and is proficient in Requirements Gathering, Process Modeling, Agile, Excel, SQL. This is a remote internship position focused on delivering high-quality business work."
Lead HR Specialist,Business,Onboarding; Communication; Performance Management; Recruitment; Employee Relations; Training,Lead,"Contract · Remote. We are hiring a Lead HR Specialist for our Gaming team. The ideal candidate has 8-14 years of experience and is proficient in Onboarding, Communication, Performance Management, Recruitment, Employee Relations, Training. This is a remote contract position focused on delivering high-quality business work."
Junior Operations Manager,Business,Process Improvement; Leadership; Operations Management; Analytics; Budgeting,Junior,"Contract · Hybrid. We are hiring a Junior Operations Manager for our EdTech team. The ideal candidate has 1-3 years of experience and is proficient in Process Improvement, Leadership, Operations Management, Analytics, Budgeting. This is a hybrid contract position focused on delivering high-quality business work."
Lead Financial Analyst,Business,Excel; Forecasting; Analytics; SQL; Budgeting; Reporting; Valuation,Lead,"Internship · On-site. We are hiring a Lead Financial Analyst for our Gaming team. The ideal candidate has 8-14 years of experience and is proficient in Excel, Forecasting, Analytics, SQL, Budgeting, Reporting, Valuation. This is a on-site internship position focused on delivering high-quality business work."
Junior Business Analyst,Business,Data Analysis; Agile; Process Modeling; Requirements Gathering; Stakeholder Management; UML; Excel,Junior,"Internship · Remote. We are hiring a Junior Business Analyst for our SaaS team. The ideal candidate has 1-3 years of experience and is proficient in Data Analysis, Agile, Process Modeling, Requirements Gathering, Stakeholder Management, UML, Excel. This is a remote internship position focused on delivering high-quality business work."
Intern Sales Engineer,Business,Product Demos; Negotiation; APIs; Cloud; Solution Design; CRM,Intern,"Contract · Remote. We are hiring a Intern Sales Engineer for our Gaming team. The ideal candidate has 0-1 years of experience and is proficient in Product Demos, Negotiation, APIs, Cloud, Solution Design, CRM. This is a remote contract position focused on delivering high-quality business work."
Intern Sales Engineer,Business,Communication; Technical Sales; Negotiation; Solution Design; Product Demos,Intern,"Internship · On-site. We are hiring a Intern Sales Engineer for our Startup team. The ideal candidate has 0-1 years of experience and is proficient in Communication, Technical Sales, Negotiation, Solution Design, Product Demos. This is a on-site internship position focused on delivering high-quality business work."
Junior Financial Analyst,Business,Financial Modeling; Excel; Budgeting; Reporting; SQL,Junior,"Contract · Remote. We are hiring a Junior Financial Analyst for our Healthcare team. The ideal candidate has 1-3 years of experience and is proficient in Financial Modeling, Excel, Budgeting, Reporting, SQL. This is a remote contract position focused on delivering high-quality business work."
Intern Sales Engineer,Business,Communication; Solution Design; Negotiation; Product Demos; CRM,Intern,"Full-time · Hybrid. We are hiring a Intern Sales Engineer for our SaaS team. The ideal candidate has 0-1 years of experience and is proficient in Communication, Solution Design, Negotiation, Product Demos, CRM. This is a hybrid full-time position focused on delivering high-quality business work."
Junior Sales Engineer,Business,Negotiation; Communication; Solution Design; Technical Sales; CRM; Customer Success,Junior,"Internship · Hybrid. We are hiring a Junior Sales Engineer for our Gaming team. The ideal candidate has 1-3 years of experience and is proficient in Negotiation, Communication, Solution Design, Technical Sales, CRM, Customer Success. This is a hybrid internship position focused on delivering high-quality business work."
Mid-level Business Analyst,Business,SQL; UML; Stakeholder Management; Data Analysis; Process Modeling; Requirements Gathering; Communication,Mid-level,"Full-time · Remote. We are hiring a Mid-level Business Analyst for our SaaS team. The ideal candidate has 3-6 years of experience and is proficient in SQL, UML, Stakeholder Management, Data Analysis, Process Modeling, Requirements Gathering, Communication. This is a remote full-time position focused on delivering high-quality business work."
Lead Business Analyst,Business,Excel; UML; Stakeholder Management; Requirements Gathering; Process Modeling; Agile,Lead,"Internship · On-site. We are hiring a Lead Business Analyst for our SaaS team. The ideal candidate has 8-14 years of experience and is proficient in Excel, UML, Stakeholder Management, Requirements Gathering, Process Modeling, Agile. This is a on-site internship position focused on delivering high-quality business work."
Junior Business Analyst,Business,Documentation; Excel; Data Analysis; Process Modeling; Stakeholder Management; Requirements Gathering; UML,Junior,"Contract · On-site. We are hiring a Junior Business Analyst for our EdTech team. The ideal candidate has 1-3 years of experience and is proficient in Documentation, Excel, Data Analysis, Process Modeling, Stakeholder Management, Requirements Gathering, UML. This is a on-site contract position focused on delivering high-quality business work."
Principal Sales Engineer,Business,Customer Success; Communication; Cloud; Presentations; Negotiation; CRM; Product Demos,Principal,"Contract · On-site. We are hiring a Principal Sales Engineer for our Enterprise team. The ideal candidate has 12-20 years of experience and is proficient in Customer Success, Communication, Cloud, Presentations, Negotiation, CRM, Product Demos. This is a on-site contract position focused on delivering high-quality business work."
Principal Business Analyst,Business,Communication; Process Modeling; Requirements Gathering; SQL; Agile; Stakeholder Management; Data Analysis,Principal,"Contract · Hybrid. We are hiring a Principal Business Analyst for our Gaming team. The ideal candidate has 12-20 years of experience and is proficient in Communication, Process Modeling, Requirements Gathering, SQL, Agile, Stakeholder Management, Data Analysis. This is a hybrid contract position focused on delivering high-quality business work."
Principal Operations Manager,Business,Leadership; Vendor Management; Operations Management; Six Sigma; Process Improvement; Supply Chain,Principal,"Internship · On-site. We are hiring a Principal Operations Manager for our EdTech team. The ideal candidate has 12-20 years of experience and is proficient in Leadership, Vendor Management, Operations Management, Six Sigma, Process Improvement, Supply Chain. This is a on-site internship position focused on delivering high-quality business work."
Intern Business Analyst,Business,Documentation; SQL; Process Modeling; UML; Stakeholder Management; Excel,Intern,"Full-time · Remote. We are hiring a Intern Business Analyst for our Startup team. The ideal candidate has 0-1 years of experience and is proficient in Documentation, SQL, Process Modeling, UML, Stakeholder Management, Excel. This is a remote full-time position focused on delivering high-quality business work."
Lead HR Specialist,Business,Conflict Resolution; Compliance; Payroll; Communication; Training,Lead,"Internship · Remote. We are hiring a Lead HR Specialist for our Gaming team. The ideal candidate has 8-14 years of experience and is proficient in Conflict Resolution, Compliance, Payroll, Communication, Training. This is a remote internship position focused on delivering high-quality business work."
Senior Sales Engineer,Business,Communication; APIs; Presentations; Technical Sales; Solution Design; Negotiation,Senior,"Full-time · Hybrid. We are hiring a Senior Sales Engineer for our SaaS team. The ideal candidate has 6-10 years of experience and is proficient in Communication, APIs, Presentations, Technical Sales, Solution Design, Negotiation. This is a hybrid full-time position focused on delivering high-quality business work."
Principal Business Analyst,Business,Process Modeling; Stakeholder Management; Requirements Gathering; Documentation; SQL,Principal,"Internship · Hybrid. We are hiring a Principal Business Analyst for our Startup team. The ideal candidate has 12-20 years of experience and is proficient in Process Modeling, Stakeholder Management, Requirements Gathering, Documentation, SQL. This is a hybrid internship position focused on delivering high-quality business work."
Junior Business Analyst,Business,Requirements Gathering; UML; Data Analysis; Agile; Process Modeling,Junior,"Internship · On-site. We are hiring a Junior Business Analyst for our Fintech team. The ideal candidate has 1-3 years of experience and is proficient in Requirements Gathering, UML, Data Analysis, Agile, Process Modeling. This is a on-site internship position focused on delivering high-quality business work."
Intern HR Specialist,Business,Communication; HRIS; Performance Management; Compliance; Onboarding,Intern,"Internship · Remote. We are hiring a Intern HR Specialist for our Healthcare team. The ideal candidate has 0-1 years of experience and is proficient in Communication, HRIS, Performance Management, Compliance, Onboarding. This is a remote internship position focused on delivering high-quality business work."
Lead Sales Engineer,Business,Technical Sales; Product Demos; Communication; Presentations; APIs; Customer Success; Negotiation,Lead,"Internship · On-site. We are hiring a Lead Sales Engineer for our Gaming team. The ideal candidate has 8-14 years of experience and is proficient in Technical Sales, Product Demos, Communication, Presentations, APIs, Customer Success, Negotiation. This is a on-site internship position focused on delivering high-quality business work."
Lead HR Specialist,Business,Recruitment; Payroll; Compliance; Performance Management; Training; Conflict Resolution; HRIS,Lead,"Full-time · Remote. We are hiring a Lead HR Specialist for our SaaS team. The ideal candidate has 8-14 years of experience and is proficient in Recruitment, Payroll, Compliance, Performance Management, Training, Conflict Resolution, HRIS. This is a remote full-time position focused on delivering high-quality business work."
Principal Sales Engineer,Business,Technical Sales; Product Demos; Customer Success; Cloud; APIs; Communication,Principal,"Internship · Hybrid. We are hiring a Principal Sales Engineer for our Startup team. The ideal candidate has 12-20 years of experience and is proficient in Technical Sales, Product Demos, Customer Success, Cloud, APIs, Communication. This is a hybrid internship position focused on delivering high-quality business work."
Junior Financial Analyst,Business,Valuation; Excel; Budgeting; SQL; Reporting; Power BI,Junior,"Internship · Remote. We are hiring a Junior Financial Analyst for our Startup team. The ideal candidate has 1-3 years of experience and is proficient in Valuation, Excel, Budgeting, SQL, Reporting, Power BI. This is a remote internship position focused on delivering high-quality business work."
Intern HR Specialist,Business,Conflict Resolution; Performance Management; HRIS; Recruitment; Onboarding; Employee Relations; Training,Intern,"Internship · Remote. We are hiring a Intern HR Specialist for our Gaming team. The ideal candidate has 0-1 years of experience and is proficient in Conflict Resolution, Performance Management, HRIS, Recruitment, Onboarding, Employee Relations, Training. This is a remote internship position focused on delivering high-quality business work."
Principal HR Specialist,Business,Employee Relations; Compliance; Recruitment; Performance Management; Training; HRIS; Conflict Resolution,Principal,"Internship · Hybrid. We are hiring a Principal HR Specialist for our Startup team. The ideal candidate has 12-20 years of experience and is proficient in Employee Relations, Compliance, Recruitment, Performance Management, Training, HRIS, Conflict Resolution. This is a hybrid internship position focused on delivering high-quality business work."
Principal Business Analyst,Business,Requirements Gathering; Data Analysis; Agile; Documentation; Excel; SQL,Principal,"Internship · On-site. We are hiring a Principal Business Analyst for our Startup team. The ideal candidate has 12-20 years of experience and is proficient in Requirements Gathering, Data Analysis, Agile, Documentation, Excel, SQL. This is a on-site internship position focused on delivering high-quality business work."
Lead Business Analyst,Business,Requirements Gathering; SQL; Process Modeling; Excel; Communication; Data Analysis,Lead,"Contract · On-site. We are hiring a Lead Business Analyst for our EdTech team. The ideal candidate has 8-14 years of experience and is proficient in Requirements Gathering, SQL, Process Modeling, Excel, Communication, Data Analysis. This is a on-site contract position focused on delivering high-quality business work."
Senior Sales Engineer,Business,Communication; APIs; Customer Success; Negotiation; Solution Design,Senior,"Internship · Remote. We are hiring a Senior Sales Engineer for our Healthcare team. The ideal candidate has 6-10 years of experience and is proficient in Communication, APIs, Customer Success, Negotiation, Solution Design. This is a remote internship position focused on delivering high-quality business work."
Senior Sales Engineer,Business,CRM; APIs; Presentations; Negotiation; Technical Sales; Communication,Senior,"Contract · On-site. We are hiring a Senior Sales Engineer for our Healthcare team. The ideal candidate has 6-10 years of experience and is proficient in CRM, APIs, Presentations, Negotiation, Technical Sales, Communication. This is a on-site contract position focused on delivering high-quality business work."
Principal Operations Manager,Business,Operations Management; Six Sigma; Analytics; Budgeting; Lean; Communication; Vendor Management,Principal,"Internship · Hybrid. We are hiring a Principal Operations Manager for our SaaS team. The ideal candidate has 12-20 years of experience and is proficient in Operations Management, Six Sigma, Analytics, Budgeting, Lean, Communication, Vendor Management. This is a hybrid internship position focused on delivering high-quality business work."
Junior Operations Manager,Business,Process Improvement; Operations Management; Lean; Supply Chain; Vendor Management; Six Sigma; Budgeting,Junior,"Full-time · On-site. We are hiring a Junior Operations Manager for our Gaming team. The ideal candidate has 1-3 years of experience and is proficient in Process Improvement, Operations Management, Lean, Supply Chain, Vendor Management, Six Sigma, Budgeting. This is a on-site full-time position focused on delivering high-quality business work."
Intern Financial Analyst,Business,Valuation; SQL; Forecasting; Financial Modeling; Power BI,Intern,"Contract · Hybrid. We are hiring a Intern Financial Analyst for our Startup team. The ideal candidate has 0-1 years of experience and is proficient in Valuation, SQL, Forecasting, Financial Modeling, Power BI. This is a hybrid contract position focused on delivering high-quality business work."
Principal Financial Analyst,Business,Financial Modeling; Excel; Accounting; Reporting; Budgeting,Principal,"Full-time · On-site. We are hiring a Principal Financial Analyst for our Gaming team. The ideal candidate has 12-20 years of experience and is proficient in Financial Modeling, Excel, Accounting, Reporting, Budgeting. This is a on-site full-time position focused on delivering high-quality business work."
Principal Business Analyst,Business,Process Modeling; Documentation; Excel; SQL; Agile; UML,Principal,"Internship · Remote. We are hiring a Principal Business Analyst for our Gaming team. The ideal candidate has 12-20 years of experience and is proficient in Process Modeling, Documentation, Excel, SQL, Agile, UML. This is a remote internship position focused on delivering high-quality business work."
Principal Business Analyst,Business,Communication; Process Modeling; Excel; Stakeholder Management; SQL; UML; Data Analysis,Principal,"Full-time · Hybrid. We are hiring a Principal Business Analyst for our Gaming team. The ideal candidate has 12-20 years of experience and is proficient in Communication, Process Modeling, Excel, Stakeholder Management, SQL, UML, Data Analysis. This is a hybrid full-time position focused on delivering high-quality business work."
Senior Operations Manager,Business,Six Sigma; Process Improvement; Lean; Budgeting; Operations Management; Supply Chain; Vendor Management,Senior,"Internship · On-site. We are hiring a Senior Operations Manager for our EdTech team. The ideal candidate has 6-10 years of experience and is proficient in Six Sigma, Process Improvement, Lean, Budgeting, Operations Management, Supply Chain, Vendor Management. This is a on-site internship position focused on delivering high-quality business work."
Intern Sales Engineer,Business,Presentations; APIs; Cloud; Communication; Product Demos,Intern,"Internship · Remote. We are hiring a Intern Sales Engineer for our Enterprise team. The ideal candidate has 0-1 years of experience and is proficient in Presentations, APIs, Cloud, Communication, Product Demos. This is a remote internship position focused on delivering high-quality business work."
Lead Sales Engineer,Business,Presentations; CRM; Communication; Customer Success; Technical Sales; APIs; Negotiation,Lead,"Contract · On-site. We are hiring a Lead Sales Engineer for our Enterprise team. The ideal candidate has 8-14 years of experience and is proficient in Presentations, CRM, Communication, Customer Success, Technical Sales, APIs, Negotiation. This is a on-site contract position focused on delivering high-quality business work."
Senior HR Specialist,Business,Compliance; Conflict Resolution; Training; Payroll; Performance Management; Communication,Senior,"Contract · Remote. We are hiring a Senior HR Specialist for our SaaS team. The ideal candidate has 6-10 years of experience and is proficient in Compliance, Conflict Resolution, Training, Payroll, Performance Management, Communication. This is a remote contract position focused on delivering high-quality business work."
Mid-level Business Analyst,Business,Process Modeling; Requirements Gathering; Agile; SQL; UML; Stakeholder Management,Mid-level,"Full-time · Remote. We are hiring a Mid-level Business Analyst for our Healthcare team. The ideal candidate has 3-6 years of experience and is proficient in Process Modeling, Requirements Gathering, Agile, SQL, UML, Stakeholder Management. This is a remote full-time position focused on delivering high-quality business work."
Principal Financial Analyst,Business,SQL; Reporting; Power BI; Analytics; Valuation,Principal,"Internship · Hybrid. We are hiring a Principal Financial Analyst for our Gaming team. The ideal candidate has 12-20 years of experience and is proficient in SQL, Reporting, Power BI, Analytics, Valuation. This is a hybrid internship position focused on delivering high-quality business work."
Senior Business Analyst,Business,Documentation; Communication; Process Modeling; Excel; SQL; Data Analysis; Agile,Senior,"Contract · On-site. We are hiring a Senior Business Analyst for our E-commerce team. The ideal candidate has 6-10 years of experience and is proficient in Documentation, Communication, Process Modeling, Excel, SQL, Data Analysis, Agile. This is a on-site contract position focused on delivering high-quality business work."
Mid-level Financial Analyst,Business,SQL; Budgeting; Accounting; Financial Modeling; Reporting; Power BI; Excel,Mid-level,"Contract · Hybrid. We are hiring a Mid-level Financial Analyst for our E-commerce team. The ideal candidate has 3-6 years of experience and is proficient in SQL, Budgeting, Accounting, Financial Modeling, Reporting, Power BI, Excel. This is a hybrid contract position focused on delivering high-quality business work."
Junior Financial Analyst,Business,Excel; Valuation; Power BI; Reporting; Accounting,Junior,"Full-time · Hybrid. We are hiring a Junior Financial Analyst for our Startup team. The ideal candidate has 1-3 years of experience and is proficient in Excel, Valuation, Power BI, Reporting, Accounting. This is a hybrid full-time position focused on delivering high-quality business work."
Junior Financial Analyst,Business,Valuation; Analytics; Budgeting; Excel; Reporting; Accounting,Junior,"Contract · On-site. We are hiring a Junior Financial Analyst for our SaaS team. The ideal candidate has 1-3 years of experience and is proficient in Valuation, Analytics, Budgeting, Excel, Reporting, Accounting. This is a on-site contract position focused on delivering high-quality business work."
Lead Financial Analyst,Business,Financial Modeling; Reporting; Valuation; Forecasting; SQL; Accounting,Lead,"Contract · Remote. We are hiring a Lead Financial Analyst for our Gaming team. The ideal candidate has 8-14 years of experience and is proficient in Financial Modeling, Reporting, Valuation, Forecasting, SQL, Accounting. This is a remote contract position focused on delivering high-quality business work."
Junior Operations Manager,Business,Budgeting; Supply Chain; Process Improvement; Six Sigma; Leadership; Analytics,Junior,"Internship · On-site. We are hiring a Junior Operations Manager for our E-commerce team. The ideal candidate has 1-3 years of experience and is proficient in Budgeting, Supply Chain, Process Improvement, Six Sigma, Leadership, Analytics. This is a on-site internship position focused on delivering high-quality business work."
Junior HR Specialist,Business,HRIS; Compliance; Payroll; Training; Recruitment; Onboarding,Junior,"Contract · Hybrid. We are hiring a Junior HR Specialist for our SaaS team. The ideal candidate has 1-3 years of experience and is proficient in HRIS, Compliance, Payroll, Training, Recruitment, Onboarding. This is a hybrid contract position focused on delivering high-quality business work."
Senior HR Specialist,Business,Onboarding; Training; Performance Management; Employee Relations; HRIS; Payroll; Conflict Resolution,Senior,"Internship · On-site. We are hiring a Senior HR Specialist for our SaaS team. The ideal candidate has 6-10 years of experience and is proficient in Onboarding, Training, Performance Management, Employee Relations, HRIS, Payroll, Conflict Resolution. This is a on-site internship position focused on delivering high-quality business work."
Senior Operations Manager,Business,Lean; Six Sigma; Vendor Management; Supply Chain; Process Improvement,Senior,"Internship · On-site. We are hiring a Senior Operations Manager for our E-commerce team. The ideal candidate has 6-10 years of experience and is proficient in Lean, Six Sigma, Vendor Management, Supply Chain, Process Improvement. This is a on-site internship position focused on delivering high-quality business work."
Intern HR Specialist,Business,Compliance; Performance Management; Payroll; Communication; Employee Relations; Training,Intern,"Internship · Remote. We are hiring a Intern HR Specialist for our Enterprise team. The ideal candidate has 0-1 years of experience and is proficient in Compliance, Performance Management, Payroll, Communication, Employee Relations, Training. This is a remote internship position focused on delivering high-quality business work."
Junior Operations Manager,Business,Leadership; Vendor Management; Lean; Operations Management; Analytics,Junior,"Full-time · Remote. We are hiring a Junior Operations Manager for our Startup team. The ideal candidate has 1-3 years of experience and is proficient in Leadership, Vendor Management, Lean, Operations Management, Analytics. This is a remote full-time position focused on delivering high-quality business work."
Junior HR Specialist,Business,Recruitment; Performance Management; Employee Relations; Payroll; Compliance,Junior,"Internship · Hybrid. We are hiring a Junior HR Specialist for our EdTech team. The ideal candidate has 1-3 years of experience and is proficient in Recruitment, Performance Management, Employee Relations, Payroll, Compliance. This is a hybrid internship position focused on delivering high-quality business work."
Senior Financial Analyst,Business,Power BI; Financial Modeling; Accounting; Valuation; Reporting,Senior,"Full-time · Remote. We are hiring a Senior Financial Analyst for our E-commerce team. The ideal candidate has 6-10 years of experience and is proficient in Power BI, Financial Modeling, Accounting, Valuation, Reporting. This is a remote full-time position focused on delivering high-quality business work."
Mid-level Operations Manager,Business,Vendor Management; Process Improvement; Analytics; Supply Chain; Communication; Operations Management,Mid-level,"Internship · On-site. We are hiring a Mid-level Operations Manager for our EdTech team. The ideal candidate has 3-6 years of experience and is proficient in Vendor Management, Process Improvement, Analytics, Supply Chain, Communication, Operations Management. This is a on-site internship position focused on delivering high-quality business work."
Senior Business Analyst,Business,Excel; UML; Process Modeling; Stakeholder Management; Communication,Senior,"Contract · Hybrid. We are hiring a Senior Business Analyst for our Enterprise team. The ideal candidate has 6-10 years of experience and is proficient in Excel, UML, Process Modeling, Stakeholder Management, Communication. This is a hybrid contract position focused on delivering high-quality business work."
Principal Operations Manager,Business,Communication; Leadership; Process Improvement; Supply Chain; Analytics; Operations Management; Vendor Management,Principal,"Internship · On-site. We are hiring a Principal Operations Manager for our SaaS team. The ideal candidate has 12-20 years of experience and is proficient in Communication, Leadership, Process Improvement, Supply Chain, Analytics, Operations Management, Vendor Management. This is a on-site internship position focused on delivering high-quality business work."
Senior Sales Engineer,Business,Presentations; Cloud; Customer Success; Negotiation; Technical Sales; Solution Design; CRM,Senior,"Contract · Hybrid. We are hiring a Senior Sales Engineer for our SaaS team. The ideal candidate has 6-10 years of experience and is proficient in Presentations, Cloud, Customer Success, Negotiation, Technical Sales, Solution Design, CRM. This is a hybrid contract position focused on delivering high-quality business work."
Mid-level Business Analyst,Business,Agile; Data Analysis; UML; Communication; SQL; Stakeholder Management; Excel,Mid-level,"Internship · Remote. We are hiring a Mid-level Business Analyst for our E-commerce team. The ideal candidate has 3-6 years of experience and is proficient in Agile, Data Analysis, UML, Communication, SQL, Stakeholder Management, Excel. This is a remote internship position focused on delivering high-quality business work."
Intern Financial Analyst,Business,Financial Modeling; Power BI; Valuation; Forecasting; SQL; Analytics; Accounting,Intern,"Internship · On-site. We are hiring a Intern Financial Analyst for our EdTech team. The ideal candidate has 0-1 years of experience and is proficient in Financial Modeling, Power BI, Valuation, Forecasting, SQL, Analytics, Accounting. This is a on-site internship position focused on delivering high-quality business work."
Mid-level HR Specialist,Business,Training; Compliance; Recruitment; Payroll; Communication; Performance Management,Mid-level,"Internship · Remote. We are hiring a Mid-level HR Specialist for our Enterprise team. The ideal candidate has 3-6 years of experience and is proficient in Training, Compliance, Recruitment, Payroll, Communication, Performance Management. This is a remote internship position focused on delivering high-quality business work."
Junior Operations Manager,Business,Vendor Management; Supply Chain; Lean; Process Improvement; Operations Management; Communication,Junior,"Internship · On-site. We are hiring a Junior Operations Manager for our SaaS team. The ideal candidate has 1-3 years of experience and is proficient in Vendor Management, Supply Chain, Lean, Process Improvement, Operations Management, Communication. This is a on-site internship position focused on delivering high-quality business work."
Principal HR Specialist,Business,Performance Management; Training; Payroll; Conflict Resolution; Recruitment,Principal,"Full-time · Hybrid. We are hiring a Principal HR Specialist for our EdTech team. The ideal candidate has 12-20 years of experience and is proficient in Performance Management, Training, Payroll, Conflict Resolution, Recruitment. This is a hybrid full-time position focused on delivering high-quality business work."
Mid-level Operations Manager,Business,Leadership; Lean; Analytics; Budgeting; Communication; Supply Chain; Vendor Management,Mid-level,"Full-time · On-site. We are hiring a Mid-level Operations Manager for our Fintech team. The ideal candidate has 3-6 years of experience and is proficient in Leadership, Lean, Analytics, Budgeting, Communication, Supply Chain, Vendor Management. This is a on-site full-time position focused on delivering high-quality business work."
Lead Financial Analyst,Business,Accounting; Budgeting; SQL; Financial Modeling; Excel,Lead,"Full-time · Hybrid. We are hiring a Lead Financial Analyst for our E-commerce team. The ideal candidate has 8-14 years of experience and is proficient in Accounting, Budgeting, SQL, Financial Modeling, Excel. This is a hybrid full-time position focused on delivering high-quality business work."
Senior Financial Analyst,Business,Accounting; Reporting; Excel; SQL; Financial Modeling; Budgeting; Analytics,Senior,"Contract · Remote. We are hiring a Senior Financial Analyst for our Gaming team. The ideal candidate has 6-10 years of experience and is proficient in Accounting, Reporting, Excel, SQL, Financial Modeling, Budgeting, Analytics. This is a remote contract position focused on delivering high-quality business work."
Senior Business Analyst,Business,UML; Documentation; Agile; Communication; Process Modeling; Excel; Requirements Gathering,Senior,"Contract · Hybrid. We are hiring a Senior Business Analyst for our Gaming team. The ideal candidate has 6-10 years of experience and is proficient in UML, Documentation, Agile, Communication, Process Modeling, Excel, Requirements Gathering. This is a hybrid contract position focused on delivering high-quality business work."
Junior Business Analyst,Business,Agile; Process Modeling; Stakeholder Management; Documentation; SQL; Communication,Junior,"Internship · Remote. We are hiring a Junior Business Analyst for our Startup team. The ideal candidate has 1-3 years of experience and is proficient in Agile, Process Modeling, Stakeholder Management, Documentation, SQL, Communication. This is a remote internship position focused on delivering high-quality business work."
Intern Business Analyst,Business,Excel; Data Analysis; UML; Agile; Documentation; SQL; Process Modeling,Intern,"Contract · Remote. We are hiring a Intern Business Analyst for our Enterprise team. The ideal candidate has 0-1 years of experience and is proficient in Excel, Data Analysis, UML, Agile, Documentation, SQL, Process Modeling. This is a remote contract position focused on delivering high-quality business work."
Mid-level Business Analyst,Business,Communication; Documentation; Process Modeling; Excel; SQL; Agile,Mid-level,"Internship · On-site. We are hiring a Mid-level Business Analyst for our SaaS team. The ideal candidate has 3-6 years of experience and is proficient in Communication, Documentation, Process Modeling, Excel, SQL, Agile. This is a on-site internship position focused on delivering high-quality business work."
Principal Operations Manager,Business,Vendor Management; Communication; Six Sigma; Budgeting; Analytics; Process Improvement,Principal,"Full-time · Remote. We are hiring a Principal Operations Manager for our Enterprise team. The ideal candidate has 12-20 years of experience and is proficient in Vendor Management, Communication, Six Sigma, Budgeting, Analytics, Process Improvement. This is a remote full-time position focused on delivering high-quality business work."
Lead Operations Manager,Business,Supply Chain; Six Sigma; Operations Management; Leadership; Budgeting; Lean; Communication,Lead,"Contract · Remote. We are hiring a Lead Operations Manager for our EdTech team. The ideal candidate has 8-14 years of experience and is proficient in Supply Chain, Six Sigma, Operations Management, Leadership, Budgeting, Lean, Communication. This is a remote contract position focused on delivering high-quality business work."
Principal Business Analyst,Business,Data Analysis; SQL; UML; Requirements Gathering; Documentation,Principal,"Full-time · Remote. We are hiring a Principal Business Analyst for our Enterprise team. The ideal candidate has 12-20 years of experience and is proficient in Data Analysis, SQL, UML, Requirements Gathering, Documentation. This is a remote full-time position focused on delivering high-quality business work."
Principal Sales Engineer,Business,APIs; Customer Success; Communication; CRM; Product Demos; Presentations; Cloud,Principal,"Contract · Remote. We are hiring a Principal Sales Engineer for our Fintech team. The ideal candidate has 12-20 years of experience and is proficient in APIs, Customer Success, Communication, CRM, Product Demos, Presentations, Cloud. This is a remote contract position focused on delivering high-quality business work."
Intern Operations Manager,Business,Lean; Leadership; Analytics; Budgeting; Vendor Management,Intern,"Full-time · Hybrid. We are hiring a Intern Operations Manager for our Healthcare team. The ideal candidate has 0-1 years of experience and is proficient in Lean, Leadership, Analytics, Budgeting, Vendor Management. This is a hybrid full-time position focused on delivering high-quality business work."
Principal Operations Manager,Business,Vendor Management; Process Improvement; Budgeting; Supply Chain; Lean; Analytics,Principal,"Internship · Remote. We are hiring a Principal Operations Manager for our Fintech team. The ideal candidate has 12-20 years of experience and is proficient in Vendor Management, Process Improvement, Budgeting, Supply Chain, Lean, Analytics. This is a remote internship position focused on delivering high-quality business work."
Lead Sales Engineer,Business,CRM; APIs; Negotiation; Presentations; Cloud; Product Demos,Lead,"Internship · Hybrid. We are hiring a Lead Sales Engineer for our Gaming team. The ideal candidate has 8-14 years of experience and is proficient in CRM, APIs, Negotiation, Presentations, Cloud, Product Demos. This is a hybrid internship position focused on delivering high-quality business work."
Senior Sales Engineer,Business,Customer Success; Presentations; Solution Design; APIs; CRM,Senior,"Internship · Remote. We are hiring a Senior Sales Engineer for our Startup team. The ideal candidate has 6-10 years of experience and is proficient in Customer Success, Presentations, Solution Design, APIs, CRM. This is a remote internship position focused on delivering high-quality business work."
Intern HR Specialist,Business,Recruitment; Training; Onboarding; Payroll; HRIS; Communication; Performance Management,Intern,"Contract · Hybrid. We are hiring a Intern HR Specialist for our Enterprise team. The ideal candidate has 0-1 years of experience and is proficient in Recruitment, Training, Onboarding, Payroll, HRIS, Communication, Performance Management. This is a hybrid contract position focused on delivering high-quality business work."
Mid-level Sales Engineer,Business,Cloud; Technical Sales; CRM; Product Demos; Solution Design; Negotiation,Mid-level,"Full-time · On-site. We are hiring a Mid-level Sales Engineer for our Enterprise team. The ideal candidate has 3-6 years of experience and is proficient in Cloud, Technical Sales, CRM, Product Demos, Solution Design, Negotiation. This is a on-site full-time position focused on delivering high-quality business work."
Mid-level HR Specialist,Business,Conflict Resolution; HRIS; Compliance; Onboarding; Communication; Employee Relations,Mid-level,"Contract · On-site. We are hiring a Mid-level HR Specialist for our Healthcare team. The ideal candidate has 3-6 years of experience and is proficient in Conflict Resolution, HRIS, Compliance, Onboarding, Communication, Employee Relations. This is a on-site contract position focused on delivering high-quality business work."
Senior Sales Engineer,Business,Product Demos; Presentations; CRM; Cloud; APIs; Solution Design,Senior,"Contract · Hybrid. We are hiring a Senior Sales Engineer for our Gaming team. The ideal candidate has 6-10 years of experience and is proficient in Product Demos, Presentations, CRM, Cloud, APIs, Solution Design. This is a hybrid contract position focused on delivering high-quality business work."
Intern HR Specialist,Business,Employee Relations; Recruitment; Payroll; Training; Onboarding; Compliance,Intern,"Internship · Remote. We are hiring a Intern HR Specialist for our Startup team. The ideal candidate has 0-1 years of experience and is proficient in Employee Relations, Recruitment, Payroll, Training, Onboarding, Compliance. This is a remote internship position focused on delivering high-quality business work."
Intern HR Specialist,Business,Performance Management; Payroll; Employee Relations; HRIS; Recruitment; Onboarding; Communication,Intern,"Full-time · Remote. We are hiring a Intern HR Specialist for our Gaming team. The ideal candidate has 0-1 years of experience and is proficient in Performance Management, Payroll, Employee Relations, HRIS, Recruitment, Onboarding, Communication. This is a remote full-time position focused on delivering high-quality business work."
Intern Operations Manager,Business,Supply Chain; Budgeting; Analytics; Leadership; Communication; Vendor Management; Process Improvement,Intern,"Internship · Hybrid. We are hiring a Intern Operations Manager for our Startup team. The ideal candidate has 0-1 years of experience and is proficient in Supply Chain, Budgeting, Analytics, Leadership, Communication, Vendor Management, Process Improvement. This is a hybrid internship position focused on delivering high-quality business work."
Senior Financial Analyst,Business,Budgeting; Accounting; Financial Modeling; Power BI; SQL; Reporting,Senior,"Contract · Remote. We are hiring a Senior Financial Analyst for our Enterprise team. The ideal candidate has 6-10 years of experience and is proficient in Budgeting, Accounting, Financial Modeling, Power BI, SQL, Reporting. This is a remote contract position focused on delivering high-quality business work."
Junior Business Analyst,Business,SQL; Agile; UML; Stakeholder Management; Process Modeling; Requirements Gathering; Communication,Junior,"Contract · On-site. We are hiring a Junior Business Analyst for our Healthcare team. The ideal candidate has 1-3 years of experience and is proficient in SQL, Agile, UML, Stakeholder Management, Process Modeling, Requirements Gathering, Communication. This is a on-site contract position focused on delivering high-quality business work."
Intern Operations Manager,Business,Vendor Management; Six Sigma; Supply Chain; Process Improvement; Budgeting; Leadership,Intern,"Full-time · Remote. We are hiring a Intern Operations Manager for our Startup team. The ideal candidate has 0-1 years of experience and is proficient in Vendor Management, Six Sigma, Supply Chain, Process Improvement, Budgeting, Leadership. This is a remote full-time position focused on delivering high-quality business work."
Junior HR Specialist,Business,Employee Relations; HRIS; Onboarding; Conflict Resolution; Payroll,Junior,"Contract · On-site. We are hiring a Junior HR Specialist for our E-commerce team. The ideal candidate has 1-3 years of experience and is proficient in Employee Relations, HRIS, Onboarding, Conflict Resolution, Payroll. This is a on-site contract position focused on delivering high-quality business work."
Intern Business Analyst,Business,UML; Agile; Communication; Process Modeling; Documentation,Intern,"Full-time · On-site. We are hiring a Intern Business Analyst for our Startup team. The ideal candidate has 0-1 years of experience and is proficient in UML, Agile, Communication, Process Modeling, Documentation. This is a on-site full-time position focused on delivering high-quality business work."
Senior Operations Manager,Business,Operations Management; Leadership; Vendor Management; Supply Chain; Communication; Six Sigma; Budgeting,Senior,"Full-time · Hybrid. We are hiring a Senior Operations Manager for our SaaS team. The ideal candidate has 6-10 years of experience and is proficient in Operations Management, Leadership, Vendor Management, Supply Chain, Communication, Six Sigma, Budgeting. This is a hybrid full-time position focused on delivering high-quality business work."
Lead HR Specialist,Business,HRIS; Conflict Resolution; Performance Management; Compliance; Employee Relations; Onboarding,Lead,"Internship · Hybrid. We are hiring a Lead HR Specialist for our Enterprise team. The ideal candidate has 8-14 years of experience and is proficient in HRIS, Conflict Resolution, Performance Management, Compliance, Employee Relations, Onboarding. This is a hybrid internship position focused on delivering high-quality business work."
Junior HR Specialist,Business,Conflict Resolution; Employee Relations; Compliance; Payroll; Onboarding; Communication; Training,Junior,"Internship · Remote. We are hiring a Junior HR Specialist for our EdTech team. The ideal candidate has 1-3 years of experience and is proficient in Conflict Resolution, Employee Relations, Compliance, Payroll, Onboarding, Communication, Training. This is a remote internship position focused on delivering high-quality business work."
Intern Operations Manager,Business,Supply Chain; Leadership; Six Sigma; Budgeting; Analytics,Intern,"Contract · Remote. We are hiring a Intern Operations Manager for our EdTech team. The ideal candidate has 0-1 years of experience and is proficient in Supply Chain, Leadership, Six Sigma, Budgeting, Analytics. This is a remote contract position focused on delivering high-quality business work."
Junior HR Specialist,Business,Compliance; Performance Management; Communication; Employee Relations; Training; Onboarding; Conflict Resolution,Junior,"Contract · Remote. We are hiring a Junior HR Specialist for our Enterprise team. The ideal candidate has 1-3 years of experience and is proficient in Compliance, Performance Management, Communication, Employee Relations, Training, Onboarding, Conflict Resolution. This is a remote contract position focused on delivering high-quality business work."
Senior Operations Manager,Business,Six Sigma; Lean; Process Improvement; Communication; Leadership; Operations Management; Analytics,Senior,"Internship · Hybrid. We are hiring a Senior Operations Manager for our Healthcare team. The ideal candidate has 6-10 years of experience and is proficient in Six Sigma, Lean, Process Improvement, Communication, Leadership, Operations Management, Analytics. This is a hybrid internship position focused on delivering high-quality business work."
Lead HR Specialist,Business,Compliance; Training; Employee Relations; Performance Management; Onboarding; Communication; HRIS,Lead,"Contract · Hybrid. We are hiring a Lead HR Specialist for our Gaming team. The ideal candidate has 8-14 years of experience and is proficient in Compliance, Training, Employee Relations, Performance Management, Onboarding, Communication, HRIS. This is a hybrid contract position focused on delivering high-quality business work."
Principal Sales Engineer,Business,Negotiation; Communication; Customer Success; Technical Sales; Presentations; Solution Design,Principal,"Contract · Hybrid. We are hiring a Principal Sales Engineer for our Fintech team. The ideal candidate has 12-20 years of experience and is proficient in Negotiation, Communication, Customer Success, Technical Sales, Presentations, Solution Design. This is a hybrid contract position focused on delivering high-quality business work."
Mid-level Financial Analyst,Business,Forecasting; Analytics; Valuation; Power BI; Budgeting; SQL,Mid-level,"Internship · On-site. We are hiring a Mid-level Financial Analyst for our Healthcare team. The ideal candidate has 3-6 years of experience and is proficient in Forecasting, Analytics, Valuation, Power BI, Budgeting, SQL. This is a on-site internship position focused on delivering high-quality business work."
Lead Business Analyst,Business,Excel; Data Analysis; Process Modeling; Requirements Gathering; Stakeholder Management,Lead,"Contract · On-site. We are hiring a Lead Business Analyst for our Gaming team. The ideal candidate has 8-14 years of experience and is proficient in Excel, Data Analysis, Process Modeling, Requirements Gathering, Stakeholder Management. This is a on-site contract position focused on delivering high-quality business work."
Intern HR Specialist,Business,Recruitment; Onboarding; HRIS; Conflict Resolution; Training; Communication; Compliance,Intern,"Contract · Hybrid. We are hiring a Intern HR Specialist for our E-commerce team. The ideal candidate has 0-1 years of experience and is proficient in Recruitment, Onboarding, HRIS, Conflict Resolution, Training, Communication, Compliance. This is a hybrid contract position focused on delivering high-quality business work."
Junior Operations Manager,Business,Supply Chain; Lean; Leadership; Analytics; Budgeting,Junior,"Internship · Remote. We are hiring a Junior Operations Manager for our Enterprise team. The ideal candidate has 1-3 years of experience and is proficient in Supply Chain, Lean, Leadership, Analytics, Budgeting. This is a remote internship position focused on delivering high-quality business work."
Mid-level Business Analyst,Business,SQL; Stakeholder Management; Communication; Requirements Gathering; UML,Mid-level,"Contract · Hybrid. We are hiring a Mid-level Business Analyst for our Gaming team. The ideal candidate has 3-6 years of experience and is proficient in SQL, Stakeholder Management, Communication, Requirements Gathering, UML. This is a hybrid contract position focused on delivering high-quality business work."
Junior HR Specialist,Business,Communication; Employee Relations; Performance Management; Payroll; Training; HRIS; Conflict Resolution,Junior,"Full-time · On-site. We are hiring a Junior HR Specialist for our Fintech team. The ideal candidate has 1-3 years of experience and is proficient in Communication, Employee Relations, Performance Management, Payroll, Training, HRIS, Conflict Resolution. This is a on-site full-time position focused on delivering high-quality business work."
Mid-level Financial Analyst,Business,Excel; Power BI; Forecasting; Valuation; Budgeting; Financial Modeling; Analytics,Mid-level,"Full-time · On-site. We are hiring a Mid-level Financial Analyst for our Startup team. The ideal candidate has 3-6 years of experience and is proficient in Excel, Power BI, Forecasting, Valuation, Budgeting, Financial Modeling, Analytics. This is a on-site full-time position focused on delivering high-quality business work."
Junior Business Analyst,Business,Process Modeling; Agile; SQL; Requirements Gathering; Communication,Junior,"Full-time · Remote. We are hiring a Junior Business Analyst for our Startup team. The ideal candidate has 1-3 years of experience and is proficient in Process Modeling, Agile, SQL, Requirements Gathering, Communication. This is a remote full-time position focused on delivering high-quality business work."
Senior Sales Engineer,Business,Negotiation; Product Demos; APIs; CRM; Communication; Presentations; Technical Sales,Senior,"Contract · On-site. We are hiring a Senior Sales Engineer for our Fintech team. The ideal candidate has 6-10 years of experience and is proficient in Negotiation, Product Demos, APIs, CRM, Communication, Presentations, Technical Sales. This is a on-site contract position focused on delivering high-quality business work."
Senior Sales Engineer,Business,Product Demos; Negotiation; APIs; Solution Design; Presentations; CRM,Senior,"Contract · Remote. We are hiring a Senior Sales Engineer for our Startup team. The ideal candidate has 6-10 years of experience and is proficient in Product Demos, Negotiation, APIs, Solution Design, Presentations, CRM. This is a remote contract position focused on delivering high-quality business work."
Principal Financial Analyst,Business,Financial Modeling; Reporting; Accounting; Analytics; Valuation,Principal,"Internship · On-site. We are hiring a Principal Financial Analyst for our Enterprise team. The ideal candidate has 12-20 years of experience and is proficient in Financial Modeling, Reporting, Accounting, Analytics, Valuation. This is a on-site internship position focused on delivering high-quality business work."
Junior HR Specialist,Business,Performance Management; Payroll; Compliance; Conflict Resolution; Communication; Training,Junior,"Full-time · Remote. We are hiring a Junior HR Specialist for our Gaming team. The ideal candidate has 1-3 years of experience and is proficient in Performance Management, Payroll, Compliance, Conflict Resolution, Communication, Training. This is a remote full-time position focused on delivering high-quality business work."
Junior Sales Engineer,Business,Communication; Solution Design; Cloud; Technical Sales; Negotiation; Presentations; Customer Success,Junior,"Full-time · On-site. We are hiring a Junior Sales Engineer for our SaaS team. The ideal candidate has 1-3 years of experience and is proficient in Communication, Solution Design, Cloud, Technical Sales, Negotiation, Presentations, Customer Success. This is a on-site full-time position focused on delivering high-quality business work."
Junior Business Analyst,Business,Communication; Requirements Gathering; Process Modeling; Excel; Data Analysis,Junior,"Full-time · Hybrid. We are hiring a Junior Business Analyst for our E-commerce team. The ideal candidate has 1-3 years of experience and is proficient in Communication, Requirements Gathering, Process Modeling, Excel, Data Analysis. This is a hybrid full-time position focused on delivering high-quality business work."
Senior Operations Manager,Business,Budgeting; Communication; Lean; Operations Management; Process Improvement; Supply Chain,Senior,"Internship · Hybrid. We are hiring a Senior Operations Manager for our EdTech team. The ideal candidate has 6-10 years of experience and is proficient in Budgeting, Communication, Lean, Operations Management, Process Improvement, Supply Chain. This is a hybrid internship position focused on delivering high-quality business work."
Mid-level Sales Engineer,Business,Communication; Cloud; CRM; APIs; Presentations; Technical Sales,Mid-level,"Full-time · Hybrid. We are hiring a Mid-level Sales Engineer for our Gaming team. The ideal candidate has 3-6 years of experience and is proficient in Communication, Cloud, CRM, APIs, Presentations, Technical Sales. This is a hybrid full-time position focused on delivering high-quality business work."
Senior Business Analyst,Business,Agile; Requirements Gathering; SQL; Data Analysis; Documentation; Communication; Process Modeling,Senior,"Full-time · Hybrid. We are hiring a Senior Business Analyst for our E-commerce team. The ideal candidate has 6-10 years of experience and is proficient in Agile, Requirements Gathering, SQL, Data Analysis, Documentation, Communication, Process Modeling. This is a hybrid full-time position focused on delivering high-quality business work."
Mid-level Sales Engineer,Business,Customer Success; CRM; Negotiation; Solution Design; APIs,Mid-level,"Contract · Hybrid. We are hiring a Mid-level Sales Engineer for our Startup team. The ideal candidate has 3-6 years of experience and is proficient in Customer Success, CRM, Negotiation, Solution Design, APIs. This is a hybrid contract position focused on delivering high-quality business work."
Principal Financial Analyst,Business,Valuation; Accounting; SQL; Budgeting; Forecasting; Power BI,Principal,"Contract · Remote. We are hiring a Principal Financial Analyst for our Startup team. The ideal candidate has 12-20 years of experience and is proficient in Valuation, Accounting, SQL, Budgeting, Forecasting, Power BI. This is a remote contract position focused on delivering high-quality business work."
Mid-level Business Analyst,Business,Excel; Stakeholder Management; Data Analysis; Communication; Documentation; Requirements Gathering,Mid-level,"Internship · On-site. We are hiring a Mid-level Business Analyst for our Healthcare team. The ideal candidate has 3-6 years of experience and is proficient in Excel, Stakeholder Management, Data Analysis, Communication, Documentation, Requirements Gathering. This is a on-site internship position focused on delivering high-quality business work."
Senior Financial Analyst,Business,Reporting; SQL; Accounting; Excel; Budgeting; Forecasting,Senior,"Contract · Hybrid. We are hiring a Senior Financial Analyst for our Gaming team. The ideal candidate has 6-10 years of experience and is proficient in Reporting, SQL, Accounting, Excel, Budgeting, Forecasting. This is a hybrid contract position focused on delivering high-quality business work."
Junior Financial Analyst,Business,Excel; Power BI; Financial Modeling; Valuation; Reporting,Junior,"Internship · Remote. We are hiring a Junior Financial Analyst for our E-commerce team. The ideal candidate has 1-3 years of experience and is proficient in Excel, Power BI, Financial Modeling, Valuation, Reporting. This is a remote internship position focused on delivering high-quality business work."
Junior Sales Engineer,Business,APIs; Cloud; Solution Design; CRM; Technical Sales; Product Demos,Junior,"Internship · On-site. We are hiring a Junior Sales Engineer for our E-commerce team. The ideal candidate has 1-3 years of experience and is proficient in APIs, Cloud, Solution Design, CRM, Technical Sales, Product Demos. This is a on-site internship position focused on delivering high-quality business work."
Principal HR Specialist,Business,Conflict Resolution; Communication; Compliance; Recruitment; Onboarding; Performance Management,Principal,"Contract · Remote. We are hiring a Principal HR Specialist for our E-commerce team. The ideal candidate has 12-20 years of experience and is proficient in Conflict Resolution, Communication, Compliance, Recruitment, Onboarding, Performance Management. This is a remote contract position focused on delivering high-quality business work."
Mid-level Sales Engineer,Business,Solution Design; APIs; Cloud; CRM; Product Demos; Customer Success; Technical Sales,Mid-level,"Internship · Remote. We are hiring a Mid-level Sales Engineer for our SaaS team. The ideal candidate has 3-6 years of experience and is proficient in Solution Design, APIs, Cloud, CRM, Product Demos, Customer Success, Technical Sales. This is a remote internship position focused on delivering high-quality business work."
Junior Sales Engineer,Business,Product Demos; CRM; Technical Sales; APIs; Cloud; Negotiation,Junior,"Full-time · Remote. We are hiring a Junior Sales Engineer for our E-commerce team. The ideal candidate has 1-3 years of experience and is proficient in Product Demos, CRM, Technical Sales, APIs, Cloud, Negotiation. This is a remote full-time position focused on delivering high-quality business work."
Principal Financial Analyst,Business,Reporting; Excel; Forecasting; Budgeting; Valuation; Accounting; Analytics,Principal,"Full-time · Hybrid. We are hiring a Principal Financial Analyst for our Healthcare team. The ideal candidate has 12-20 years of experience and is proficient in Reporting, Excel, Forecasting, Budgeting, Valuation, Accounting, Analytics. This is a hybrid full-time position focused on delivering high-quality business work."
Principal HR Specialist,Business,Onboarding; Payroll; Performance Management; Compliance; Training; Communication; Employee Relations,Principal,"Full-time · On-site. We are hiring a Principal HR Specialist for our Fintech team. The ideal candidate has 12-20 years of experience and is proficient in Onboarding, Payroll, Performance Management, Compliance, Training, Communication, Employee Relations. This is a on-site full-time position focused on delivering high-quality business work."
Principal HR Specialist,Business,Compliance; Performance Management; Employee Relations; Onboarding; Communication,Principal,"Internship · Hybrid. We are hiring a Principal HR Specialist for our SaaS team. The ideal candidate has 12-20 years of experience and is proficient in Compliance, Performance Management, Employee Relations, Onboarding, Communication. This is a hybrid internship position focused on delivering high-quality business work."
Senior Business Analyst,Business,Stakeholder Management; SQL; Agile; Communication; Process Modeling,Senior,"Contract · Hybrid. We are hiring a Senior Business Analyst for our SaaS team. The ideal candidate has 6-10 years of experience and is proficient in Stakeholder Management, SQL, Agile, Communication, Process Modeling. This is a hybrid contract position focused on delivering high-quality business work."
Senior Operations Manager,Business,Analytics; Budgeting; Six Sigma; Operations Management; Supply Chain; Process Improvement,Senior,"Contract · Remote. We are hiring a Senior Operations Manager for our E-commerce team. The ideal candidate has 6-10 years of experience and is proficient in Analytics, Budgeting, Six Sigma, Operations Management, Supply Chain, Process Improvement. This is a remote contract position focused on delivering high-quality business work."
Senior HR Specialist,Business,Training; Performance Management; HRIS; Recruitment; Payroll; Communication; Employee Relations,Senior,"Full-time · On-site. We are hiring a Senior HR Specialist for our Gaming team. The ideal candidate has 6-10 years of experience and is proficient in Training, Performance Management, HRIS, Recruitment, Payroll, Communication, Employee Relations. This is a on-site full-time position focused on delivering high-quality business work."
Lead HR Specialist,Business,Communication; Compliance; Employee Relations; HRIS; Conflict Resolution; Training; Payroll,Lead,"Contract · On-site. We are hiring a Lead HR Specialist for our Gaming team. The ideal candidate has 8-14 years of experience and is proficient in Communication, Compliance, Employee Relations, HRIS, Conflict Resolution, Training, Payroll. This is a on-site contract position focused on delivering high-quality business work."
Lead Business Analyst,Business,UML; Excel; SQL; Documentation; Stakeholder Management; Requirements Gathering,Lead,"Full-time · Hybrid. We are hiring a Lead Business Analyst for our EdTech team. The ideal candidate has 8-14 years of experience and is proficient in UML, Excel, SQL, Documentation, Stakeholder Management, Requirements Gathering. This is a hybrid full-time position focused on delivering high-quality business work."
Senior Sales Engineer,Business,CRM; Cloud; Customer Success; Product Demos; APIs,Senior,"Full-time · Hybrid. We are hiring a Senior Sales Engineer for our Startup team. The ideal candidate has 6-10 years of experience and is proficient in CRM, Cloud, Customer Success, Product Demos, APIs. This is a hybrid full-time position focused on delivering high-quality business work."
Junior Sales Engineer,Business,CRM; Product Demos; Technical Sales; Presentations; Cloud,Junior,"Full-time · Hybrid. We are hiring a Junior Sales Engineer for our EdTech team. The ideal candidate has 1-3 years of experience and is proficient in CRM, Product Demos, Technical Sales, Presentations, Cloud. This is a hybrid full-time position focused on delivering high-quality business work."
Intern Business Analyst,Business,Data Analysis; Communication; Requirements Gathering; Process Modeling; UML,Intern,"Contract · On-site. We are hiring a Intern Business Analyst for our SaaS team. The ideal candidate has 0-1 years of experience and is proficient in Data Analysis, Communication, Requirements Gathering, Process Modeling, UML. This is a on-site contract position focused on delivering high-quality business work."
Junior Financial Analyst,Business,Excel; Forecasting; Analytics; Power BI; Accounting; Reporting; SQL,Junior,"Internship · On-site. We are hiring a Junior Financial Analyst for our Enterprise team. The ideal candidate has 1-3 years of experience and is proficient in Excel, Forecasting, Analytics, Power BI, Accounting, Reporting, SQL. This is a on-site internship position focused on delivering high-quality business work."
Principal Sales Engineer,Business,Technical Sales; Presentations; Solution Design; Negotiation; Cloud; CRM,Principal,"Internship · Remote. We are hiring a Principal Sales Engineer for our Enterprise team. The ideal candidate has 12-20 years of experience and is proficient in Technical Sales, Presentations, Solution Design, Negotiation, Cloud, CRM. This is a remote internship position focused on delivering high-quality business work."
Junior Business Analyst,Business,Process Modeling; SQL; Agile; Data Analysis; Communication,Junior,"Full-time · Hybrid. We are hiring a Junior Business Analyst for our Fintech team. The ideal candidate has 1-3 years of experience and is proficient in Process Modeling, SQL, Agile, Data Analysis, Communication. This is a hybrid full-time position focused on delivering high-quality business work."
Mid-level Financial Analyst,Business,Analytics; Reporting; Valuation; Budgeting; Forecasting; SQL,Mid-level,"Internship · Hybrid. We are hiring a Mid-level Financial Analyst for our Gaming team. The ideal candidate has 3-6 years of experience and is proficient in Analytics, Reporting, Valuation, Budgeting, Forecasting, SQL. This is a hybrid internship position focused on delivering high-quality business work."
Mid-level Business Analyst,Business,Agile; Communication; Excel; Requirements Gathering; UML; SQL,Mid-level,"Full-time · On-site. We are hiring a Mid-level Business Analyst for our Fintech team. The ideal candidate has 3-6 years of experience and is proficient in Agile, Communication, Excel, Requirements Gathering, UML, SQL. This is a on-site full-time position focused on delivering high-quality business work."
Intern HR Specialist,Business,Recruitment; Onboarding; Conflict Resolution; Communication; Performance Management,Intern,"Full-time · Remote. We are hiring a Intern HR Specialist for our Healthcare team. The ideal candidate has 0-1 years of experience and is proficient in Recruitment, Onboarding, Conflict Resolution, Communication, Performance Management. This is a remote full-time position focused on delivering high-quality business work."
Senior Sales Engineer,Business,Negotiation; CRM; Product Demos; Presentations; Technical Sales,Senior,"Internship · Hybrid. We are hiring a Senior Sales Engineer for our Startup team. The ideal candidate has 6-10 years of experience and is proficient in Negotiation, CRM, Product Demos, Presentations, Technical Sales. This is a hybrid internship position focused on delivering high-quality business work."
Mid-level Financial Analyst,Business,Valuation; Budgeting; Excel; Reporting; Financial Modeling; Analytics; Power BI,Mid-level,"Internship · On-site. We are hiring a Mid-level Financial Analyst for our Startup team. The ideal candidate has 3-6 years of experience and is proficient in Valuation, Budgeting, Excel, Reporting, Financial Modeling, Analytics, Power BI. This is a on-site internship position focused on delivering high-quality business work."
Mid-level Sales Engineer,Business,Customer Success; CRM; Cloud; Communication; APIs; Technical Sales,Mid-level,"Internship · Hybrid. We are hiring a Mid-level Sales Engineer for our Gaming team. The ideal candidate has 3-6 years of experience and is proficient in Customer Success, CRM, Cloud, Communication, APIs, Technical Sales. This is a hybrid internship position focused on delivering high-quality business work."
Principal Financial Analyst,Business,Forecasting; Valuation; Financial Modeling; Power BI; Excel; Reporting; Budgeting,Principal,"Internship · Hybrid. We are hiring a Principal Financial Analyst for our E-commerce team. The ideal candidate has 12-20 years of experience and is proficient in Forecasting, Valuation, Financial Modeling, Power BI, Excel, Reporting, Budgeting. This is a hybrid internship position focused on delivering high-quality business work."
Senior Operations Manager,Business,Communication; Leadership; Analytics; Process Improvement; Operations Management; Lean,Senior,"Full-time · On-site. We are hiring a Senior Operations Manager for our Healthcare team. The ideal candidate has 6-10 years of experience and is proficient in Communication, Leadership, Analytics, Process Improvement, Operations Management, Lean. This is a on-site full-time position focused on delivering high-quality business work."
Mid-level Sales Engineer,Business,Cloud; APIs; Presentations; Negotiation; Product Demos; Technical Sales,Mid-level,"Contract · Hybrid. We are hiring a Mid-level Sales Engineer for our EdTech team. The ideal candidate has 3-6 years of experience and is proficient in Cloud, APIs, Presentations, Negotiation, Product Demos, Technical Sales. This is a hybrid contract position focused on delivering high-quality business work."
Junior Financial Analyst,Business,SQL; Analytics; Forecasting; Accounting; Power BI,Junior,"Full-time · Remote. We are hiring a Junior Financial Analyst for our Fintech team. The ideal candidate has 1-3 years of experience and is proficient in SQL, Analytics, Forecasting, Accounting, Power BI. This is a remote full-time position focused on delivering high-quality business work."
Lead Financial Analyst,Business,Budgeting; Accounting; Valuation; Forecasting; Power BI; Excel,Lead,"Internship · On-site. We are hiring a Lead Financial Analyst for our EdTech team. The ideal candidate has 8-14 years of experience and is proficient in Budgeting, Accounting, Valuation, Forecasting, Power BI, Excel. This is a on-site internship position focused on delivering high-quality business work."
Junior Operations Manager,Business,Process Improvement; Analytics; Communication; Lean; Budgeting; Leadership,Junior,"Contract · Remote. We are hiring a Junior Operations Manager for our SaaS team. The ideal candidate has 1-3 years of experience and is proficient in Process Improvement, Analytics, Communication, Lean, Budgeting, Leadership. This is a remote contract position focused on delivering high-quality business work."
Mid-level Business Analyst,Business,Agile; Communication; Requirements Gathering; UML; SQL; Documentation; Stakeholder Management,Mid-level,"Contract · On-site. We are hiring a Mid-level Business Analyst for our Gaming team. The ideal candidate has 3-6 years of experience and is proficient in Agile, Communication, Requirements Gathering, UML, SQL, Documentation, Stakeholder Management. This is a on-site contract position focused on delivering high-quality business work."
Lead HR Specialist,Business,Payroll; Compliance; Training; HRIS; Onboarding,Lead,"Contract · On-site. We are hiring a Lead HR Specialist for our Fintech team. The ideal candidate has 8-14 years of experience and is proficient in Payroll, Compliance, Training, HRIS, Onboarding. This is a on-site contract position focused on delivering high-quality business work."
Intern Business Analyst,Business,Data Analysis; Documentation; UML; Excel; Communication; Process Modeling; Requirements Gathering,Intern,"Contract · On-site. We are hiring a Intern Business Analyst for our Gaming team. The ideal candidate has 0-1 years of experience and is proficient in Data Analysis, Documentation, UML, Excel, Communication, Process Modeling, Requirements Gathering. This is a on-site contract position focused on delivering high-quality business work."
Junior Operations Manager,Business,Six Sigma; Analytics; Budgeting; Leadership; Vendor Management; Process Improvement; Supply Chain,Junior,"Contract · On-site. We are hiring a Junior Operations Manager for our Fintech team. The ideal candidate has 1-3 years of experience and is proficient in Six Sigma, Analytics, Budgeting, Leadership, Vendor Management, Process Improvement, Supply Chain. This is a on-site contract position focused on delivering high-quality business work."
Mid-level Sales Engineer,Business,Negotiation; Communication; Product Demos; APIs; Cloud,Mid-level,"Contract · Hybrid. We are hiring a Mid-level Sales Engineer for our SaaS team. The ideal candidate has 3-6 years of experience and is proficient in Negotiation, Communication, Product Demos, APIs, Cloud. This is a hybrid contract position focused on delivering high-quality business work."
Lead Financial Analyst,Business,Forecasting; Budgeting; Power BI; SQL; Excel; Valuation; Accounting,Lead,"Internship · Hybrid. We are hiring a Lead Financial Analyst for our EdTech team. The ideal candidate has 8-14 years of experience and is proficient in Forecasting, Budgeting, Power BI, SQL, Excel, Valuation, Accounting. This is a hybrid internship position focused on delivering high-quality business work."
Principal Operations Manager,Business,Analytics; Budgeting; Lean; Supply Chain; Process Improvement,Principal,"Internship · On-site. We are hiring a Principal Operations Manager for our Fintech team. The ideal candidate has 12-20 years of experience and is proficient in Analytics, Budgeting, Lean, Supply Chain, Process Improvement. This is a on-site internship position focused on delivering high-quality business work."
Lead Financial Analyst,Business,Financial Modeling; Analytics; Power BI; Forecasting; Budgeting; SQL,Lead,"Full-time · On-site. We are hiring a Lead Financial Analyst for our SaaS team. The ideal candidate has 8-14 years of experience and is proficient in Financial Modeling, Analytics, Power BI, Forecasting, Budgeting, SQL. This is a on-site full-time position focused on delivering high-quality business work."
Principal Business Analyst,Business,Excel; SQL; Requirements Gathering; Process Modeling; Data Analysis; Documentation,Principal,"Internship · Remote. We are hiring a Principal Business Analyst for our Healthcare team. The ideal candidate has 12-20 years of experience and is proficient in Excel, SQL, Requirements Gathering, Process Modeling, Data Analysis, Documentation. This is a remote internship position focused on delivering high-quality business work."
Lead Financial Analyst,Business,SQL; Financial Modeling; Forecasting; Valuation; Reporting,Lead,"Contract · Remote. We are hiring a Lead Financial Analyst for our Healthcare team. The ideal candidate has 8-14 years of experience and is proficient in SQL, Financial Modeling, Forecasting, Valuation, Reporting. This is a remote contract position focused on delivering high-quality business work."
Senior Sales Engineer,Business,Product Demos; Communication; Solution Design; Technical Sales; APIs; Customer Success; Cloud,Senior,"Full-time · Remote. We are hiring a Senior Sales Engineer for our SaaS team. The ideal candidate has 6-10 years of experience and is proficient in Product Demos, Communication, Solution Design, Technical Sales, APIs, Customer Success, Cloud. This is a remote full-time position focused on delivering high-quality business work."
Intern Operations Manager,Business,Budgeting; Six Sigma; Supply Chain; Lean; Leadership,Intern,"Contract · Remote. We are hiring a Intern Operations Manager for our Gaming team. The ideal candidate has 0-1 years of experience and is proficient in Budgeting, Six Sigma, Supply Chain, Lean, Leadership. This is a remote contract position focused on delivering high-quality business work."
Principal HR Specialist,Business,Compliance; Payroll; Onboarding; Conflict Resolution; Performance Management,Principal,"Internship · Hybrid. We are hiring a Principal HR Specialist for our Fintech team. The ideal candidate has 12-20 years of experience and is proficient in Compliance, Payroll, Onboarding, Conflict Resolution, Performance Management. This is a hybrid internship position focused on delivering high-quality business work."
Junior Operations Manager,Business,Six Sigma; Analytics; Communication; Operations Management; Budgeting; Supply Chain,Junior,"Full-time · On-site. We are hiring a Junior Operations Manager for our E-commerce team. The ideal candidate has 1-3 years of experience and is proficient in Six Sigma, Analytics, Communication, Operations Management, Budgeting, Supply Chain. This is a on-site full-time position focused on delivering high-quality business work."
Lead Operations Manager,Business,Budgeting; Supply Chain; Analytics; Six Sigma; Operations Management,Lead,"Internship · On-site. We are hiring a Lead Operations Manager for our Gaming team. The ideal candidate has 8-14 years of experience and is proficient in Budgeting, Supply Chain, Analytics, Six Sigma, Operations Management. This is a on-site internship position focused on delivering high-quality business work."
Intern HR Specialist,Business,Employee Relations; Communication; Compliance; Recruitment; Training,Intern,"Contract · Remote. We are hiring a Intern HR Specialist for our E-commerce team. The ideal candidate has 0-1 years of experience and is proficient in Employee Relations, Communication, Compliance, Recruitment, Training. This is a remote contract position focused on delivering high-quality business work."
Intern Sales Engineer,Business,Cloud; Product Demos; Communication; Solution Design; CRM; APIs,Intern,"Full-time · Hybrid. We are hiring a Intern Sales Engineer for our Healthcare team. The ideal candidate has 0-1 years of experience and is proficient in Cloud, Product Demos, Communication, Solution Design, CRM, APIs. This is a hybrid full-time position focused on delivering high-quality business work."
Junior Sales Engineer,Business,Negotiation; Solution Design; Product Demos; APIs; Customer Success,Junior,"Internship · Remote. We are hiring a Junior Sales Engineer for our SaaS team. The ideal candidate has 1-3 years of experience and is proficient in Negotiation, Solution Design, Product Demos, APIs, Customer Success. This is a remote internship position focused on delivering high-quality business work."
Senior HR Specialist,Business,Recruitment; Performance Management; Onboarding; Training; Conflict Resolution,Senior,"Internship · Remote. We are hiring a Senior HR Specialist for our E-commerce team. The ideal candidate has 6-10 years of experience and is proficient in Recruitment, Performance Management, Onboarding, Training, Conflict Resolution. This is a remote internship position focused on delivering high-quality business work."
Junior HR Specialist,Business,Payroll; Conflict Resolution; Onboarding; Communication; Employee Relations; Performance Management; HRIS,Junior,"Full-time · Hybrid. We are hiring a Junior HR Specialist for our Startup team. The ideal candidate has 1-3 years of experience and is proficient in Payroll, Conflict Resolution, Onboarding, Communication, Employee Relations, Performance Management, HRIS. This is a hybrid full-time position focused on delivering high-quality business work."
Senior HR Specialist,Business,Training; HRIS; Payroll; Onboarding; Performance Management; Employee Relations; Compliance,Senior,"Full-time · Remote. We are hiring a Senior HR Specialist for our E-commerce team. The ideal candidate has 6-10 years of experience and is proficient in Training, HRIS, Payroll, Onboarding, Performance Management, Employee Relations, Compliance. This is a remote full-time position focused on delivering high-quality business work."
Intern Sales Engineer,Business,Cloud; Technical Sales; APIs; Product Demos; Solution Design,Intern,"Contract · On-site. We are hiring a Intern Sales Engineer for our Healthcare team. The ideal candidate has 0-1 years of experience and is proficient in Cloud, Technical Sales, APIs, Product Demos, Solution Design. This is a on-site contract position focused on delivering high-quality business work."
Senior Business Analyst,Business,SQL; Process Modeling; Agile; Requirements Gathering; Data Analysis; Stakeholder Management,Senior,"Internship · Remote. We are hiring a Senior Business Analyst for our Healthcare team. The ideal candidate has 6-10 years of experience and is proficient in SQL, Process Modeling, Agile, Requirements Gathering, Data Analysis, Stakeholder Management. This is a remote internship position focused on delivering high-quality business work."
Principal HR Specialist,Business,HRIS; Training; Performance Management; Recruitment; Compliance,Principal,"Contract · On-site. We are hiring a Principal HR Specialist for our Fintech team. The ideal candidate has 12-20 years of experience and is proficient in HRIS, Training, Performance Management, Recruitment, Compliance. This is a on-site contract position focused on delivering high-quality business work."
Mid-level HR Specialist,Business,HRIS; Onboarding; Compliance; Employee Relations; Recruitment,Mid-level,"Contract · On-site. We are hiring a Mid-level HR Specialist for our Enterprise team. The ideal candidate has 3-6 years of experience and is proficient in HRIS, Onboarding, Compliance, Employee Relations, Recruitment. This is a on-site contract position focused on delivering high-quality business work."
Junior Financial Analyst,Business,SQL; Reporting; Power BI; Forecasting; Valuation,Junior,"Contract · Hybrid. We are hiring a Junior Financial Analyst for our SaaS team. The ideal candidate has 1-3 years of experience and is proficient in SQL, Reporting, Power BI, Forecasting, Valuation. This is a hybrid contract position focused on delivering high-quality business work."
Intern Business Analyst,Business,Excel; Communication; Documentation; Agile; UML; Stakeholder Management; Data Analysis,Intern,"Internship · Hybrid. We are hiring a Intern Business Analyst for our SaaS team. The ideal candidate has 0-1 years of experience and is proficient in Excel, Communication, Documentation, Agile, UML, Stakeholder Management, Data Analysis. This is a hybrid internship position focused on delivering high-quality business work."
Intern Financial Analyst,Business,Financial Modeling; Reporting; Analytics; Budgeting; Valuation; Forecasting,Intern,"Internship · Hybrid. We are hiring a Intern Financial Analyst for our EdTech team. The ideal candidate has 0-1 years of experience and is proficient in Financial Modeling, Reporting, Analytics, Budgeting, Valuation, Forecasting. This is a hybrid internship position focused on delivering high-quality business work."
Lead Operations Manager,Business,Budgeting; Leadership; Lean; Supply Chain; Vendor Management,Lead,"Contract · On-site. We are hiring a Lead Operations Manager for our E-commerce team. The ideal candidate has 8-14 years of experience and is proficient in Budgeting, Leadership, Lean, Supply Chain, Vendor Management. This is a on-site contract position focused on delivering high-quality business work."
Junior Operations Manager,Business,Budgeting; Communication; Operations Management; Leadership; Six Sigma,Junior,"Contract · Hybrid. We are hiring a Junior Operations Manager for our Gaming team. The ideal candidate has 1-3 years of experience and is proficient in Budgeting, Communication, Operations Management, Leadership, Six Sigma. This is a hybrid contract position focused on delivering high-quality business work."
Junior Financial Analyst,Business,Budgeting; SQL; Power BI; Forecasting; Excel; Valuation; Accounting,Junior,"Full-time · Hybrid. We are hiring a Junior Financial Analyst for our E-commerce team. The ideal candidate has 1-3 years of experience and is proficient in Budgeting, SQL, Power BI, Forecasting, Excel, Valuation, Accounting. This is a hybrid full-time position focused on delivering high-quality business work."
Lead Sales Engineer,Business,APIs; Customer Success; Cloud; Negotiation; Presentations; Solution Design; Technical Sales,Lead,"Internship · Hybrid. We are hiring a Lead Sales Engineer for our Fintech team. The ideal candidate has 8-14 years of experience and is proficient in APIs, Customer Success, Cloud, Negotiation, Presentations, Solution Design, Technical Sales. This is a hybrid internship position focused on delivering high-quality business work."
Mid-level Operations Manager,Business,Supply Chain; Operations Management; Lean; Six Sigma; Vendor Management,Mid-level,"Contract · Remote. We are hiring a Mid-level Operations Manager for our SaaS team. The ideal candidate has 3-6 years of experience and is proficient in Supply Chain, Operations Management, Lean, Six Sigma, Vendor Management. This is a remote contract position focused on delivering high-quality business work."
Lead HR Specialist,Business,Conflict Resolution; Payroll; Compliance; HRIS; Communication; Performance Management; Employee Relations,Lead,"Internship · On-site. We are hiring a Lead HR Specialist for our Healthcare team. The ideal candidate has 8-14 years of experience and is proficient in Conflict Resolution, Payroll, Compliance, HRIS, Communication, Performance Management, Employee Relations. This is a on-site internship position focused on delivering high-quality business work."
Principal Sales Engineer,Business,APIs; Product Demos; Solution Design; Technical Sales; Cloud; Negotiation,Principal,"Full-time · Remote. We are hiring a Principal Sales Engineer for our Startup team. The ideal candidate has 12-20 years of experience and is proficient in APIs, Product Demos, Solution Design, Technical Sales, Cloud, Negotiation. This is a remote full-time position focused on delivering high-quality business work."
Lead HR Specialist,Business,Recruitment; Conflict Resolution; Payroll; Communication; Employee Relations,Lead,"Full-time · Remote. We are hiring a Lead HR Specialist for our Gaming team. The ideal candidate has 8-14 years of experience and is proficient in Recruitment, Conflict Resolution, Payroll, Communication, Employee Relations. This is a remote full-time position focused on delivering high-quality business work."
Junior Operations Manager,Business,Leadership; Lean; Operations Management; Supply Chain; Process Improvement; Six Sigma,Junior,"Internship · Hybrid. We are hiring a Junior Operations Manager for our Startup team. The ideal candidate has 1-3 years of experience and is proficient in Leadership, Lean, Operations Management, Supply Chain, Process Improvement, Six Sigma. This is a hybrid internship position focused on delivering high-quality business work."
Junior Operations Manager,Business,Supply Chain; Analytics; Vendor Management; Operations Management; Budgeting,Junior,"Contract · On-site. We are hiring a Junior Operations Manager for our Healthcare team. The ideal candidate has 1-3 years of experience and is proficient in Supply Chain, Analytics, Vendor Management, Operations Management, Budgeting. This is a on-site contract position focused on delivering high-quality business work."
Senior HR Specialist,Business,Employee Relations; Compliance; Onboarding; Recruitment; Performance Management; HRIS; Payroll,Senior,"Contract · Hybrid. We are hiring a Senior HR Specialist for our SaaS team. The ideal candidate has 6-10 years of experience and is proficient in Employee Relations, Compliance, Onboarding, Recruitment, Performance Management, HRIS, Payroll. This is a hybrid contract position focused on delivering high-quality business work."
Mid-level Sales Engineer,Business,Solution Design; Customer Success; Technical Sales; Presentations; Communication,Mid-level,"Full-time · Hybrid. We are hiring a Mid-level Sales Engineer for our Startup team. The ideal candidate has 3-6 years of experience and is proficient in Solution Design, Customer Success, Technical Sales, Presentations, Communication. This is a hybrid full-time position focused on delivering high-quality business work."
Lead Operations Manager,Business,Analytics; Operations Management; Communication; Lean; Budgeting,Lead,"Full-time · Remote. We are hiring a Lead Operations Manager for our Enterprise team. The ideal candidate has 8-14 years of experience and is proficient in Analytics, Operations Management, Communication, Lean, Budgeting. This is a remote full-time position focused on delivering high-quality business work."
Lead Sales Engineer,Business,Customer Success; CRM; Solution Design; Presentations; Communication; Cloud,Lead,"Internship · Remote. We are hiring a Lead Sales Engineer for our SaaS team. The ideal candidate has 8-14 years of experience and is proficient in Customer Success, CRM, Solution Design, Presentations, Communication, Cloud. This is a remote internship position focused on delivering high-quality business work."
Junior HR Specialist,Business,Employee Relations; Conflict Resolution; Performance Management; HRIS; Training; Communication; Payroll,Junior,"Internship · On-site. We are hiring a Junior HR Specialist for our Enterprise team. The ideal candidate has 1-3 years of experience and is proficient in Employee Relations, Conflict Resolution, Performance Management, HRIS, Training, Communication, Payroll. This is a on-site internship position focused on delivering high-quality business work."
Senior HR Specialist,Business,Performance Management; Employee Relations; Communication; Compliance; Payroll; HRIS,Senior,"Contract · Remote. We are hiring a Senior HR Specialist for our E-commerce team. The ideal candidate has 6-10 years of experience and is proficient in Performance Management, Employee Relations, Communication, Compliance, Payroll, HRIS. This is a remote contract position focused on delivering high-quality business work."
Junior Operations Manager,Business,Budgeting; Communication; Supply Chain; Lean; Process Improvement,Junior,"Contract · Remote. We are hiring a Junior Operations Manager for our Fintech team. The ideal candidate has 1-3 years of experience and is proficient in Budgeting, Communication, Supply Chain, Lean, Process Improvement. This is a remote contract position focused on delivering high-quality business work."
Junior Sales Engineer,Business,APIs; Product Demos; Customer Success; Solution Design; Cloud,Junior,"Contract · On-site. We are hiring a Junior Sales Engineer for our Gaming team. The ideal candidate has 1-3 years of experience and is proficient in APIs, Product Demos, Customer Success, Solution Design, Cloud. This is a on-site contract position focused on delivering high-quality business work."
Senior Financial Analyst,Business,Forecasting; SQL; Power BI; Accounting; Budgeting,Senior,"Full-time · Hybrid. We are hiring a Senior Financial Analyst for our SaaS team. The ideal candidate has 6-10 years of experience and is proficient in Forecasting, SQL, Power BI, Accounting, Budgeting. This is a hybrid full-time position focused on delivering high-quality business work."
Senior Financial Analyst,Business,SQL; Forecasting; Reporting; Financial Modeling; Accounting; Power BI,Senior,"Full-time · Remote. We are hiring a Senior Financial Analyst for our Fintech team. The ideal candidate has 6-10 years of experience and is proficient in SQL, Forecasting, Reporting, Financial Modeling, Accounting, Power BI. This is a remote full-time position focused on delivering high-quality business work."
Lead Business Analyst,Business,SQL; Documentation; UML; Excel; Process Modeling; Agile; Stakeholder Management,Lead,"Full-time · On-site. We are hiring a Lead Business Analyst for our Startup team. The ideal candidate has 8-14 years of experience and is proficient in SQL, Documentation, UML, Excel, Process Modeling, Agile, Stakeholder Management. This is a on-site full-time position focused on delivering high-quality business work."
Intern HR Specialist,Business,Recruitment; HRIS; Conflict Resolution; Payroll; Communication; Training; Onboarding,Intern,"Internship · Hybrid. We are hiring a Intern HR Specialist for our Healthcare team. The ideal candidate has 0-1 years of experience and is proficient in Recruitment, HRIS, Conflict Resolution, Payroll, Communication, Training, Onboarding. This is a hybrid internship position focused on delivering high-quality business work."
Mid-level Operations Manager,Business,Lean; Six Sigma; Budgeting; Leadership; Communication; Vendor Management,Mid-level,"Full-time · On-site. We are hiring a Mid-level Operations Manager for our Healthcare team. The ideal candidate has 3-6 years of experience and is proficient in Lean, Six Sigma, Budgeting, Leadership, Communication, Vendor Management. This is a on-site full-time position focused on delivering high-quality business work."
Principal Sales Engineer,Business,Negotiation; Solution Design; Cloud; CRM; Presentations; Customer Success,Principal,"Full-time · Hybrid. We are hiring a Principal Sales Engineer for our EdTech team. The ideal candidate has 12-20 years of experience and is proficient in Negotiation, Solution Design, Cloud, CRM, Presentations, Customer Success. This is a hybrid full-time position focused on delivering high-quality business work."
Senior Sales Engineer,Business,Presentations; APIs; Negotiation; Cloud; Solution Design; Communication,Senior,"Internship · Hybrid. We are hiring a Senior Sales Engineer for our Gaming team. The ideal candidate has 6-10 years of experience and is proficient in Presentations, APIs, Negotiation, Cloud, Solution Design, Communication. This is a hybrid internship position focused on delivering high-quality business work."
Intern HR Specialist,Business,Training; Compliance; HRIS; Communication; Onboarding,Intern,"Internship · Remote. We are hiring a Intern HR Specialist for our EdTech team. The ideal candidate has 0-1 years of experience and is proficient in Training, Compliance, HRIS, Communication, Onboarding. This is a remote internship position focused on delivering high-quality business work."
Lead Sales Engineer,Business,Technical Sales; APIs; Solution Design; Cloud; Product Demos; Customer Success,Lead,"Full-time · On-site. We are hiring a Lead Sales Engineer for our Fintech team. The ideal candidate has 8-14 years of experience and is proficient in Technical Sales, APIs, Solution Design, Cloud, Product Demos, Customer Success. This is a on-site full-time position focused on delivering high-quality business work."
Senior Operations Manager,Business,Operations Management; Communication; Leadership; Lean; Budgeting; Supply Chain; Vendor Management,Senior,"Internship · Remote. We are hiring a Senior Operations Manager for our Startup team. The ideal candidate has 6-10 years of experience and is proficient in Operations Management, Communication, Leadership, Lean, Budgeting, Supply Chain, Vendor Management. This is a remote internship position focused on delivering high-quality business work."
Senior Financial Analyst,Business,Reporting; Analytics; Financial Modeling; Accounting; Excel; Forecasting; Budgeting,Senior,"Internship · On-site. We are hiring a Senior Financial Analyst for our Enterprise team. The ideal candidate has 6-10 years of experience and is proficient in Reporting, Analytics, Financial Modeling, Accounting, Excel, Forecasting, Budgeting. This is a on-site internship position focused on delivering high-quality business work."
Senior Financial Analyst,Business,Forecasting; Accounting; Power BI; Valuation; Analytics,Senior,"Contract · Remote. We are hiring a Senior Financial Analyst for our Fintech team. The ideal candidate has 6-10 years of experience and is proficient in Forecasting, Accounting, Power BI, Valuation, Analytics. This is a remote contract position focused on delivering high-quality business work."
Mid-level Financial Analyst,Business,Financial Modeling; Reporting; Excel; Analytics; Accounting; Forecasting,Mid-level,"Full-time · Hybrid. We are hiring a Mid-level Financial Analyst for our SaaS team. The ideal candidate has 3-6 years of experience and is proficient in Financial Modeling, Reporting, Excel, Analytics, Accounting, Forecasting. This is a hybrid full-time position focused on delivering high-quality business work."
Principal Operations Manager,Business,Operations Management; Lean; Communication; Analytics; Supply Chain; Process Improvement,Principal,"Contract · Remote. We are hiring a Principal Operations Manager for our Healthcare team. The ideal candidate has 12-20 years of experience and is proficient in Operations Management, Lean, Communication, Analytics, Supply Chain, Process Improvement. This is a remote contract position focused on delivering high-quality business work."
Lead HR Specialist,Business,HRIS; Performance Management; Onboarding; Payroll; Communication; Conflict Resolution,Lead,"Contract · Remote. We are hiring a Lead HR Specialist for our EdTech team. The ideal candidate has 8-14 years of experience and is proficient in HRIS, Performance Management, Onboarding, Payroll, Communication, Conflict Resolution. This is a remote contract position focused on delivering high-quality business work."
Senior Operations Manager,Business,Six Sigma; Process Improvement; Leadership; Lean; Vendor Management; Budgeting,Senior,"Contract · Remote. We are hiring a Senior Operations Manager for our Fintech team. The ideal candidate has 6-10 years of experience and is proficient in Six Sigma, Process Improvement, Leadership, Lean, Vendor Management, Budgeting. This is a remote contract position focused on delivering high-quality business work."
Junior Financial Analyst,Business,Power BI; Forecasting; Valuation; Financial Modeling; Reporting; Analytics; Excel,Junior,"Internship · On-site. We are hiring a Junior Financial Analyst for our Gaming team. The ideal candidate has 1-3 years of experience and is proficient in Power BI, Forecasting, Valuation, Financial Modeling, Reporting, Analytics, Excel. This is a on-site internship position focused on delivering high-quality business work."
Lead Business Analyst,Business,Excel; UML; Requirements Gathering; Agile; Process Modeling; SQL,Lead,"Full-time · On-site. We are hiring a Lead Business Analyst for our Healthcare team. The ideal candidate has 8-14 years of experience and is proficient in Excel, UML, Requirements Gathering, Agile, Process Modeling, SQL. This is a on-site full-time position focused on delivering high-quality business work."
Intern Business Analyst,Business,UML; Documentation; SQL; Requirements Gathering; Agile,Intern,"Internship · Hybrid. We are hiring a Intern Business Analyst for our Enterprise team. The ideal candidate has 0-1 years of experience and is proficient in UML, Documentation, SQL, Requirements Gathering, Agile. This is a hybrid internship position focused on delivering high-quality business work."
Junior Operations Manager,Business,Leadership; Budgeting; Operations Management; Analytics; Vendor Management; Lean; Process Improvement,Junior,"Contract · Remote. We are hiring a Junior Operations Manager for our Healthcare team. The ideal candidate has 1-3 years of experience and is proficient in Leadership, Budgeting, Operations Management, Analytics, Vendor Management, Lean, Process Improvement. This is a remote contract position focused on delivering high-quality business work."
Principal Business Analyst,Business,Stakeholder Management; Data Analysis; UML; Documentation; Excel; Agile; Communication,Principal,"Full-time · Hybrid. We are hiring a Principal Business Analyst for our SaaS team. The ideal candidate has 12-20 years of experience and is proficient in Stakeholder Management, Data Analysis, UML, Documentation, Excel, Agile, Communication. This is a hybrid full-time position focused on delivering high-quality business work."
Senior Business Analyst,Business,Data Analysis; Stakeholder Management; Agile; Communication; UML; SQL,Senior,"Full-time · On-site. We are hiring a Senior Business Analyst for our Fintech team. The ideal candidate has 6-10 years of experience and is proficient in Data Analysis, Stakeholder Management, Agile, Communication, UML, SQL. This is a on-site full-time position focused on delivering high-quality business work."
Senior Operations Manager,Business,Operations Management; Lean; Six Sigma; Budgeting; Leadership; Process Improvement; Communication,Senior,"Internship · Remote. We are hiring a Senior Operations Manager for our E-commerce team. The ideal candidate has 6-10 years of experience and is proficient in Operations Management, Lean, Six Sigma, Budgeting, Leadership, Process Improvement, Communication. This is a remote internship position focused on delivering high-quality business work."
Mid-level Sales Engineer,Business,Technical Sales; CRM; Cloud; Presentations; Solution Design,Mid-level,"Contract · On-site. We are hiring a Mid-level Sales Engineer for our E-commerce team. The ideal candidate has 3-6 years of experience and is proficient in Technical Sales, CRM, Cloud, Presentations, Solution Design. This is a on-site contract position focused on delivering high-quality business work."
Junior Financial Analyst,Business,Excel; Analytics; Forecasting; Accounting; Power BI,Junior,"Contract · Hybrid. We are hiring a Junior Financial Analyst for our E-commerce team. The ideal candidate has 1-3 years of experience and is proficient in Excel, Analytics, Forecasting, Accounting, Power BI. This is a hybrid contract position focused on delivering high-quality business work."
Junior Sales Engineer,Business,Communication; Customer Success; Product Demos; APIs; Technical Sales,Junior,"Contract · Hybrid. We are hiring a Junior Sales Engineer for our Gaming team. The ideal candidate has 1-3 years of experience and is proficient in Communication, Customer Success, Product Demos, APIs, Technical Sales. This is a hybrid contract position focused on delivering high-quality business work."
Junior Sales Engineer,Business,Technical Sales; Cloud; Solution Design; APIs; Presentations; CRM; Negotiation,Junior,"Full-time · On-site. We are hiring a Junior Sales Engineer for our EdTech team. The ideal candidate has 1-3 years of experience and is proficient in Technical Sales, Cloud, Solution Design, APIs, Presentations, CRM, Negotiation. This is a on-site full-time position focused on delivering high-quality business work."
Lead Financial Analyst,Business,Accounting; Reporting; SQL; Power BI; Financial Modeling; Analytics,Lead,"Contract · Remote. We are hiring a Lead Financial Analyst for our E-commerce team. The ideal candidate has 8-14 years of experience and is proficient in Accounting, Reporting, SQL, Power BI, Financial Modeling, Analytics. This is a remote contract position focused on delivering high-quality business work."
Mid-level Financial Analyst,Business,Excel; SQL; Accounting; Budgeting; Forecasting; Financial Modeling,Mid-level,"Internship · Remote. We are hiring a Mid-level Financial Analyst for our SaaS team. The ideal candidate has 3-6 years of experience and is proficient in Excel, SQL, Accounting, Budgeting, Forecasting, Financial Modeling. This is a remote internship position focused on delivering high-quality business work."
Principal Financial Analyst,Business,Power BI; Budgeting; Reporting; Analytics; Financial Modeling,Principal,"Contract · Hybrid. We are hiring a Principal Financial Analyst for our SaaS team. The ideal candidate has 12-20 years of experience and is proficient in Power BI, Budgeting, Reporting, Analytics, Financial Modeling. This is a hybrid contract position focused on delivering high-quality business work."
Intern Operations Manager,Business,Operations Management; Vendor Management; Leadership; Six Sigma; Lean; Communication; Analytics,Intern,"Internship · Remote. We are hiring a Intern Operations Manager for our SaaS team. The ideal candidate has 0-1 years of experience and is proficient in Operations Management, Vendor Management, Leadership, Six Sigma, Lean, Communication, Analytics. This is a remote internship position focused on delivering high-quality business work."
Senior HR Specialist,Business,Conflict Resolution; Recruitment; Performance Management; Communication; Training,Senior,"Internship · Hybrid. We are hiring a Senior HR Specialist for our Gaming team. The ideal candidate has 6-10 years of experience and is proficient in Conflict Resolution, Recruitment, Performance Management, Communication, Training. This is a hybrid internship position focused on delivering high-quality business work."
Junior Sales Engineer,Business,Negotiation; Solution Design; CRM; Technical Sales; Product Demos; APIs,Junior,"Internship · Hybrid. We are hiring a Junior Sales Engineer for our EdTech team. The ideal candidate has 1-3 years of experience and is proficient in Negotiation, Solution Design, CRM, Technical Sales, Product Demos, APIs. This is a hybrid internship position focused on delivering high-quality business work."
Mid-level Operations Manager,Business,Supply Chain; Leadership; Vendor Management; Budgeting; Analytics,Mid-level,"Full-time · Hybrid. We are hiring a Mid-level Operations Manager for our Enterprise team. The ideal candidate has 3-6 years of experience and is proficient in Supply Chain, Leadership, Vendor Management, Budgeting, Analytics. This is a hybrid full-time position focused on delivering high-quality business work."
Lead Financial Analyst,Business,Accounting; Budgeting; Financial Modeling; Excel; Valuation,Lead,"Full-time · Hybrid. We are hiring a Lead Financial Analyst for our Enterprise team. The ideal candidate has 8-14 years of experience and is proficient in Accounting, Budgeting, Financial Modeling, Excel, Valuation. This is a hybrid full-time position focused on delivering high-quality business work."
Senior Financial Analyst,Business,Financial Modeling; Valuation; Forecasting; Power BI; Accounting,Senior,"Contract · Hybrid. We are hiring a Senior Financial Analyst for our Healthcare team. The ideal candidate has 6-10 years of experience and is proficient in Financial Modeling, Valuation, Forecasting, Power BI, Accounting. This is a hybrid contract position focused on delivering high-quality business work."
Principal Financial Analyst,Business,Power BI; Financial Modeling; Budgeting; Reporting; Forecasting,Principal,"Internship · On-site. We are hiring a Principal Financial Analyst for our Startup team. The ideal candidate has 12-20 years of experience and is proficient in Power BI, Financial Modeling, Budgeting, Reporting, Forecasting. This is a on-site internship position focused on delivering high-quality business work."
Senior Business Analyst,Business,UML; Communication; Agile; Stakeholder Management; Excel; SQL,Senior,"Contract · Hybrid. We are hiring a Senior Business Analyst for our E-commerce team. The ideal candidate has 6-10 years of experience and is proficient in UML, Communication, Agile, Stakeholder Management, Excel, SQL. This is a hybrid contract position focused on delivering high-quality business work."
Senior Financial Analyst,Business,Analytics; Reporting; Forecasting; Power BI; Budgeting; Excel; Financial Modeling,Senior,"Contract · Hybrid. We are hiring a Senior Financial Analyst for our SaaS team. The ideal candidate has 6-10 years of experience and is proficient in Analytics, Reporting, Forecasting, Power BI, Budgeting, Excel, Financial Modeling. This is a hybrid contract position focused on delivering high-quality business work."
Mid-level Operations Manager,Business,Budgeting; Six Sigma; Operations Management; Lean; Analytics,Mid-level,"Contract · Remote. We are hiring a Mid-level Operations Manager for our Startup team. The ideal candidate has 3-6 years of experience and is proficient in Budgeting, Six Sigma, Operations Management, Lean, Analytics. This is a remote contract position focused on delivering high-quality business work."
Mid-level Sales Engineer,Business,Customer Success; CRM; Solution Design; Technical Sales; Presentations; Communication; Negotiation,Mid-level,"Full-time · On-site. We are hiring a Mid-level Sales Engineer for our Fintech team. The ideal candidate has 3-6 years of experience and is proficient in Customer Success, CRM, Solution Design, Technical Sales, Presentations, Communication, Negotiation. This is a on-site full-time position focused on delivering high-quality business work."
Senior Business Analyst,Business,Communication; Agile; Data Analysis; SQL; Excel; Stakeholder Management,Senior,"Full-time · Hybrid. We are hiring a Senior Business Analyst for our Gaming team. The ideal candidate has 6-10 years of experience and is proficient in Communication, Agile, Data Analysis, SQL, Excel, Stakeholder Management. This is a hybrid full-time position focused on delivering high-quality business work."
Principal Financial Analyst,Business,Excel; Budgeting; Analytics; Reporting; Accounting,Principal,"Full-time · Remote. We are hiring a Principal Financial Analyst for our Enterprise team. The ideal candidate has 12-20 years of experience and is proficient in Excel, Budgeting, Analytics, Reporting, Accounting. This is a remote full-time position focused on delivering high-quality business work."
Senior HR Specialist,Business,Training; Employee Relations; Recruitment; Conflict Resolution; Communication; HRIS; Performance Management,Senior,"Internship · On-site. We are hiring a Senior HR Specialist for our Enterprise team. The ideal candidate has 6-10 years of experience and is proficient in Training, Employee Relations, Recruitment, Conflict Resolution, Communication, HRIS, Performance Management. This is a on-site internship position focused on delivering high-quality business work."
Intern Financial Analyst,Business,Reporting; Forecasting; Financial Modeling; Power BI; Budgeting; Accounting; Analytics,Intern,"Full-time · Hybrid. We are hiring a Intern Financial Analyst for our E-commerce team. The ideal candidate has 0-1 years of experience and is proficient in Reporting, Forecasting, Financial Modeling, Power BI, Budgeting, Accounting, Analytics. This is a hybrid full-time position focused on delivering high-quality business work."
Mid-level Business Analyst,Business,Process Modeling; SQL; Excel; Documentation; UML,Mid-level,"Full-time · Hybrid. We are hiring a Mid-level Business Analyst for our Startup team. The ideal candidate has 3-6 years of experience and is proficient in Process Modeling, SQL, Excel, Documentation, UML. This is a hybrid full-time position focused on delivering high-quality business work."
Mid-level HR Specialist,Business,Recruitment; Performance Management; Compliance; Communication; Employee Relations; Payroll,Mid-level,"Contract · Remote. We are hiring a Mid-level HR Specialist for our EdTech team. The ideal candidate has 3-6 years of experience and is proficient in Recruitment, Performance Management, Compliance, Communication, Employee Relations, Payroll. This is a remote contract position focused on delivering high-quality business work."
Senior Sales Engineer,Business,APIs; Technical Sales; Solution Design; Product Demos; Customer Success; Presentations; Communication,Senior,"Contract · Hybrid. We are hiring a Senior Sales Engineer for our E-commerce team. The ideal candidate has 6-10 years of experience and is proficient in APIs, Technical Sales, Solution Design, Product Demos, Customer Success, Presentations, Communication. This is a hybrid contract position focused on delivering high-quality business work."
Intern Sales Engineer,Business,Solution Design; Communication; APIs; Presentations; CRM,Intern,"Contract · Remote. We are hiring a Intern Sales Engineer for our E-commerce team. The ideal candidate has 0-1 years of experience and is proficient in Solution Design, Communication, APIs, Presentations, CRM. This is a remote contract position focused on delivering high-quality business work."
Intern Financial Analyst,Business,SQL; Valuation; Accounting; Financial Modeling; Budgeting; Excel; Power BI,Intern,"Internship · Remote. We are hiring a Intern Financial Analyst for our Healthcare team. The ideal candidate has 0-1 years of experience and is proficient in SQL, Valuation, Accounting, Financial Modeling, Budgeting, Excel, Power BI. This is a remote internship position focused on delivering high-quality business work."
Intern Business Analyst,Business,Excel; Process Modeling; SQL; Documentation; Stakeholder Management; UML; Data Analysis,Intern,"Internship · Remote. We are hiring a Intern Business Analyst for our Gaming team. The ideal candidate has 0-1 years of experience and is proficient in Excel, Process Modeling, SQL, Documentation, Stakeholder Management, UML, Data Analysis. This is a remote internship position focused on delivering high-quality business work."
Mid-level Operations Manager,Business,Communication; Six Sigma; Leadership; Lean; Vendor Management,Mid-level,"Contract · Hybrid. We are hiring a Mid-level Operations Manager for our SaaS team. The ideal candidate has 3-6 years of experience and is proficient in Communication, Six Sigma, Leadership, Lean, Vendor Management. This is a hybrid contract position focused on delivering high-quality business work."
Principal Operations Manager,Business,Budgeting; Communication; Analytics; Supply Chain; Operations Management; Lean; Six Sigma,Principal,"Full-time · On-site. We are hiring a Principal Operations Manager for our Enterprise team. The ideal candidate has 12-20 years of experience and is proficient in Budgeting, Communication, Analytics, Supply Chain, Operations Management, Lean, Six Sigma. This is a on-site full-time position focused on delivering high-quality business work."
Senior Operations Manager,Business,Leadership; Vendor Management; Lean; Six Sigma; Process Improvement; Analytics,Senior,"Internship · Hybrid. We are hiring a Senior Operations Manager for our Enterprise team. The ideal candidate has 6-10 years of experience and is proficient in Leadership, Vendor Management, Lean, Six Sigma, Process Improvement, Analytics. This is a hybrid internship position focused on delivering high-quality business work."
Lead HR Specialist,Business,Payroll; Conflict Resolution; Communication; Training; Compliance; Employee Relations,Lead,"Full-time · On-site. We are hiring a Lead HR Specialist for our Startup team. The ideal candidate has 8-14 years of experience and is proficient in Payroll, Conflict Resolution, Communication, Training, Compliance, Employee Relations. This is a on-site full-time position focused on delivering high-quality business work."
Senior Operations Manager,Business,Analytics; Vendor Management; Lean; Leadership; Process Improvement,Senior,"Full-time · Remote. We are hiring a Senior Operations Manager for our Enterprise team. The ideal candidate has 6-10 years of experience and is proficient in Analytics, Vendor Management, Lean, Leadership, Process Improvement. This is a remote full-time position focused on delivering high-quality business work."
Lead Business Analyst,Business,Communication; Documentation; Agile; Stakeholder Management; SQL,Lead,"Internship · Hybrid. We are hiring a Lead Business Analyst for our EdTech team. The ideal candidate has 8-14 years of experience and is proficient in Communication, Documentation, Agile, Stakeholder Management, SQL. This is a hybrid internship position focused on delivering high-quality business work."
Intern HR Specialist,Business,Payroll; Employee Relations; Performance Management; Communication; HRIS,Intern,"Full-time · Remote. We are hiring a Intern HR Specialist for our EdTech team. The ideal candidate has 0-1 years of experience and is proficient in Payroll, Employee Relations, Performance Management, Communication, HRIS. This is a remote full-time position focused on delivering high-quality business work."
Lead Operations Manager,Business,Supply Chain; Vendor Management; Six Sigma; Leadership; Communication; Process Improvement,Lead,"Internship · On-site. We are hiring a Lead Operations Manager for our Enterprise team. The ideal candidate has 8-14 years of experience and is proficient in Supply Chain, Vendor Management, Six Sigma, Leadership, Communication, Process Improvement. This is a on-site internship position focused on delivering high-quality business work."
Senior HR Specialist,Business,Recruitment; Employee Relations; HRIS; Conflict Resolution; Training; Compliance; Onboarding,Senior,"Full-time · Remote. We are hiring a Senior HR Specialist for our Enterprise team. The ideal candidate has 6-10 years of experience and is proficient in Recruitment, Employee Relations, HRIS, Conflict Resolution, Training, Compliance, Onboarding. This is a remote full-time position focused on delivering high-quality business work."
Intern Financial Analyst,Business,Financial Modeling; Valuation; Analytics; Accounting; SQL; Forecasting,Intern,"Full-time · Remote. We are hiring a Intern Financial Analyst for our SaaS team. The ideal candidate has 0-1 years of experience and is proficient in Financial Modeling, Valuation, Analytics, Accounting, SQL, Forecasting. This is a remote full-time position focused on delivering high-quality business work."
Mid-level Financial Analyst,Business,Budgeting; Excel; Accounting; Analytics; Valuation; Reporting; Forecasting,Mid-level,"Full-time · On-site. We are hiring a Mid-level Financial Analyst for our EdTech team. The ideal candidate has 3-6 years of experience and is proficient in Budgeting, Excel, Accounting, Analytics, Valuation, Reporting, Forecasting. This is a on-site full-time position focused on delivering high-quality business work."
Lead HR Specialist,Business,Employee Relations; Onboarding; Recruitment; Performance Management; Training; Conflict Resolution,Lead,"Contract · Remote. We are hiring a Lead HR Specialist for our Healthcare team. The ideal candidate has 8-14 years of experience and is proficient in Employee Relations, Onboarding, Recruitment, Performance Management, Training, Conflict Resolution. This is a remote contract position focused on delivering high-quality business work."
Mid-level Business Analyst,Business,Data Analysis; SQL; Documentation; Requirements Gathering; Stakeholder Management; UML,Mid-level,"Contract · Remote. We are hiring a Mid-level Business Analyst for our Startup team. The ideal candidate has 3-6 years of experience and is proficient in Data Analysis, SQL, Documentation, Requirements Gathering, Stakeholder Management, UML. This is a remote contract position focused on delivering high-quality business work."
Intern Financial Analyst,Business,Accounting; Reporting; Valuation; Analytics; Forecasting,Intern,"Contract · Hybrid. We are hiring a Intern Financial Analyst for our SaaS team. The ideal candidate has 0-1 years of experience and is proficient in Accounting, Reporting, Valuation, Analytics, Forecasting. This is a hybrid contract position focused on delivering high-quality business work."
Principal Operations Manager,Business,Analytics; Leadership; Communication; Vendor Management; Six Sigma; Lean,Principal,"Full-time · Hybrid. We are hiring a Principal Operations Manager for our Enterprise team. The ideal candidate has 12-20 years of experience and is proficient in Analytics, Leadership, Communication, Vendor Management, Six Sigma, Lean. This is a hybrid full-time position focused on delivering high-quality business work."
Principal Business Analyst,Business,Data Analysis; SQL; Requirements Gathering; Documentation; UML; Agile,Principal,"Full-time · On-site. We are hiring a Principal Business Analyst for our SaaS team. The ideal candidate has 12-20 years of experience and is proficient in Data Analysis, SQL, Requirements Gathering, Documentation, UML, Agile. This is a on-site full-time position focused on delivering high-quality business work."
Lead Sales Engineer,Business,Solution Design; Customer Success; Technical Sales; Communication; Negotiation,Lead,"Contract · Hybrid. We are hiring a Lead Sales Engineer for our E-commerce team. The ideal candidate has 8-14 years of experience and is proficient in Solution Design, Customer Success, Technical Sales, Communication, Negotiation. This is a hybrid contract position focused on delivering high-quality business work."
Intern Business Analyst,Business,Data Analysis; Stakeholder Management; Process Modeling; Documentation; SQL; Agile; Communication,Intern,"Contract · Hybrid. We are hiring a Intern Business Analyst for our E-commerce team. The ideal candidate has 0-1 years of experience and is proficient in Data Analysis, Stakeholder Management, Process Modeling, Documentation, SQL, Agile, Communication. This is a hybrid contract position focused on delivering high-quality business work."
Junior Business Analyst,Business,UML; SQL; Requirements Gathering; Data Analysis; Stakeholder Management; Agile; Documentation,Junior,"Internship · Remote. We are hiring a Junior Business Analyst for our Gaming team. The ideal candidate has 1-3 years of experience and is proficient in UML, SQL, Requirements Gathering, Data Analysis, Stakeholder Management, Agile, Documentation. This is a remote internship position focused on delivering high-quality business work."
Senior HR Specialist,Business,Communication; Performance Management; HRIS; Compliance; Onboarding; Conflict Resolution,Senior,"Contract · On-site. We are hiring a Senior HR Specialist for our E-commerce team. The ideal candidate has 6-10 years of experience and is proficient in Communication, Performance Management, HRIS, Compliance, Onboarding, Conflict Resolution. This is a on-site contract position focused on delivering high-quality business work."
Lead Operations Manager,Business,Vendor Management; Analytics; Process Improvement; Communication; Lean; Six Sigma,Lead,"Contract · Hybrid. We are hiring a Lead Operations Manager for our Fintech team. The ideal candidate has 8-14 years of experience and is proficient in Vendor Management, Analytics, Process Improvement, Communication, Lean, Six Sigma. This is a hybrid contract position focused on delivering high-quality business work."
Junior Operations Manager,Business,Six Sigma; Communication; Lean; Leadership; Operations Management; Supply Chain; Analytics,Junior,"Contract · Hybrid. We are hiring a Junior Operations Manager for our Fintech team. The ideal candidate has 1-3 years of experience and is proficient in Six Sigma, Communication, Lean, Leadership, Operations Management, Supply Chain, Analytics. This is a hybrid contract position focused on delivering high-quality business work."
Junior Sales Engineer,Business,APIs; Customer Success; Cloud; CRM; Product Demos; Solution Design; Communication,Junior,"Contract · On-site. We are hiring a Junior Sales Engineer for our Startup team. The ideal candidate has 1-3 years of experience and is proficient in APIs, Customer Success, Cloud, CRM, Product Demos, Solution Design, Communication. This is a on-site contract position focused on delivering high-quality business work."
Mid-level Operations Manager,Business,Process Improvement; Vendor Management; Analytics; Leadership; Budgeting; Communication,Mid-level,"Full-time · Hybrid. We are hiring a Mid-level Operations Manager for our Gaming team. The ideal candidate has 3-6 years of experience and is proficient in Process Improvement, Vendor Management, Analytics, Leadership, Budgeting, Communication. This is a hybrid full-time position focused on delivering high-quality business work."
Intern HR Specialist,Business,HRIS; Performance Management; Conflict Resolution; Compliance; Payroll; Training,Intern,"Full-time · Hybrid. We are hiring a Intern HR Specialist for our Gaming team. The ideal candidate has 0-1 years of experience and is proficient in HRIS, Performance Management, Conflict Resolution, Compliance, Payroll, Training. This is a hybrid full-time position focused on delivering high-quality business work."
Mid-level Business Analyst,Business,Excel; Requirements Gathering; Documentation; SQL; Data Analysis,Mid-level,"Internship · On-site. We are hiring a Mid-level Business Analyst for our Fintech team. The ideal candidate has 3-6 years of experience and is proficient in Excel, Requirements Gathering, Documentation, SQL, Data Analysis. This is a on-site internship position focused on delivering high-quality business work."
Principal HR Specialist,Business,HRIS; Onboarding; Performance Management; Compliance; Recruitment; Communication,Principal,"Contract · Hybrid. We are hiring a Principal HR Specialist for our Fintech team. The ideal candidate has 12-20 years of experience and is proficient in HRIS, Onboarding, Performance Management, Compliance, Recruitment, Communication. This is a hybrid contract position focused on delivering high-quality business work."
Intern Operations Manager,Business,Supply Chain; Operations Management; Process Improvement; Analytics; Budgeting,Intern,"Full-time · Remote. We are hiring a Intern Operations Manager for our Enterprise team. The ideal candidate has 0-1 years of experience and is proficient in Supply Chain, Operations Management, Process Improvement, Analytics, Budgeting. This is a remote full-time position focused on delivering high-quality business work."
Principal Business Analyst,Business,UML; Requirements Gathering; Data Analysis; SQL; Documentation,Principal,"Contract · On-site. We are hiring a Principal Business Analyst for our Healthcare team. The ideal candidate has 12-20 years of experience and is proficient in UML, Requirements Gathering, Data Analysis, SQL, Documentation. This is a on-site contract position focused on delivering high-quality business work."
Lead Business Analyst,Business,Documentation; Excel; Stakeholder Management; SQL; UML,Lead,"Full-time · On-site. We are hiring a Lead Business Analyst for our Enterprise team. The ideal candidate has 8-14 years of experience and is proficient in Documentation, Excel, Stakeholder Management, SQL, UML. This is a on-site full-time position focused on delivering high-quality business work."
Intern Operations Manager,Business,Operations Management; Analytics; Leadership; Lean; Supply Chain,Intern,"Full-time · Remote. We are hiring a Intern Operations Manager for our Fintech team. The ideal candidate has 0-1 years of experience and is proficient in Operations Management, Analytics, Leadership, Lean, Supply Chain. This is a remote full-time position focused on delivering high-quality business work."
Senior Sales Engineer,Business,CRM; Presentations; Cloud; Negotiation; Customer Success,Senior,"Full-time · Remote. We are hiring a Senior Sales Engineer for our Healthcare team. The ideal candidate has 6-10 years of experience and is proficient in CRM, Presentations, Cloud, Negotiation, Customer Success. This is a remote full-time position focused on delivering high-quality business work."
Intern HR Specialist,Business,Performance Management; Training; Employee Relations; Conflict Resolution; Payroll; Onboarding; Communication,Intern,"Contract · Hybrid. We are hiring a Intern HR Specialist for our Healthcare team. The ideal candidate has 0-1 years of experience and is proficient in Performance Management, Training, Employee Relations, Conflict Resolution, Payroll, Onboarding, Communication. This is a hybrid contract position focused on delivering high-quality business work."
Intern Operations Manager,Business,Leadership; Process Improvement; Vendor Management; Supply Chain; Analytics; Budgeting; Lean,Intern,"Internship · On-site. We are hiring a Intern Operations Manager for our Gaming team. The ideal candidate has 0-1 years of experience and is proficient in Leadership, Process Improvement, Vendor Management, Supply Chain, Analytics, Budgeting, Lean. This is a on-site internship position focused on delivering high-quality business work."
Senior HR Specialist,Business,Communication; Employee Relations; Recruitment; Conflict Resolution; Payroll; Compliance; Onboarding,Senior,"Full-time · On-site. We are hiring a Senior HR Specialist for our Fintech team. The ideal candidate has 6-10 years of experience and is proficient in Communication, Employee Relations, Recruitment, Conflict Resolution, Payroll, Compliance, Onboarding. This is a on-site full-time position focused on delivering high-quality business work."
Junior HR Specialist,Business,Payroll; HRIS; Compliance; Performance Management; Training,Junior,"Internship · On-site. We are hiring a Junior HR Specialist for our Healthcare team. The ideal candidate has 1-3 years of experience and is proficient in Payroll, HRIS, Compliance, Performance Management, Training. This is a on-site internship position focused on delivering high-quality business work."
Principal Sales Engineer,Business,Product Demos; Presentations; CRM; APIs; Communication; Technical Sales; Cloud,Principal,"Contract · On-site. We are hiring a Principal Sales Engineer for our Gaming team. The ideal candidate has 12-20 years of experience and is proficient in Product Demos, Presentations, CRM, APIs, Communication, Technical Sales, Cloud. This is a on-site contract position focused on delivering high-quality business work."
Intern HR Specialist,Business,Communication; Training; Performance Management; Compliance; Payroll; Recruitment,Intern,"Full-time · On-site. We are hiring a Intern HR Specialist for our EdTech team. The ideal candidate has 0-1 years of experience and is proficient in Communication, Training, Performance Management, Compliance, Payroll, Recruitment. This is a on-site full-time position focused on delivering high-quality business work."
Principal Financial Analyst,Business,SQL; Budgeting; Forecasting; Reporting; Accounting; Financial Modeling; Valuation,Principal,"Internship · Remote. We are hiring a Principal Financial Analyst for our Enterprise team. The ideal candidate has 12-20 years of experience and is proficient in SQL, Budgeting, Forecasting, Reporting, Accounting, Financial Modeling, Valuation. This is a remote internship position focused on delivering high-quality business work."
Junior HR Specialist,Business,Communication; Payroll; Recruitment; Compliance; HRIS; Performance Management; Onboarding,Junior,"Internship · Hybrid. We are hiring a Junior HR Specialist for our Healthcare team. The ideal candidate has 1-3 years of experience and is proficient in Communication, Payroll, Recruitment, Compliance, HRIS, Performance Management, Onboarding. This is a hybrid internship position focused on delivering high-quality business work."
Principal Operations Manager,Business,Operations Management; Supply Chain; Process Improvement; Six Sigma; Communication,Principal,"Internship · Remote. We are hiring a Principal Operations Manager for our EdTech team. The ideal candidate has 12-20 years of experience and is proficient in Operations Management, Supply Chain, Process Improvement, Six Sigma, Communication. This is a remote internship position focused on delivering high-quality business work."
Senior Financial Analyst,Business,Accounting; Financial Modeling; Excel; Power BI; Reporting,Senior,"Internship · On-site. We are hiring a Senior Financial Analyst for our Gaming team. The ideal candidate has 6-10 years of experience and is proficient in Accounting, Financial Modeling, Excel, Power BI, Reporting. This is a on-site internship position focused on delivering high-quality business work."
Intern HR Specialist,Business,Payroll; HRIS; Recruitment; Performance Management; Compliance,Intern,"Full-time · Hybrid. We are hiring a Intern HR Specialist for our SaaS team. The ideal candidate has 0-1 years of experience and is proficient in Payroll, HRIS, Recruitment, Performance Management, Compliance. This is a hybrid full-time position focused on delivering high-quality business work."
Senior Operations Manager,Business,Lean; Vendor Management; Budgeting; Leadership; Six Sigma; Operations Management; Process Improvement,Senior,"Internship · On-site. We are hiring a Senior Operations Manager for our Healthcare team. The ideal candidate has 6-10 years of experience and is proficient in Lean, Vendor Management, Budgeting, Leadership, Six Sigma, Operations Management, Process Improvement. This is a on-site internship position focused on delivering high-quality business work."
Intern Business Analyst,Business,Documentation; Communication; Process Modeling; Requirements Gathering; UML,Intern,"Internship · Hybrid. We are hiring a Intern Business Analyst for our Healthcare team. The ideal candidate has 0-1 years of experience and is proficient in Documentation, Communication, Process Modeling, Requirements Gathering, UML. This is a hybrid internship position focused on delivering high-quality business work."
Principal HR Specialist,Business,Training; Conflict Resolution; Communication; Payroll; Compliance; HRIS; Performance Management,Principal,"Contract · Remote. We are hiring a Principal HR Specialist for our Gaming team. The ideal candidate has 12-20 years of experience and is proficient in Training, Conflict Resolution, Communication, Payroll, Compliance, HRIS, Performance Management. This is a remote contract position focused on delivering high-quality business work."
Intern Business Analyst,Business,Requirements Gathering; Excel; Data Analysis; Stakeholder Management; Communication; SQL,Intern,"Internship · On-site. We are hiring a Intern Business Analyst for our Healthcare team. The ideal candidate has 0-1 years of experience and is proficient in Requirements Gathering, Excel, Data Analysis, Stakeholder Management, Communication, SQL. This is a on-site internship position focused on delivering high-quality business work."
Intern Operations Manager,Business,Leadership; Process Improvement; Lean; Budgeting; Communication; Six Sigma,Intern,"Full-time · Hybrid. We are hiring a Intern Operations Manager for our Fintech team. The ideal candidate has 0-1 years of experience and is proficient in Leadership, Process Improvement, Lean, Budgeting, Communication, Six Sigma. This is a hybrid full-time position focused on delivering high-quality business work."
Senior HR Specialist,Business,Compliance; Payroll; HRIS; Onboarding; Training; Performance Management; Employee Relations,Senior,"Internship · Hybrid. We are hiring a Senior HR Specialist for our Enterprise team. The ideal candidate has 6-10 years of experience and is proficient in Compliance, Payroll, HRIS, Onboarding, Training, Performance Management, Employee Relations. This is a hybrid internship position focused on delivering high-quality business work."
Intern Operations Manager,Business,Vendor Management; Supply Chain; Budgeting; Six Sigma; Communication,Intern,"Contract · Remote. We are hiring a Intern Operations Manager for our Fintech team. The ideal candidate has 0-1 years of experience and is proficient in Vendor Management, Supply Chain, Budgeting, Six Sigma, Communication. This is a remote contract position focused on delivering high-quality business work."
Intern Operations Manager,Business,Budgeting; Leadership; Process Improvement; Communication; Vendor Management; Supply Chain; Analytics,Intern,"Internship · On-site. We are hiring a Intern Operations Manager for our Enterprise team. The ideal candidate has 0-1 years of experience and is proficient in Budgeting, Leadership, Process Improvement, Communication, Vendor Management, Supply Chain, Analytics. This is a on-site internship position focused on delivering high-quality business work."
Mid-level Financial Analyst,Business,Financial Modeling; Reporting; Power BI; Analytics; Forecasting,Mid-level,"Full-time · On-site. We are hiring a Mid-level Financial Analyst for our Enterprise team. The ideal candidate has 3-6 years of experience and is proficient in Financial Modeling, Reporting, Power BI, Analytics, Forecasting. This is a on-site full-time position focused on delivering high-quality business work."
Intern HR Specialist,Business,Communication; Recruitment; Performance Management; Onboarding; Compliance; Conflict Resolution; Training,Intern,"Internship · On-site. We are hiring a Intern HR Specialist for our Enterprise team. The ideal candidate has 0-1 years of experience and is proficient in Communication, Recruitment, Performance Management, Onboarding, Compliance, Conflict Resolution, Training. This is a on-site internship position focused on delivering high-quality business work."
Lead Operations Manager,Business,Lean; Vendor Management; Supply Chain; Operations Management; Leadership,Lead,"Contract · On-site. We are hiring a Lead Operations Manager for our Fintech team. The ideal candidate has 8-14 years of experience and is proficient in Lean, Vendor Management, Supply Chain, Operations Management, Leadership. This is a on-site contract position focused on delivering high-quality business work."
Intern Financial Analyst,Business,Valuation; Analytics; Budgeting; Financial Modeling; Power BI,Intern,"Internship · Remote. We are hiring a Intern Financial Analyst for our E-commerce team. The ideal candidate has 0-1 years of experience and is proficient in Valuation, Analytics, Budgeting, Financial Modeling, Power BI. This is a remote internship position focused on delivering high-quality business work."
Intern Operations Manager,Business,Analytics; Budgeting; Vendor Management; Communication; Supply Chain,Intern,"Full-time · Remote. We are hiring a Intern Operations Manager for our E-commerce team. The ideal candidate has 0-1 years of experience and is proficient in Analytics, Budgeting, Vendor Management, Communication, Supply Chain. This is a remote full-time position focused on delivering high-quality business work."
Mid-level Sales Engineer,Business,Customer Success; CRM; Communication; Solution Design; Cloud,Mid-level,"Contract · Hybrid. We are hiring a Mid-level Sales Engineer for our Enterprise team. The ideal candidate has 3-6 years of experience and is proficient in Customer Success, CRM, Communication, Solution Design, Cloud. This is a hybrid contract position focused on delivering high-quality business work."
Principal Business Analyst,Business,Process Modeling; Agile; UML; Data Analysis; Requirements Gathering; Excel,Principal,"Internship · Hybrid. We are hiring a Principal Business Analyst for our EdTech team. The ideal candidate has 12-20 years of experience and is proficient in Process Modeling, Agile, UML, Data Analysis, Requirements Gathering, Excel. This is a hybrid internship position focused on delivering high-quality business work."
Junior HR Specialist,Business,Performance Management; Payroll; Employee Relations; HRIS; Onboarding; Conflict Resolution; Training,Junior,"Contract · On-site. We are hiring a Junior HR Specialist for our SaaS team. The ideal candidate has 1-3 years of experience and is proficient in Performance Management, Payroll, Employee Relations, HRIS, Onboarding, Conflict Resolution, Training. This is a on-site contract position focused on delivering high-quality business work."
Intern Business Analyst,Business,Excel; SQL; Communication; UML; Data Analysis; Documentation,Intern,"Contract · Hybrid. We are hiring a Intern Business Analyst for our Enterprise team. The ideal candidate has 0-1 years of experience and is proficient in Excel, SQL, Communication, UML, Data Analysis, Documentation. This is a hybrid contract position focused on delivering high-quality business work."
Lead Operations Manager,Business,Process Improvement; Lean; Communication; Budgeting; Leadership,Lead,"Contract · On-site. We are hiring a Lead Operations Manager for our Enterprise team. The ideal candidate has 8-14 years of experience and is proficient in Process Improvement, Lean, Communication, Budgeting, Leadership. This is a on-site contract position focused on delivering high-quality business work."
Intern Operations Manager,Business,Budgeting; Lean; Operations Management; Six Sigma; Communication; Vendor Management; Analytics,Intern,"Internship · Hybrid. We are hiring a Intern Operations Manager for our SaaS team. The ideal candidate has 0-1 years of experience and is proficient in Budgeting, Lean, Operations Management, Six Sigma, Communication, Vendor Management, Analytics. This is a hybrid internship position focused on delivering high-quality business work."
Mid-level HR Specialist,Business,Performance Management; HRIS; Employee Relations; Conflict Resolution; Compliance; Payroll; Onboarding,Mid-level,"Internship · Hybrid. We are hiring a Mid-level HR Specialist for our Fintech team. The ideal candidate has 3-6 years of experience and is proficient in Performance Management, HRIS, Employee Relations, Conflict Resolution, Compliance, Payroll, Onboarding. This is a hybrid internship position focused on delivering high-quality business work."
Lead Operations Manager,Business,Leadership; Operations Management; Supply Chain; Six Sigma; Vendor Management; Communication; Budgeting,Lead,"Full-time · Remote. We are hiring a Lead Operations Manager for our Gaming team. The ideal candidate has 8-14 years of experience and is proficient in Leadership, Operations Management, Supply Chain, Six Sigma, Vendor Management, Communication, Budgeting. This is a remote full-time position focused on delivering high-quality business work."
Junior Financial Analyst,Business,Reporting; Excel; Analytics; Valuation; SQL; Financial Modeling,Junior,"Internship · Hybrid. We are hiring a Junior Financial Analyst for our Startup team. The ideal candidate has 1-3 years of experience and is proficient in Reporting, Excel, Analytics, Valuation, SQL, Financial Modeling. This is a hybrid internship position focused on delivering high-quality business work."
Lead Sales Engineer,Business,Solution Design; CRM; Communication; Negotiation; Cloud; APIs,Lead,"Internship · Remote. We are hiring a Lead Sales Engineer for our Healthcare team. The ideal candidate has 8-14 years of experience and is proficient in Solution Design, CRM, Communication, Negotiation, Cloud, APIs. This is a remote internship position focused on delivering high-quality business work."
Junior Operations Manager,Business,Supply Chain; Six Sigma; Communication; Process Improvement; Vendor Management; Leadership,Junior,"Internship · On-site. We are hiring a Junior Operations Manager for our Gaming team. The ideal candidate has 1-3 years of experience and is proficient in Supply Chain, Six Sigma, Communication, Process Improvement, Vendor Management, Leadership. This is a on-site internship position focused on delivering high-quality business work."
Junior Sales Engineer,Business,Cloud; CRM; Presentations; Negotiation; APIs,Junior,"Internship · Remote. We are hiring a Junior Sales Engineer for our EdTech team. The ideal candidate has 1-3 years of experience and is proficient in Cloud, CRM, Presentations, Negotiation, APIs. This is a remote internship position focused on delivering high-quality business work."
Lead HR Specialist,Business,Performance Management; Training; Conflict Resolution; Compliance; Employee Relations,Lead,"Internship · Remote. We are hiring a Lead HR Specialist for our Startup team. The ideal candidate has 8-14 years of experience and is proficient in Performance Management, Training, Conflict Resolution, Compliance, Employee Relations. This is a remote internship position focused on delivering high-quality business work."
Junior Business Analyst,Business,SQL; Agile; Excel; Stakeholder Management; Requirements Gathering; Data Analysis; Documentation,Junior,"Contract · On-site. We are hiring a Junior Business Analyst for our E-commerce team. The ideal candidate has 1-3 years of experience and is proficient in SQL, Agile, Excel, Stakeholder Management, Requirements Gathering, Data Analysis, Documentation. This is a on-site contract position focused on delivering high-quality business work."
Principal HR Specialist,Business,HRIS; Payroll; Onboarding; Training; Performance Management; Communication; Employee Relations,Principal,"Full-time · Remote. We are hiring a Principal HR Specialist for our EdTech team. The ideal candidate has 12-20 years of experience and is proficient in HRIS, Payroll, Onboarding, Training, Performance Management, Communication, Employee Relations. This is a remote full-time position focused on delivering high-quality business work."
Intern Business Analyst,Business,Requirements Gathering; Data Analysis; Process Modeling; Agile; Documentation; Communication; SQL,Intern,"Internship · Hybrid. We are hiring a Intern Business Analyst for our Gaming team. The ideal candidate has 0-1 years of experience and is proficient in Requirements Gathering, Data Analysis, Process Modeling, Agile, Documentation, Communication, SQL. This is a hybrid internship position focused on delivering high-quality business work."
Mid-level HR Specialist,Business,Onboarding; Communication; Payroll; Recruitment; Conflict Resolution,Mid-level,"Contract · Hybrid. We are hiring a Mid-level HR Specialist for our Enterprise team. The ideal candidate has 3-6 years of experience and is proficient in Onboarding, Communication, Payroll, Recruitment, Conflict Resolution. This is a hybrid contract position focused on delivering high-quality business work."
Principal Business Analyst,Business,Agile; Stakeholder Management; UML; Data Analysis; Documentation,Principal,"Internship · Remote. We are hiring a Principal Business Analyst for our EdTech team. The ideal candidate has 12-20 years of experience and is proficient in Agile, Stakeholder Management, UML, Data Analysis, Documentation. This is a remote internship position focused on delivering high-quality business work."
Junior Operations Manager,Business,Analytics; Six Sigma; Communication; Budgeting; Vendor Management; Leadership; Process Improvement,Junior,"Full-time · On-site. We are hiring a Junior Operations Manager for our Enterprise team. The ideal candidate has 1-3 years of experience and is proficient in Analytics, Six Sigma, Communication, Budgeting, Vendor Management, Leadership, Process Improvement. This is a on-site full-time position focused on delivering high-quality business work."
Lead Operations Manager,Business,Communication; Supply Chain; Analytics; Six Sigma; Lean; Vendor Management; Leadership,Lead,"Full-time · Hybrid. We are hiring a Lead Operations Manager for our Startup team. The ideal candidate has 8-14 years of experience and is proficient in Communication, Supply Chain, Analytics, Six Sigma, Lean, Vendor Management, Leadership. This is a hybrid full-time position focused on delivering high-quality business work."
Junior Sales Engineer,Business,Communication; Solution Design; Presentations; APIs; Technical Sales; CRM; Product Demos,Junior,"Internship · Remote. We are hiring a Junior Sales Engineer for our Healthcare team. The ideal candidate has 1-3 years of experience and is proficient in Communication, Solution Design, Presentations, APIs, Technical Sales, CRM, Product Demos. This is a remote internship position focused on delivering high-quality business work."
Senior Business Analyst,Business,Data Analysis; Excel; Agile; Requirements Gathering; Communication; Stakeholder Management; Process Modeling,Senior,"Contract · Hybrid. We are hiring a Senior Business Analyst for our EdTech team. The ideal candidate has 6-10 years of experience and is proficient in Data Analysis, Excel, Agile, Requirements Gathering, Communication, Stakeholder Management, Process Modeling. This is a hybrid contract position focused on delivering high-quality business work."
Junior HR Specialist,Business,Recruitment; Training; Employee Relations; HRIS; Payroll; Conflict Resolution; Communication,Junior,"Internship · On-site. We are hiring a Junior HR Specialist for our E-commerce team. The ideal candidate has 1-3 years of experience and is proficient in Recruitment, Training, Employee Relations, HRIS, Payroll, Conflict Resolution, Communication. This is a on-site internship position focused on delivering high-quality business work."
Intern HR Specialist,Business,Communication; Onboarding; Payroll; Performance Management; Compliance; Employee Relations,Intern,"Contract · Remote. We are hiring a Intern HR Specialist for our Fintech team. The ideal candidate has 0-1 years of experience and is proficient in Communication, Onboarding, Payroll, Performance Management, Compliance, Employee Relations. This is a remote contract position focused on delivering high-quality business work."
Mid-level Operations Manager,Business,Communication; Budgeting; Leadership; Vendor Management; Process Improvement,Mid-level,"Internship · Remote. We are hiring a Mid-level Operations Manager for our Startup team. The ideal candidate has 3-6 years of experience and is proficient in Communication, Budgeting, Leadership, Vendor Management, Process Improvement. This is a remote internship position focused on delivering high-quality business work."
Mid-level Operations Manager,Business,Vendor Management; Communication; Operations Management; Process Improvement; Supply Chain; Lean; Budgeting,Mid-level,"Internship · On-site. We are hiring a Mid-level Operations Manager for our Gaming team. The ideal candidate has 3-6 years of experience and is proficient in Vendor Management, Communication, Operations Management, Process Improvement, Supply Chain, Lean, Budgeting. This is a on-site internship position focused on delivering high-quality business work."
Lead Business Analyst,Business,SQL; UML; Process Modeling; Documentation; Requirements Gathering,Lead,"Full-time · Hybrid. We are hiring a Lead Business Analyst for our Fintech team. The ideal candidate has 8-14 years of experience and is proficient in SQL, UML, Process Modeling, Documentation, Requirements Gathering. This is a hybrid full-time position focused on delivering high-quality business work."
Senior HR Specialist,Business,Training; Compliance; Employee Relations; Communication; Recruitment; Payroll,Senior,"Full-time · Remote. We are hiring a Senior HR Specialist for our Fintech team. The ideal candidate has 6-10 years of experience and is proficient in Training, Compliance, Employee Relations, Communication, Recruitment, Payroll. This is a remote full-time position focused on delivering high-quality business work."
Lead Business Analyst,Business,Documentation; Communication; Requirements Gathering; Agile; Stakeholder Management; UML; Process Modeling,Lead,"Internship · On-site. We are hiring a Lead Business Analyst for our Healthcare team. The ideal candidate has 8-14 years of experience and is proficient in Documentation, Communication, Requirements Gathering, Agile, Stakeholder Management, UML, Process Modeling. This is a on-site internship position focused on delivering high-quality business work."
Junior Operations Manager,Business,Process Improvement; Vendor Management; Analytics; Lean; Operations Management; Communication; Leadership,Junior,"Full-time · Remote. We are hiring a Junior Operations Manager for our Fintech team. The ideal candidate has 1-3 years of experience and is proficient in Process Improvement, Vendor Management, Analytics, Lean, Operations Management, Communication, Leadership. This is a remote full-time position focused on delivering high-quality business work."
Mid-level Business Analyst,Business,Excel; Documentation; Agile; Process Modeling; UML; Communication,Mid-level,"Contract · Remote. We are hiring a Mid-level Business Analyst for our SaaS team. The ideal candidate has 3-6 years of experience and is proficient in Excel, Documentation, Agile, Process Modeling, UML, Communication. This is a remote contract position focused on delivering high-quality business work."
Lead Sales Engineer,Business,Cloud; CRM; Communication; Negotiation; Technical Sales; Product Demos,Lead,"Full-time · Remote. We are hiring a Lead Sales Engineer for our Enterprise team. The ideal candidate has 8-14 years of experience and is proficient in Cloud, CRM, Communication, Negotiation, Technical Sales, Product Demos. This is a remote full-time position focused on delivering high-quality business work."
Mid-level HR Specialist,Business,Onboarding; Employee Relations; Conflict Resolution; Communication; Training,Mid-level,"Contract · Remote. We are hiring a Mid-level HR Specialist for our Gaming team. The ideal candidate has 3-6 years of experience and is proficient in Onboarding, Employee Relations, Conflict Resolution, Communication, Training. This is a remote contract position focused on delivering high-quality business work."
Mid-level HR Specialist,Business,Employee Relations; Performance Management; Conflict Resolution; Compliance; Training; Recruitment; Communication,Mid-level,"Full-time · Remote. We are hiring a Mid-level HR Specialist for our EdTech team. The ideal candidate has 3-6 years of experience and is proficient in Employee Relations, Performance Management, Conflict Resolution, Compliance, Training, Recruitment, Communication. This is a remote full-time position focused on delivering high-quality business work."
Principal HR Specialist,Business,Payroll; Conflict Resolution; HRIS; Employee Relations; Training,Principal,"Contract · Remote. We are hiring a Principal HR Specialist for our Healthcare team. The ideal candidate has 12-20 years of experience and is proficient in Payroll, Conflict Resolution, HRIS, Employee Relations, Training. This is a remote contract position focused on delivering high-quality business work."
Lead Operations Manager,Business,Leadership; Communication; Lean; Process Improvement; Budgeting; Analytics; Supply Chain,Lead,"Contract · Hybrid. We are hiring a Lead Operations Manager for our SaaS team. The ideal candidate has 8-14 years of experience and is proficient in Leadership, Communication, Lean, Process Improvement, Budgeting, Analytics, Supply Chain. This is a hybrid contract position focused on delivering high-quality business work."
Intern Business Analyst,Business,Agile; SQL; Requirements Gathering; Communication; Process Modeling; UML; Documentation,Intern,"Internship · On-site. We are hiring a Intern Business Analyst for our Fintech team. The ideal candidate has 0-1 years of experience and is proficient in Agile, SQL, Requirements Gathering, Communication, Process Modeling, UML, Documentation. This is a on-site internship position focused on delivering high-quality business work."
Principal HR Specialist,Business,HRIS; Performance Management; Employee Relations; Training; Payroll,Principal,"Contract · Hybrid. We are hiring a Principal HR Specialist for our Gaming team. The ideal candidate has 12-20 years of experience and is proficient in HRIS, Performance Management, Employee Relations, Training, Payroll. This is a hybrid contract position focused on delivering high-quality business work."
Intern HR Specialist,Business,Payroll; Recruitment; Employee Relations; Onboarding; Training; Compliance; Communication,Intern,"Contract · Hybrid. We are hiring a Intern HR Specialist for our EdTech team. The ideal candidate has 0-1 years of experience and is proficient in Payroll, Recruitment, Employee Relations, Onboarding, Training, Compliance, Communication. This is a hybrid contract position focused on delivering high-quality business work."
Junior Sales Engineer,Business,Solution Design; APIs; Technical Sales; Negotiation; Customer Success; Presentations; Communication,Junior,"Internship · On-site. We are hiring a Junior Sales Engineer for our Gaming team. The ideal candidate has 1-3 years of experience and is proficient in Solution Design, APIs, Technical Sales, Negotiation, Customer Success, Presentations, Communication. This is a on-site internship position focused on delivering high-quality business work."
Intern Sales Engineer,Business,Presentations; Solution Design; APIs; Communication; Technical Sales; Customer Success; CRM,Intern,"Full-time · Remote. We are hiring a Intern Sales Engineer for our Startup team. The ideal candidate has 0-1 years of experience and is proficient in Presentations, Solution Design, APIs, Communication, Technical Sales, Customer Success, CRM. This is a remote full-time position focused on delivering high-quality business work."
Senior Business Analyst,Business,Data Analysis; Communication; Documentation; Stakeholder Management; Requirements Gathering; Excel,Senior,"Contract · On-site. We are hiring a Senior Business Analyst for our EdTech team. The ideal candidate has 6-10 years of experience and is proficient in Data Analysis, Communication, Documentation, Stakeholder Management, Requirements Gathering, Excel. This is a on-site contract position focused on delivering high-quality business work."
Senior HR Specialist,Business,Payroll; Communication; Performance Management; Conflict Resolution; Training; Recruitment,Senior,"Contract · Hybrid. We are hiring a Senior HR Specialist for our Enterprise team. The ideal candidate has 6-10 years of experience and is proficient in Payroll, Communication, Performance Management, Conflict Resolution, Training, Recruitment. This is a hybrid contract position focused on delivering high-quality business work."
Intern Operations Manager,Business,Leadership; Vendor Management; Operations Management; Lean; Budgeting; Analytics,Intern,"Full-time · On-site. We are hiring a Intern Operations Manager for our EdTech team. The ideal candidate has 0-1 years of experience and is proficient in Leadership, Vendor Management, Operations Management, Lean, Budgeting, Analytics. This is a on-site full-time position focused on delivering high-quality business work."
Junior Operations Manager,Business,Budgeting; Process Improvement; Analytics; Operations Management; Six Sigma; Vendor Management,Junior,"Full-time · On-site. We are hiring a Junior Operations Manager for our EdTech team. The ideal candidate has 1-3 years of experience and is proficient in Budgeting, Process Improvement, Analytics, Operations Management, Six Sigma, Vendor Management. This is a on-site full-time position focused on delivering high-quality business work."
Principal Financial Analyst,Business,Power BI; Financial Modeling; Accounting; Reporting; Budgeting,Principal,"Full-time · Hybrid. We are hiring a Principal Financial Analyst for our Enterprise team. The ideal candidate has 12-20 years of experience and is proficient in Power BI, Financial Modeling, Accounting, Reporting, Budgeting. This is a hybrid full-time position focused on delivering high-quality business work."
Mid-level Operations Manager,Business,Operations Management; Communication; Supply Chain; Budgeting; Process Improvement; Analytics,Mid-level,"Full-time · Remote. We are hiring a Mid-level Operations Manager for our EdTech team. The ideal candidate has 3-6 years of experience and is proficient in Operations Management, Communication, Supply Chain, Budgeting, Process Improvement, Analytics. This is a remote full-time position focused on delivering high-quality business work."
Lead Sales Engineer,Business,Negotiation; Solution Design; CRM; APIs; Technical Sales; Product Demos,Lead,"Internship · Remote. We are hiring a Lead Sales Engineer for our Gaming team. The ideal candidate has 8-14 years of experience and is proficient in Negotiation, Solution Design, CRM, APIs, Technical Sales, Product Demos. This is a remote internship position focused on delivering high-quality business work."
Principal Operations Manager,Business,Lean; Six Sigma; Budgeting; Communication; Vendor Management,Principal,"Contract · Remote. We are hiring a Principal Operations Manager for our Enterprise team. The ideal candidate has 12-20 years of experience and is proficient in Lean, Six Sigma, Budgeting, Communication, Vendor Management. This is a remote contract position focused on delivering high-quality business work."
Intern HR Specialist,Business,Compliance; Payroll; HRIS; Conflict Resolution; Communication; Employee Relations; Performance Management,Intern,"Full-time · On-site. We are hiring a Intern HR Specialist for our Enterprise team. The ideal candidate has 0-1 years of experience and is proficient in Compliance, Payroll, HRIS, Conflict Resolution, Communication, Employee Relations, Performance Management. This is a on-site full-time position focused on delivering high-quality business work."
Lead Business Analyst,Business,UML; Excel; Documentation; Requirements Gathering; Communication,Lead,"Full-time · Remote. We are hiring a Lead Business Analyst for our Enterprise team. The ideal candidate has 8-14 years of experience and is proficient in UML, Excel, Documentation, Requirements Gathering, Communication. This is a remote full-time position focused on delivering high-quality business work."
Intern Operations Manager,Business,Leadership; Supply Chain; Communication; Process Improvement; Budgeting; Vendor Management; Operations Management,Intern,"Contract · Hybrid. We are hiring a Intern Operations Manager for our Healthcare team. The ideal candidate has 0-1 years of experience and is proficient in Leadership, Supply Chain, Communication, Process Improvement, Budgeting, Vendor Management, Operations Management. This is a hybrid contract position focused on delivering high-quality business work."
Lead Sales Engineer,Business,CRM; Negotiation; Product Demos; Communication; Customer Success,Lead,"Full-time · Hybrid. We are hiring a Lead Sales Engineer for our EdTech team. The ideal candidate has 8-14 years of experience and is proficient in CRM, Negotiation, Product Demos, Communication, Customer Success. This is a hybrid full-time position focused on delivering high-quality business work."
Senior Financial Analyst,Business,Forecasting; Power BI; Excel; Reporting; SQL; Budgeting; Valuation,Senior,"Full-time · Hybrid. We are hiring a Senior Financial Analyst for our Gaming team. The ideal candidate has 6-10 years of experience and is proficient in Forecasting, Power BI, Excel, Reporting, SQL, Budgeting, Valuation. This is a hybrid full-time position focused on delivering high-quality business work."
Intern Business Analyst,Business,Requirements Gathering; Data Analysis; Communication; Process Modeling; Documentation; Excel; SQL,Intern,"Internship · Hybrid. We are hiring a Intern Business Analyst for our E-commerce team. The ideal candidate has 0-1 years of experience and is proficient in Requirements Gathering, Data Analysis, Communication, Process Modeling, Documentation, Excel, SQL. This is a hybrid internship position focused on delivering high-quality business work."
Intern Financial Analyst,Business,Valuation; Excel; Analytics; Accounting; SQL,Intern,"Contract · Remote. We are hiring a Intern Financial Analyst for our E-commerce team. The ideal candidate has 0-1 years of experience and is proficient in Valuation, Excel, Analytics, Accounting, SQL. This is a remote contract position focused on delivering high-quality business work."
Junior Business Analyst,Business,Communication; Data Analysis; Process Modeling; Excel; UML,Junior,"Internship · Hybrid. We are hiring a Junior Business Analyst for our Startup team. The ideal candidate has 1-3 years of experience and is proficient in Communication, Data Analysis, Process Modeling, Excel, UML. This is a hybrid internship position focused on delivering high-quality business work."
Principal Financial Analyst,Business,Analytics; Accounting; Financial Modeling; SQL; Excel; Valuation; Power BI,Principal,"Full-time · Remote. We are hiring a Principal Financial Analyst for our Gaming team. The ideal candidate has 12-20 years of experience and is proficient in Analytics, Accounting, Financial Modeling, SQL, Excel, Valuation, Power BI. This is a remote full-time position focused on delivering high-quality business work."
Principal Business Analyst,Business,Requirements Gathering; Agile; Process Modeling; SQL; Communication,Principal,"Internship · On-site. We are hiring a Principal Business Analyst for our EdTech team. The ideal candidate has 12-20 years of experience and is proficient in Requirements Gathering, Agile, Process Modeling, SQL, Communication. This is a on-site internship position focused on delivering high-quality business work."
Junior HR Specialist,Business,Recruitment; Payroll; Performance Management; Employee Relations; Conflict Resolution; Compliance; Onboarding,Junior,"Contract · Remote. We are hiring a Junior HR Specialist for our Startup team. The ideal candidate has 1-3 years of experience and is proficient in Recruitment, Payroll, Performance Management, Employee Relations, Conflict Resolution, Compliance, Onboarding. This is a remote contract position focused on delivering high-quality business work."
Intern Business Analyst,Business,SQL; UML; Data Analysis; Communication; Agile; Process Modeling; Requirements Gathering,Intern,"Full-time · Remote. We are hiring a Intern Business Analyst for our Enterprise team. The ideal candidate has 0-1 years of experience and is proficient in SQL, UML, Data Analysis, Communication, Agile, Process Modeling, Requirements Gathering. This is a remote full-time position focused on delivering high-quality business work."
Mid-level Operations Manager,Business,Budgeting; Supply Chain; Process Improvement; Vendor Management; Lean; Analytics; Leadership,Mid-level,"Full-time · Hybrid. We are hiring a Mid-level Operations Manager for our SaaS team. The ideal candidate has 3-6 years of experience and is proficient in Budgeting, Supply Chain, Process Improvement, Vendor Management, Lean, Analytics, Leadership. This is a hybrid full-time position focused on delivering high-quality business work."
Junior Business Analyst,Business,Stakeholder Management; Documentation; Process Modeling; Requirements Gathering; Data Analysis; UML; Communication,Junior,"Contract · Hybrid. We are hiring a Junior Business Analyst for our E-commerce team. The ideal candidate has 1-3 years of experience and is proficient in Stakeholder Management, Documentation, Process Modeling, Requirements Gathering, Data Analysis, UML, Communication. This is a hybrid contract position focused on delivering high-quality business work."
Principal Operations Manager,Business,Budgeting; Analytics; Communication; Six Sigma; Supply Chain; Process Improvement; Operations Management,Principal,"Internship · Hybrid. We are hiring a Principal Operations Manager for our Startup team. The ideal candidate has 12-20 years of experience and is proficient in Budgeting, Analytics, Communication, Six Sigma, Supply Chain, Process Improvement, Operations Management. This is a hybrid internship position focused on delivering high-quality business work."
Senior Business Analyst,Business,SQL; Documentation; Data Analysis; Communication; UML; Process Modeling; Requirements Gathering,Senior,"Internship · Remote. We are hiring a Senior Business Analyst for our Fintech team. The ideal candidate has 6-10 years of experience and is proficient in SQL, Documentation, Data Analysis, Communication, UML, Process Modeling, Requirements Gathering. This is a remote internship position focused on delivering high-quality business work."
Principal Sales Engineer,Business,Technical Sales; Customer Success; Negotiation; Communication; CRM; Cloud,Principal,"Contract · On-site. We are hiring a Principal Sales Engineer for our Fintech team. The ideal candidate has 12-20 years of experience and is proficient in Technical Sales, Customer Success, Negotiation, Communication, CRM, Cloud. This is a on-site contract position focused on delivering high-quality business work."
Intern Sales Engineer,Business,CRM; Communication; Presentations; Cloud; Product Demos,Intern,"Full-time · On-site. We are hiring a Intern Sales Engineer for our E-commerce team. The ideal candidate has 0-1 years of experience and is proficient in CRM, Communication, Presentations, Cloud, Product Demos. This is a on-site full-time position focused on delivering high-quality business work."
Lead Sales Engineer,Business,Customer Success; Negotiation; CRM; Presentations; Communication,Lead,"Contract · On-site. We are hiring a Lead Sales Engineer for our Fintech team. The ideal candidate has 8-14 years of experience and is proficient in Customer Success, Negotiation, CRM, Presentations, Communication. This is a on-site contract position focused on delivering high-quality business work."
Mid-level HR Specialist,Business,Communication; Training; Recruitment; HRIS; Compliance,Mid-level,"Full-time · On-site. We are hiring a Mid-level HR Specialist for our Startup team. The ideal candidate has 3-6 years of experience and is proficient in Communication, Training, Recruitment, HRIS, Compliance. This is a on-site full-time position focused on delivering high-quality business work."
Junior Sales Engineer,Business,Solution Design; Cloud; Negotiation; Product Demos; Communication; CRM,Junior,"Contract · On-site. We are hiring a Junior Sales Engineer for our Healthcare team. The ideal candidate has 1-3 years of experience and is proficient in Solution Design, Cloud, Negotiation, Product Demos, Communication, CRM. This is a on-site contract position focused on delivering high-quality business work."
Junior Business Analyst,Business,Excel; Agile; Data Analysis; Documentation; Requirements Gathering; Stakeholder Management,Junior,"Internship · On-site. We are hiring a Junior Business Analyst for our Startup team. The ideal candidate has 1-3 years of experience and is proficient in Excel, Agile, Data Analysis, Documentation, Requirements Gathering, Stakeholder Management. This is a on-site internship position focused on delivering high-quality business work."
Principal HR Specialist,Business,Compliance; HRIS; Recruitment; Training; Performance Management; Payroll,Principal,"Internship · On-site. We are hiring a Principal HR Specialist for our E-commerce team. The ideal candidate has 12-20 years of experience and is proficient in Compliance, HRIS, Recruitment, Training, Performance Management, Payroll. This is a on-site internship position focused on delivering high-quality business work."
Principal Financial Analyst,Business,SQL; Financial Modeling; Reporting; Power BI; Valuation,Principal,"Contract · Remote. We are hiring a Principal Financial Analyst for our Healthcare team. The ideal candidate has 12-20 years of experience and is proficient in SQL, Financial Modeling, Reporting, Power BI, Valuation. This is a remote contract position focused on delivering high-quality business work."
Senior Business Analyst,Business,Communication; Agile; UML; Requirements Gathering; Excel; Documentation; Process Modeling,Senior,"Internship · Hybrid. We are hiring a Senior Business Analyst for our Gaming team. The ideal candidate has 6-10 years of experience and is proficient in Communication, Agile, UML, Requirements Gathering, Excel, Documentation, Process Modeling. This is a hybrid internship position focused on delivering high-quality business work."
Mid-level Business Analyst,Business,Data Analysis; Communication; Requirements Gathering; Documentation; Excel,Mid-level,"Full-time · Hybrid. We are hiring a Mid-level Business Analyst for our SaaS team. The ideal candidate has 3-6 years of experience and is proficient in Data Analysis, Communication, Requirements Gathering, Documentation, Excel. This is a hybrid full-time position focused on delivering high-quality business work."
Senior Operations Manager,Business,Analytics; Process Improvement; Leadership; Operations Management; Six Sigma; Budgeting; Supply Chain,Senior,"Full-time · Hybrid. We are hiring a Senior Operations Manager for our EdTech team. The ideal candidate has 6-10 years of experience and is proficient in Analytics, Process Improvement, Leadership, Operations Management, Six Sigma, Budgeting, Supply Chain. This is a hybrid full-time position focused on delivering high-quality business work."
Junior Business Analyst,Business,SQL; Excel; UML; Communication; Requirements Gathering,Junior,"Full-time · Hybrid. We are hiring a Junior Business Analyst for our Healthcare team. The ideal candidate has 1-3 years of experience and is proficient in SQL, Excel, UML, Communication, Requirements Gathering. This is a hybrid full-time position focused on delivering high-quality business work."
Intern Operations Manager,Business,Analytics; Leadership; Supply Chain; Process Improvement; Budgeting; Operations Management; Vendor Management,Intern,"Full-time · Hybrid. We are hiring a Intern Operations Manager for our Gaming team. The ideal candidate has 0-1 years of experience and is proficient in Analytics, Leadership, Supply Chain, Process Improvement, Budgeting, Operations Management, Vendor Management. This is a hybrid full-time position focused on delivering high-quality business work."
Senior Financial Analyst,Business,Excel; Forecasting; SQL; Accounting; Analytics; Reporting; Financial Modeling,Senior,"Full-time · On-site. We are hiring a Senior Financial Analyst for our Startup team. The ideal candidate has 6-10 years of experience and is proficient in Excel, Forecasting, SQL, Accounting, Analytics, Reporting, Financial Modeling. This is a on-site full-time position focused on delivering high-quality business work."
Principal Financial Analyst,Business,Excel; Financial Modeling; Accounting; Analytics; Valuation,Principal,"Contract · On-site. We are hiring a Principal Financial Analyst for our Fintech team. The ideal candidate has 12-20 years of experience and is proficient in Excel, Financial Modeling, Accounting, Analytics, Valuation. This is a on-site contract position focused on delivering high-quality business work."
Lead Operations Manager,Business,Budgeting; Leadership; Analytics; Lean; Supply Chain,Lead,"Internship · Remote. We are hiring a Lead Operations Manager for our Enterprise team. The ideal candidate has 8-14 years of experience and is proficient in Budgeting, Leadership, Analytics, Lean, Supply Chain. This is a remote internship position focused on delivering high-quality business work."
Mid-level Financial Analyst,Business,Power BI; Valuation; Reporting; SQL; Excel,Mid-level,"Internship · Remote. We are hiring a Mid-level Financial Analyst for our Startup team. The ideal candidate has 3-6 years of experience and is proficient in Power BI, Valuation, Reporting, SQL, Excel. This is a remote internship position focused on delivering high-quality business work."
Senior Operations Manager,Business,Analytics; Leadership; Operations Management; Process Improvement; Supply Chain,Senior,"Internship · On-site. We are hiring a Senior Operations Manager for our SaaS team. The ideal candidate has 6-10 years of experience and is proficient in Analytics, Leadership, Operations Management, Process Improvement, Supply Chain. This is a on-site internship position focused on delivering high-quality business work."
Intern Business Analyst,Business,Excel; Process Modeling; Data Analysis; Stakeholder Management; Communication; UML; Agile,Intern,"Full-time · Hybrid. We are hiring a Intern Business Analyst for our SaaS team. The ideal candidate has 0-1 years of experience and is proficient in Excel, Process Modeling, Data Analysis, Stakeholder Management, Communication, UML, Agile. This is a hybrid full-time position focused on delivering high-quality business work."
Principal Financial Analyst,Business,Valuation; SQL; Budgeting; Reporting; Forecasting,Principal,"Full-time · Hybrid. We are hiring a Principal Financial Analyst for our SaaS team. The ideal candidate has 12-20 years of experience and is proficient in Valuation, SQL, Budgeting, Reporting, Forecasting. This is a hybrid full-time position focused on delivering high-quality business work."
Intern Operations Manager,Business,Lean; Leadership; Operations Management; Vendor Management; Six Sigma; Process Improvement; Budgeting,Intern,"Internship · Hybrid. We are hiring a Intern Operations Manager for our Enterprise team. The ideal candidate has 0-1 years of experience and is proficient in Lean, Leadership, Operations Management, Vendor Management, Six Sigma, Process Improvement, Budgeting. This is a hybrid internship position focused on delivering high-quality business work."
Intern HR Specialist,Business,Compliance; HRIS; Onboarding; Conflict Resolution; Training,Intern,"Internship · On-site. We are hiring a Intern HR Specialist for our EdTech team. The ideal candidate has 0-1 years of experience and is proficient in Compliance, HRIS, Onboarding, Conflict Resolution, Training. This is a on-site internship position focused on delivering high-quality business work."
Senior Operations Manager,Business,Leadership; Process Improvement; Operations Management; Six Sigma; Communication,Senior,"Full-time · Remote. We are hiring a Senior Operations Manager for our Fintech team. The ideal candidate has 6-10 years of experience and is proficient in Leadership, Process Improvement, Operations Management, Six Sigma, Communication. This is a remote full-time position focused on delivering high-quality business work."
Junior Financial Analyst,Business,Forecasting; Accounting; Financial Modeling; Power BI; Reporting; Excel,Junior,"Contract · Hybrid. We are hiring a Junior Financial Analyst for our Enterprise team. The ideal candidate has 1-3 years of experience and is proficient in Forecasting, Accounting, Financial Modeling, Power BI, Reporting, Excel. This is a hybrid contract position focused on delivering high-quality business work."
Senior Business Analyst,Business,Agile; Stakeholder Management; UML; SQL; Communication,Senior,"Full-time · Remote. We are hiring a Senior Business Analyst for our Enterprise team. The ideal candidate has 6-10 years of experience and is proficient in Agile, Stakeholder Management, UML, SQL, Communication. This is a remote full-time position focused on delivering high-quality business work."
Intern Sales Engineer,Business,Technical Sales; Cloud; Customer Success; Solution Design; Product Demos; CRM; Presentations,Intern,"Internship · On-site. We are hiring a Intern Sales Engineer for our Enterprise team. The ideal candidate has 0-1 years of experience and is proficient in Technical Sales, Cloud, Customer Success, Solution Design, Product Demos, CRM, Presentations. This is a on-site internship position focused on delivering high-quality business work."
Principal Financial Analyst,Business,Reporting; Valuation; Financial Modeling; SQL; Budgeting; Analytics,Principal,"Internship · Hybrid. We are hiring a Principal Financial Analyst for our Healthcare team. The ideal candidate has 12-20 years of experience and is proficient in Reporting, Valuation, Financial Modeling, SQL, Budgeting, Analytics. This is a hybrid internship position focused on delivering high-quality business work."
Intern Financial Analyst,Business,Reporting; Excel; Accounting; SQL; Financial Modeling; Budgeting; Analytics,Intern,"Internship · Hybrid. We are hiring a Intern Financial Analyst for our Fintech team. The ideal candidate has 0-1 years of experience and is proficient in Reporting, Excel, Accounting, SQL, Financial Modeling, Budgeting, Analytics. This is a hybrid internship position focused on delivering high-quality business work."
Mid-level HR Specialist,Business,Compliance; HRIS; Payroll; Training; Communication; Conflict Resolution; Performance Management,Mid-level,"Internship · On-site. We are hiring a Mid-level HR Specialist for our Gaming team. The ideal candidate has 3-6 years of experience and is proficient in Compliance, HRIS, Payroll, Training, Communication, Conflict Resolution, Performance Management. This is a on-site internship position focused on delivering high-quality business work."
Lead Financial Analyst,Business,Valuation; SQL; Budgeting; Reporting; Analytics; Accounting,Lead,"Contract · Remote. We are hiring a Lead Financial Analyst for our Startup team. The ideal candidate has 8-14 years of experience and is proficient in Valuation, SQL, Budgeting, Reporting, Analytics, Accounting. This is a remote contract position focused on delivering high-quality business work."
Mid-level Financial Analyst,Business,Financial Modeling; Valuation; Reporting; SQL; Budgeting,Mid-level,"Contract · On-site. We are hiring a Mid-level Financial Analyst for our Gaming team. The ideal candidate has 3-6 years of experience and is proficient in Financial Modeling, Valuation, Reporting, SQL, Budgeting. This is a on-site contract position focused on delivering high-quality business work."
Principal Sales Engineer,Business,Product Demos; Communication; Cloud; CRM; Technical Sales; Solution Design; Customer Success,Principal,"Internship · Hybrid. We are hiring a Principal Sales Engineer for our Gaming team. The ideal candidate has 12-20 years of experience and is proficient in Product Demos, Communication, Cloud, CRM, Technical Sales, Solution Design, Customer Success. This is a hybrid internship position focused on delivering high-quality business work."
Mid-level HR Specialist,Business,Employee Relations; Compliance; Communication; Conflict Resolution; Payroll; Performance Management; Training,Mid-level,"Internship · Remote. We are hiring a Mid-level HR Specialist for our SaaS team. The ideal candidate has 3-6 years of experience and is proficient in Employee Relations, Compliance, Communication, Conflict Resolution, Payroll, Performance Management, Training. This is a remote internship position focused on delivering high-quality business work."
Intern Business Analyst,Business,Agile; Process Modeling; Excel; Stakeholder Management; UML; SQL; Communication,Intern,"Full-time · On-site. We are hiring a Intern Business Analyst for our Healthcare team. The ideal candidate has 0-1 years of experience and is proficient in Agile, Process Modeling, Excel, Stakeholder Management, UML, SQL, Communication. This is a on-site full-time position focused on delivering high-quality business work."
Intern Sales Engineer,Business,Presentations; Cloud; Solution Design; APIs; Product Demos,Intern,"Full-time · Hybrid. We are hiring a Intern Sales Engineer for our Startup team. The ideal candidate has 0-1 years of experience and is proficient in Presentations, Cloud, Solution Design, APIs, Product Demos. This is a hybrid full-time position focused on delivering high-quality business work."
Senior Financial Analyst,Business,Budgeting; Excel; Valuation; Forecasting; Power BI; Reporting; Financial Modeling,Senior,"Internship · Remote. We are hiring a Senior Financial Analyst for our Enterprise team. The ideal candidate has 6-10 years of experience and is proficient in Budgeting, Excel, Valuation, Forecasting, Power BI, Reporting, Financial Modeling. This is a remote internship position focused on delivering high-quality business work."
Intern Operations Manager,Business,Process Improvement; Vendor Management; Supply Chain; Six Sigma; Leadership; Communication; Budgeting,Intern,"Contract · On-site. We are hiring a Intern Operations Manager for our E-commerce team. The ideal candidate has 0-1 years of experience and is proficient in Process Improvement, Vendor Management, Supply Chain, Six Sigma, Leadership, Communication, Budgeting. This is a on-site contract position focused on delivering high-quality business work."
Senior Financial Analyst,Business,Accounting; SQL; Power BI; Excel; Reporting; Valuation; Budgeting,Senior,"Internship · Remote. We are hiring a Senior Financial Analyst for our Startup team. The ideal candidate has 6-10 years of experience and is proficient in Accounting, SQL, Power BI, Excel, Reporting, Valuation, Budgeting. This is a remote internship position focused on delivering high-quality business work."
Mid-level Financial Analyst,Business,SQL; Analytics; Reporting; Excel; Valuation; Power BI; Forecasting,Mid-level,"Contract · Remote. We are hiring a Mid-level Financial Analyst for our Gaming team. The ideal candidate has 3-6 years of experience and is proficient in SQL, Analytics, Reporting, Excel, Valuation, Power BI, Forecasting. This is a remote contract position focused on delivering high-quality business work."
Intern Operations Manager,Business,Leadership; Supply Chain; Process Improvement; Budgeting; Vendor Management; Six Sigma,Intern,"Internship · Remote. We are hiring a Intern Operations Manager for our Healthcare team. The ideal candidate has 0-1 years of experience and is proficient in Leadership, Supply Chain, Process Improvement, Budgeting, Vendor Management, Six Sigma. This is a remote internship position focused on delivering high-quality business work."
Principal Business Analyst,Business,SQL; Data Analysis; Communication; UML; Excel; Requirements Gathering,Principal,"Full-time · Hybrid. We are hiring a Principal Business Analyst for our Fintech team. The ideal candidate has 12-20 years of experience and is proficient in SQL, Data Analysis, Communication, UML, Excel, Requirements Gathering. This is a hybrid full-time position focused on delivering high-quality business work."
Mid-level Business Analyst,Business,Excel; Communication; Data Analysis; Documentation; SQL; Requirements Gathering,Mid-level,"Contract · Hybrid. We are hiring a Mid-level Business Analyst for our SaaS team. The ideal candidate has 3-6 years of experience and is proficient in Excel, Communication, Data Analysis, Documentation, SQL, Requirements Gathering. This is a hybrid contract position focused on delivering high-quality business work."
Lead Business Analyst,Business,UML; Excel; Agile; Stakeholder Management; Requirements Gathering,Lead,"Full-time · On-site. We are hiring a Lead Business Analyst for our E-commerce team. The ideal candidate has 8-14 years of experience and is proficient in UML, Excel, Agile, Stakeholder Management, Requirements Gathering. This is a on-site full-time position focused on delivering high-quality business work."
Lead Financial Analyst,Business,Valuation; Budgeting; Forecasting; SQL; Financial Modeling,Lead,"Internship · Remote. We are hiring a Lead Financial Analyst for our Healthcare team. The ideal candidate has 8-14 years of experience and is proficient in Valuation, Budgeting, Forecasting, SQL, Financial Modeling. This is a remote internship position focused on delivering high-quality business work."
Principal Sales Engineer,Business,Customer Success; Solution Design; CRM; Cloud; Product Demos; Presentations,Principal,"Internship · On-site. We are hiring a Principal Sales Engineer for our Gaming team. The ideal candidate has 12-20 years of experience and is proficient in Customer Success, Solution Design, CRM, Cloud, Product Demos, Presentations. This is a on-site internship position focused on delivering high-quality business work."
Senior HR Specialist,Business,Compliance; HRIS; Employee Relations; Recruitment; Performance Management; Payroll; Conflict Resolution,Senior,"Contract · Remote. We are hiring a Senior HR Specialist for our Fintech team. The ideal candidate has 6-10 years of experience and is proficient in Compliance, HRIS, Employee Relations, Recruitment, Performance Management, Payroll, Conflict Resolution. This is a remote contract position focused on delivering high-quality business work."
Junior Operations Manager,Business,Process Improvement; Vendor Management; Lean; Operations Management; Supply Chain,Junior,"Contract · Remote. We are hiring a Junior Operations Manager for our E-commerce team. The ideal candidate has 1-3 years of experience and is proficient in Process Improvement, Vendor Management, Lean, Operations Management, Supply Chain. This is a remote contract position focused on delivering high-quality business work."
Senior Financial Analyst,Business,Budgeting; Forecasting; Excel; SQL; Reporting; Power BI,Senior,"Full-time · Remote. We are hiring a Senior Financial Analyst for our SaaS team. The ideal candidate has 6-10 years of experience and is proficient in Budgeting, Forecasting, Excel, SQL, Reporting, Power BI. This is a remote full-time position focused on delivering high-quality business work."
Principal Sales Engineer,Business,Cloud; Solution Design; CRM; Negotiation; Product Demos; Communication; Customer Success,Principal,"Full-time · Remote. We are hiring a Principal Sales Engineer for our Healthcare team. The ideal candidate has 12-20 years of experience and is proficient in Cloud, Solution Design, CRM, Negotiation, Product Demos, Communication, Customer Success. This is a remote full-time position focused on delivering high-quality business work."
Intern HR Specialist,Business,Communication; Compliance; Recruitment; Payroll; HRIS; Employee Relations,Intern,"Contract · On-site. We are hiring a Intern HR Specialist for our Fintech team. The ideal candidate has 0-1 years of experience and is proficient in Communication, Compliance, Recruitment, Payroll, HRIS, Employee Relations. This is a on-site contract position focused on delivering high-quality business work."
Mid-level Operations Manager,Business,Leadership; Budgeting; Six Sigma; Supply Chain; Operations Management; Process Improvement,Mid-level,"Full-time · On-site. We are hiring a Mid-level Operations Manager for our E-commerce team. The ideal candidate has 3-6 years of experience and is proficient in Leadership, Budgeting, Six Sigma, Supply Chain, Operations Management, Process Improvement. This is a on-site full-time position focused on delivering high-quality business work."
Lead Operations Manager,Business,Analytics; Lean; Six Sigma; Supply Chain; Process Improvement; Operations Management,Lead,"Contract · Hybrid. We are hiring a Lead Operations Manager for our Gaming team. The ideal candidate has 8-14 years of experience and is proficient in Analytics, Lean, Six Sigma, Supply Chain, Process Improvement, Operations Management. This is a hybrid contract position focused on delivering high-quality business work."
Mid-level Financial Analyst,Business,Forecasting; Accounting; Financial Modeling; Budgeting; Power BI; Excel; SQL,Mid-level,"Full-time · On-site. We are hiring a Mid-level Financial Analyst for our E-commerce team. The ideal candidate has 3-6 years of experience and is proficient in Forecasting, Accounting, Financial Modeling, Budgeting, Power BI, Excel, SQL. This is a on-site full-time position focused on delivering high-quality business work."
Mid-level Financial Analyst,Business,Reporting; SQL; Budgeting; Accounting; Forecasting,Mid-level,"Contract · On-site. We are hiring a Mid-level Financial Analyst for our EdTech team. The ideal candidate has 3-6 years of experience and is proficient in Reporting, SQL, Budgeting, Accounting, Forecasting. This is a on-site contract position focused on delivering high-quality business work."
Junior Business Analyst,Business,Data Analysis; Requirements Gathering; Excel; Agile; Stakeholder Management; Communication; Documentation,Junior,"Internship · Hybrid. We are hiring a Junior Business Analyst for our Gaming team. The ideal candidate has 1-3 years of experience and is proficient in Data Analysis, Requirements Gathering, Excel, Agile, Stakeholder Management, Communication, Documentation. This is a hybrid internship position focused on delivering high-quality business work."
Mid-level Business Analyst,Business,Agile; Excel; Process Modeling; Requirements Gathering; UML,Mid-level,"Full-time · Remote. We are hiring a Mid-level Business Analyst for our Fintech team. The ideal candidate has 3-6 years of experience and is proficient in Agile, Excel, Process Modeling, Requirements Gathering, UML. This is a remote full-time position focused on delivering high-quality business work."
Principal Financial Analyst,Business,Analytics; Forecasting; SQL; Financial Modeling; Accounting; Valuation; Excel,Principal,"Contract · On-site. We are hiring a Principal Financial Analyst for our Enterprise team. The ideal candidate has 12-20 years of experience and is proficient in Analytics, Forecasting, SQL, Financial Modeling, Accounting, Valuation, Excel. This is a on-site contract position focused on delivering high-quality business work."
Principal HR Specialist,Business,Payroll; Compliance; Onboarding; Training; Conflict Resolution; Recruitment,Principal,"Internship · Remote. We are hiring a Principal HR Specialist for our Enterprise team. The ideal candidate has 12-20 years of experience and is proficient in Payroll, Compliance, Onboarding, Training, Conflict Resolution, Recruitment. This is a remote internship position focused on delivering high-quality business work."
Intern Financial Analyst,Business,Reporting; Accounting; Budgeting; Power BI; Financial Modeling,Intern,"Internship · Hybrid. We are hiring a Intern Financial Analyst for our Healthcare team. The ideal candidate has 0-1 years of experience and is proficient in Reporting, Accounting, Budgeting, Power BI, Financial Modeling. This is a hybrid internship position focused on delivering high-quality business work."
Mid-level Business Analyst,Business,SQL; Process Modeling; Stakeholder Management; Agile; Documentation; Excel; Data Analysis,Mid-level,"Full-time · Remote. We are hiring a Mid-level Business Analyst for our Gaming team. The ideal candidate has 3-6 years of experience and is proficient in SQL, Process Modeling, Stakeholder Management, Agile, Documentation, Excel, Data Analysis. This is a remote full-time position focused on delivering high-quality business work."
Principal Operations Manager,Business,Leadership; Communication; Process Improvement; Budgeting; Six Sigma,Principal,"Full-time · Remote. We are hiring a Principal Operations Manager for our EdTech team. The ideal candidate has 12-20 years of experience and is proficient in Leadership, Communication, Process Improvement, Budgeting, Six Sigma. This is a remote full-time position focused on delivering high-quality business work."
Intern Financial Analyst,Business,Accounting; Budgeting; Reporting; Power BI; Financial Modeling; SQL,Intern,"Internship · Hybrid. We are hiring a Intern Financial Analyst for our E-commerce team. The ideal candidate has 0-1 years of experience and is proficient in Accounting, Budgeting, Reporting, Power BI, Financial Modeling, SQL. This is a hybrid internship position focused on delivering high-quality business work."
Mid-level Financial Analyst,Business,Excel; Analytics; Financial Modeling; SQL; Reporting; Valuation,Mid-level,"Internship · On-site. We are hiring a Mid-level Financial Analyst for our Enterprise team. The ideal candidate has 3-6 years of experience and is proficient in Excel, Analytics, Financial Modeling, SQL, Reporting, Valuation. This is a on-site internship position focused on delivering high-quality business work."
Lead Business Analyst,Business,UML; Stakeholder Management; Documentation; Process Modeling; Excel,Lead,"Full-time · Hybrid. We are hiring a Lead Business Analyst for our Healthcare team. The ideal candidate has 8-14 years of experience and is proficient in UML, Stakeholder Management, Documentation, Process Modeling, Excel. This is a hybrid full-time position focused on delivering high-quality business work."
Intern Business Analyst,Business,Excel; Data Analysis; SQL; Process Modeling; Communication; Requirements Gathering; UML,Intern,"Full-time · Remote. We are hiring a Intern Business Analyst for our Gaming team. The ideal candidate has 0-1 years of experience and is proficient in Excel, Data Analysis, SQL, Process Modeling, Communication, Requirements Gathering, UML. This is a remote full-time position focused on delivering high-quality business work."
Intern Financial Analyst,Business,Excel; Forecasting; Power BI; Budgeting; Financial Modeling; Valuation,Intern,"Contract · Remote. We are hiring a Intern Financial Analyst for our EdTech team. The ideal candidate has 0-1 years of experience and is proficient in Excel, Forecasting, Power BI, Budgeting, Financial Modeling, Valuation. This is a remote contract position focused on delivering high-quality business work."
Mid-level Business Analyst,Business,Requirements Gathering; Data Analysis; Stakeholder Management; Communication; Documentation; UML; SQL,Mid-level,"Contract · Remote. We are hiring a Mid-level Business Analyst for our Gaming team. The ideal candidate has 3-6 years of experience and is proficient in Requirements Gathering, Data Analysis, Stakeholder Management, Communication, Documentation, UML, SQL. This is a remote contract position focused on delivering high-quality business work."
Intern HR Specialist,Business,Performance Management; Compliance; Onboarding; Training; HRIS; Conflict Resolution; Employee Relations,Intern,"Internship · On-site. We are hiring a Intern HR Specialist for our Fintech team. The ideal candidate has 0-1 years of experience and is proficient in Performance Management, Compliance, Onboarding, Training, HRIS, Conflict Resolution, Employee Relations. This is a on-site internship position focused on delivering high-quality business work."
Junior HR Specialist,Business,HRIS; Onboarding; Performance Management; Compliance; Training,Junior,"Internship · On-site. We are hiring a Junior HR Specialist for our SaaS team. The ideal candidate has 1-3 years of experience and is proficient in HRIS, Onboarding, Performance Management, Compliance, Training. This is a on-site internship position focused on delivering high-quality business work."
Senior Operations Manager,Business,Analytics; Leadership; Lean; Vendor Management; Six Sigma; Supply Chain; Communication,Senior,"Internship · On-site. We are hiring a Senior Operations Manager for our Startup team. The ideal candidate has 6-10 years of experience and is proficient in Analytics, Leadership, Lean, Vendor Management, Six Sigma, Supply Chain, Communication. This is a on-site internship position focused on delivering high-quality business work."
Senior Sales Engineer,Business,Product Demos; Solution Design; Customer Success; APIs; Presentations; Negotiation,Senior,"Internship · Hybrid. We are hiring a Senior Sales Engineer for our E-commerce team. The ideal candidate has 6-10 years of experience and is proficient in Product Demos, Solution Design, Customer Success, APIs, Presentations, Negotiation. This is a hybrid internship position focused on delivering high-quality business work."
Junior HR Specialist,Business,Performance Management; Employee Relations; Conflict Resolution; Payroll; Training,Junior,"Internship · Hybrid. We are hiring a Junior HR Specialist for our SaaS team. The ideal candidate has 1-3 years of experience and is proficient in Performance Management, Employee Relations, Conflict Resolution, Payroll, Training. This is a hybrid internship position focused on delivering high-quality business work."
Lead Sales Engineer,Business,Product Demos; Technical Sales; Solution Design; Customer Success; CRM; APIs; Cloud,Lead,"Contract · Hybrid. We are hiring a Lead Sales Engineer for our Gaming team. The ideal candidate has 8-14 years of experience and is proficient in Product Demos, Technical Sales, Solution Design, Customer Success, CRM, APIs, Cloud. This is a hybrid contract position focused on delivering high-quality business work."
Senior HR Specialist,Business,Employee Relations; Communication; Performance Management; Onboarding; Payroll; HRIS,Senior,"Contract · Remote. We are hiring a Senior HR Specialist for our Startup team. The ideal candidate has 6-10 years of experience and is proficient in Employee Relations, Communication, Performance Management, Onboarding, Payroll, HRIS. This is a remote contract position focused on delivering high-quality business work."
Intern Sales Engineer,Business,CRM; Technical Sales; Negotiation; Product Demos; Customer Success,Intern,"Full-time · Remote. We are hiring a Intern Sales Engineer for our Healthcare team. The ideal candidate has 0-1 years of experience and is proficient in CRM, Technical Sales, Negotiation, Product Demos, Customer Success. This is a remote full-time position focused on delivering high-quality business work."
Principal HR Specialist,Business,Communication; Performance Management; Payroll; Conflict Resolution; Employee Relations,Principal,"Full-time · On-site. We are hiring a Principal HR Specialist for our Startup team. The ideal candidate has 12-20 years of experience and is proficient in Communication, Performance Management, Payroll, Conflict Resolution, Employee Relations. This is a on-site full-time position focused on delivering high-quality business work."
Senior Business Analyst,Business,UML; Requirements Gathering; Process Modeling; Excel; Agile; Documentation,Senior,"Full-time · Remote. We are hiring a Senior Business Analyst for our Healthcare team. The ideal candidate has 6-10 years of experience and is proficient in UML, Requirements Gathering, Process Modeling, Excel, Agile, Documentation. This is a remote full-time position focused on delivering high-quality business work."
Senior Sales Engineer,Business,Cloud; CRM; Customer Success; Technical Sales; Communication,Senior,"Internship · Hybrid. We are hiring a Senior Sales Engineer for our Fintech team. The ideal candidate has 6-10 years of experience and is proficient in Cloud, CRM, Customer Success, Technical Sales, Communication. This is a hybrid internship position focused on delivering high-quality business work."
Lead HR Specialist,Business,Communication; Conflict Resolution; Onboarding; Performance Management; Compliance; Recruitment,Lead,"Internship · Remote. We are hiring a Lead HR Specialist for our SaaS team. The ideal candidate has 8-14 years of experience and is proficient in Communication, Conflict Resolution, Onboarding, Performance Management, Compliance, Recruitment. This is a remote internship position focused on delivering high-quality business work."
Principal Sales Engineer,Business,Communication; Product Demos; CRM; Solution Design; Presentations,Principal,"Full-time · On-site. We are hiring a Principal Sales Engineer for our Fintech team. The ideal candidate has 12-20 years of experience and is proficient in Communication, Product Demos, CRM, Solution Design, Presentations. This is a on-site full-time position focused on delivering high-quality business work."
Junior Financial Analyst,Business,Valuation; SQL; Reporting; Excel; Accounting; Budgeting; Power BI,Junior,"Full-time · On-site. We are hiring a Junior Financial Analyst for our SaaS team. The ideal candidate has 1-3 years of experience and is proficient in Valuation, SQL, Reporting, Excel, Accounting, Budgeting, Power BI. This is a on-site full-time position focused on delivering high-quality business work."
Mid-level HR Specialist,Business,Conflict Resolution; Employee Relations; HRIS; Performance Management; Compliance,Mid-level,"Full-time · Remote. We are hiring a Mid-level HR Specialist for our Fintech team. The ideal candidate has 3-6 years of experience and is proficient in Conflict Resolution, Employee Relations, HRIS, Performance Management, Compliance. This is a remote full-time position focused on delivering high-quality business work."
Junior Sales Engineer,Business,Technical Sales; Solution Design; Communication; Customer Success; APIs; Presentations,Junior,"Full-time · Hybrid. We are hiring a Junior Sales Engineer for our SaaS team. The ideal candidate has 1-3 years of experience and is proficient in Technical Sales, Solution Design, Communication, Customer Success, APIs, Presentations. This is a hybrid full-time position focused on delivering high-quality business work."
Principal Operations Manager,Business,Supply Chain; Communication; Leadership; Six Sigma; Budgeting; Operations Management,Principal,"Contract · Remote. We are hiring a Principal Operations Manager for our E-commerce team. The ideal candidate has 12-20 years of experience and is proficient in Supply Chain, Communication, Leadership, Six Sigma, Budgeting, Operations Management. This is a remote contract position focused on delivering high-quality business work."
Lead Operations Manager,Business,Process Improvement; Budgeting; Vendor Management; Lean; Analytics; Six Sigma,Lead,"Contract · Remote. We are hiring a Lead Operations Manager for our Enterprise team. The ideal candidate has 8-14 years of experience and is proficient in Process Improvement, Budgeting, Vendor Management, Lean, Analytics, Six Sigma. This is a remote contract position focused on delivering high-quality business work."
Mid-level Financial Analyst,Business,Budgeting; Reporting; Valuation; Forecasting; Power BI; Financial Modeling,Mid-level,"Full-time · Hybrid. We are hiring a Mid-level Financial Analyst for our Gaming team. The ideal candidate has 3-6 years of experience and is proficient in Budgeting, Reporting, Valuation, Forecasting, Power BI, Financial Modeling. This is a hybrid full-time position focused on delivering high-quality business work."
Principal Sales Engineer,Business,Negotiation; CRM; Communication; Product Demos; Cloud,Principal,"Full-time · Remote. We are hiring a Principal Sales Engineer for our Fintech team. The ideal candidate has 12-20 years of experience and is proficient in Negotiation, CRM, Communication, Product Demos, Cloud. This is a remote full-time position focused on delivering high-quality business work."
Lead Sales Engineer,Business,Presentations; Customer Success; CRM; Solution Design; Cloud; Negotiation,Lead,"Contract · On-site. We are hiring a Lead Sales Engineer for our Startup team. The ideal candidate has 8-14 years of experience and is proficient in Presentations, Customer Success, CRM, Solution Design, Cloud, Negotiation. This is a on-site contract position focused on delivering high-quality business work."
Lead Financial Analyst,Business,SQL; Power BI; Budgeting; Forecasting; Excel; Accounting; Analytics,Lead,"Internship · On-site. We are hiring a Lead Financial Analyst for our Fintech team. The ideal candidate has 8-14 years of experience and is proficient in SQL, Power BI, Budgeting, Forecasting, Excel, Accounting, Analytics. This is a on-site internship position focused on delivering high-quality business work."
Principal Business Analyst,Business,SQL; Excel; Agile; Documentation; UML; Data Analysis; Stakeholder Management,Principal,"Contract · Hybrid. We are hiring a Principal Business Analyst for our EdTech team. The ideal candidate has 12-20 years of experience and is proficient in SQL, Excel, Agile, Documentation, UML, Data Analysis, Stakeholder Management. This is a hybrid contract position focused on delivering high-quality business work."
Mid-level Sales Engineer,Business,Solution Design; Presentations; Cloud; Communication; Technical Sales; CRM,Mid-level,"Full-time · On-site. We are hiring a Mid-level Sales Engineer for our EdTech team. The ideal candidate has 3-6 years of experience and is proficient in Solution Design, Presentations, Cloud, Communication, Technical Sales, CRM. This is a on-site full-time position focused on delivering high-quality business work."
Principal Financial Analyst,Business,Analytics; Forecasting; Valuation; SQL; Accounting; Excel; Budgeting,Principal,"Contract · Hybrid. We are hiring a Principal Financial Analyst for our Healthcare team. The ideal candidate has 12-20 years of experience and is proficient in Analytics, Forecasting, Valuation, SQL, Accounting, Excel, Budgeting. This is a hybrid contract position focused on delivering high-quality business work."
Senior Financial Analyst,Business,Budgeting; Accounting; Excel; Valuation; Financial Modeling; Reporting; Power BI,Senior,"Contract · Remote. We are hiring a Senior Financial Analyst for our EdTech team. The ideal candidate has 6-10 years of experience and is proficient in Budgeting, Accounting, Excel, Valuation, Financial Modeling, Reporting, Power BI. This is a remote contract position focused on delivering high-quality business work."
Principal Operations Manager,Business,Vendor Management; Budgeting; Operations Management; Communication; Six Sigma,Principal,"Contract · Hybrid. We are hiring a Principal Operations Manager for our EdTech team. The ideal candidate has 12-20 years of experience and is proficient in Vendor Management, Budgeting, Operations Management, Communication, Six Sigma. This is a hybrid contract position focused on delivering high-quality business work."
Principal HR Specialist,Business,Employee Relations; Communication; Compliance; Onboarding; HRIS,Principal,"Contract · Hybrid. We are hiring a Principal HR Specialist for our Healthcare team. The ideal candidate has 12-20 years of experience and is proficient in Employee Relations, Communication, Compliance, Onboarding, HRIS. This is a hybrid contract position focused on delivering high-quality business work."
Principal Sales Engineer,Business,CRM; Presentations; Product Demos; Cloud; Technical Sales; Negotiation,Principal,"Internship · Remote. We are hiring a Principal Sales Engineer for our Fintech team. The ideal candidate has 12-20 years of experience and is proficient in CRM, Presentations, Product Demos, Cloud, Technical Sales, Negotiation. This is a remote internship position focused on delivering high-quality business work."
Intern Business Analyst,Business,SQL; Excel; Stakeholder Management; Requirements Gathering; Data Analysis; Agile; Process Modeling,Intern,"Contract · Hybrid. We are hiring a Intern Business Analyst for our EdTech team. The ideal candidate has 0-1 years of experience and is proficient in SQL, Excel, Stakeholder Management, Requirements Gathering, Data Analysis, Agile, Process Modeling. This is a hybrid contract position focused on delivering high-quality business work."
Junior HR Specialist,Business,Recruitment; Compliance; Training; Conflict Resolution; HRIS; Employee Relations,Junior,"Contract · Hybrid. We are hiring a Junior HR Specialist for our Healthcare team. The ideal candidate has 1-3 years of experience and is proficient in Recruitment, Compliance, Training, Conflict Resolution, HRIS, Employee Relations. This is a hybrid contract position focused on delivering high-quality business work."
Lead HR Specialist,Business,Training; Communication; Performance Management; Onboarding; Payroll; Employee Relations,Lead,"Contract · On-site. We are hiring a Lead HR Specialist for our E-commerce team. The ideal candidate has 8-14 years of experience and is proficient in Training, Communication, Performance Management, Onboarding, Payroll, Employee Relations. This is a on-site contract position focused on delivering high-quality business work."
Senior HR Specialist,Business,Performance Management; Payroll; Onboarding; Communication; Conflict Resolution,Senior,"Internship · On-site. We are hiring a Senior HR Specialist for our Gaming team. The ideal candidate has 6-10 years of experience and is proficient in Performance Management, Payroll, Onboarding, Communication, Conflict Resolution. This is a on-site internship position focused on delivering high-quality business work."
Senior HR Specialist,Business,Conflict Resolution; Onboarding; Training; Employee Relations; HRIS; Compliance,Senior,"Internship · On-site. We are hiring a Senior HR Specialist for our EdTech team. The ideal candidate has 6-10 years of experience and is proficient in Conflict Resolution, Onboarding, Training, Employee Relations, HRIS, Compliance. This is a on-site internship position focused on delivering high-quality business work."
Senior Financial Analyst,Business,Accounting; Forecasting; Reporting; Budgeting; SQL,Senior,"Contract · Remote. We are hiring a Senior Financial Analyst for our Healthcare team. The ideal candidate has 6-10 years of experience and is proficient in Accounting, Forecasting, Reporting, Budgeting, SQL. This is a remote contract position focused on delivering high-quality business work."
Mid-level Business Analyst,Business,Excel; Stakeholder Management; Communication; Process Modeling; Agile,Mid-level,"Internship · Remote. We are hiring a Mid-level Business Analyst for our EdTech team. The ideal candidate has 3-6 years of experience and is proficient in Excel, Stakeholder Management, Communication, Process Modeling, Agile. This is a remote internship position focused on delivering high-quality business work."
Mid-level Financial Analyst,Business,Valuation; SQL; Excel; Forecasting; Accounting,Mid-level,"Full-time · Hybrid. We are hiring a Mid-level Financial Analyst for our EdTech team. The ideal candidate has 3-6 years of experience and is proficient in Valuation, SQL, Excel, Forecasting, Accounting. This is a hybrid full-time position focused on delivering high-quality business work."
Lead Operations Manager,Business,Supply Chain; Operations Management; Leadership; Six Sigma; Communication,Lead,"Full-time · Hybrid. We are hiring a Lead Operations Manager for our SaaS team. The ideal candidate has 8-14 years of experience and is proficient in Supply Chain, Operations Management, Leadership, Six Sigma, Communication. This is a hybrid full-time position focused on delivering high-quality business work."
Mid-level Operations Manager,Business,Six Sigma; Vendor Management; Communication; Budgeting; Process Improvement; Operations Management,Mid-level,"Internship · On-site. We are hiring a Mid-level Operations Manager for our Enterprise team. The ideal candidate has 3-6 years of experience and is proficient in Six Sigma, Vendor Management, Communication, Budgeting, Process Improvement, Operations Management. This is a on-site internship position focused on delivering high-quality business work."
Senior HR Specialist,Business,Onboarding; Performance Management; Communication; Employee Relations; Payroll; Compliance,Senior,"Internship · Remote. We are hiring a Senior HR Specialist for our Fintech team. The ideal candidate has 6-10 years of experience and is proficient in Onboarding, Performance Management, Communication, Employee Relations, Payroll, Compliance. This is a remote internship position focused on delivering high-quality business work."
Lead Sales Engineer,Business,CRM; Negotiation; Product Demos; Communication; Cloud; Technical Sales,Lead,"Internship · Hybrid. We are hiring a Lead Sales Engineer for our Enterprise team. The ideal candidate has 8-14 years of experience and is proficient in CRM, Negotiation, Product Demos, Communication, Cloud, Technical Sales. This is a hybrid internship position focused on delivering high-quality business work."
Mid-level Sales Engineer,Business,Presentations; APIs; Communication; Solution Design; Product Demos,Mid-level,"Internship · Hybrid. We are hiring a Mid-level Sales Engineer for our EdTech team. The ideal candidate has 3-6 years of experience and is proficient in Presentations, APIs, Communication, Solution Design, Product Demos. This is a hybrid internship position focused on delivering high-quality business work."
Mid-level Operations Manager,Business,Operations Management; Analytics; Leadership; Supply Chain; Six Sigma; Budgeting,Mid-level,"Contract · On-site. We are hiring a Mid-level Operations Manager for our Enterprise team. The ideal candidate has 3-6 years of experience and is proficient in Operations Management, Analytics, Leadership, Supply Chain, Six Sigma, Budgeting. This is a on-site contract position focused on delivering high-quality business work."
Principal HR Specialist,Business,Employee Relations; Compliance; Communication; Onboarding; Payroll; Training,Principal,"Contract · On-site. We are hiring a Principal HR Specialist for our Gaming team. The ideal candidate has 12-20 years of experience and is proficient in Employee Relations, Compliance, Communication, Onboarding, Payroll, Training. This is a on-site contract position focused on delivering high-quality business work."
Senior Financial Analyst,Business,Analytics; Reporting; SQL; Power BI; Forecasting,Senior,"Full-time · On-site. We are hiring a Senior Financial Analyst for our Gaming team. The ideal candidate has 6-10 years of experience and is proficient in Analytics, Reporting, SQL, Power BI, Forecasting. This is a on-site full-time position focused on delivering high-quality business work."
Intern Operations Manager,Business,Budgeting; Leadership; Vendor Management; Communication; Analytics; Operations Management,Intern,"Full-time · Remote. We are hiring a Intern Operations Manager for our Healthcare team. The ideal candidate has 0-1 years of experience and is proficient in Budgeting, Leadership, Vendor Management, Communication, Analytics, Operations Management. This is a remote full-time position focused on delivering high-quality business work."
Intern HR Specialist,Business,Payroll; Communication; Onboarding; Employee Relations; Performance Management,Intern,"Full-time · Hybrid. We are hiring a Intern HR Specialist for our EdTech team. The ideal candidate has 0-1 years of experience and is proficient in Payroll, Communication, Onboarding, Employee Relations, Performance Management. This is a hybrid full-time position focused on delivering high-quality business work."
Mid-level Operations Manager,Business,Budgeting; Analytics; Supply Chain; Leadership; Operations Management; Process Improvement; Six Sigma,Mid-level,"Full-time · On-site. We are hiring a Mid-level Operations Manager for our Gaming team. The ideal candidate has 3-6 years of experience and is proficient in Budgeting, Analytics, Supply Chain, Leadership, Operations Management, Process Improvement, Six Sigma. This is a on-site full-time position focused on delivering high-quality business work."
Junior Business Analyst,Business,Agile; Process Modeling; Stakeholder Management; Requirements Gathering; Communication; Documentation,Junior,"Full-time · On-site. We are hiring a Junior Business Analyst for our Gaming team. The ideal candidate has 1-3 years of experience and is proficient in Agile, Process Modeling, Stakeholder Management, Requirements Gathering, Communication, Documentation. This is a on-site full-time position focused on delivering high-quality business work."
Junior Financial Analyst,Business,Valuation; Budgeting; Accounting; Reporting; Analytics; Excel,Junior,"Internship · Remote. We are hiring a Junior Financial Analyst for our EdTech team. The ideal candidate has 1-3 years of experience and is proficient in Valuation, Budgeting, Accounting, Reporting, Analytics, Excel. This is a remote internship position focused on delivering high-quality business work."
Principal HR Specialist,Business,Compliance; Onboarding; HRIS; Employee Relations; Performance Management; Recruitment,Principal,"Full-time · On-site. We are hiring a Principal HR Specialist for our Enterprise team. The ideal candidate has 12-20 years of experience and is proficient in Compliance, Onboarding, HRIS, Employee Relations, Performance Management, Recruitment. This is a on-site full-time position focused on delivering high-quality business work."
Junior Operations Manager,Business,Six Sigma; Leadership; Process Improvement; Supply Chain; Vendor Management,Junior,"Internship · Remote. We are hiring a Junior Operations Manager for our EdTech team. The ideal candidate has 1-3 years of experience and is proficient in Six Sigma, Leadership, Process Improvement, Supply Chain, Vendor Management. This is a remote internship position focused on delivering high-quality business work."
Lead Business Analyst,Business,SQL; UML; Documentation; Excel; Requirements Gathering; Process Modeling,Lead,"Contract · Hybrid. We are hiring a Lead Business Analyst for our EdTech team. The ideal candidate has 8-14 years of experience and is proficient in SQL, UML, Documentation, Excel, Requirements Gathering, Process Modeling. This is a hybrid contract position focused on delivering high-quality business work."
Lead Financial Analyst,Business,Excel; Forecasting; Analytics; Valuation; Financial Modeling,Lead,"Full-time · Hybrid. We are hiring a Lead Financial Analyst for our Startup team. The ideal candidate has 8-14 years of experience and is proficient in Excel, Forecasting, Analytics, Valuation, Financial Modeling. This is a hybrid full-time position focused on delivering high-quality business work."
Junior HR Specialist,Business,Recruitment; Communication; Performance Management; Payroll; Onboarding,Junior,"Internship · On-site. We are hiring a Junior HR Specialist for our Gaming team. The ideal candidate has 1-3 years of experience and is proficient in Recruitment, Communication, Performance Management, Payroll, Onboarding. This is a on-site internship position focused on delivering high-quality business work."
Lead Business Analyst,Business,Documentation; SQL; Process Modeling; Requirements Gathering; Agile,Lead,"Full-time · Remote. We are hiring a Lead Business Analyst for our Healthcare team. The ideal candidate has 8-14 years of experience and is proficient in Documentation, SQL, Process Modeling, Requirements Gathering, Agile. This is a remote full-time position focused on delivering high-quality business work."
Principal Operations Manager,Business,Communication; Six Sigma; Analytics; Supply Chain; Process Improvement; Leadership; Budgeting,Principal,"Contract · Remote. We are hiring a Principal Operations Manager for our SaaS team. The ideal candidate has 12-20 years of experience and is proficient in Communication, Six Sigma, Analytics, Supply Chain, Process Improvement, Leadership, Budgeting. This is a remote contract position focused on delivering high-quality business work."
Senior Financial Analyst,Business,Power BI; Financial Modeling; Excel; Budgeting; Reporting; Forecasting,Senior,"Contract · Hybrid. We are hiring a Senior Financial Analyst for our EdTech team. The ideal candidate has 6-10 years of experience and is proficient in Power BI, Financial Modeling, Excel, Budgeting, Reporting, Forecasting. This is a hybrid contract position focused on delivering high-quality business work."
Intern Operations Manager,Business,Budgeting; Operations Management; Leadership; Analytics; Communication; Process Improvement,Intern,"Contract · Remote. We are hiring a Intern Operations Manager for our Healthcare team. The ideal candidate has 0-1 years of experience and is proficient in Budgeting, Operations Management, Leadership, Analytics, Communication, Process Improvement. This is a remote contract position focused on delivering high-quality business work."
Principal Sales Engineer,Business,Technical Sales; Negotiation; APIs; CRM; Customer Success; Communication,Principal,"Internship · Hybrid. We are hiring a Principal Sales Engineer for our Fintech team. The ideal candidate has 12-20 years of experience and is proficient in Technical Sales, Negotiation, APIs, CRM, Customer Success, Communication. This is a hybrid internship position focused on delivering high-quality business work."
Mid-level Financial Analyst,Business,Excel; Valuation; SQL; Accounting; Analytics; Financial Modeling,Mid-level,"Full-time · Hybrid. We are hiring a Mid-level Financial Analyst for our Startup team. The ideal candidate has 3-6 years of experience and is proficient in Excel, Valuation, SQL, Accounting, Analytics, Financial Modeling. This is a hybrid full-time position focused on delivering high-quality business work."
Principal Operations Manager,Business,Vendor Management; Supply Chain; Operations Management; Lean; Leadership,Principal,"Internship · Hybrid. We are hiring a Principal Operations Manager for our E-commerce team. The ideal candidate has 12-20 years of experience and is proficient in Vendor Management, Supply Chain, Operations Management, Lean, Leadership. This is a hybrid internship position focused on delivering high-quality business work."
Junior Financial Analyst,Business,Valuation; Financial Modeling; Forecasting; Reporting; Analytics; SQL,Junior,"Contract · Remote. We are hiring a Junior Financial Analyst for our SaaS team. The ideal candidate has 1-3 years of experience and is proficient in Valuation, Financial Modeling, Forecasting, Reporting, Analytics, SQL. This is a remote contract position focused on delivering high-quality business work."
Mid-level Business Analyst,Business,Documentation; Process Modeling; Agile; Stakeholder Management; Excel; UML; SQL,Mid-level,"Full-time · Remote. We are hiring a Mid-level Business Analyst for our EdTech team. The ideal candidate has 3-6 years of experience and is proficient in Documentation, Process Modeling, Agile, Stakeholder Management, Excel, UML, SQL. This is a remote full-time position focused on delivering high-quality business work."
Lead Operations Manager,Business,Vendor Management; Analytics; Leadership; Budgeting; Lean; Operations Management; Six Sigma,Lead,"Contract · On-site. We are hiring a Lead Operations Manager for our Gaming team. The ideal candidate has 8-14 years of experience and is proficient in Vendor Management, Analytics, Leadership, Budgeting, Lean, Operations Management, Six Sigma. This is a on-site contract position focused on delivering high-quality business work."
Intern Financial Analyst,Business,SQL; Financial Modeling; Analytics; Reporting; Power BI; Budgeting; Accounting,Intern,"Contract · Remote. We are hiring a Intern Financial Analyst for our Enterprise team. The ideal candidate has 0-1 years of experience and is proficient in SQL, Financial Modeling, Analytics, Reporting, Power BI, Budgeting, Accounting. This is a remote contract position focused on delivering high-quality business work."
Intern Business Analyst,Business,UML; Excel; Process Modeling; Requirements Gathering; Agile; Data Analysis,Intern,"Contract · Hybrid. We are hiring a Intern Business Analyst for our Fintech team. The ideal candidate has 0-1 years of experience and is proficient in UML, Excel, Process Modeling, Requirements Gathering, Agile, Data Analysis. This is a hybrid contract position focused on delivering high-quality business work."
Junior Business Analyst,Business,Stakeholder Management; Excel; UML; Communication; Data Analysis; Process Modeling,Junior,"Full-time · On-site. We are hiring a Junior Business Analyst for our EdTech team. The ideal candidate has 1-3 years of experience and is proficient in Stakeholder Management, Excel, UML, Communication, Data Analysis, Process Modeling. This is a on-site full-time position focused on delivering high-quality business work."
Principal Financial Analyst,Business,Accounting; Analytics; SQL; Budgeting; Valuation; Forecasting,Principal,"Full-time · Hybrid. We are hiring a Principal Financial Analyst for our Gaming team. The ideal candidate has 12-20 years of experience and is proficient in Accounting, Analytics, SQL, Budgeting, Valuation, Forecasting. This is a hybrid full-time position focused on delivering high-quality business work."
Intern HR Specialist,Business,Training; Employee Relations; Payroll; Compliance; HRIS,Intern,"Contract · On-site. We are hiring a Intern HR Specialist for our Gaming team. The ideal candidate has 0-1 years of experience and is proficient in Training, Employee Relations, Payroll, Compliance, HRIS. This is a on-site contract position focused on delivering high-quality business work."
Senior Sales Engineer,Business,Presentations; CRM; Negotiation; Cloud; APIs; Communication; Customer Success,Senior,"Internship · On-site. We are hiring a Senior Sales Engineer for our EdTech team. The ideal candidate has 6-10 years of experience and is proficient in Presentations, CRM, Negotiation, Cloud, APIs, Communication, Customer Success. This is a on-site internship position focused on delivering high-quality business work."
Senior Sales Engineer,Business,Customer Success; Negotiation; Product Demos; Technical Sales; Communication; Cloud,Senior,"Full-time · Hybrid. We are hiring a Senior Sales Engineer for our Healthcare team. The ideal candidate has 6-10 years of experience and is proficient in Customer Success, Negotiation, Product Demos, Technical Sales, Communication, Cloud. This is a hybrid full-time position focused on delivering high-quality business work."
Junior Business Analyst,Business,Excel; Documentation; UML; Stakeholder Management; Process Modeling,Junior,"Contract · On-site. We are hiring a Junior Business Analyst for our Startup team. The ideal candidate has 1-3 years of experience and is proficient in Excel, Documentation, UML, Stakeholder Management, Process Modeling. This is a on-site contract position focused on delivering high-quality business work."
Junior Operations Manager,Business,Operations Management; Budgeting; Leadership; Communication; Lean; Vendor Management; Process Improvement,Junior,"Full-time · On-site. We are hiring a Junior Operations Manager for our Healthcare team. The ideal candidate has 1-3 years of experience and is proficient in Operations Management, Budgeting, Leadership, Communication, Lean, Vendor Management, Process Improvement. This is a on-site full-time position focused on delivering high-quality business work."
Lead HR Specialist,Business,Onboarding; Employee Relations; Payroll; Compliance; Recruitment; Conflict Resolution,Lead,"Full-time · On-site. We are hiring a Lead HR Specialist for our Gaming team. The ideal candidate has 8-14 years of experience and is proficient in Onboarding, Employee Relations, Payroll, Compliance, Recruitment, Conflict Resolution. This is a on-site full-time position focused on delivering high-quality business work."
Principal Sales Engineer,Business,Presentations; APIs; CRM; Negotiation; Technical Sales; Communication; Product Demos,Principal,"Contract · Hybrid. We are hiring a Principal Sales Engineer for our EdTech team. The ideal candidate has 12-20 years of experience and is proficient in Presentations, APIs, CRM, Negotiation, Technical Sales, Communication, Product Demos. This is a hybrid contract position focused on delivering high-quality business work."
Mid-level Business Analyst,Business,Data Analysis; Requirements Gathering; Documentation; Communication; Agile; Excel,Mid-level,"Internship · On-site. We are hiring a Mid-level Business Analyst for our Gaming team. The ideal candidate has 3-6 years of experience and is proficient in Data Analysis, Requirements Gathering, Documentation, Communication, Agile, Excel. This is a on-site internship position focused on delivering high-quality business work."
Principal Financial Analyst,Business,Valuation; Financial Modeling; SQL; Forecasting; Power BI; Budgeting,Principal,"Contract · Hybrid. We are hiring a Principal Financial Analyst for our E-commerce team. The ideal candidate has 12-20 years of experience and is proficient in Valuation, Financial Modeling, SQL, Forecasting, Power BI, Budgeting. This is a hybrid contract position focused on delivering high-quality business work."
Mid-level Operations Manager,Business,Analytics; Communication; Supply Chain; Six Sigma; Operations Management; Vendor Management; Leadership,Mid-level,"Internship · Remote. We are hiring a Mid-level Operations Manager for our Enterprise team. The ideal candidate has 3-6 years of experience and is proficient in Analytics, Communication, Supply Chain, Six Sigma, Operations Management, Vendor Management, Leadership. This is a remote internship position focused on delivering high-quality business work."
Mid-level Sales Engineer,Business,Negotiation; Cloud; Presentations; Product Demos; Technical Sales; Customer Success,Mid-level,"Contract · On-site. We are hiring a Mid-level Sales Engineer for our Startup team. The ideal candidate has 3-6 years of experience and is proficient in Negotiation, Cloud, Presentations, Product Demos, Technical Sales, Customer Success. This is a on-site contract position focused on delivering high-quality business work."
Junior Sales Engineer,Business,Cloud; Presentations; Technical Sales; CRM; Customer Success; APIs; Product Demos,Junior,"Contract · On-site. We are hiring a Junior Sales Engineer for our SaaS team. The ideal candidate has 1-3 years of experience and is proficient in Cloud, Presentations, Technical Sales, CRM, Customer Success, APIs, Product Demos. This is a on-site contract position focused on delivering high-quality business work."
Lead Sales Engineer,Business,Negotiation; Solution Design; CRM; Customer Success; APIs; Cloud; Communication,Lead,"Contract · Remote. We are hiring a Lead Sales Engineer for our Enterprise team. The ideal candidate has 8-14 years of experience and is proficient in Negotiation, Solution Design, CRM, Customer Success, APIs, Cloud, Communication. This is a remote contract position focused on delivering high-quality business work."
Mid-level HR Specialist,Business,HRIS; Onboarding; Employee Relations; Payroll; Recruitment,Mid-level,"Contract · Remote. We are hiring a Mid-level HR Specialist for our Enterprise team. The ideal candidate has 3-6 years of experience and is proficient in HRIS, Onboarding, Employee Relations, Payroll, Recruitment. This is a remote contract position focused on delivering high-quality business work."
Senior HR Specialist,Business,Compliance; Employee Relations; Recruitment; HRIS; Performance Management,Senior,"Full-time · On-site. We are hiring a Senior HR Specialist for our EdTech team. The ideal candidate has 6-10 years of experience and is proficient in Compliance, Employee Relations, Recruitment, HRIS, Performance Management. This is a on-site full-time position focused on delivering high-quality business work."
Intern HR Specialist,Business,Training; Conflict Resolution; Recruitment; Communication; HRIS; Compliance,Intern,"Internship · Hybrid. We are hiring a Intern HR Specialist for our Fintech team. The ideal candidate has 0-1 years of experience and is proficient in Training, Conflict Resolution, Recruitment, Communication, HRIS, Compliance. This is a hybrid internship position focused on delivering high-quality business work."
Principal Sales Engineer,Business,Negotiation; Cloud; Technical Sales; Communication; APIs; Product Demos; CRM,Principal,"Full-time · On-site. We are hiring a Principal Sales Engineer for our Startup team. The ideal candidate has 12-20 years of experience and is proficient in Negotiation, Cloud, Technical Sales, Communication, APIs, Product Demos, CRM. This is a on-site full-time position focused on delivering high-quality business work."
Senior Financial Analyst,Business,Budgeting; Reporting; Forecasting; Excel; Valuation,Senior,"Contract · Hybrid. We are hiring a Senior Financial Analyst for our Startup team. The ideal candidate has 6-10 years of experience and is proficient in Budgeting, Reporting, Forecasting, Excel, Valuation. This is a hybrid contract position focused on delivering high-quality business work."
Junior Operations Manager,Business,Leadership; Process Improvement; Six Sigma; Vendor Management; Lean; Budgeting,Junior,"Internship · On-site. We are hiring a Junior Operations Manager for our Startup team. The ideal candidate has 1-3 years of experience and is proficient in Leadership, Process Improvement, Six Sigma, Vendor Management, Lean, Budgeting. This is a on-site internship position focused on delivering high-quality business work."
Principal Sales Engineer,Business,Solution Design; CRM; APIs; Cloud; Negotiation,Principal,"Internship · Remote. We are hiring a Principal Sales Engineer for our E-commerce team. The ideal candidate has 12-20 years of experience and is proficient in Solution Design, CRM, APIs, Cloud, Negotiation. This is a remote internship position focused on delivering high-quality business work."
Mid-level HR Specialist,Business,Onboarding; Compliance; Communication; Performance Management; Employee Relations; Recruitment; Payroll,Mid-level,"Internship · Hybrid. We are hiring a Mid-level HR Specialist for our E-commerce team. The ideal candidate has 3-6 years of experience and is proficient in Onboarding, Compliance, Communication, Performance Management, Employee Relations, Recruitment, Payroll. This is a hybrid internship position focused on delivering high-quality business work."
Principal HR Specialist,Business,Conflict Resolution; Employee Relations; Recruitment; Compliance; Payroll; Onboarding,Principal,"Full-time · On-site. We are hiring a Principal HR Specialist for our Gaming team. The ideal candidate has 12-20 years of experience and is proficient in Conflict Resolution, Employee Relations, Recruitment, Compliance, Payroll, Onboarding. This is a on-site full-time position focused on delivering high-quality business work."
Principal Business Analyst,Business,Agile; SQL; Requirements Gathering; Documentation; UML; Data Analysis,Principal,"Full-time · Hybrid. We are hiring a Principal Business Analyst for our Enterprise team. The ideal candidate has 12-20 years of experience and is proficient in Agile, SQL, Requirements Gathering, Documentation, UML, Data Analysis. This is a hybrid full-time position focused on delivering high-quality business work."
Senior Operations Manager,Business,Operations Management; Analytics; Communication; Process Improvement; Lean,Senior,"Contract · Remote. We are hiring a Senior Operations Manager for our Gaming team. The ideal candidate has 6-10 years of experience and is proficient in Operations Management, Analytics, Communication, Process Improvement, Lean. This is a remote contract position focused on delivering high-quality business work."
Lead Business Analyst,Business,Communication; UML; SQL; Data Analysis; Stakeholder Management; Excel; Requirements Gathering,Lead,"Internship · Remote. We are hiring a Lead Business Analyst for our Enterprise team. The ideal candidate has 8-14 years of experience and is proficient in Communication, UML, SQL, Data Analysis, Stakeholder Management, Excel, Requirements Gathering. This is a remote internship position focused on delivering high-quality business work."
Mid-level Business Analyst,Business,Requirements Gathering; Documentation; Agile; Process Modeling; Communication,Mid-level,"Internship · Remote. We are hiring a Mid-level Business Analyst for our Enterprise team. The ideal candidate has 3-6 years of experience and is proficient in Requirements Gathering, Documentation, Agile, Process Modeling, Communication. This is a remote internship position focused on delivering high-quality business work."
Principal Business Analyst,Business,UML; Requirements Gathering; SQL; Documentation; Process Modeling; Excel; Agile,Principal,"Contract · On-site. We are hiring a Principal Business Analyst for our Startup team. The ideal candidate has 12-20 years of experience and is proficient in UML, Requirements Gathering, SQL, Documentation, Process Modeling, Excel, Agile. This is a on-site contract position focused on delivering high-quality business work."
Intern Financial Analyst,Business,Accounting; Analytics; Valuation; Budgeting; Forecasting; Financial Modeling,Intern,"Full-time · On-site. We are hiring a Intern Financial Analyst for our EdTech team. The ideal candidate has 0-1 years of experience and is proficient in Accounting, Analytics, Valuation, Budgeting, Forecasting, Financial Modeling. This is a on-site full-time position focused on delivering high-quality business work."
Principal Operations Manager,Business,Communication; Vendor Management; Supply Chain; Budgeting; Leadership; Process Improvement; Operations Management,Principal,"Contract · Hybrid. We are hiring a Principal Operations Manager for our Gaming team. The ideal candidate has 12-20 years of experience and is proficient in Communication, Vendor Management, Supply Chain, Budgeting, Leadership, Process Improvement, Operations Management. This is a hybrid contract position focused on delivering high-quality business work."
Mid-level Business Analyst,Business,Agile; Process Modeling; Documentation; SQL; Data Analysis,Mid-level,"Full-time · Remote. We are hiring a Mid-level Business Analyst for our Enterprise team. The ideal candidate has 3-6 years of experience and is proficient in Agile, Process Modeling, Documentation, SQL, Data Analysis. This is a remote full-time position focused on delivering high-quality business work."
Senior HR Specialist,Business,Compliance; Employee Relations; Onboarding; Training; Payroll,Senior,"Full-time · Hybrid. We are hiring a Senior HR Specialist for our EdTech team. The ideal candidate has 6-10 years of experience and is proficient in Compliance, Employee Relations, Onboarding, Training, Payroll. This is a hybrid full-time position focused on delivering high-quality business work."
Mid-level HR Specialist,Business,Compliance; Conflict Resolution; Training; Payroll; Communication,Mid-level,"Full-time · Remote. We are hiring a Mid-level HR Specialist for our Gaming team. The ideal candidate has 3-6 years of experience and is proficient in Compliance, Conflict Resolution, Training, Payroll, Communication. This is a remote full-time position focused on delivering high-quality business work."
Principal HR Specialist,Business,Onboarding; Communication; Recruitment; Training; HRIS,Principal,"Contract · Remote. We are hiring a Principal HR Specialist for our EdTech team. The ideal candidate has 12-20 years of experience and is proficient in Onboarding, Communication, Recruitment, Training, HRIS. This is a remote contract position focused on delivering high-quality business work."
Lead Operations Manager,Business,Communication; Operations Management; Process Improvement; Analytics; Lean; Budgeting; Leadership,Lead,"Internship · Hybrid. We are hiring a Lead Operations Manager for our Startup team. The ideal candidate has 8-14 years of experience and is proficient in Communication, Operations Management, Process Improvement, Analytics, Lean, Budgeting, Leadership. This is a hybrid internship position focused on delivering high-quality business work."
Intern Financial Analyst,Business,Forecasting; Power BI; Valuation; Reporting; Accounting; Analytics; Excel,Intern,"Contract · Remote. We are hiring a Intern Financial Analyst for our SaaS team. The ideal candidate has 0-1 years of experience and is proficient in Forecasting, Power BI, Valuation, Reporting, Accounting, Analytics, Excel. This is a remote contract position focused on delivering high-quality business work."
Lead HR Specialist,Business,Payroll; Onboarding; Conflict Resolution; Training; Recruitment; Compliance,Lead,"Full-time · On-site. We are hiring a Lead HR Specialist for our Enterprise team. The ideal candidate has 8-14 years of experience and is proficient in Payroll, Onboarding, Conflict Resolution, Training, Recruitment, Compliance. This is a on-site full-time position focused on delivering high-quality business work."
Lead Sales Engineer,Business,Negotiation; Product Demos; CRM; Technical Sales; Customer Success; Solution Design,Lead,"Full-time · On-site. We are hiring a Lead Sales Engineer for our EdTech team. The ideal candidate has 8-14 years of experience and is proficient in Negotiation, Product Demos, CRM, Technical Sales, Customer Success, Solution Design. This is a on-site full-time position focused on delivering high-quality business work."
Intern HR Specialist,Business,Communication; HRIS; Payroll; Performance Management; Employee Relations; Training; Conflict Resolution,Intern,"Internship · Remote. We are hiring a Intern HR Specialist for our SaaS team. The ideal candidate has 0-1 years of experience and is proficient in Communication, HRIS, Payroll, Performance Management, Employee Relations, Training, Conflict Resolution. This is a remote internship position focused on delivering high-quality business work."
Principal Financial Analyst,Business,Accounting; Valuation; Reporting; SQL; Analytics; Excel; Forecasting,Principal,"Internship · Hybrid. We are hiring a Principal Financial Analyst for our Startup team. The ideal candidate has 12-20 years of experience and is proficient in Accounting, Valuation, Reporting, SQL, Analytics, Excel, Forecasting. This is a hybrid internship position focused on delivering high-quality business work."
Junior Business Analyst,Business,Data Analysis; Communication; Stakeholder Management; Requirements Gathering; Agile; Process Modeling,Junior,"Contract · Remote. We are hiring a Junior Business Analyst for our Enterprise team. The ideal candidate has 1-3 years of experience and is proficient in Data Analysis, Communication, Stakeholder Management, Requirements Gathering, Agile, Process Modeling. This is a remote contract position focused on delivering high-quality business work."
Intern Operations Manager,Business,Six Sigma; Supply Chain; Operations Management; Analytics; Lean,Intern,"Contract · Hybrid. We are hiring a Intern Operations Manager for our Fintech team. The ideal candidate has 0-1 years of experience and is proficient in Six Sigma, Supply Chain, Operations Management, Analytics, Lean. This is a hybrid contract position focused on delivering high-quality business work."
Junior HR Specialist,Business,HRIS; Payroll; Recruitment; Employee Relations; Communication; Training,Junior,"Full-time · Hybrid. We are hiring a Junior HR Specialist for our Enterprise team. The ideal candidate has 1-3 years of experience and is proficient in HRIS, Payroll, Recruitment, Employee Relations, Communication, Training. This is a hybrid full-time position focused on delivering high-quality business work."
Mid-level Sales Engineer,Business,Communication; APIs; Negotiation; CRM; Customer Success,Mid-level,"Contract · On-site. We are hiring a Mid-level Sales Engineer for our SaaS team. The ideal candidate has 3-6 years of experience and is proficient in Communication, APIs, Negotiation, CRM, Customer Success. This is a on-site contract position focused on delivering high-quality business work."
Lead Sales Engineer,Business,Customer Success; Cloud; CRM; Presentations; APIs; Negotiation; Product Demos,Lead,"Internship · Remote. We are hiring a Lead Sales Engineer for our Fintech team. The ideal candidate has 8-14 years of experience and is proficient in Customer Success, Cloud, CRM, Presentations, APIs, Negotiation, Product Demos. This is a remote internship position focused on delivering high-quality business work."
Mid-level Sales Engineer,Business,Presentations; Negotiation; CRM; Cloud; Communication; Customer Success; Product Demos,Mid-level,"Contract · Remote. We are hiring a Mid-level Sales Engineer for our Gaming team. The ideal candidate has 3-6 years of experience and is proficient in Presentations, Negotiation, CRM, Cloud, Communication, Customer Success, Product Demos. This is a remote contract position focused on delivering high-quality business work."
Intern HR Specialist,Business,Compliance; Conflict Resolution; HRIS; Performance Management; Communication; Training,Intern,"Full-time · Hybrid. We are hiring a Intern HR Specialist for our Enterprise team. The ideal candidate has 0-1 years of experience and is proficient in Compliance, Conflict Resolution, HRIS, Performance Management, Communication, Training. This is a hybrid full-time position focused on delivering high-quality business work."
Mid-level Business Analyst,Business,UML; Communication; Excel; Stakeholder Management; Process Modeling; SQL; Data Analysis,Mid-level,"Contract · On-site. We are hiring a Mid-level Business Analyst for our E-commerce team. The ideal candidate has 3-6 years of experience and is proficient in UML, Communication, Excel, Stakeholder Management, Process Modeling, SQL, Data Analysis. This is a on-site contract position focused on delivering high-quality business work."
Principal Financial Analyst,Business,Excel; Forecasting; Reporting; SQL; Financial Modeling; Power BI,Principal,"Internship · On-site. We are hiring a Principal Financial Analyst for our Fintech team. The ideal candidate has 12-20 years of experience and is proficient in Excel, Forecasting, Reporting, SQL, Financial Modeling, Power BI. This is a on-site internship position focused on delivering high-quality business work."
Lead Financial Analyst,Business,Financial Modeling; Accounting; Valuation; Analytics; Forecasting; Reporting; Budgeting,Lead,"Contract · On-site. We are hiring a Lead Financial Analyst for our SaaS team. The ideal candidate has 8-14 years of experience and is proficient in Financial Modeling, Accounting, Valuation, Analytics, Forecasting, Reporting, Budgeting. This is a on-site contract position focused on delivering high-quality business work."
Lead Financial Analyst,Business,Financial Modeling; Reporting; Excel; Valuation; Accounting; Analytics; SQL,Lead,"Contract · Remote. We are hiring a Lead Financial Analyst for our Fintech team. The ideal candidate has 8-14 years of experience and is proficient in Financial Modeling, Reporting, Excel, Valuation, Accounting, Analytics, SQL. This is a remote contract position focused on delivering high-quality business work."
Principal Sales Engineer,Business,CRM; Negotiation; Cloud; Technical Sales; Communication,Principal,"Contract · Hybrid. We are hiring a Principal Sales Engineer for our Enterprise team. The ideal candidate has 12-20 years of experience and is proficient in CRM, Negotiation, Cloud, Technical Sales, Communication. This is a hybrid contract position focused on delivering high-quality business work."
Mid-level Business Analyst,Business,SQL; Process Modeling; Documentation; Excel; UML; Stakeholder Management; Agile,Mid-level,"Contract · On-site. We are hiring a Mid-level Business Analyst for our SaaS team. The ideal candidate has 3-6 years of experience and is proficient in SQL, Process Modeling, Documentation, Excel, UML, Stakeholder Management, Agile. This is a on-site contract position focused on delivering high-quality business work."
Senior Sales Engineer,Business,Solution Design; Communication; Customer Success; Product Demos; Negotiation; Cloud,Senior,"Internship · Remote. We are hiring a Senior Sales Engineer for our Gaming team. The ideal candidate has 6-10 years of experience and is proficient in Solution Design, Communication, Customer Success, Product Demos, Negotiation, Cloud. This is a remote internship position focused on delivering high-quality business work."
Intern Business Analyst,Business,Requirements Gathering; Agile; Documentation; UML; Data Analysis,Intern,"Contract · Hybrid. We are hiring a Intern Business Analyst for our Startup team. The ideal candidate has 0-1 years of experience and is proficient in Requirements Gathering, Agile, Documentation, UML, Data Analysis. This is a hybrid contract position focused on delivering high-quality business work."
Junior Financial Analyst,Business,Reporting; Accounting; Valuation; Budgeting; Forecasting,Junior,"Internship · Remote. We are hiring a Junior Financial Analyst for our Gaming team. The ideal candidate has 1-3 years of experience and is proficient in Reporting, Accounting, Valuation, Budgeting, Forecasting. This is a remote internship position focused on delivering high-quality business work."
Junior Sales Engineer,Business,Cloud; APIs; Technical Sales; CRM; Presentations,Junior,"Contract · Hybrid. We are hiring a Junior Sales Engineer for our Enterprise team. The ideal candidate has 1-3 years of experience and is proficient in Cloud, APIs, Technical Sales, CRM, Presentations. This is a hybrid contract position focused on delivering high-quality business work."
Junior Operations Manager,Business,Six Sigma; Analytics; Communication; Budgeting; Vendor Management; Supply Chain,Junior,"Internship · Hybrid. We are hiring a Junior Operations Manager for our Enterprise team. The ideal candidate has 1-3 years of experience and is proficient in Six Sigma, Analytics, Communication, Budgeting, Vendor Management, Supply Chain. This is a hybrid internship position focused on delivering high-quality business work."
Lead Sales Engineer,Business,Solution Design; Customer Success; Communication; APIs; Technical Sales; Product Demos; Cloud,Lead,"Full-time · Hybrid. We are hiring a Lead Sales Engineer for our SaaS team. The ideal candidate has 8-14 years of experience and is proficient in Solution Design, Customer Success, Communication, APIs, Technical Sales, Product Demos, Cloud. This is a hybrid full-time position focused on delivering high-quality business work."
Lead Operations Manager,Business,Supply Chain; Budgeting; Six Sigma; Communication; Analytics; Operations Management,Lead,"Contract · Hybrid. We are hiring a Lead Operations Manager for our EdTech team. The ideal candidate has 8-14 years of experience and is proficient in Supply Chain, Budgeting, Six Sigma, Communication, Analytics, Operations Management. This is a hybrid contract position focused on delivering high-quality business work."
Intern Financial Analyst,Business,Budgeting; Reporting; Analytics; Excel; Power BI; Forecasting; SQL,Intern,"Full-time · Remote. We are hiring a Intern Financial Analyst for our EdTech team. The ideal candidate has 0-1 years of experience and is proficient in Budgeting, Reporting, Analytics, Excel, Power BI, Forecasting, SQL. This is a remote full-time position focused on delivering high-quality business work."
Lead Financial Analyst,Business,Forecasting; Accounting; Reporting; Excel; SQL,Lead,"Full-time · Hybrid. We are hiring a Lead Financial Analyst for our Healthcare team. The ideal candidate has 8-14 years of experience and is proficient in Forecasting, Accounting, Reporting, Excel, SQL. This is a hybrid full-time position focused on delivering high-quality business work."
Junior Sales Engineer,Business,Customer Success; Presentations; Solution Design; Technical Sales; CRM; Negotiation,Junior,"Full-time · On-site. We are hiring a Junior Sales Engineer for our Startup team. The ideal candidate has 1-3 years of experience and is proficient in Customer Success, Presentations, Solution Design, Technical Sales, CRM, Negotiation. This is a on-site full-time position focused on delivering high-quality business work."
Intern HR Specialist,Business,HRIS; Performance Management; Conflict Resolution; Recruitment; Training; Payroll,Intern,"Internship · On-site. We are hiring a Intern HR Specialist for our Startup team. The ideal candidate has 0-1 years of experience and is proficient in HRIS, Performance Management, Conflict Resolution, Recruitment, Training, Payroll. This is a on-site internship position focused on delivering high-quality business work."
Mid-level HR Specialist,Business,Payroll; Compliance; Employee Relations; Recruitment; Communication; HRIS,Mid-level,"Internship · Hybrid. We are hiring a Mid-level HR Specialist for our SaaS team. The ideal candidate has 3-6 years of experience and is proficient in Payroll, Compliance, Employee Relations, Recruitment, Communication, HRIS. This is a hybrid internship position focused on delivering high-quality business work."
Senior HR Specialist,Business,Onboarding; Conflict Resolution; Performance Management; Training; Recruitment; Employee Relations,Senior,"Internship · On-site. We are hiring a Senior HR Specialist for our E-commerce team. The ideal candidate has 6-10 years of experience and is proficient in Onboarding, Conflict Resolution, Performance Management, Training, Recruitment, Employee Relations. This is a on-site internship position focused on delivering high-quality business work."
Mid-level Business Analyst,Business,Process Modeling; Communication; Excel; UML; Data Analysis,Mid-level,"Full-time · On-site. We are hiring a Mid-level Business Analyst for our Gaming team. The ideal candidate has 3-6 years of experience and is proficient in Process Modeling, Communication, Excel, UML, Data Analysis. This is a on-site full-time position focused on delivering high-quality business work."
Junior Financial Analyst,Business,Analytics; Budgeting; Excel; Power BI; Valuation; SQL,Junior,"Contract · Hybrid. We are hiring a Junior Financial Analyst for our EdTech team. The ideal candidate has 1-3 years of experience and is proficient in Analytics, Budgeting, Excel, Power BI, Valuation, SQL. This is a hybrid contract position focused on delivering high-quality business work."
Principal Sales Engineer,Business,Cloud; Negotiation; APIs; Presentations; Customer Success,Principal,"Full-time · Remote. We are hiring a Principal Sales Engineer for our EdTech team. The ideal candidate has 12-20 years of experience and is proficient in Cloud, Negotiation, APIs, Presentations, Customer Success. This is a remote full-time position focused on delivering high-quality business work."
Senior Financial Analyst,Business,Accounting; Valuation; Excel; Reporting; Budgeting; Analytics,Senior,"Contract · On-site. We are hiring a Senior Financial Analyst for our Healthcare team. The ideal candidate has 6-10 years of experience and is proficient in Accounting, Valuation, Excel, Reporting, Budgeting, Analytics. This is a on-site contract position focused on delivering high-quality business work."
Intern Sales Engineer,Business,Communication; Negotiation; Product Demos; Cloud; CRM; APIs,Intern,"Full-time · On-site. We are hiring a Intern Sales Engineer for our Gaming team. The ideal candidate has 0-1 years of experience and is proficient in Communication, Negotiation, Product Demos, Cloud, CRM, APIs. This is a on-site full-time position focused on delivering high-quality business work."
Intern Business Analyst,Business,Agile; Documentation; Process Modeling; Communication; Data Analysis,Intern,"Internship · On-site. We are hiring a Intern Business Analyst for our Enterprise team. The ideal candidate has 0-1 years of experience and is proficient in Agile, Documentation, Process Modeling, Communication, Data Analysis. This is a on-site internship position focused on delivering high-quality business work."
Junior Sales Engineer,Business,Presentations; Solution Design; Negotiation; Product Demos; Customer Success; Technical Sales; Cloud,Junior,"Full-time · On-site. We are hiring a Junior Sales Engineer for our Gaming team. The ideal candidate has 1-3 years of experience and is proficient in Presentations, Solution Design, Negotiation, Product Demos, Customer Success, Technical Sales, Cloud. This is a on-site full-time position focused on delivering high-quality business work."
Senior HR Specialist,Business,Training; Employee Relations; Communication; Compliance; Conflict Resolution; Performance Management,Senior,"Full-time · Hybrid. We are hiring a Senior HR Specialist for our Enterprise team. The ideal candidate has 6-10 years of experience and is proficient in Training, Employee Relations, Communication, Compliance, Conflict Resolution, Performance Management. This is a hybrid full-time position focused on delivering high-quality business work."
Mid-level Financial Analyst,Business,Power BI; Analytics; Valuation; Budgeting; Reporting; Financial Modeling,Mid-level,"Internship · On-site. We are hiring a Mid-level Financial Analyst for our Fintech team. The ideal candidate has 3-6 years of experience and is proficient in Power BI, Analytics, Valuation, Budgeting, Reporting, Financial Modeling. This is a on-site internship position focused on delivering high-quality business work."
Junior HR Specialist,Business,Training; Employee Relations; Communication; Conflict Resolution; HRIS; Recruitment,Junior,"Contract · Hybrid. We are hiring a Junior HR Specialist for our Startup team. The ideal candidate has 1-3 years of experience and is proficient in Training, Employee Relations, Communication, Conflict Resolution, HRIS, Recruitment. This is a hybrid contract position focused on delivering high-quality business work."
Principal Financial Analyst,Business,Excel; Budgeting; Financial Modeling; Reporting; Valuation; Forecasting,Principal,"Contract · On-site. We are hiring a Principal Financial Analyst for our Healthcare team. The ideal candidate has 12-20 years of experience and is proficient in Excel, Budgeting, Financial Modeling, Reporting, Valuation, Forecasting. This is a on-site contract position focused on delivering high-quality business work."
Mid-level Sales Engineer,Business,Presentations; CRM; Technical Sales; Communication; Cloud; Customer Success,Mid-level,"Contract · Hybrid. We are hiring a Mid-level Sales Engineer for our E-commerce team. The ideal candidate has 3-6 years of experience and is proficient in Presentations, CRM, Technical Sales, Communication, Cloud, Customer Success. This is a hybrid contract position focused on delivering high-quality business work."
Junior Business Analyst,Business,Documentation; Stakeholder Management; Communication; SQL; Requirements Gathering; Agile; Excel,Junior,"Internship · Remote. We are hiring a Junior Business Analyst for our E-commerce team. The ideal candidate has 1-3 years of experience and is proficient in Documentation, Stakeholder Management, Communication, SQL, Requirements Gathering, Agile, Excel. This is a remote internship position focused on delivering high-quality business work."
Senior Operations Manager,Business,Supply Chain; Lean; Operations Management; Process Improvement; Six Sigma; Budgeting; Vendor Management,Senior,"Full-time · Remote. We are hiring a Senior Operations Manager for our Gaming team. The ideal candidate has 6-10 years of experience and is proficient in Supply Chain, Lean, Operations Management, Process Improvement, Six Sigma, Budgeting, Vendor Management. This is a remote full-time position focused on delivering high-quality business work."
Junior Operations Manager,Business,Communication; Process Improvement; Budgeting; Lean; Analytics,Junior,"Full-time · Hybrid. We are hiring a Junior Operations Manager for our Enterprise team. The ideal candidate has 1-3 years of experience and is proficient in Communication, Process Improvement, Budgeting, Lean, Analytics. This is a hybrid full-time position focused on delivering high-quality business work."
Senior Sales Engineer,Business,Presentations; APIs; Communication; Negotiation; CRM,Senior,"Contract · On-site. We are hiring a Senior Sales Engineer for our SaaS team. The ideal candidate has 6-10 years of experience and is proficient in Presentations, APIs, Communication, Negotiation, CRM. This is a on-site contract position focused on delivering high-quality business work."
Lead Business Analyst,Business,Data Analysis; Process Modeling; SQL; Excel; Documentation,Lead,"Contract · Remote. We are hiring a Lead Business Analyst for our SaaS team. The ideal candidate has 8-14 years of experience and is proficient in Data Analysis, Process Modeling, SQL, Excel, Documentation. This is a remote contract position focused on delivering high-quality business work."
Senior Operations Manager,Business,Analytics; Operations Management; Lean; Process Improvement; Supply Chain; Six Sigma; Leadership,Senior,"Internship · Hybrid. We are hiring a Senior Operations Manager for our Gaming team. The ideal candidate has 6-10 years of experience and is proficient in Analytics, Operations Management, Lean, Process Improvement, Supply Chain, Six Sigma, Leadership. This is a hybrid internship position focused on delivering high-quality business work."
Principal HR Specialist,Business,HRIS; Recruitment; Compliance; Employee Relations; Onboarding,Principal,"Internship · On-site. We are hiring a Principal HR Specialist for our Fintech team. The ideal candidate has 12-20 years of experience and is proficient in HRIS, Recruitment, Compliance, Employee Relations, Onboarding. This is a on-site internship position focused on delivering high-quality business work."
Junior HR Specialist,Business,Training; Employee Relations; Communication; HRIS; Payroll,Junior,"Full-time · Remote. We are hiring a Junior HR Specialist for our Startup team. The ideal candidate has 1-3 years of experience and is proficient in Training, Employee Relations, Communication, HRIS, Payroll. This is a remote full-time position focused on delivering high-quality business work."
Principal HR Specialist,Business,Communication; Recruitment; Onboarding; Training; Payroll; Conflict Resolution,Principal,"Internship · Hybrid. We are hiring a Principal HR Specialist for our Enterprise team. The ideal candidate has 12-20 years of experience and is proficient in Communication, Recruitment, Onboarding, Training, Payroll, Conflict Resolution. This is a hybrid internship position focused on delivering high-quality business work."
Junior Financial Analyst,Business,Valuation; Power BI; SQL; Financial Modeling; Analytics; Forecasting; Accounting,Junior,"Internship · Remote. We are hiring a Junior Financial Analyst for our Healthcare team. The ideal candidate has 1-3 years of experience and is proficient in Valuation, Power BI, SQL, Financial Modeling, Analytics, Forecasting, Accounting. This is a remote internship position focused on delivering high-quality business work."
Senior Business Analyst,Business,Excel; Requirements Gathering; Agile; Stakeholder Management; SQL; Data Analysis,Senior,"Full-time · Remote. We are hiring a Senior Business Analyst for our Startup team. The ideal candidate has 6-10 years of experience and is proficient in Excel, Requirements Gathering, Agile, Stakeholder Management, SQL, Data Analysis. This is a remote full-time position focused on delivering high-quality business work."
Lead Business Analyst,Business,Requirements Gathering; Data Analysis; Communication; Documentation; SQL; Stakeholder Management; UML,Lead,"Full-time · Remote. We are hiring a Lead Business Analyst for our E-commerce team. The ideal candidate has 8-14 years of experience and is proficient in Requirements Gathering, Data Analysis, Communication, Documentation, SQL, Stakeholder Management, UML. This is a remote full-time position focused on delivering high-quality business work."
Intern HR Specialist,Business,Training; HRIS; Communication; Payroll; Recruitment; Compliance,Intern,"Contract · On-site. We are hiring a Intern HR Specialist for our EdTech team. The ideal candidate has 0-1 years of experience and is proficient in Training, HRIS, Communication, Payroll, Recruitment, Compliance. This is a on-site contract position focused on delivering high-quality business work."
Intern Sales Engineer,Business,Customer Success; Communication; Product Demos; Presentations; CRM; Technical Sales,Intern,"Full-time · On-site. We are hiring a Intern Sales Engineer for our Enterprise team. The ideal candidate has 0-1 years of experience and is proficient in Customer Success, Communication, Product Demos, Presentations, CRM, Technical Sales. This is a on-site full-time position focused on delivering high-quality business work."
Principal Sales Engineer,Business,Product Demos; CRM; Technical Sales; Cloud; Customer Success,Principal,"Internship · Remote. We are hiring a Principal Sales Engineer for our Healthcare team. The ideal candidate has 12-20 years of experience and is proficient in Product Demos, CRM, Technical Sales, Cloud, Customer Success. This is a remote internship position focused on delivering high-quality business work."
Mid-level Business Analyst,Business,Requirements Gathering; Excel; Process Modeling; SQL; Data Analysis,Mid-level,"Full-time · Hybrid. We are hiring a Mid-level Business Analyst for our Fintech team. The ideal candidate has 3-6 years of experience and is proficient in Requirements Gathering, Excel, Process Modeling, SQL, Data Analysis. This is a hybrid full-time position focused on delivering high-quality business work."
Mid-level Financial Analyst,Business,Forecasting; Budgeting; Power BI; SQL; Valuation,Mid-level,"Full-time · Remote. We are hiring a Mid-level Financial Analyst for our Startup team. The ideal candidate has 3-6 years of experience and is proficient in Forecasting, Budgeting, Power BI, SQL, Valuation. This is a remote full-time position focused on delivering high-quality business work."
Lead Sales Engineer,Business,Technical Sales; Presentations; Product Demos; Cloud; APIs; Communication,Lead,"Full-time · Remote. We are hiring a Lead Sales Engineer for our Healthcare team. The ideal candidate has 8-14 years of experience and is proficient in Technical Sales, Presentations, Product Demos, Cloud, APIs, Communication. This is a remote full-time position focused on delivering high-quality business work."
Intern Sales Engineer,Business,Product Demos; Customer Success; Technical Sales; Presentations; Cloud,Intern,"Contract · Hybrid. We are hiring a Intern Sales Engineer for our Enterprise team. The ideal candidate has 0-1 years of experience and is proficient in Product Demos, Customer Success, Technical Sales, Presentations, Cloud. This is a hybrid contract position focused on delivering high-quality business work."
Senior Sales Engineer,Business,CRM; Product Demos; Negotiation; Cloud; APIs,Senior,"Contract · On-site. We are hiring a Senior Sales Engineer for our E-commerce team. The ideal candidate has 6-10 years of experience and is proficient in CRM, Product Demos, Negotiation, Cloud, APIs. This is a on-site contract position focused on delivering high-quality business work."
Senior Financial Analyst,Business,Excel; Accounting; Reporting; Power BI; Budgeting; Valuation; Financial Modeling,Senior,"Internship · Hybrid. We are hiring a Senior Financial Analyst for our Fintech team. The ideal candidate has 6-10 years of experience and is proficient in Excel, Accounting, Reporting, Power BI, Budgeting, Valuation, Financial Modeling. This is a hybrid internship position focused on delivering high-quality business work."
Principal Sales Engineer,Business,Product Demos; APIs; Technical Sales; Cloud; Presentations; Communication; Customer Success,Principal,"Full-time · On-site. We are hiring a Principal Sales Engineer for our E-commerce team. The ideal candidate has 12-20 years of experience and is proficient in Product Demos, APIs, Technical Sales, Cloud, Presentations, Communication, Customer Success. This is a on-site full-time position focused on delivering high-quality business work."
Intern Operations Manager,Business,Vendor Management; Process Improvement; Six Sigma; Analytics; Lean,Intern,"Internship · On-site. We are hiring a Intern Operations Manager for our Startup team. The ideal candidate has 0-1 years of experience and is proficient in Vendor Management, Process Improvement, Six Sigma, Analytics, Lean. This is a on-site internship position focused on delivering high-quality business work."
Principal Operations Manager,Business,Communication; Process Improvement; Six Sigma; Analytics; Vendor Management,Principal,"Internship · Remote. We are hiring a Principal Operations Manager for our Startup team. The ideal candidate has 12-20 years of experience and is proficient in Communication, Process Improvement, Six Sigma, Analytics, Vendor Management. This is a remote internship position focused on delivering high-quality business work."
Mid-level Financial Analyst,Business,Excel; Reporting; Forecasting; Valuation; Analytics; SQL,Mid-level,"Contract · Remote. We are hiring a Mid-level Financial Analyst for our E-commerce team. The ideal candidate has 3-6 years of experience and is proficient in Excel, Reporting, Forecasting, Valuation, Analytics, SQL. This is a remote contract position focused on delivering high-quality business work."
Lead Sales Engineer,Business,Product Demos; Negotiation; Presentations; APIs; Communication; Customer Success,Lead,"Full-time · On-site. We are hiring a Lead Sales Engineer for our SaaS team. The ideal candidate has 8-14 years of experience and is proficient in Product Demos, Negotiation, Presentations, APIs, Communication, Customer Success. This is a on-site full-time position focused on delivering high-quality business work."
Mid-level HR Specialist,Business,Payroll; Conflict Resolution; Performance Management; Recruitment; Onboarding,Mid-level,"Internship · On-site. We are hiring a Mid-level HR Specialist for our Startup team. The ideal candidate has 3-6 years of experience and is proficient in Payroll, Conflict Resolution, Performance Management, Recruitment, Onboarding. This is a on-site internship position focused on delivering high-quality business work."
Intern Business Analyst,Business,Data Analysis; Documentation; Stakeholder Management; Process Modeling; Communication; UML; Excel,Intern,"Internship · Hybrid. We are hiring a Intern Business Analyst for our EdTech team. The ideal candidate has 0-1 years of experience and is proficient in Data Analysis, Documentation, Stakeholder Management, Process Modeling, Communication, UML, Excel. This is a hybrid internship position focused on delivering high-quality business work."
Junior Sales Engineer,Business,Technical Sales; Communication; APIs; Customer Success; Presentations; Negotiation,Junior,"Full-time · On-site. We are hiring a Junior Sales Engineer for our Fintech team. The ideal candidate has 1-3 years of experience and is proficient in Technical Sales, Communication, APIs, Customer Success, Presentations, Negotiation. This is a on-site full-time position focused on delivering high-quality business work."
Lead Business Analyst,Business,UML; SQL; Excel; Communication; Requirements Gathering; Documentation,Lead,"Full-time · Remote. We are hiring a Lead Business Analyst for our Gaming team. The ideal candidate has 8-14 years of experience and is proficient in UML, SQL, Excel, Communication, Requirements Gathering, Documentation. This is a remote full-time position focused on delivering high-quality business work."
Intern Operations Manager,Business,Budgeting; Operations Management; Vendor Management; Leadership; Lean,Intern,"Full-time · Hybrid. We are hiring a Intern Operations Manager for our E-commerce team. The ideal candidate has 0-1 years of experience and is proficient in Budgeting, Operations Management, Vendor Management, Leadership, Lean. This is a hybrid full-time position focused on delivering high-quality business work."
Junior Business Analyst,Business,Data Analysis; Process Modeling; Documentation; SQL; Stakeholder Management,Junior,"Internship · Remote. We are hiring a Junior Business Analyst for our Healthcare team. The ideal candidate has 1-3 years of experience and is proficient in Data Analysis, Process Modeling, Documentation, SQL, Stakeholder Management. This is a remote internship position focused on delivering high-quality business work."
Senior Financial Analyst,Business,Forecasting; Analytics; Financial Modeling; Budgeting; Valuation,Senior,"Contract · Remote. We are hiring a Senior Financial Analyst for our SaaS team. The ideal candidate has 6-10 years of experience and is proficient in Forecasting, Analytics, Financial Modeling, Budgeting, Valuation. This is a remote contract position focused on delivering high-quality business work."
Senior Sales Engineer,Business,Customer Success; Solution Design; Product Demos; Presentations; Negotiation,Senior,"Contract · Remote. We are hiring a Senior Sales Engineer for our Fintech team. The ideal candidate has 6-10 years of experience and is proficient in Customer Success, Solution Design, Product Demos, Presentations, Negotiation. This is a remote contract position focused on delivering high-quality business work."
Lead Financial Analyst,Business,Valuation; Budgeting; Financial Modeling; Accounting; Forecasting; SQL; Power BI,Lead,"Contract · Hybrid. We are hiring a Lead Financial Analyst for our SaaS team. The ideal candidate has 8-14 years of experience and is proficient in Valuation, Budgeting, Financial Modeling, Accounting, Forecasting, SQL, Power BI. This is a hybrid contract position focused on delivering high-quality business work."
Mid-level HR Specialist,Business,Conflict Resolution; HRIS; Performance Management; Communication; Employee Relations; Payroll; Compliance,Mid-level,"Full-time · Hybrid. We are hiring a Mid-level HR Specialist for our Fintech team. The ideal candidate has 3-6 years of experience and is proficient in Conflict Resolution, HRIS, Performance Management, Communication, Employee Relations, Payroll, Compliance. This is a hybrid full-time position focused on delivering high-quality business work."
Mid-level Financial Analyst,Business,Power BI; Reporting; Forecasting; Valuation; Excel,Mid-level,"Contract · On-site. We are hiring a Mid-level Financial Analyst for our SaaS team. The ideal candidate has 3-6 years of experience and is proficient in Power BI, Reporting, Forecasting, Valuation, Excel. This is a on-site contract position focused on delivering high-quality business work."
Intern Sales Engineer,Business,Negotiation; Cloud; CRM; Technical Sales; Solution Design; Presentations,Intern,"Contract · On-site. We are hiring a Intern Sales Engineer for our Startup team. The ideal candidate has 0-1 years of experience and is proficient in Negotiation, Cloud, CRM, Technical Sales, Solution Design, Presentations. This is a on-site contract position focused on delivering high-quality business work."
Senior Business Analyst,Business,Excel; Agile; Communication; Data Analysis; Requirements Gathering; UML,Senior,"Contract · Remote. We are hiring a Senior Business Analyst for our SaaS team. The ideal candidate has 6-10 years of experience and is proficient in Excel, Agile, Communication, Data Analysis, Requirements Gathering, UML. This is a remote contract position focused on delivering high-quality business work."
Senior Operations Manager,Business,Lean; Vendor Management; Leadership; Process Improvement; Analytics,Senior,"Full-time · On-site. We are hiring a Senior Operations Manager for our SaaS team. The ideal candidate has 6-10 years of experience and is proficient in Lean, Vendor Management, Leadership, Process Improvement, Analytics. This is a on-site full-time position focused on delivering high-quality business work."
Intern Operations Manager,Business,Analytics; Supply Chain; Vendor Management; Process Improvement; Operations Management; Leadership,Intern,"Full-time · On-site. We are hiring a Intern Operations Manager for our E-commerce team. The ideal candidate has 0-1 years of experience and is proficient in Analytics, Supply Chain, Vendor Management, Process Improvement, Operations Management, Leadership. This is a on-site full-time position focused on delivering high-quality business work."
Senior HR Specialist,Business,Conflict Resolution; Employee Relations; Onboarding; Communication; HRIS,Senior,"Full-time · On-site. We are hiring a Senior HR Specialist for our SaaS team. The ideal candidate has 6-10 years of experience and is proficient in Conflict Resolution, Employee Relations, Onboarding, Communication, HRIS. This is a on-site full-time position focused on delivering high-quality business work."
Principal Sales Engineer,Business,Negotiation; Customer Success; Communication; Cloud; Product Demos,Principal,"Contract · Hybrid. We are hiring a Principal Sales Engineer for our E-commerce team. The ideal candidate has 12-20 years of experience and is proficient in Negotiation, Customer Success, Communication, Cloud, Product Demos. This is a hybrid contract position focused on delivering high-quality business work."
Intern Operations Manager,Business,Analytics; Leadership; Process Improvement; Lean; Six Sigma,Intern,"Internship · On-site. We are hiring a Intern Operations Manager for our E-commerce team. The ideal candidate has 0-1 years of experience and is proficient in Analytics, Leadership, Process Improvement, Lean, Six Sigma. This is a on-site internship position focused on delivering high-quality business work."
Lead Sales Engineer,Business,CRM; Negotiation; Communication; Solution Design; Product Demos; Presentations; Cloud,Lead,"Full-time · Hybrid. We are hiring a Lead Sales Engineer for our E-commerce team. The ideal candidate has 8-14 years of experience and is proficient in CRM, Negotiation, Communication, Solution Design, Product Demos, Presentations, Cloud. This is a hybrid full-time position focused on delivering high-quality business work."
Lead Financial Analyst,Business,SQL; Excel; Power BI; Reporting; Valuation; Accounting,Lead,"Internship · Hybrid. We are hiring a Lead Financial Analyst for our Startup team. The ideal candidate has 8-14 years of experience and is proficient in SQL, Excel, Power BI, Reporting, Valuation, Accounting. This is a hybrid internship position focused on delivering high-quality business work."
Principal Business Analyst,Business,Data Analysis; Documentation; SQL; Excel; Communication; Stakeholder Management; Agile,Principal,"Full-time · Hybrid. We are hiring a Principal Business Analyst for our E-commerce team. The ideal candidate has 12-20 years of experience and is proficient in Data Analysis, Documentation, SQL, Excel, Communication, Stakeholder Management, Agile. This is a hybrid full-time position focused on delivering high-quality business work."
Senior Sales Engineer,Business,Cloud; Presentations; Technical Sales; Customer Success; Solution Design,Senior,"Contract · Hybrid. We are hiring a Senior Sales Engineer for our Healthcare team. The ideal candidate has 6-10 years of experience and is proficient in Cloud, Presentations, Technical Sales, Customer Success, Solution Design. This is a hybrid contract position focused on delivering high-quality business work."
Mid-level Operations Manager,Business,Leadership; Six Sigma; Budgeting; Process Improvement; Operations Management; Supply Chain,Mid-level,"Contract · On-site. We are hiring a Mid-level Operations Manager for our Startup team. The ideal candidate has 3-6 years of experience and is proficient in Leadership, Six Sigma, Budgeting, Process Improvement, Operations Management, Supply Chain. This is a on-site contract position focused on delivering high-quality business work."
Intern Sales Engineer,Business,CRM; Customer Success; Communication; Product Demos; Presentations,Intern,"Contract · On-site. We are hiring a Intern Sales Engineer for our E-commerce team. The ideal candidate has 0-1 years of experience and is proficient in CRM, Customer Success, Communication, Product Demos, Presentations. This is a on-site contract position focused on delivering high-quality business work."
Lead HR Specialist,Business,Conflict Resolution; Recruitment; Training; HRIS; Payroll; Performance Management; Communication,Lead,"Full-time · On-site. We are hiring a Lead HR Specialist for our EdTech team. The ideal candidate has 8-14 years of experience and is proficient in Conflict Resolution, Recruitment, Training, HRIS, Payroll, Performance Management, Communication. This is a on-site full-time position focused on delivering high-quality business work."
Lead Sales Engineer,Business,Solution Design; CRM; Negotiation; Product Demos; APIs; Customer Success; Communication,Lead,"Internship · Remote. We are hiring a Lead Sales Engineer for our Enterprise team. The ideal candidate has 8-14 years of experience and is proficient in Solution Design, CRM, Negotiation, Product Demos, APIs, Customer Success, Communication. This is a remote internship position focused on delivering high-quality business work."
Lead Operations Manager,Business,Budgeting; Analytics; Six Sigma; Leadership; Lean; Operations Management; Communication,Lead,"Contract · On-site. We are hiring a Lead Operations Manager for our Healthcare team. The ideal candidate has 8-14 years of experience and is proficient in Budgeting, Analytics, Six Sigma, Leadership, Lean, Operations Management, Communication. This is a on-site contract position focused on delivering high-quality business work."
Intern Business Analyst,Business,Process Modeling; Excel; Agile; SQL; Data Analysis; Communication; Stakeholder Management,Intern,"Contract · Remote. We are hiring a Intern Business Analyst for our Healthcare team. The ideal candidate has 0-1 years of experience and is proficient in Process Modeling, Excel, Agile, SQL, Data Analysis, Communication, Stakeholder Management. This is a remote contract position focused on delivering high-quality business work."
Senior Business Analyst,Business,Process Modeling; Communication; Requirements Gathering; Data Analysis; Agile; Stakeholder Management; UML,Senior,"Contract · Remote. We are hiring a Senior Business Analyst for our Enterprise team. The ideal candidate has 6-10 years of experience and is proficient in Process Modeling, Communication, Requirements Gathering, Data Analysis, Agile, Stakeholder Management, UML. This is a remote contract position focused on delivering high-quality business work."
Senior HR Specialist,Business,Payroll; Communication; Employee Relations; HRIS; Performance Management; Recruitment,Senior,"Internship · Hybrid. We are hiring a Senior HR Specialist for our Fintech team. The ideal candidate has 6-10 years of experience and is proficient in Payroll, Communication, Employee Relations, HRIS, Performance Management, Recruitment. This is a hybrid internship position focused on delivering high-quality business work."
Lead Financial Analyst,Business,Reporting; Valuation; Forecasting; Financial Modeling; Accounting; SQL; Power BI,Lead,"Full-time · Remote. We are hiring a Lead Financial Analyst for our Healthcare team. The ideal candidate has 8-14 years of experience and is proficient in Reporting, Valuation, Forecasting, Financial Modeling, Accounting, SQL, Power BI. This is a remote full-time position focused on delivering high-quality business work."
Mid-level HR Specialist,Business,Training; Performance Management; Employee Relations; HRIS; Payroll; Compliance,Mid-level,"Contract · On-site. We are hiring a Mid-level HR Specialist for our E-commerce team. The ideal candidate has 3-6 years of experience and is proficient in Training, Performance Management, Employee Relations, HRIS, Payroll, Compliance. This is a on-site contract position focused on delivering high-quality business work."
Mid-level Financial Analyst,Business,Financial Modeling; Reporting; Analytics; Power BI; SQL; Accounting,Mid-level,"Full-time · Hybrid. We are hiring a Mid-level Financial Analyst for our Fintech team. The ideal candidate has 3-6 years of experience and is proficient in Financial Modeling, Reporting, Analytics, Power BI, SQL, Accounting. This is a hybrid full-time position focused on delivering high-quality business work."
Senior HR Specialist,Business,Onboarding; Performance Management; Compliance; Recruitment; Payroll; Employee Relations; Training,Senior,"Internship · Hybrid. We are hiring a Senior HR Specialist for our SaaS team. The ideal candidate has 6-10 years of experience and is proficient in Onboarding, Performance Management, Compliance, Recruitment, Payroll, Employee Relations, Training. This is a hybrid internship position focused on delivering high-quality business work."
Lead Business Analyst,Business,Excel; Stakeholder Management; Agile; UML; Requirements Gathering,Lead,"Contract · Hybrid. We are hiring a Lead Business Analyst for our Fintech team. The ideal candidate has 8-14 years of experience and is proficient in Excel, Stakeholder Management, Agile, UML, Requirements Gathering. This is a hybrid contract position focused on delivering high-quality business work."
Intern Business Analyst,Business,SQL; Process Modeling; Stakeholder Management; Requirements Gathering; Excel,Intern,"Full-time · Hybrid. We are hiring a Intern Business Analyst for our Enterprise team. The ideal candidate has 0-1 years of experience and is proficient in SQL, Process Modeling, Stakeholder Management, Requirements Gathering, Excel. This is a hybrid full-time position focused on delivering high-quality business work."
Senior Operations Manager,Business,Budgeting; Leadership; Operations Management; Process Improvement; Communication,Senior,"Full-time · On-site. We are hiring a Senior Operations Manager for our Enterprise team. The ideal candidate has 6-10 years of experience and is proficient in Budgeting, Leadership, Operations Management, Process Improvement, Communication. This is a on-site full-time position focused on delivering high-quality business work."
Junior Sales Engineer,Business,APIs; Product Demos; Cloud; Negotiation; Presentations; Solution Design,Junior,"Internship · On-site. We are hiring a Junior Sales Engineer for our Fintech team. The ideal candidate has 1-3 years of experience and is proficient in APIs, Product Demos, Cloud, Negotiation, Presentations, Solution Design. This is a on-site internship position focused on delivering high-quality business work."
Junior Operations Manager,Business,Process Improvement; Analytics; Supply Chain; Budgeting; Six Sigma,Junior,"Internship · On-site. We are hiring a Junior Operations Manager for our Healthcare team. The ideal candidate has 1-3 years of experience and is proficient in Process Improvement, Analytics, Supply Chain, Budgeting, Six Sigma. This is a on-site internship position focused on delivering high-quality business work."
Senior Business Analyst,Business,SQL; Communication; Data Analysis; Excel; Documentation; Requirements Gathering; Stakeholder Management,Senior,"Contract · On-site. We are hiring a Senior Business Analyst for our Healthcare team. The ideal candidate has 6-10 years of experience and is proficient in SQL, Communication, Data Analysis, Excel, Documentation, Requirements Gathering, Stakeholder Management. This is a on-site contract position focused on delivering high-quality business work."
Intern Sales Engineer,Business,Solution Design; Cloud; APIs; Communication; Product Demos; Presentations,Intern,"Full-time · On-site. We are hiring a Intern Sales Engineer for our Fintech team. The ideal candidate has 0-1 years of experience and is proficient in Solution Design, Cloud, APIs, Communication, Product Demos, Presentations. This is a on-site full-time position focused on delivering high-quality business work."
Lead Financial Analyst,Business,Reporting; Valuation; Power BI; Forecasting; Excel,Lead,"Internship · Remote. We are hiring a Lead Financial Analyst for our Startup team. The ideal candidate has 8-14 years of experience and is proficient in Reporting, Valuation, Power BI, Forecasting, Excel. This is a remote internship position focused on delivering high-quality business work."
Lead Business Analyst,Business,Communication; Excel; Data Analysis; SQL; Stakeholder Management,Lead,"Contract · On-site. We are hiring a Lead Business Analyst for our SaaS team. The ideal candidate has 8-14 years of experience and is proficient in Communication, Excel, Data Analysis, SQL, Stakeholder Management. This is a on-site contract position focused on delivering high-quality business work."
Intern Sales Engineer,Business,Cloud; Communication; APIs; Negotiation; CRM; Technical Sales; Presentations,Intern,"Full-time · On-site. We are hiring a Intern Sales Engineer for our SaaS team. The ideal candidate has 0-1 years of experience and is proficient in Cloud, Communication, APIs, Negotiation, CRM, Technical Sales, Presentations. This is a on-site full-time position focused on delivering high-quality business work."
Mid-level Operations Manager,Business,Budgeting; Vendor Management; Six Sigma; Supply Chain; Analytics,Mid-level,"Contract · Remote. We are hiring a Mid-level Operations Manager for our Healthcare team. The ideal candidate has 3-6 years of experience and is proficient in Budgeting, Vendor Management, Six Sigma, Supply Chain, Analytics. This is a remote contract position focused on delivering high-quality business work."
Mid-level Sales Engineer,Business,Presentations; Negotiation; Technical Sales; Cloud; CRM; Customer Success,Mid-level,"Internship · On-site. We are hiring a Mid-level Sales Engineer for our Fintech team. The ideal candidate has 3-6 years of experience and is proficient in Presentations, Negotiation, Technical Sales, Cloud, CRM, Customer Success. This is a on-site internship position focused on delivering high-quality business work."
Senior Sales Engineer,Business,Cloud; CRM; Product Demos; Communication; Negotiation; Presentations; Customer Success,Senior,"Contract · Hybrid. We are hiring a Senior Sales Engineer for our Enterprise team. The ideal candidate has 6-10 years of experience and is proficient in Cloud, CRM, Product Demos, Communication, Negotiation, Presentations, Customer Success. This is a hybrid contract position focused on delivering high-quality business work."
Senior Financial Analyst,Business,Forecasting; Reporting; Valuation; Excel; SQL; Budgeting,Senior,"Internship · Hybrid. We are hiring a Senior Financial Analyst for our Enterprise team. The ideal candidate has 6-10 years of experience and is proficient in Forecasting, Reporting, Valuation, Excel, SQL, Budgeting. This is a hybrid internship position focused on delivering high-quality business work."
Intern Operations Manager,Business,Supply Chain; Leadership; Six Sigma; Operations Management; Process Improvement,Intern,"Contract · Hybrid. We are hiring a Intern Operations Manager for our Gaming team. The ideal candidate has 0-1 years of experience and is proficient in Supply Chain, Leadership, Six Sigma, Operations Management, Process Improvement. This is a hybrid contract position focused on delivering high-quality business work."
Mid-level Financial Analyst,Business,Power BI; Budgeting; Forecasting; SQL; Analytics; Accounting; Financial Modeling,Mid-level,"Internship · Remote. We are hiring a Mid-level Financial Analyst for our Gaming team. The ideal candidate has 3-6 years of experience and is proficient in Power BI, Budgeting, Forecasting, SQL, Analytics, Accounting, Financial Modeling. This is a remote internship position focused on delivering high-quality business work."
Senior Financial Analyst,Business,Budgeting; Analytics; Financial Modeling; Reporting; Power BI,Senior,"Internship · Remote. We are hiring a Senior Financial Analyst for our Gaming team. The ideal candidate has 6-10 years of experience and is proficient in Budgeting, Analytics, Financial Modeling, Reporting, Power BI. This is a remote internship position focused on delivering high-quality business work."
Junior Sales Engineer,Business,APIs; Product Demos; Cloud; Customer Success; CRM; Technical Sales; Solution Design,Junior,"Full-time · Remote. We are hiring a Junior Sales Engineer for our Fintech team. The ideal candidate has 1-3 years of experience and is proficient in APIs, Product Demos, Cloud, Customer Success, CRM, Technical Sales, Solution Design. This is a remote full-time position focused on delivering high-quality business work."
Junior Operations Manager,Business,Budgeting; Leadership; Vendor Management; Operations Management; Six Sigma; Process Improvement; Lean,Junior,"Full-time · Hybrid. We are hiring a Junior Operations Manager for our Startup team. The ideal candidate has 1-3 years of experience and is proficient in Budgeting, Leadership, Vendor Management, Operations Management, Six Sigma, Process Improvement, Lean. This is a hybrid full-time position focused on delivering high-quality business work."
Principal Business Analyst,Business,Communication; Documentation; Stakeholder Management; UML; Excel; Data Analysis,Principal,"Full-time · Remote. We are hiring a Principal Business Analyst for our EdTech team. The ideal candidate has 12-20 years of experience and is proficient in Communication, Documentation, Stakeholder Management, UML, Excel, Data Analysis. This is a remote full-time position focused on delivering high-quality business work."
Junior Business Analyst,Business,Stakeholder Management; Requirements Gathering; Documentation; UML; SQL,Junior,"Contract · Remote. We are hiring a Junior Business Analyst for our Healthcare team. The ideal candidate has 1-3 years of experience and is proficient in Stakeholder Management, Requirements Gathering, Documentation, UML, SQL. This is a remote contract position focused on delivering high-quality business work."
Junior Sales Engineer,Business,Cloud; Customer Success; CRM; Presentations; Negotiation; Product Demos; APIs,Junior,"Internship · On-site. We are hiring a Junior Sales Engineer for our Enterprise team. The ideal candidate has 1-3 years of experience and is proficient in Cloud, Customer Success, CRM, Presentations, Negotiation, Product Demos, APIs. This is a on-site internship position focused on delivering high-quality business work."
Mid-level Sales Engineer,Business,Cloud; Customer Success; Technical Sales; Presentations; Communication; Solution Design; APIs,Mid-level,"Internship · On-site. We are hiring a Mid-level Sales Engineer for our EdTech team. The ideal candidate has 3-6 years of experience and is proficient in Cloud, Customer Success, Technical Sales, Presentations, Communication, Solution Design, APIs. This is a on-site internship position focused on delivering high-quality business work."
Principal Operations Manager,Business,Process Improvement; Communication; Vendor Management; Six Sigma; Budgeting; Operations Management,Principal,"Contract · Hybrid. We are hiring a Principal Operations Manager for our SaaS team. The ideal candidate has 12-20 years of experience and is proficient in Process Improvement, Communication, Vendor Management, Six Sigma, Budgeting, Operations Management. This is a hybrid contract position focused on delivering high-quality business work."
Intern Financial Analyst,Business,Reporting; Financial Modeling; SQL; Forecasting; Analytics; Power BI,Intern,"Full-time · Remote. We are hiring a Intern Financial Analyst for our Startup team. The ideal candidate has 0-1 years of experience and is proficient in Reporting, Financial Modeling, SQL, Forecasting, Analytics, Power BI. This is a remote full-time position focused on delivering high-quality business work."
Lead Operations Manager,Business,Budgeting; Communication; Analytics; Lean; Operations Management,Lead,"Full-time · On-site. We are hiring a Lead Operations Manager for our E-commerce team. The ideal candidate has 8-14 years of experience and is proficient in Budgeting, Communication, Analytics, Lean, Operations Management. This is a on-site full-time position focused on delivering high-quality business work."
Principal Financial Analyst,Business,Excel; Reporting; Accounting; Budgeting; Valuation; Financial Modeling,Principal,"Full-time · Remote. We are hiring a Principal Financial Analyst for our SaaS team. The ideal candidate has 12-20 years of experience and is proficient in Excel, Reporting, Accounting, Budgeting, Valuation, Financial Modeling. This is a remote full-time position focused on delivering high-quality business work."
Principal Financial Analyst,Business,Financial Modeling; Analytics; Accounting; Budgeting; Excel; Valuation,Principal,"Contract · On-site. We are hiring a Principal Financial Analyst for our Gaming team. The ideal candidate has 12-20 years of experience and is proficient in Financial Modeling, Analytics, Accounting, Budgeting, Excel, Valuation. This is a on-site contract position focused on delivering high-quality business work."
Intern Operations Manager,Business,Lean; Communication; Vendor Management; Operations Management; Supply Chain; Leadership; Six Sigma,Intern,"Full-time · Hybrid. We are hiring a Intern Operations Manager for our EdTech team. The ideal candidate has 0-1 years of experience and is proficient in Lean, Communication, Vendor Management, Operations Management, Supply Chain, Leadership, Six Sigma. This is a hybrid full-time position focused on delivering high-quality business work."
Mid-level Sales Engineer,Business,Presentations; Customer Success; Negotiation; APIs; Cloud,Mid-level,"Contract · On-site. We are hiring a Mid-level Sales Engineer for our Fintech team. The ideal candidate has 3-6 years of experience and is proficient in Presentations, Customer Success, Negotiation, APIs, Cloud. This is a on-site contract position focused on delivering high-quality business work."
Senior Sales Engineer,Business,Communication; APIs; Customer Success; Presentations; Solution Design,Senior,"Internship · On-site. We are hiring a Senior Sales Engineer for our Enterprise team. The ideal candidate has 6-10 years of experience and is proficient in Communication, APIs, Customer Success, Presentations, Solution Design. This is a on-site internship position focused on delivering high-quality business work."
Lead HR Specialist,Business,HRIS; Employee Relations; Recruitment; Conflict Resolution; Onboarding; Performance Management,Lead,"Full-time · Remote. We are hiring a Lead HR Specialist for our Startup team. The ideal candidate has 8-14 years of experience and is proficient in HRIS, Employee Relations, Recruitment, Conflict Resolution, Onboarding, Performance Management. This is a remote full-time position focused on delivering high-quality business work."
Lead Sales Engineer,Business,Communication; Solution Design; Presentations; Customer Success; Negotiation,Lead,"Internship · On-site. We are hiring a Lead Sales Engineer for our Startup team. The ideal candidate has 8-14 years of experience and is proficient in Communication, Solution Design, Presentations, Customer Success, Negotiation. This is a on-site internship position focused on delivering high-quality business work."
Principal Operations Manager,Business,Analytics; Supply Chain; Lean; Communication; Six Sigma; Process Improvement; Vendor Management,Principal,"Internship · Hybrid. We are hiring a Principal Operations Manager for our Gaming team. The ideal candidate has 12-20 years of experience and is proficient in Analytics, Supply Chain, Lean, Communication, Six Sigma, Process Improvement, Vendor Management. This is a hybrid internship position focused on delivering high-quality business work."
Intern Sales Engineer,Business,Technical Sales; CRM; Solution Design; Negotiation; Presentations; APIs,Intern,"Internship · Hybrid. We are hiring a Intern Sales Engineer for our Fintech team. The ideal candidate has 0-1 years of experience and is proficient in Technical Sales, CRM, Solution Design, Negotiation, Presentations, APIs. This is a hybrid internship position focused on delivering high-quality business work."
Lead Sales Engineer,Business,APIs; Technical Sales; Presentations; Communication; Customer Success; Cloud; Product Demos,Lead,"Internship · Remote. We are hiring a Lead Sales Engineer for our E-commerce team. The ideal candidate has 8-14 years of experience and is proficient in APIs, Technical Sales, Presentations, Communication, Customer Success, Cloud, Product Demos. This is a remote internship position focused on delivering high-quality business work."
Lead HR Specialist,Business,Compliance; Performance Management; Employee Relations; Communication; Training; Recruitment; HRIS,Lead,"Contract · On-site. We are hiring a Lead HR Specialist for our Healthcare team. The ideal candidate has 8-14 years of experience and is proficient in Compliance, Performance Management, Employee Relations, Communication, Training, Recruitment, HRIS. This is a on-site contract position focused on delivering high-quality business work."
Lead Financial Analyst,Business,Valuation; Forecasting; Reporting; Excel; Budgeting; Accounting,Lead,"Internship · Hybrid. We are hiring a Lead Financial Analyst for our Fintech team. The ideal candidate has 8-14 years of experience and is proficient in Valuation, Forecasting, Reporting, Excel, Budgeting, Accounting. This is a hybrid internship position focused on delivering high-quality business work."
Principal Sales Engineer,Business,Product Demos; Solution Design; Technical Sales; Presentations; Customer Success; Negotiation; APIs,Principal,"Internship · On-site. We are hiring a Principal Sales Engineer for our Healthcare team. The ideal candidate has 12-20 years of experience and is proficient in Product Demos, Solution Design, Technical Sales, Presentations, Customer Success, Negotiation, APIs. This is a on-site internship position focused on delivering high-quality business work."
Intern Sales Engineer,Business,Communication; APIs; CRM; Cloud; Customer Success,Intern,"Internship · On-site. We are hiring a Intern Sales Engineer for our EdTech team. The ideal candidate has 0-1 years of experience and is proficient in Communication, APIs, CRM, Cloud, Customer Success. This is a on-site internship position focused on delivering high-quality business work."
Lead Financial Analyst,Business,Excel; Reporting; Power BI; Financial Modeling; SQL,Lead,"Full-time · Remote. We are hiring a Lead Financial Analyst for our EdTech team. The ideal candidate has 8-14 years of experience and is proficient in Excel, Reporting, Power BI, Financial Modeling, SQL. This is a remote full-time position focused on delivering high-quality business work."
Junior Operations Manager,Business,Supply Chain; Vendor Management; Communication; Process Improvement; Budgeting; Analytics,Junior,"Internship · On-site. We are hiring a Junior Operations Manager for our Fintech team. The ideal candidate has 1-3 years of experience and is proficient in Supply Chain, Vendor Management, Communication, Process Improvement, Budgeting, Analytics. This is a on-site internship position focused on delivering high-quality business work."
Intern Sales Engineer,Business,Presentations; Cloud; Negotiation; CRM; Solution Design; Product Demos; APIs,Intern,"Contract · On-site. We are hiring a Intern Sales Engineer for our Enterprise team. The ideal candidate has 0-1 years of experience and is proficient in Presentations, Cloud, Negotiation, CRM, Solution Design, Product Demos, APIs. This is a on-site contract position focused on delivering high-quality business work."
Intern Operations Manager,Business,Operations Management; Supply Chain; Lean; Six Sigma; Analytics; Vendor Management,Intern,"Contract · On-site. We are hiring a Intern Operations Manager for our Startup team. The ideal candidate has 0-1 years of experience and is proficient in Operations Management, Supply Chain, Lean, Six Sigma, Analytics, Vendor Management. This is a on-site contract position focused on delivering high-quality business work."
Principal HR Specialist,Business,Onboarding; Communication; Compliance; HRIS; Training; Recruitment; Payroll,Principal,"Full-time · Hybrid. We are hiring a Principal HR Specialist for our Fintech team. The ideal candidate has 12-20 years of experience and is proficient in Onboarding, Communication, Compliance, HRIS, Training, Recruitment, Payroll. This is a hybrid full-time position focused on delivering high-quality business work."
Principal HR Specialist,Business,Training; Performance Management; Compliance; Onboarding; Payroll; Recruitment,Principal,"Contract · On-site. We are hiring a Principal HR Specialist for our Enterprise team. The ideal candidate has 12-20 years of experience and is proficient in Training, Performance Management, Compliance, Onboarding, Payroll, Recruitment. This is a on-site contract position focused on delivering high-quality business work."
Junior Operations Manager,Business,Supply Chain; Lean; Leadership; Process Improvement; Budgeting; Six Sigma,Junior,"Full-time · Remote. We are hiring a Junior Operations Manager for our EdTech team. The ideal candidate has 1-3 years of experience and is proficient in Supply Chain, Lean, Leadership, Process Improvement, Budgeting, Six Sigma. This is a remote full-time position focused on delivering high-quality business work."
Mid-level Operations Manager,Business,Lean; Process Improvement; Analytics; Supply Chain; Six Sigma; Communication,Mid-level,"Contract · On-site. We are hiring a Mid-level Operations Manager for our E-commerce team. The ideal candidate has 3-6 years of experience and is proficient in Lean, Process Improvement, Analytics, Supply Chain, Six Sigma, Communication. This is a on-site contract position focused on delivering high-quality business work."
Mid-level Financial Analyst,Business,Budgeting; Power BI; Accounting; Forecasting; Reporting,Mid-level,"Internship · Remote. We are hiring a Mid-level Financial Analyst for our Enterprise team. The ideal candidate has 3-6 years of experience and is proficient in Budgeting, Power BI, Accounting, Forecasting, Reporting. This is a remote internship position focused on delivering high-quality business work."
Lead Financial Analyst,Business,Forecasting; SQL; Valuation; Budgeting; Accounting; Excel,Lead,"Internship · Hybrid. We are hiring a Lead Financial Analyst for our Healthcare team. The ideal candidate has 8-14 years of experience and is proficient in Forecasting, SQL, Valuation, Budgeting, Accounting, Excel. This is a hybrid internship position focused on delivering high-quality business work."
Principal HR Specialist,Business,Training; Conflict Resolution; Communication; Onboarding; Employee Relations; Performance Management; Recruitment,Principal,"Internship · Remote. We are hiring a Principal HR Specialist for our SaaS team. The ideal candidate has 12-20 years of experience and is proficient in Training, Conflict Resolution, Communication, Onboarding, Employee Relations, Performance Management, Recruitment. This is a remote internship position focused on delivering high-quality business work."
Mid-level HR Specialist,Business,Onboarding; Employee Relations; Recruitment; Training; Performance Management; Communication; Compliance,Mid-level,"Internship · Hybrid. We are hiring a Mid-level HR Specialist for our Healthcare team. The ideal candidate has 3-6 years of experience and is proficient in Onboarding, Employee Relations, Recruitment, Training, Performance Management, Communication, Compliance. This is a hybrid internship position focused on delivering high-quality business work."
Intern Financial Analyst,Business,Budgeting; Power BI; Excel; Forecasting; Accounting; Analytics,Intern,"Internship · On-site. We are hiring a Intern Financial Analyst for our E-commerce team. The ideal candidate has 0-1 years of experience and is proficient in Budgeting, Power BI, Excel, Forecasting, Accounting, Analytics. This is a on-site internship position focused on delivering high-quality business work."
Intern Business Analyst,Business,Communication; Agile; Process Modeling; Requirements Gathering; Documentation,Intern,"Full-time · Remote. We are hiring a Intern Business Analyst for our Fintech team. The ideal candidate has 0-1 years of experience and is proficient in Communication, Agile, Process Modeling, Requirements Gathering, Documentation. This is a remote full-time position focused on delivering high-quality business work."
Intern Sales Engineer,Business,Negotiation; APIs; Product Demos; Technical Sales; Solution Design; Cloud; Presentations,Intern,"Contract · Hybrid. We are hiring a Intern Sales Engineer for our Gaming team. The ideal candidate has 0-1 years of experience and is proficient in Negotiation, APIs, Product Demos, Technical Sales, Solution Design, Cloud, Presentations. This is a hybrid contract position focused on delivering high-quality business work."
Senior Business Analyst,Business,Agile; Requirements Gathering; SQL; Data Analysis; Communication,Senior,"Full-time · Remote. We are hiring a Senior Business Analyst for our Gaming team. The ideal candidate has 6-10 years of experience and is proficient in Agile, Requirements Gathering, SQL, Data Analysis, Communication. This is a remote full-time position focused on delivering high-quality business work."
Lead Financial Analyst,Business,Valuation; Accounting; Power BI; Analytics; Excel; SQL,Lead,"Full-time · Remote. We are hiring a Lead Financial Analyst for our Enterprise team. The ideal candidate has 8-14 years of experience and is proficient in Valuation, Accounting, Power BI, Analytics, Excel, SQL. This is a remote full-time position focused on delivering high-quality business work."
Principal Financial Analyst,Business,SQL; Excel; Accounting; Reporting; Financial Modeling,Principal,"Internship · Remote. We are hiring a Principal Financial Analyst for our Healthcare team. The ideal candidate has 12-20 years of experience and is proficient in SQL, Excel, Accounting, Reporting, Financial Modeling. This is a remote internship position focused on delivering high-quality business work."
Lead HR Specialist,Business,Recruitment; Compliance; Performance Management; Conflict Resolution; Training; Employee Relations,Lead,"Internship · Remote. We are hiring a Lead HR Specialist for our Fintech team. The ideal candidate has 8-14 years of experience and is proficient in Recruitment, Compliance, Performance Management, Conflict Resolution, Training, Employee Relations. This is a remote internship position focused on delivering high-quality business work."
Mid-level Sales Engineer,Business,Negotiation; CRM; Communication; Customer Success; Cloud,Mid-level,"Full-time · Hybrid. We are hiring a Mid-level Sales Engineer for our EdTech team. The ideal candidate has 3-6 years of experience and is proficient in Negotiation, CRM, Communication, Customer Success, Cloud. This is a hybrid full-time position focused on delivering high-quality business work."
Principal Business Analyst,Business,Documentation; Excel; SQL; Data Analysis; Requirements Gathering; Agile; Process Modeling,Principal,"Internship · Hybrid. We are hiring a Principal Business Analyst for our Gaming team. The ideal candidate has 12-20 years of experience and is proficient in Documentation, Excel, SQL, Data Analysis, Requirements Gathering, Agile, Process Modeling. This is a hybrid internship position focused on delivering high-quality business work."
Junior Sales Engineer,Business,Product Demos; Cloud; APIs; Presentations; Communication; Solution Design; Customer Success,Junior,"Full-time · Hybrid. We are hiring a Junior Sales Engineer for our Startup team. The ideal candidate has 1-3 years of experience and is proficient in Product Demos, Cloud, APIs, Presentations, Communication, Solution Design, Customer Success. This is a hybrid full-time position focused on delivering high-quality business work."
Intern HR Specialist,Business,Onboarding; Compliance; Payroll; Recruitment; Conflict Resolution; Employee Relations,Intern,"Full-time · On-site. We are hiring a Intern HR Specialist for our Startup team. The ideal candidate has 0-1 years of experience and is proficient in Onboarding, Compliance, Payroll, Recruitment, Conflict Resolution, Employee Relations. This is a on-site full-time position focused on delivering high-quality business work."
Principal Financial Analyst,Business,SQL; Financial Modeling; Excel; Valuation; Reporting; Analytics; Forecasting,Principal,"Contract · On-site. We are hiring a Principal Financial Analyst for our Startup team. The ideal candidate has 12-20 years of experience and is proficient in SQL, Financial Modeling, Excel, Valuation, Reporting, Analytics, Forecasting. This is a on-site contract position focused on delivering high-quality business work."
Principal Sales Engineer,Business,Negotiation; Product Demos; Presentations; CRM; Technical Sales; Communication; Customer Success,Principal,"Full-time · On-site. We are hiring a Principal Sales Engineer for our SaaS team. The ideal candidate has 12-20 years of experience and is proficient in Negotiation, Product Demos, Presentations, CRM, Technical Sales, Communication, Customer Success. This is a on-site full-time position focused on delivering high-quality business work."
Senior HR Specialist,Business,Payroll; Recruitment; Compliance; Communication; Conflict Resolution; Performance Management,Senior,"Full-time · Remote. We are hiring a Senior HR Specialist for our Startup team. The ideal candidate has 6-10 years of experience and is proficient in Payroll, Recruitment, Compliance, Communication, Conflict Resolution, Performance Management. This is a remote full-time position focused on delivering high-quality business work."
Principal Business Analyst,Business,Requirements Gathering; UML; Stakeholder Management; Agile; Documentation,Principal,"Internship · On-site. We are hiring a Principal Business Analyst for our E-commerce team. The ideal candidate has 12-20 years of experience and is proficient in Requirements Gathering, UML, Stakeholder Management, Agile, Documentation. This is a on-site internship position focused on delivering high-quality business work."
Intern HR Specialist,Business,Employee Relations; HRIS; Training; Communication; Recruitment; Compliance; Payroll,Intern,"Contract · On-site. We are hiring a Intern HR Specialist for our Healthcare team. The ideal candidate has 0-1 years of experience and is proficient in Employee Relations, HRIS, Training, Communication, Recruitment, Compliance, Payroll. This is a on-site contract position focused on delivering high-quality business work."
Lead Sales Engineer,Business,Negotiation; Communication; CRM; Customer Success; APIs; Cloud,Lead,"Contract · Remote. We are hiring a Lead Sales Engineer for our Gaming team. The ideal candidate has 8-14 years of experience and is proficient in Negotiation, Communication, CRM, Customer Success, APIs, Cloud. This is a remote contract position focused on delivering high-quality business work."
Mid-level Financial Analyst,Business,Valuation; Analytics; Accounting; SQL; Forecasting; Budgeting,Mid-level,"Full-time · Remote. We are hiring a Mid-level Financial Analyst for our E-commerce team. The ideal candidate has 3-6 years of experience and is proficient in Valuation, Analytics, Accounting, SQL, Forecasting, Budgeting. This is a remote full-time position focused on delivering high-quality business work."
Lead Operations Manager,Business,Operations Management; Analytics; Vendor Management; Six Sigma; Lean; Leadership; Communication,Lead,"Internship · Hybrid. We are hiring a Lead Operations Manager for our E-commerce team. The ideal candidate has 8-14 years of experience and is proficient in Operations Management, Analytics, Vendor Management, Six Sigma, Lean, Leadership, Communication. This is a hybrid internship position focused on delivering high-quality business work."
Senior Financial Analyst,Business,Valuation; Analytics; Forecasting; SQL; Financial Modeling; Accounting; Excel,Senior,"Internship · Hybrid. We are hiring a Senior Financial Analyst for our SaaS team. The ideal candidate has 6-10 years of experience and is proficient in Valuation, Analytics, Forecasting, SQL, Financial Modeling, Accounting, Excel. This is a hybrid internship position focused on delivering high-quality business work."
Intern Sales Engineer,Business,Technical Sales; Solution Design; Communication; Presentations; Cloud; Negotiation; Customer Success,Intern,"Full-time · Remote. We are hiring a Intern Sales Engineer for our Enterprise team. The ideal candidate has 0-1 years of experience and is proficient in Technical Sales, Solution Design, Communication, Presentations, Cloud, Negotiation, Customer Success. This is a remote full-time position focused on delivering high-quality business work."
Senior Operations Manager,Business,Process Improvement; Lean; Analytics; Budgeting; Operations Management; Leadership; Supply Chain,Senior,"Contract · Hybrid. We are hiring a Senior Operations Manager for our E-commerce team. The ideal candidate has 6-10 years of experience and is proficient in Process Improvement, Lean, Analytics, Budgeting, Operations Management, Leadership, Supply Chain. This is a hybrid contract position focused on delivering high-quality business work."
Lead Financial Analyst,Business,Analytics; Financial Modeling; Valuation; Budgeting; SQL,Lead,"Contract · Hybrid. We are hiring a Lead Financial Analyst for our Startup team. The ideal candidate has 8-14 years of experience and is proficient in Analytics, Financial Modeling, Valuation, Budgeting, SQL. This is a hybrid contract position focused on delivering high-quality business work."
Principal Operations Manager,Business,Lean; Budgeting; Communication; Supply Chain; Analytics,Principal,"Internship · On-site. We are hiring a Principal Operations Manager for our Healthcare team. The ideal candidate has 12-20 years of experience and is proficient in Lean, Budgeting, Communication, Supply Chain, Analytics. This is a on-site internship position focused on delivering high-quality business work."
Intern Business Analyst,Business,Stakeholder Management; Communication; UML; SQL; Data Analysis; Agile; Process Modeling,Intern,"Internship · Remote. We are hiring a Intern Business Analyst for our Enterprise team. The ideal candidate has 0-1 years of experience and is proficient in Stakeholder Management, Communication, UML, SQL, Data Analysis, Agile, Process Modeling. This is a remote internship position focused on delivering high-quality business work."
Junior Financial Analyst,Business,Forecasting; Valuation; Analytics; Financial Modeling; Excel,Junior,"Internship · Hybrid. We are hiring a Junior Financial Analyst for our Gaming team. The ideal candidate has 1-3 years of experience and is proficient in Forecasting, Valuation, Analytics, Financial Modeling, Excel. This is a hybrid internship position focused on delivering high-quality business work."
Principal Operations Manager,Business,Supply Chain; Communication; Analytics; Lean; Operations Management; Budgeting,Principal,"Contract · Remote. We are hiring a Principal Operations Manager for our Gaming team. The ideal candidate has 12-20 years of experience and is proficient in Supply Chain, Communication, Analytics, Lean, Operations Management, Budgeting. This is a remote contract position focused on delivering high-quality business work."
Senior Business Analyst,Business,Process Modeling; SQL; Documentation; Excel; Data Analysis; Stakeholder Management; Agile,Senior,"Full-time · On-site. We are hiring a Senior Business Analyst for our Gaming team. The ideal candidate has 6-10 years of experience and is proficient in Process Modeling, SQL, Documentation, Excel, Data Analysis, Stakeholder Management, Agile. This is a on-site full-time position focused on delivering high-quality business work."
Junior Financial Analyst,Business,Analytics; SQL; Forecasting; Financial Modeling; Excel; Budgeting,Junior,"Full-time · On-site. We are hiring a Junior Financial Analyst for our E-commerce team. The ideal candidate has 1-3 years of experience and is proficient in Analytics, SQL, Forecasting, Financial Modeling, Excel, Budgeting. This is a on-site full-time position focused on delivering high-quality business work."
Mid-level Operations Manager,Business,Six Sigma; Supply Chain; Vendor Management; Process Improvement; Leadership; Communication,Mid-level,"Full-time · Hybrid. We are hiring a Mid-level Operations Manager for our E-commerce team. The ideal candidate has 3-6 years of experience and is proficient in Six Sigma, Supply Chain, Vendor Management, Process Improvement, Leadership, Communication. This is a hybrid full-time position focused on delivering high-quality business work."
Junior Business Analyst,Business,Stakeholder Management; Communication; Data Analysis; SQL; Requirements Gathering; Process Modeling,Junior,"Internship · Remote. We are hiring a Junior Business Analyst for our Enterprise team. The ideal candidate has 1-3 years of experience and is proficient in Stakeholder Management, Communication, Data Analysis, SQL, Requirements Gathering, Process Modeling. This is a remote internship position focused on delivering high-quality business work."
Junior Operations Manager,Business,Analytics; Six Sigma; Lean; Process Improvement; Leadership,Junior,"Full-time · On-site. We are hiring a Junior Operations Manager for our Fintech team. The ideal candidate has 1-3 years of experience and is proficient in Analytics, Six Sigma, Lean, Process Improvement, Leadership. This is a on-site full-time position focused on delivering high-quality business work."
Senior HR Specialist,Business,Conflict Resolution; Recruitment; Communication; Onboarding; Employee Relations; HRIS,Senior,"Full-time · Hybrid. We are hiring a Senior HR Specialist for our Fintech team. The ideal candidate has 6-10 years of experience and is proficient in Conflict Resolution, Recruitment, Communication, Onboarding, Employee Relations, HRIS. This is a hybrid full-time position focused on delivering high-quality business work."
Principal Sales Engineer,Business,Solution Design; Communication; Technical Sales; CRM; Cloud,Principal,"Contract · Remote. We are hiring a Principal Sales Engineer for our Gaming team. The ideal candidate has 12-20 years of experience and is proficient in Solution Design, Communication, Technical Sales, CRM, Cloud. This is a remote contract position focused on delivering high-quality business work."
Senior Operations Manager,Business,Lean; Communication; Leadership; Operations Management; Analytics; Budgeting,Senior,"Contract · On-site. We are hiring a Senior Operations Manager for our Gaming team. The ideal candidate has 6-10 years of experience and is proficient in Lean, Communication, Leadership, Operations Management, Analytics, Budgeting. This is a on-site contract position focused on delivering high-quality business work."
Lead Sales Engineer,Business,Cloud; Product Demos; CRM; Communication; Customer Success,Lead,"Full-time · Remote. We are hiring a Lead Sales Engineer for our Fintech team. The ideal candidate has 8-14 years of experience and is proficient in Cloud, Product Demos, CRM, Communication, Customer Success. This is a remote full-time position focused on delivering high-quality business work."
Junior Financial Analyst,Business,Valuation; Excel; Budgeting; Analytics; Power BI,Junior,"Internship · Hybrid. We are hiring a Junior Financial Analyst for our SaaS team. The ideal candidate has 1-3 years of experience and is proficient in Valuation, Excel, Budgeting, Analytics, Power BI. This is a hybrid internship position focused on delivering high-quality business work."
Lead Business Analyst,Business,Communication; Agile; Documentation; Data Analysis; Requirements Gathering; Process Modeling,Lead,"Contract · Hybrid. We are hiring a Lead Business Analyst for our Healthcare team. The ideal candidate has 8-14 years of experience and is proficient in Communication, Agile, Documentation, Data Analysis, Requirements Gathering, Process Modeling. This is a hybrid contract position focused on delivering high-quality business work."
Senior Financial Analyst,Business,Accounting; Valuation; Forecasting; Power BI; Reporting,Senior,"Contract · On-site. We are hiring a Senior Financial Analyst for our EdTech team. The ideal candidate has 6-10 years of experience and is proficient in Accounting, Valuation, Forecasting, Power BI, Reporting. This is a on-site contract position focused on delivering high-quality business work."
Senior Financial Analyst,Business,SQL; Budgeting; Financial Modeling; Accounting; Analytics; Reporting,Senior,"Contract · Remote. We are hiring a Senior Financial Analyst for our E-commerce team. The ideal candidate has 6-10 years of experience and is proficient in SQL, Budgeting, Financial Modeling, Accounting, Analytics, Reporting. This is a remote contract position focused on delivering high-quality business work."
Junior Business Analyst,Business,Documentation; Process Modeling; UML; Agile; Stakeholder Management; Communication; Data Analysis,Junior,"Internship · Hybrid. We are hiring a Junior Business Analyst for our E-commerce team. The ideal candidate has 1-3 years of experience and is proficient in Documentation, Process Modeling, UML, Agile, Stakeholder Management, Communication, Data Analysis. This is a hybrid internship position focused on delivering high-quality business work."
Lead Business Analyst,Business,Communication; UML; Excel; Stakeholder Management; Requirements Gathering,Lead,"Internship · On-site. We are hiring a Lead Business Analyst for our Fintech team. The ideal candidate has 8-14 years of experience and is proficient in Communication, UML, Excel, Stakeholder Management, Requirements Gathering. This is a on-site internship position focused on delivering high-quality business work."
Intern Operations Manager,Business,Lean; Leadership; Operations Management; Supply Chain; Six Sigma; Vendor Management; Communication,Intern,"Internship · On-site. We are hiring a Intern Operations Manager for our Fintech team. The ideal candidate has 0-1 years of experience and is proficient in Lean, Leadership, Operations Management, Supply Chain, Six Sigma, Vendor Management, Communication. This is a on-site internship position focused on delivering high-quality business work."
Senior Sales Engineer,Business,Product Demos; Technical Sales; Negotiation; CRM; Presentations; Cloud,Senior,"Internship · Remote. We are hiring a Senior Sales Engineer for our EdTech team. The ideal candidate has 6-10 years of experience and is proficient in Product Demos, Technical Sales, Negotiation, CRM, Presentations, Cloud. This is a remote internship position focused on delivering high-quality business work."
Principal HR Specialist,Business,Conflict Resolution; Onboarding; Communication; Payroll; Employee Relations; Performance Management,Principal,"Contract · Hybrid. We are hiring a Principal HR Specialist for our Enterprise team. The ideal candidate has 12-20 years of experience and is proficient in Conflict Resolution, Onboarding, Communication, Payroll, Employee Relations, Performance Management. This is a hybrid contract position focused on delivering high-quality business work."
Senior Operations Manager,Business,Operations Management; Lean; Analytics; Vendor Management; Process Improvement; Budgeting,Senior,"Full-time · On-site. We are hiring a Senior Operations Manager for our EdTech team. The ideal candidate has 6-10 years of experience and is proficient in Operations Management, Lean, Analytics, Vendor Management, Process Improvement, Budgeting. This is a on-site full-time position focused on delivering high-quality business work."
Lead Business Analyst,Business,Data Analysis; Communication; Process Modeling; Requirements Gathering; SQL,Lead,"Full-time · On-site. We are hiring a Lead Business Analyst for our EdTech team. The ideal candidate has 8-14 years of experience and is proficient in Data Analysis, Communication, Process Modeling, Requirements Gathering, SQL. This is a on-site full-time position focused on delivering high-quality business work."
Principal Sales Engineer,Business,APIs; Product Demos; Customer Success; Presentations; Solution Design; CRM; Negotiation,Principal,"Contract · Hybrid. We are hiring a Principal Sales Engineer for our SaaS team. The ideal candidate has 12-20 years of experience and is proficient in APIs, Product Demos, Customer Success, Presentations, Solution Design, CRM, Negotiation. This is a hybrid contract position focused on delivering high-quality business work."
Junior Business Analyst,Business,Excel; Communication; SQL; Data Analysis; Process Modeling,Junior,"Contract · On-site. We are hiring a Junior Business Analyst for our Enterprise team. The ideal candidate has 1-3 years of experience and is proficient in Excel, Communication, SQL, Data Analysis, Process Modeling. This is a on-site contract position focused on delivering high-quality business work."
Intern Business Analyst,Business,Communication; Process Modeling; Documentation; Excel; Data Analysis,Intern,"Full-time · Hybrid. We are hiring a Intern Business Analyst for our Healthcare team. The ideal candidate has 0-1 years of experience and is proficient in Communication, Process Modeling, Documentation, Excel, Data Analysis. This is a hybrid full-time position focused on delivering high-quality business work."
Principal Business Analyst,Business,SQL; Process Modeling; Excel; Data Analysis; Documentation; Requirements Gathering,Principal,"Internship · Hybrid. We are hiring a Principal Business Analyst for our SaaS team. The ideal candidate has 12-20 years of experience and is proficient in SQL, Process Modeling, Excel, Data Analysis, Documentation, Requirements Gathering. This is a hybrid internship position focused on delivering high-quality business work."
Junior Financial Analyst,Business,Valuation; Reporting; Forecasting; SQL; Financial Modeling; Accounting,Junior,"Contract · On-site. We are hiring a Junior Financial Analyst for our Gaming team. The ideal candidate has 1-3 years of experience and is proficient in Valuation, Reporting, Forecasting, SQL, Financial Modeling, Accounting. This is a on-site contract position focused on delivering high-quality business work."
Senior Business Analyst,Business,Excel; Process Modeling; SQL; Stakeholder Management; UML; Communication; Agile,Senior,"Full-time · Hybrid. We are hiring a Senior Business Analyst for our SaaS team. The ideal candidate has 6-10 years of experience and is proficient in Excel, Process Modeling, SQL, Stakeholder Management, UML, Communication, Agile. This is a hybrid full-time position focused on delivering high-quality business work."
Junior HR Specialist,Business,Onboarding; Conflict Resolution; Compliance; Employee Relations; Communication,Junior,"Internship · Remote. We are hiring a Junior HR Specialist for our Enterprise team. The ideal candidate has 1-3 years of experience and is proficient in Onboarding, Conflict Resolution, Compliance, Employee Relations, Communication. This is a remote internship position focused on delivering high-quality business work."
Senior Sales Engineer,Business,Cloud; Communication; Negotiation; Product Demos; Customer Success; Presentations,Senior,"Full-time · Hybrid. We are hiring a Senior Sales Engineer for our Fintech team. The ideal candidate has 6-10 years of experience and is proficient in Cloud, Communication, Negotiation, Product Demos, Customer Success, Presentations. This is a hybrid full-time position focused on delivering high-quality business work."
Senior Business Analyst,Business,Stakeholder Management; Agile; Communication; SQL; Excel; UML; Process Modeling,Senior,"Full-time · On-site. We are hiring a Senior Business Analyst for our SaaS team. The ideal candidate has 6-10 years of experience and is proficient in Stakeholder Management, Agile, Communication, SQL, Excel, UML, Process Modeling. This is a on-site full-time position focused on delivering high-quality business work."
Intern Financial Analyst,Business,Excel; Analytics; Power BI; Forecasting; SQL; Accounting,Intern,"Internship · On-site. We are hiring a Intern Financial Analyst for our Fintech team. The ideal candidate has 0-1 years of experience and is proficient in Excel, Analytics, Power BI, Forecasting, SQL, Accounting. This is a on-site internship position focused on delivering high-quality business work."
Principal Operations Manager,Business,Lean; Supply Chain; Operations Management; Six Sigma; Process Improvement,Principal,"Full-time · On-site. We are hiring a Principal Operations Manager for our E-commerce team. The ideal candidate has 12-20 years of experience and is proficient in Lean, Supply Chain, Operations Management, Six Sigma, Process Improvement. This is a on-site full-time position focused on delivering high-quality business work."
Mid-level HR Specialist,Business,Onboarding; Compliance; HRIS; Employee Relations; Performance Management,Mid-level,"Full-time · Remote. We are hiring a Mid-level HR Specialist for our E-commerce team. The ideal candidate has 3-6 years of experience and is proficient in Onboarding, Compliance, HRIS, Employee Relations, Performance Management. This is a remote full-time position focused on delivering high-quality business work."
Principal Sales Engineer,Business,Technical Sales; Presentations; Cloud; Communication; Product Demos; Solution Design; Negotiation,Principal,"Internship · Hybrid. We are hiring a Principal Sales Engineer for our Healthcare team. The ideal candidate has 12-20 years of experience and is proficient in Technical Sales, Presentations, Cloud, Communication, Product Demos, Solution Design, Negotiation. This is a hybrid internship position focused on delivering high-quality business work."
Lead Operations Manager,Business,Process Improvement; Six Sigma; Analytics; Vendor Management; Leadership; Communication,Lead,"Internship · Remote. We are hiring a Lead Operations Manager for our Gaming team. The ideal candidate has 8-14 years of experience and is proficient in Process Improvement, Six Sigma, Analytics, Vendor Management, Leadership, Communication. This is a remote internship position focused on delivering high-quality business work."
Senior Business Analyst,Business,Agile; UML; Excel; Requirements Gathering; Stakeholder Management; Documentation; Data Analysis,Senior,"Full-time · Hybrid. We are hiring a Senior Business Analyst for our Healthcare team. The ideal candidate has 6-10 years of experience and is proficient in Agile, UML, Excel, Requirements Gathering, Stakeholder Management, Documentation, Data Analysis. This is a hybrid full-time position focused on delivering high-quality business work."
Intern Financial Analyst,Business,Forecasting; Valuation; SQL; Budgeting; Financial Modeling,Intern,"Full-time · On-site. We are hiring a Intern Financial Analyst for our Gaming team. The ideal candidate has 0-1 years of experience and is proficient in Forecasting, Valuation, SQL, Budgeting, Financial Modeling. This is a on-site full-time position focused on delivering high-quality business work."
Mid-level Business Analyst,Business,SQL; Requirements Gathering; Documentation; Data Analysis; Process Modeling,Mid-level,"Contract · On-site. We are hiring a Mid-level Business Analyst for our Fintech team. The ideal candidate has 3-6 years of experience and is proficient in SQL, Requirements Gathering, Documentation, Data Analysis, Process Modeling. This is a on-site contract position focused on delivering high-quality business work."
Principal Business Analyst,Business,Stakeholder Management; Process Modeling; SQL; Communication; Data Analysis; UML; Agile,Principal,"Internship · Hybrid. We are hiring a Principal Business Analyst for our E-commerce team. The ideal candidate has 12-20 years of experience and is proficient in Stakeholder Management, Process Modeling, SQL, Communication, Data Analysis, UML, Agile. This is a hybrid internship position focused on delivering high-quality business work."
Lead Sales Engineer,Business,CRM; Solution Design; Technical Sales; Communication; Product Demos; Negotiation; APIs,Lead,"Internship · On-site. We are hiring a Lead Sales Engineer for our EdTech team. The ideal candidate has 8-14 years of experience and is proficient in CRM, Solution Design, Technical Sales, Communication, Product Demos, Negotiation, APIs. This is a on-site internship position focused on delivering high-quality business work."
Principal Sales Engineer,Business,Technical Sales; Negotiation; Solution Design; Customer Success; Cloud; Communication,Principal,"Full-time · On-site. We are hiring a Principal Sales Engineer for our EdTech team. The ideal candidate has 12-20 years of experience and is proficient in Technical Sales, Negotiation, Solution Design, Customer Success, Cloud, Communication. This is a on-site full-time position focused on delivering high-quality business work."
Lead Business Analyst,Business,Requirements Gathering; UML; Data Analysis; Agile; Excel; Communication; SQL,Lead,"Contract · Remote. We are hiring a Lead Business Analyst for our Gaming team. The ideal candidate has 8-14 years of experience and is proficient in Requirements Gathering, UML, Data Analysis, Agile, Excel, Communication, SQL. This is a remote contract position focused on delivering high-quality business work."
Lead Operations Manager,Business,Analytics; Lean; Six Sigma; Vendor Management; Operations Management,Lead,"Full-time · Remote. We are hiring a Lead Operations Manager for our Healthcare team. The ideal candidate has 8-14 years of experience and is proficient in Analytics, Lean, Six Sigma, Vendor Management, Operations Management. This is a remote full-time position focused on delivering high-quality business work."
Lead Operations Manager,Business,Budgeting; Process Improvement; Communication; Vendor Management; Lean; Analytics; Leadership,Lead,"Internship · Hybrid. We are hiring a Lead Operations Manager for our Gaming team. The ideal candidate has 8-14 years of experience and is proficient in Budgeting, Process Improvement, Communication, Vendor Management, Lean, Analytics, Leadership. This is a hybrid internship position focused on delivering high-quality business work."
Mid-level Business Analyst,Business,Agile; Stakeholder Management; UML; Requirements Gathering; Data Analysis,Mid-level,"Internship · Remote. We are hiring a Mid-level Business Analyst for our Gaming team. The ideal candidate has 3-6 years of experience and is proficient in Agile, Stakeholder Management, UML, Requirements Gathering, Data Analysis. This is a remote internship position focused on delivering high-quality business work."
Junior HR Specialist,Business,Recruitment; HRIS; Training; Communication; Payroll; Employee Relations,Junior,"Contract · On-site. We are hiring a Junior HR Specialist for our Startup team. The ideal candidate has 1-3 years of experience and is proficient in Recruitment, HRIS, Training, Communication, Payroll, Employee Relations. This is a on-site contract position focused on delivering high-quality business work."
Lead Financial Analyst,Business,Valuation; Accounting; Analytics; Excel; SQL; Financial Modeling,Lead,"Internship · Remote. We are hiring a Lead Financial Analyst for our SaaS team. The ideal candidate has 8-14 years of experience and is proficient in Valuation, Accounting, Analytics, Excel, SQL, Financial Modeling. This is a remote internship position focused on delivering high-quality business work."
Mid-level Sales Engineer,Business,Communication; CRM; APIs; Presentations; Product Demos; Technical Sales,Mid-level,"Internship · On-site. We are hiring a Mid-level Sales Engineer for our SaaS team. The ideal candidate has 3-6 years of experience and is proficient in Communication, CRM, APIs, Presentations, Product Demos, Technical Sales. This is a on-site internship position focused on delivering high-quality business work."
Mid-level HR Specialist,Business,Performance Management; Payroll; Communication; Conflict Resolution; HRIS,Mid-level,"Contract · Remote. We are hiring a Mid-level HR Specialist for our Fintech team. The ideal candidate has 3-6 years of experience and is proficient in Performance Management, Payroll, Communication, Conflict Resolution, HRIS. This is a remote contract position focused on delivering high-quality business work."
Junior Sales Engineer,Business,Customer Success; Technical Sales; CRM; Presentations; Cloud; Negotiation; Solution Design,Junior,"Full-time · Remote. We are hiring a Junior Sales Engineer for our Healthcare team. The ideal candidate has 1-3 years of experience and is proficient in Customer Success, Technical Sales, CRM, Presentations, Cloud, Negotiation, Solution Design. This is a remote full-time position focused on delivering high-quality business work."
Mid-level Business Analyst,Business,UML; Stakeholder Management; Data Analysis; Excel; SQL,Mid-level,"Full-time · Remote. We are hiring a Mid-level Business Analyst for our E-commerce team. The ideal candidate has 3-6 years of experience and is proficient in UML, Stakeholder Management, Data Analysis, Excel, SQL. This is a remote full-time position focused on delivering high-quality business work."
Intern Financial Analyst,Business,Accounting; Power BI; Excel; Valuation; SQL; Financial Modeling; Budgeting,Intern,"Contract · On-site. We are hiring a Intern Financial Analyst for our Enterprise team. The ideal candidate has 0-1 years of experience and is proficient in Accounting, Power BI, Excel, Valuation, SQL, Financial Modeling, Budgeting. This is a on-site contract position focused on delivering high-quality business work."
Mid-level Operations Manager,Business,Supply Chain; Operations Management; Leadership; Six Sigma; Vendor Management; Lean; Communication,Mid-level,"Contract · Hybrid. We are hiring a Mid-level Operations Manager for our EdTech team. The ideal candidate has 3-6 years of experience and is proficient in Supply Chain, Operations Management, Leadership, Six Sigma, Vendor Management, Lean, Communication. This is a hybrid contract position focused on delivering high-quality business work."
Principal Financial Analyst,Business,Accounting; SQL; Excel; Budgeting; Financial Modeling; Analytics; Forecasting,Principal,"Contract · Hybrid. We are hiring a Principal Financial Analyst for our Startup team. The ideal candidate has 12-20 years of experience and is proficient in Accounting, SQL, Excel, Budgeting, Financial Modeling, Analytics, Forecasting. This is a hybrid contract position focused on delivering high-quality business work."
Principal Sales Engineer,Business,Communication; CRM; Solution Design; Customer Success; Product Demos; Presentations,Principal,"Internship · On-site. We are hiring a Principal Sales Engineer for our EdTech team. The ideal candidate has 12-20 years of experience and is proficient in Communication, CRM, Solution Design, Customer Success, Product Demos, Presentations. This is a on-site internship position focused on delivering high-quality business work."
Principal Business Analyst,Business,Stakeholder Management; SQL; Agile; Process Modeling; Requirements Gathering; Excel,Principal,"Internship · On-site. We are hiring a Principal Business Analyst for our SaaS team. The ideal candidate has 12-20 years of experience and is proficient in Stakeholder Management, SQL, Agile, Process Modeling, Requirements Gathering, Excel. This is a on-site internship position focused on delivering high-quality business work."
Lead Financial Analyst,Business,Excel; Analytics; Accounting; Power BI; Reporting; Financial Modeling; Forecasting,Lead,"Internship · Remote. We are hiring a Lead Financial Analyst for our Enterprise team. The ideal candidate has 8-14 years of experience and is proficient in Excel, Analytics, Accounting, Power BI, Reporting, Financial Modeling, Forecasting. This is a remote internship position focused on delivering high-quality business work."
Intern HR Specialist,Business,Employee Relations; Payroll; HRIS; Performance Management; Communication,Intern,"Full-time · On-site. We are hiring a Intern HR Specialist for our Gaming team. The ideal candidate has 0-1 years of experience and is proficient in Employee Relations, Payroll, HRIS, Performance Management, Communication. This is a on-site full-time position focused on delivering high-quality business work."
Lead Financial Analyst,Business,Valuation; Analytics; Power BI; Forecasting; Accounting; Budgeting,Lead,"Internship · On-site. We are hiring a Lead Financial Analyst for our E-commerce team. The ideal candidate has 8-14 years of experience and is proficient in Valuation, Analytics, Power BI, Forecasting, Accounting, Budgeting. This is a on-site internship position focused on delivering high-quality business work."
Principal Financial Analyst,Business,Excel; Accounting; Financial Modeling; Power BI; Forecasting,Principal,"Full-time · Remote. We are hiring a Principal Financial Analyst for our Fintech team. The ideal candidate has 12-20 years of experience and is proficient in Excel, Accounting, Financial Modeling, Power BI, Forecasting. This is a remote full-time position focused on delivering high-quality business work."
Senior Sales Engineer,Business,Cloud; CRM; APIs; Presentations; Customer Success; Technical Sales,Senior,"Contract · Hybrid. We are hiring a Senior Sales Engineer for our Startup team. The ideal candidate has 6-10 years of experience and is proficient in Cloud, CRM, APIs, Presentations, Customer Success, Technical Sales. This is a hybrid contract position focused on delivering high-quality business work."
Mid-level HR Specialist,Business,Recruitment; Payroll; Communication; Onboarding; Compliance; Employee Relations; HRIS,Mid-level,"Full-time · Remote. We are hiring a Mid-level HR Specialist for our Healthcare team. The ideal candidate has 3-6 years of experience and is proficient in Recruitment, Payroll, Communication, Onboarding, Compliance, Employee Relations, HRIS. This is a remote full-time position focused on delivering high-quality business work."
Mid-level Operations Manager,Business,Analytics; Leadership; Communication; Lean; Six Sigma; Supply Chain,Mid-level,"Internship · Remote. We are hiring a Mid-level Operations Manager for our Fintech team. The ideal candidate has 3-6 years of experience and is proficient in Analytics, Leadership, Communication, Lean, Six Sigma, Supply Chain. This is a remote internship position focused on delivering high-quality business work."
Lead Operations Manager,Business,Budgeting; Analytics; Process Improvement; Communication; Six Sigma; Leadership; Lean,Lead,"Internship · On-site. We are hiring a Lead Operations Manager for our EdTech team. The ideal candidate has 8-14 years of experience and is proficient in Budgeting, Analytics, Process Improvement, Communication, Six Sigma, Leadership, Lean. This is a on-site internship position focused on delivering high-quality business work."
Junior Operations Manager,Business,Leadership; Communication; Lean; Operations Management; Vendor Management; Process Improvement; Six Sigma,Junior,"Internship · On-site. We are hiring a Junior Operations Manager for our EdTech team. The ideal candidate has 1-3 years of experience and is proficient in Leadership, Communication, Lean, Operations Management, Vendor Management, Process Improvement, Six Sigma. This is a on-site internship position focused on delivering high-quality business work."
Senior Business Analyst,Business,Stakeholder Management; Communication; Documentation; Agile; Excel; UML,Senior,"Full-time · On-site. We are hiring a Senior Business Analyst for our E-commerce team. The ideal candidate has 6-10 years of experience and is proficient in Stakeholder Management, Communication, Documentation, Agile, Excel, UML. This is a on-site full-time position focused on delivering high-quality business work."
Senior Financial Analyst,Business,Financial Modeling; Excel; Valuation; Reporting; Power BI,Senior,"Internship · Remote. We are hiring a Senior Financial Analyst for our SaaS team. The ideal candidate has 6-10 years of experience and is proficient in Financial Modeling, Excel, Valuation, Reporting, Power BI. This is a remote internship position focused on delivering high-quality business work."
Mid-level Financial Analyst,Business,Budgeting; Analytics; Valuation; Financial Modeling; Forecasting,Mid-level,"Full-time · Remote. We are hiring a Mid-level Financial Analyst for our Gaming team. The ideal candidate has 3-6 years of experience and is proficient in Budgeting, Analytics, Valuation, Financial Modeling, Forecasting. This is a remote full-time position focused on delivering high-quality business work."
Junior Sales Engineer,Business,Cloud; Communication; Negotiation; APIs; Presentations,Junior,"Full-time · On-site. We are hiring a Junior Sales Engineer for our E-commerce team. The ideal candidate has 1-3 years of experience and is proficient in Cloud, Communication, Negotiation, APIs, Presentations. This is a on-site full-time position focused on delivering high-quality business work."
Intern HR Specialist,Business,Onboarding; Payroll; Recruitment; Communication; Conflict Resolution; HRIS; Performance Management,Intern,"Full-time · Remote. We are hiring a Intern HR Specialist for our E-commerce team. The ideal candidate has 0-1 years of experience and is proficient in Onboarding, Payroll, Recruitment, Communication, Conflict Resolution, HRIS, Performance Management. This is a remote full-time position focused on delivering high-quality business work."
Senior Business Analyst,Business,Agile; Stakeholder Management; Excel; Requirements Gathering; UML,Senior,"Internship · Hybrid. We are hiring a Senior Business Analyst for our EdTech team. The ideal candidate has 6-10 years of experience and is proficient in Agile, Stakeholder Management, Excel, Requirements Gathering, UML. This is a hybrid internship position focused on delivering high-quality business work."
Junior HR Specialist,Business,Conflict Resolution; Employee Relations; Onboarding; Payroll; Compliance; Communication; Performance Management,Junior,"Full-time · On-site. We are hiring a Junior HR Specialist for our E-commerce team. The ideal candidate has 1-3 years of experience and is proficient in Conflict Resolution, Employee Relations, Onboarding, Payroll, Compliance, Communication, Performance Management. This is a on-site full-time position focused on delivering high-quality business work."
Principal Business Analyst,Business,UML; Documentation; Agile; Process Modeling; SQL,Principal,"Internship · On-site. We are hiring a Principal Business Analyst for our Enterprise team. The ideal candidate has 12-20 years of experience and is proficient in UML, Documentation, Agile, Process Modeling, SQL. This is a on-site internship position focused on delivering high-quality business work."
Mid-level Sales Engineer,Business,Product Demos; APIs; Technical Sales; Solution Design; Customer Success,Mid-level,"Internship · Remote. We are hiring a Mid-level Sales Engineer for our Startup team. The ideal candidate has 3-6 years of experience and is proficient in Product Demos, APIs, Technical Sales, Solution Design, Customer Success. This is a remote internship position focused on delivering high-quality business work."
Principal HR Specialist,Business,Payroll; Communication; Conflict Resolution; Recruitment; Compliance,Principal,"Full-time · On-site. We are hiring a Principal HR Specialist for our SaaS team. The ideal candidate has 12-20 years of experience and is proficient in Payroll, Communication, Conflict Resolution, Recruitment, Compliance. This is a on-site full-time position focused on delivering high-quality business work."
Lead Financial Analyst,Business,Forecasting; Accounting; Budgeting; Reporting; Power BI,Lead,"Full-time · On-site. We are hiring a Lead Financial Analyst for our EdTech team. The ideal candidate has 8-14 years of experience and is proficient in Forecasting, Accounting, Budgeting, Reporting, Power BI. This is a on-site full-time position focused on delivering high-quality business work."
Senior Financial Analyst,Business,Excel; Analytics; Reporting; Power BI; Forecasting,Senior,"Full-time · Remote. We are hiring a Senior Financial Analyst for our Startup team. The ideal candidate has 6-10 years of experience and is proficient in Excel, Analytics, Reporting, Power BI, Forecasting. This is a remote full-time position focused on delivering high-quality business work."
Lead Operations Manager,Business,Supply Chain; Six Sigma; Process Improvement; Communication; Operations Management,Lead,"Full-time · On-site. We are hiring a Lead Operations Manager for our Healthcare team. The ideal candidate has 8-14 years of experience and is proficient in Supply Chain, Six Sigma, Process Improvement, Communication, Operations Management. This is a on-site full-time position focused on delivering high-quality business work."
Junior Operations Manager,Business,Supply Chain; Lean; Leadership; Operations Management; Analytics; Six Sigma; Vendor Management,Junior,"Full-time · Remote. We are hiring a Junior Operations Manager for our Healthcare team. The ideal candidate has 1-3 years of experience and is proficient in Supply Chain, Lean, Leadership, Operations Management, Analytics, Six Sigma, Vendor Management. This is a remote full-time position focused on delivering high-quality business work."
Principal HR Specialist,Business,Recruitment; Payroll; HRIS; Onboarding; Communication,Principal,"Internship · Hybrid. We are hiring a Principal HR Specialist for our Gaming team. The ideal candidate has 12-20 years of experience and is proficient in Recruitment, Payroll, HRIS, Onboarding, Communication. This is a hybrid internship position focused on delivering high-quality business work."
Senior Operations Manager,Business,Operations Management; Supply Chain; Lean; Vendor Management; Leadership; Communication; Budgeting,Senior,"Full-time · On-site. We are hiring a Senior Operations Manager for our E-commerce team. The ideal candidate has 6-10 years of experience and is proficient in Operations Management, Supply Chain, Lean, Vendor Management, Leadership, Communication, Budgeting. This is a on-site full-time position focused on delivering high-quality business work."
Intern Business Analyst,Business,SQL; Requirements Gathering; Excel; Agile; Communication; Documentation,Intern,"Full-time · On-site. We are hiring a Intern Business Analyst for our EdTech team. The ideal candidate has 0-1 years of experience and is proficient in SQL, Requirements Gathering, Excel, Agile, Communication, Documentation. This is a on-site full-time position focused on delivering high-quality business work."
Junior Business Analyst,Business,SQL; Documentation; UML; Excel; Stakeholder Management,Junior,"Full-time · Remote. We are hiring a Junior Business Analyst for our SaaS team. The ideal candidate has 1-3 years of experience and is proficient in SQL, Documentation, UML, Excel, Stakeholder Management. This is a remote full-time position focused on delivering high-quality business work."
Principal Business Analyst,Business,Communication; Agile; Process Modeling; Data Analysis; Requirements Gathering; Documentation,Principal,"Full-time · On-site. We are hiring a Principal Business Analyst for our Fintech team. The ideal candidate has 12-20 years of experience and is proficient in Communication, Agile, Process Modeling, Data Analysis, Requirements Gathering, Documentation. This is a on-site full-time position focused on delivering high-quality business work."
Junior Sales Engineer,Business,APIs; Customer Success; Cloud; Negotiation; CRM; Technical Sales; Presentations,Junior,"Full-time · Hybrid. We are hiring a Junior Sales Engineer for our E-commerce team. The ideal candidate has 1-3 years of experience and is proficient in APIs, Customer Success, Cloud, Negotiation, CRM, Technical Sales, Presentations. This is a hybrid full-time position focused on delivering high-quality business work."
Senior Business Analyst,Business,Documentation; Stakeholder Management; Excel; SQL; Agile; Requirements Gathering; Communication,Senior,"Contract · Hybrid. We are hiring a Senior Business Analyst for our Fintech team. The ideal candidate has 6-10 years of experience and is proficient in Documentation, Stakeholder Management, Excel, SQL, Agile, Requirements Gathering, Communication. This is a hybrid contract position focused on delivering high-quality business work."
Principal Sales Engineer,Business,Customer Success; Presentations; Technical Sales; CRM; Cloud,Principal,"Contract · On-site. We are hiring a Principal Sales Engineer for our E-commerce team. The ideal candidate has 12-20 years of experience and is proficient in Customer Success, Presentations, Technical Sales, CRM, Cloud. This is a on-site contract position focused on delivering high-quality business work."
Principal Operations Manager,Business,Process Improvement; Six Sigma; Budgeting; Lean; Leadership; Supply Chain; Communication,Principal,"Internship · On-site. We are hiring a Principal Operations Manager for our E-commerce team. The ideal candidate has 12-20 years of experience and is proficient in Process Improvement, Six Sigma, Budgeting, Lean, Leadership, Supply Chain, Communication. This is a on-site internship position focused on delivering high-quality business work."
Junior Sales Engineer,Business,Communication; Cloud; Presentations; Customer Success; Technical Sales; Negotiation; Solution Design,Junior,"Internship · Hybrid. We are hiring a Junior Sales Engineer for our E-commerce team. The ideal candidate has 1-3 years of experience and is proficient in Communication, Cloud, Presentations, Customer Success, Technical Sales, Negotiation, Solution Design. This is a hybrid internship position focused on delivering high-quality business work."
Principal Financial Analyst,Business,Budgeting; Financial Modeling; Valuation; Power BI; Analytics,Principal,"Internship · On-site. We are hiring a Principal Financial Analyst for our EdTech team. The ideal candidate has 12-20 years of experience and is proficient in Budgeting, Financial Modeling, Valuation, Power BI, Analytics. This is a on-site internship position focused on delivering high-quality business work."
Principal Operations Manager,Business,Operations Management; Lean; Supply Chain; Budgeting; Leadership; Analytics,Principal,"Internship · On-site. We are hiring a Principal Operations Manager for our Startup team. The ideal candidate has 12-20 years of experience and is proficient in Operations Management, Lean, Supply Chain, Budgeting, Leadership, Analytics. This is a on-site internship position focused on delivering high-quality business work."
Principal Sales Engineer,Business,CRM; Cloud; Communication; Product Demos; Technical Sales; Customer Success; Presentations,Principal,"Contract · Remote. We are hiring a Principal Sales Engineer for our Healthcare team. The ideal candidate has 12-20 years of experience and is proficient in CRM, Cloud, Communication, Product Demos, Technical Sales, Customer Success, Presentations. This is a remote contract position focused on delivering high-quality business work."
Senior HR Specialist,Business,Communication; HRIS; Conflict Resolution; Onboarding; Training; Performance Management,Senior,"Internship · Remote. We are hiring a Senior HR Specialist for our SaaS team. The ideal candidate has 6-10 years of experience and is proficient in Communication, HRIS, Conflict Resolution, Onboarding, Training, Performance Management. This is a remote internship position focused on delivering high-quality business work."
Intern Sales Engineer,Business,Negotiation; APIs; CRM; Cloud; Product Demos,Intern,"Internship · Remote. We are hiring a Intern Sales Engineer for our Healthcare team. The ideal candidate has 0-1 years of experience and is proficient in Negotiation, APIs, CRM, Cloud, Product Demos. This is a remote internship position focused on delivering high-quality business work."
Senior Financial Analyst,Business,Forecasting; Accounting; Valuation; Excel; SQL; Power BI; Analytics,Senior,"Contract · On-site. We are hiring a Senior Financial Analyst for our Fintech team. The ideal candidate has 6-10 years of experience and is proficient in Forecasting, Accounting, Valuation, Excel, SQL, Power BI, Analytics. This is a on-site contract position focused on delivering high-quality business work."
Mid-level HR Specialist,Business,Conflict Resolution; Training; Payroll; Employee Relations; Compliance; Recruitment; HRIS,Mid-level,"Full-time · On-site. We are hiring a Mid-level HR Specialist for our E-commerce team. The ideal candidate has 3-6 years of experience and is proficient in Conflict Resolution, Training, Payroll, Employee Relations, Compliance, Recruitment, HRIS. This is a on-site full-time position focused on delivering high-quality business work."
Principal Financial Analyst,Business,Accounting; Forecasting; Valuation; Budgeting; Financial Modeling; Analytics; Reporting,Principal,"Contract · Hybrid. We are hiring a Principal Financial Analyst for our Enterprise team. The ideal candidate has 12-20 years of experience and is proficient in Accounting, Forecasting, Valuation, Budgeting, Financial Modeling, Analytics, Reporting. This is a hybrid contract position focused on delivering high-quality business work."
Junior Financial Analyst,Business,Power BI; Reporting; Forecasting; Analytics; Accounting; SQL; Valuation,Junior,"Full-time · Remote. We are hiring a Junior Financial Analyst for our Enterprise team. The ideal candidate has 1-3 years of experience and is proficient in Power BI, Reporting, Forecasting, Analytics, Accounting, SQL, Valuation. This is a remote full-time position focused on delivering high-quality business work."
Mid-level Operations Manager,Business,Leadership; Supply Chain; Communication; Budgeting; Analytics; Lean; Six Sigma,Mid-level,"Full-time · On-site. We are hiring a Mid-level Operations Manager for our Enterprise team. The ideal candidate has 3-6 years of experience and is proficient in Leadership, Supply Chain, Communication, Budgeting, Analytics, Lean, Six Sigma. This is a on-site full-time position focused on delivering high-quality business work."
Junior Sales Engineer,Business,Solution Design; CRM; Negotiation; Customer Success; Cloud,Junior,"Internship · Hybrid. We are hiring a Junior Sales Engineer for our Enterprise team. The ideal candidate has 1-3 years of experience and is proficient in Solution Design, CRM, Negotiation, Customer Success, Cloud. This is a hybrid internship position focused on delivering high-quality business work."
Senior Sales Engineer,Business,Customer Success; CRM; Cloud; Presentations; Product Demos; APIs,Senior,"Internship · On-site. We are hiring a Senior Sales Engineer for our E-commerce team. The ideal candidate has 6-10 years of experience and is proficient in Customer Success, CRM, Cloud, Presentations, Product Demos, APIs. This is a on-site internship position focused on delivering high-quality business work."
Intern Sales Engineer,Business,Product Demos; Presentations; Customer Success; Solution Design; Technical Sales,Intern,"Full-time · Hybrid. We are hiring a Intern Sales Engineer for our Gaming team. The ideal candidate has 0-1 years of experience and is proficient in Product Demos, Presentations, Customer Success, Solution Design, Technical Sales. This is a hybrid full-time position focused on delivering high-quality business work."
Principal Financial Analyst,Business,Financial Modeling; Accounting; SQL; Analytics; Excel,Principal,"Full-time · On-site. We are hiring a Principal Financial Analyst for our E-commerce team. The ideal candidate has 12-20 years of experience and is proficient in Financial Modeling, Accounting, SQL, Analytics, Excel. This is a on-site full-time position focused on delivering high-quality business work."
Intern Operations Manager,Business,Communication; Vendor Management; Analytics; Process Improvement; Supply Chain; Budgeting,Intern,"Full-time · On-site. We are hiring a Intern Operations Manager for our Gaming team. The ideal candidate has 0-1 years of experience and is proficient in Communication, Vendor Management, Analytics, Process Improvement, Supply Chain, Budgeting. This is a on-site full-time position focused on delivering high-quality business work."
Lead Sales Engineer,Business,Cloud; Negotiation; Customer Success; APIs; Product Demos; Presentations; Communication,Lead,"Internship · On-site. We are hiring a Lead Sales Engineer for our E-commerce team. The ideal candidate has 8-14 years of experience and is proficient in Cloud, Negotiation, Customer Success, APIs, Product Demos, Presentations, Communication. This is a on-site internship position focused on delivering high-quality business work."
Junior HR Specialist,Business,Performance Management; Conflict Resolution; Recruitment; Training; Communication,Junior,"Internship · Remote. We are hiring a Junior HR Specialist for our E-commerce team. The ideal candidate has 1-3 years of experience and is proficient in Performance Management, Conflict Resolution, Recruitment, Training, Communication. This is a remote internship position focused on delivering high-quality business work."
Intern Financial Analyst,Business,Analytics; Accounting; Forecasting; Power BI; Valuation,Intern,"Contract · Hybrid. We are hiring a Intern Financial Analyst for our Enterprise team. The ideal candidate has 0-1 years of experience and is proficient in Analytics, Accounting, Forecasting, Power BI, Valuation. This is a hybrid contract position focused on delivering high-quality business work."
Principal Business Analyst,Business,Excel; Agile; Stakeholder Management; Data Analysis; Documentation; Communication,Principal,"Contract · Remote. We are hiring a Principal Business Analyst for our Healthcare team. The ideal candidate has 12-20 years of experience and is proficient in Excel, Agile, Stakeholder Management, Data Analysis, Documentation, Communication. This is a remote contract position focused on delivering high-quality business work."
Mid-level Business Analyst,Business,Stakeholder Management; Excel; Agile; Requirements Gathering; Data Analysis; Process Modeling; UML,Mid-level,"Contract · Hybrid. We are hiring a Mid-level Business Analyst for our E-commerce team. The ideal candidate has 3-6 years of experience and is proficient in Stakeholder Management, Excel, Agile, Requirements Gathering, Data Analysis, Process Modeling, UML. This is a hybrid contract position focused on delivering high-quality business work."
Lead Operations Manager,Business,Analytics; Six Sigma; Supply Chain; Process Improvement; Lean; Operations Management; Budgeting,Lead,"Full-time · Hybrid. We are hiring a Lead Operations Manager for our EdTech team. The ideal candidate has 8-14 years of experience and is proficient in Analytics, Six Sigma, Supply Chain, Process Improvement, Lean, Operations Management, Budgeting. This is a hybrid full-time position focused on delivering high-quality business work."
Senior Operations Manager,Business,Budgeting; Leadership; Lean; Analytics; Vendor Management,Senior,"Internship · Remote. We are hiring a Senior Operations Manager for our EdTech team. The ideal candidate has 6-10 years of experience and is proficient in Budgeting, Leadership, Lean, Analytics, Vendor Management. This is a remote internship position focused on delivering high-quality business work."
Principal Business Analyst,Business,Agile; Process Modeling; Stakeholder Management; Communication; Data Analysis; SQL; UML,Principal,"Full-time · Hybrid. We are hiring a Principal Business Analyst for our EdTech team. The ideal candidate has 12-20 years of experience and is proficient in Agile, Process Modeling, Stakeholder Management, Communication, Data Analysis, SQL, UML. This is a hybrid full-time position focused on delivering high-quality business work."
Lead Financial Analyst,Business,Valuation; Reporting; Budgeting; Power BI; Excel; SQL; Forecasting,Lead,"Contract · Hybrid. We are hiring a Lead Financial Analyst for our Healthcare team. The ideal candidate has 8-14 years of experience and is proficient in Valuation, Reporting, Budgeting, Power BI, Excel, SQL, Forecasting. This is a hybrid contract position focused on delivering high-quality business work."
Principal Sales Engineer,Business,APIs; Customer Success; Negotiation; Product Demos; Cloud; Communication; CRM,Principal,"Internship · Remote. We are hiring a Principal Sales Engineer for our Startup team. The ideal candidate has 12-20 years of experience and is proficient in APIs, Customer Success, Negotiation, Product Demos, Cloud, Communication, CRM. This is a remote internship position focused on delivering high-quality business work."
Lead Financial Analyst,Business,Budgeting; Accounting; Forecasting; Financial Modeling; Power BI,Lead,"Contract · On-site. We are hiring a Lead Financial Analyst for our Gaming team. The ideal candidate has 8-14 years of experience and is proficient in Budgeting, Accounting, Forecasting, Financial Modeling, Power BI. This is a on-site contract position focused on delivering high-quality business work."
Junior HR Specialist,Business,Communication; Training; Recruitment; Payroll; Compliance; Performance Management,Junior,"Full-time · On-site. We are hiring a Junior HR Specialist for our Healthcare team. The ideal candidate has 1-3 years of experience and is proficient in Communication, Training, Recruitment, Payroll, Compliance, Performance Management. This is a on-site full-time position focused on delivering high-quality business work."
Principal Business Analyst,Business,Data Analysis; Documentation; Communication; SQL; Excel; Requirements Gathering; Stakeholder Management,Principal,"Internship · Remote. We are hiring a Principal Business Analyst for our Enterprise team. The ideal candidate has 12-20 years of experience and is proficient in Data Analysis, Documentation, Communication, SQL, Excel, Requirements Gathering, Stakeholder Management. This is a remote internship position focused on delivering high-quality business work."
Mid-level Sales Engineer,Business,APIs; Communication; Cloud; Product Demos; Technical Sales; CRM,Mid-level,"Full-time · Remote. We are hiring a Mid-level Sales Engineer for our Fintech team. The ideal candidate has 3-6 years of experience and is proficient in APIs, Communication, Cloud, Product Demos, Technical Sales, CRM. This is a remote full-time position focused on delivering high-quality business work."
Mid-level Sales Engineer,Business,Customer Success; Product Demos; Communication; Negotiation; Solution Design; Technical Sales; CRM,Mid-level,"Full-time · Remote. We are hiring a Mid-level Sales Engineer for our Gaming team. The ideal candidate has 3-6 years of experience and is proficient in Customer Success, Product Demos, Communication, Negotiation, Solution Design, Technical Sales, CRM. This is a remote full-time position focused on delivering high-quality business work."
Junior HR Specialist,Business,HRIS; Employee Relations; Onboarding; Recruitment; Performance Management; Training,Junior,"Contract · On-site. We are hiring a Junior HR Specialist for our Gaming team. The ideal candidate has 1-3 years of experience and is proficient in HRIS, Employee Relations, Onboarding, Recruitment, Performance Management, Training. This is a on-site contract position focused on delivering high-quality business work."
Mid-level Financial Analyst,Business,SQL; Budgeting; Reporting; Analytics; Power BI; Accounting,Mid-level,"Full-time · Remote. We are hiring a Mid-level Financial Analyst for our Enterprise team. The ideal candidate has 3-6 years of experience and is proficient in SQL, Budgeting, Reporting, Analytics, Power BI, Accounting. This is a remote full-time position focused on delivering high-quality business work."
Principal HR Specialist,Business,Compliance; Communication; Recruitment; HRIS; Employee Relations,Principal,"Contract · Remote. We are hiring a Principal HR Specialist for our Startup team. The ideal candidate has 12-20 years of experience and is proficient in Compliance, Communication, Recruitment, HRIS, Employee Relations. This is a remote contract position focused on delivering high-quality business work."
Junior Business Analyst,Business,Process Modeling; Agile; Communication; Excel; UML; Documentation; Stakeholder Management,Junior,"Contract · Remote. We are hiring a Junior Business Analyst for our Startup team. The ideal candidate has 1-3 years of experience and is proficient in Process Modeling, Agile, Communication, Excel, UML, Documentation, Stakeholder Management. This is a remote contract position focused on delivering high-quality business work."
Intern HR Specialist,Business,Communication; Compliance; Payroll; HRIS; Employee Relations; Recruitment,Intern,"Internship · Hybrid. We are hiring a Intern HR Specialist for our Startup team. The ideal candidate has 0-1 years of experience and is proficient in Communication, Compliance, Payroll, HRIS, Employee Relations, Recruitment. This is a hybrid internship position focused on delivering high-quality business work."
Senior Business Analyst,Business,Process Modeling; Documentation; Communication; Data Analysis; Requirements Gathering; Excel,Senior,"Internship · On-site. We are hiring a Senior Business Analyst for our EdTech team. The ideal candidate has 6-10 years of experience and is proficient in Process Modeling, Documentation, Communication, Data Analysis, Requirements Gathering, Excel. This is a on-site internship position focused on delivering high-quality business work."
Senior Financial Analyst,Business,Valuation; Power BI; Reporting; Budgeting; SQL,Senior,"Full-time · Hybrid. We are hiring a Senior Financial Analyst for our EdTech team. The ideal candidate has 6-10 years of experience and is proficient in Valuation, Power BI, Reporting, Budgeting, SQL. This is a hybrid full-time position focused on delivering high-quality business work."
Junior Business Analyst,Business,Process Modeling; Agile; Excel; Data Analysis; Documentation; UML; SQL,Junior,"Full-time · Hybrid. We are hiring a Junior Business Analyst for our Enterprise team. The ideal candidate has 1-3 years of experience and is proficient in Process Modeling, Agile, Excel, Data Analysis, Documentation, UML, SQL. This is a hybrid full-time position focused on delivering high-quality business work."
Intern HR Specialist,Business,Training; Conflict Resolution; Employee Relations; HRIS; Recruitment; Performance Management,Intern,"Contract · Remote. We are hiring a Intern HR Specialist for our Gaming team. The ideal candidate has 0-1 years of experience and is proficient in Training, Conflict Resolution, Employee Relations, HRIS, Recruitment, Performance Management. This is a remote contract position focused on delivering high-quality business work."
Mid-level Financial Analyst,Business,Reporting; Analytics; Forecasting; Accounting; Valuation; Financial Modeling; Excel,Mid-level,"Internship · Hybrid. We are hiring a Mid-level Financial Analyst for our EdTech team. The ideal candidate has 3-6 years of experience and is proficient in Reporting, Analytics, Forecasting, Accounting, Valuation, Financial Modeling, Excel. This is a hybrid internship position focused on delivering high-quality business work."
Principal Business Analyst,Business,Stakeholder Management; SQL; Agile; Communication; UML,Principal,"Internship · Hybrid. We are hiring a Principal Business Analyst for our Fintech team. The ideal candidate has 12-20 years of experience and is proficient in Stakeholder Management, SQL, Agile, Communication, UML. This is a hybrid internship position focused on delivering high-quality business work."
Principal Sales Engineer,Business,Presentations; Solution Design; APIs; CRM; Negotiation; Communication; Customer Success,Principal,"Full-time · Remote. We are hiring a Principal Sales Engineer for our Enterprise team. The ideal candidate has 12-20 years of experience and is proficient in Presentations, Solution Design, APIs, CRM, Negotiation, Communication, Customer Success. This is a remote full-time position focused on delivering high-quality business work."
Principal Operations Manager,Business,Process Improvement; Six Sigma; Supply Chain; Budgeting; Lean; Operations Management; Communication,Principal,"Contract · Remote. We are hiring a Principal Operations Manager for our Startup team. The ideal candidate has 12-20 years of experience and is proficient in Process Improvement, Six Sigma, Supply Chain, Budgeting, Lean, Operations Management, Communication. This is a remote contract position focused on delivering high-quality business work."
Senior Financial Analyst,Business,Financial Modeling; Valuation; Reporting; Excel; Accounting; Analytics,Senior,"Full-time · Hybrid. We are hiring a Senior Financial Analyst for our Startup team. The ideal candidate has 6-10 years of experience and is proficient in Financial Modeling, Valuation, Reporting, Excel, Accounting, Analytics. This is a hybrid full-time position focused on delivering high-quality business work."
Intern Financial Analyst,Business,Accounting; Excel; Financial Modeling; SQL; Reporting,Intern,"Full-time · On-site. We are hiring a Intern Financial Analyst for our E-commerce team. The ideal candidate has 0-1 years of experience and is proficient in Accounting, Excel, Financial Modeling, SQL, Reporting. This is a on-site full-time position focused on delivering high-quality business work."
Senior HR Specialist,Business,Employee Relations; Communication; Recruitment; Onboarding; Performance Management; HRIS,Senior,"Contract · On-site. We are hiring a Senior HR Specialist for our SaaS team. The ideal candidate has 6-10 years of experience and is proficient in Employee Relations, Communication, Recruitment, Onboarding, Performance Management, HRIS. This is a on-site contract position focused on delivering high-quality business work."
Principal Financial Analyst,Business,Forecasting; SQL; Budgeting; Financial Modeling; Analytics; Valuation,Principal,"Internship · On-site. We are hiring a Principal Financial Analyst for our Healthcare team. The ideal candidate has 12-20 years of experience and is proficient in Forecasting, SQL, Budgeting, Financial Modeling, Analytics, Valuation. This is a on-site internship position focused on delivering high-quality business work."
Intern Business Analyst,Business,Requirements Gathering; Agile; Communication; Data Analysis; UML; Excel; Documentation,Intern,"Full-time · On-site. We are hiring a Intern Business Analyst for our Enterprise team. The ideal candidate has 0-1 years of experience and is proficient in Requirements Gathering, Agile, Communication, Data Analysis, UML, Excel, Documentation. This is a on-site full-time position focused on delivering high-quality business work."
Intern Financial Analyst,Business,SQL; Power BI; Reporting; Analytics; Forecasting,Intern,"Internship · On-site. We are hiring a Intern Financial Analyst for our Enterprise team. The ideal candidate has 0-1 years of experience and is proficient in SQL, Power BI, Reporting, Analytics, Forecasting. This is a on-site internship position focused on delivering high-quality business work."
Intern HR Specialist,Business,HRIS; Performance Management; Onboarding; Payroll; Training; Employee Relations; Compliance,Intern,"Internship · Hybrid. We are hiring a Intern HR Specialist for our Enterprise team. The ideal candidate has 0-1 years of experience and is proficient in HRIS, Performance Management, Onboarding, Payroll, Training, Employee Relations, Compliance. This is a hybrid internship position focused on delivering high-quality business work."
Principal Business Analyst,Business,Stakeholder Management; Documentation; Requirements Gathering; Agile; Data Analysis,Principal,"Full-time · Remote. We are hiring a Principal Business Analyst for our Startup team. The ideal candidate has 12-20 years of experience and is proficient in Stakeholder Management, Documentation, Requirements Gathering, Agile, Data Analysis. This is a remote full-time position focused on delivering high-quality business work."
Junior Sales Engineer,Business,CRM; Solution Design; Cloud; Customer Success; Presentations; Product Demos; Communication,Junior,"Internship · Hybrid. We are hiring a Junior Sales Engineer for our Healthcare team. The ideal candidate has 1-3 years of experience and is proficient in CRM, Solution Design, Cloud, Customer Success, Presentations, Product Demos, Communication. This is a hybrid internship position focused on delivering high-quality business work."
Mid-level HR Specialist,Business,Conflict Resolution; Training; Employee Relations; Payroll; Compliance,Mid-level,"Internship · On-site. We are hiring a Mid-level HR Specialist for our SaaS team. The ideal candidate has 3-6 years of experience and is proficient in Conflict Resolution, Training, Employee Relations, Payroll, Compliance. This is a on-site internship position focused on delivering high-quality business work."
Intern Operations Manager,Business,Vendor Management; Supply Chain; Operations Management; Six Sigma; Lean; Analytics; Communication,Intern,"Internship · Hybrid. We are hiring a Intern Operations Manager for our Healthcare team. The ideal candidate has 0-1 years of experience and is proficient in Vendor Management, Supply Chain, Operations Management, Six Sigma, Lean, Analytics, Communication. This is a hybrid internship position focused on delivering high-quality business work."
Principal Operations Manager,Business,Process Improvement; Communication; Supply Chain; Lean; Analytics; Vendor Management,Principal,"Internship · Remote. We are hiring a Principal Operations Manager for our Enterprise team. The ideal candidate has 12-20 years of experience and is proficient in Process Improvement, Communication, Supply Chain, Lean, Analytics, Vendor Management. This is a remote internship position focused on delivering high-quality business work."
Principal Financial Analyst,Business,Financial Modeling; Accounting; Power BI; Valuation; Analytics; Forecasting,Principal,"Contract · On-site. We are hiring a Principal Financial Analyst for our EdTech team. The ideal candidate has 12-20 years of experience and is proficient in Financial Modeling, Accounting, Power BI, Valuation, Analytics, Forecasting. This is a on-site contract position focused on delivering high-quality business work."
Senior Operations Manager,Business,Communication; Process Improvement; Vendor Management; Operations Management; Six Sigma,Senior,"Full-time · Hybrid. We are hiring a Senior Operations Manager for our Enterprise team. The ideal candidate has 6-10 years of experience and is proficient in Communication, Process Improvement, Vendor Management, Operations Management, Six Sigma. This is a hybrid full-time position focused on delivering high-quality business work."
Senior HR Specialist,Business,Onboarding; Compliance; Performance Management; Communication; Training,Senior,"Contract · Remote. We are hiring a Senior HR Specialist for our Healthcare team. The ideal candidate has 6-10 years of experience and is proficient in Onboarding, Compliance, Performance Management, Communication, Training. This is a remote contract position focused on delivering high-quality business work."
Mid-level Financial Analyst,Business,Excel; Reporting; Forecasting; Budgeting; SQL,Mid-level,"Internship · On-site. We are hiring a Mid-level Financial Analyst for our EdTech team. The ideal candidate has 3-6 years of experience and is proficient in Excel, Reporting, Forecasting, Budgeting, SQL. This is a on-site internship position focused on delivering high-quality business work."
Lead HR Specialist,Business,HRIS; Employee Relations; Compliance; Onboarding; Payroll,Lead,"Contract · On-site. We are hiring a Lead HR Specialist for our SaaS team. The ideal candidate has 8-14 years of experience and is proficient in HRIS, Employee Relations, Compliance, Onboarding, Payroll. This is a on-site contract position focused on delivering high-quality business work."
Intern Business Analyst,Business,Process Modeling; Requirements Gathering; Excel; Data Analysis; UML; Agile,Intern,"Contract · Remote. We are hiring a Intern Business Analyst for our Fintech team. The ideal candidate has 0-1 years of experience and is proficient in Process Modeling, Requirements Gathering, Excel, Data Analysis, UML, Agile. This is a remote contract position focused on delivering high-quality business work."
Mid-level Operations Manager,Business,Six Sigma; Analytics; Operations Management; Vendor Management; Budgeting; Leadership; Process Improvement,Mid-level,"Contract · On-site. We are hiring a Mid-level Operations Manager for our Healthcare team. The ideal candidate has 3-6 years of experience and is proficient in Six Sigma, Analytics, Operations Management, Vendor Management, Budgeting, Leadership, Process Improvement. This is a on-site contract position focused on delivering high-quality business work."
Junior Business Analyst,Business,Documentation; Stakeholder Management; SQL; Requirements Gathering; Excel,Junior,"Contract · Hybrid. We are hiring a Junior Business Analyst for our SaaS team. The ideal candidate has 1-3 years of experience and is proficient in Documentation, Stakeholder Management, SQL, Requirements Gathering, Excel. This is a hybrid contract position focused on delivering high-quality business work."
Principal Business Analyst,Business,UML; Agile; Data Analysis; Process Modeling; Requirements Gathering,Principal,"Full-time · Hybrid. We are hiring a Principal Business Analyst for our Startup team. The ideal candidate has 12-20 years of experience and is proficient in UML, Agile, Data Analysis, Process Modeling, Requirements Gathering. This is a hybrid full-time position focused on delivering high-quality business work."
Senior Sales Engineer,Business,Presentations; Communication; Product Demos; Technical Sales; Negotiation; Solution Design,Senior,"Internship · Remote. We are hiring a Senior Sales Engineer for our Enterprise team. The ideal candidate has 6-10 years of experience and is proficient in Presentations, Communication, Product Demos, Technical Sales, Negotiation, Solution Design. This is a remote internship position focused on delivering high-quality business work."
Junior Business Analyst,Business,Excel; UML; Stakeholder Management; SQL; Data Analysis,Junior,"Full-time · Hybrid. We are hiring a Junior Business Analyst for our EdTech team. The ideal candidate has 1-3 years of experience and is proficient in Excel, UML, Stakeholder Management, SQL, Data Analysis. This is a hybrid full-time position focused on delivering high-quality business work."
Senior Business Analyst,Business,Agile; Communication; UML; Stakeholder Management; Requirements Gathering; Documentation; Excel,Senior,"Contract · Remote. We are hiring a Senior Business Analyst for our E-commerce team. The ideal candidate has 6-10 years of experience and is proficient in Agile, Communication, UML, Stakeholder Management, Requirements Gathering, Documentation, Excel. This is a remote contract position focused on delivering high-quality business work."
Intern Operations Manager,Business,Leadership; Communication; Supply Chain; Vendor Management; Process Improvement,Intern,"Contract · On-site. We are hiring a Intern Operations Manager for our EdTech team. The ideal candidate has 0-1 years of experience and is proficient in Leadership, Communication, Supply Chain, Vendor Management, Process Improvement. This is a on-site contract position focused on delivering high-quality business work."
Lead Financial Analyst,Business,SQL; Analytics; Accounting; Reporting; Valuation; Forecasting; Power BI,Lead,"Internship · Hybrid. We are hiring a Lead Financial Analyst for our Gaming team. The ideal candidate has 8-14 years of experience and is proficient in SQL, Analytics, Accounting, Reporting, Valuation, Forecasting, Power BI. This is a hybrid internship position focused on delivering high-quality business work."
Lead Business Analyst,Business,UML; Communication; Requirements Gathering; Documentation; Agile; Process Modeling,Lead,"Internship · Hybrid. We are hiring a Lead Business Analyst for our Fintech team. The ideal candidate has 8-14 years of experience and is proficient in UML, Communication, Requirements Gathering, Documentation, Agile, Process Modeling. This is a hybrid internship position focused on delivering high-quality business work."
Mid-level Operations Manager,Business,Budgeting; Lean; Supply Chain; Six Sigma; Communication; Process Improvement; Leadership,Mid-level,"Internship · Hybrid. We are hiring a Mid-level Operations Manager for our Startup team. The ideal candidate has 3-6 years of experience and is proficient in Budgeting, Lean, Supply Chain, Six Sigma, Communication, Process Improvement, Leadership. This is a hybrid internship position focused on delivering high-quality business work."
Principal HR Specialist,Business,Payroll; Performance Management; Conflict Resolution; HRIS; Onboarding; Compliance,Principal,"Full-time · On-site. We are hiring a Principal HR Specialist for our EdTech team. The ideal candidate has 12-20 years of experience and is proficient in Payroll, Performance Management, Conflict Resolution, HRIS, Onboarding, Compliance. This is a on-site full-time position focused on delivering high-quality business work."
Mid-level Sales Engineer,Business,Presentations; Solution Design; Negotiation; Customer Success; APIs,Mid-level,"Full-time · Hybrid. We are hiring a Mid-level Sales Engineer for our Fintech team. The ideal candidate has 3-6 years of experience and is proficient in Presentations, Solution Design, Negotiation, Customer Success, APIs. This is a hybrid full-time position focused on delivering high-quality business work."
Principal Business Analyst,Business,Process Modeling; Documentation; SQL; Stakeholder Management; Data Analysis; Communication,Principal,"Internship · Hybrid. We are hiring a Principal Business Analyst for our Enterprise team. The ideal candidate has 12-20 years of experience and is proficient in Process Modeling, Documentation, SQL, Stakeholder Management, Data Analysis, Communication. This is a hybrid internship position focused on delivering high-quality business work."
Senior Financial Analyst,Business,Forecasting; Financial Modeling; SQL; Valuation; Analytics; Reporting; Excel,Senior,"Full-time · Remote. We are hiring a Senior Financial Analyst for our Gaming team. The ideal candidate has 6-10 years of experience and is proficient in Forecasting, Financial Modeling, SQL, Valuation, Analytics, Reporting, Excel. This is a remote full-time position focused on delivering high-quality business work."
Senior HR Specialist,Business,Compliance; Onboarding; HRIS; Conflict Resolution; Training,Senior,"Full-time · On-site. We are hiring a Senior HR Specialist for our E-commerce team. The ideal candidate has 6-10 years of experience and is proficient in Compliance, Onboarding, HRIS, Conflict Resolution, Training. This is a on-site full-time position focused on delivering high-quality business work."
Lead HR Specialist,Business,Training; Communication; HRIS; Onboarding; Compliance,Lead,"Internship · Hybrid. We are hiring a Lead HR Specialist for our Fintech team. The ideal candidate has 8-14 years of experience and is proficient in Training, Communication, HRIS, Onboarding, Compliance. This is a hybrid internship position focused on delivering high-quality business work."
Intern HR Specialist,Business,Conflict Resolution; Employee Relations; Onboarding; Training; Communication; HRIS; Payroll,Intern,"Internship · On-site. We are hiring a Intern HR Specialist for our Gaming team. The ideal candidate has 0-1 years of experience and is proficient in Conflict Resolution, Employee Relations, Onboarding, Training, Communication, HRIS, Payroll. This is a on-site internship position focused on delivering high-quality business work."
Mid-level Sales Engineer,Business,Customer Success; Negotiation; Presentations; CRM; Technical Sales,Mid-level,"Contract · Remote. We are hiring a Mid-level Sales Engineer for our SaaS team. The ideal candidate has 3-6 years of experience and is proficient in Customer Success, Negotiation, Presentations, CRM, Technical Sales. This is a remote contract position focused on delivering high-quality business work."
Intern HR Specialist,Business,Onboarding; Recruitment; Performance Management; Compliance; Training,Intern,"Contract · Remote. We are hiring a Intern HR Specialist for our EdTech team. The ideal candidate has 0-1 years of experience and is proficient in Onboarding, Recruitment, Performance Management, Compliance, Training. This is a remote contract position focused on delivering high-quality business work."
Intern Sales Engineer,Business,APIs; Communication; Solution Design; Cloud; Technical Sales,Intern,"Internship · Remote. We are hiring a Intern Sales Engineer for our E-commerce team. The ideal candidate has 0-1 years of experience and is proficient in APIs, Communication, Solution Design, Cloud, Technical Sales. This is a remote internship position focused on delivering high-quality business work."
Junior Operations Manager,Business,Supply Chain; Process Improvement; Leadership; Budgeting; Lean; Operations Management,Junior,"Contract · Remote. We are hiring a Junior Operations Manager for our Enterprise team. The ideal candidate has 1-3 years of experience and is proficient in Supply Chain, Process Improvement, Leadership, Budgeting, Lean, Operations Management. This is a remote contract position focused on delivering high-quality business work."
Mid-level HR Specialist,Business,Recruitment; Training; Employee Relations; Performance Management; HRIS; Communication,Mid-level,"Internship · Hybrid. We are hiring a Mid-level HR Specialist for our EdTech team. The ideal candidate has 3-6 years of experience and is proficient in Recruitment, Training, Employee Relations, Performance Management, HRIS, Communication. This is a hybrid internship position focused on delivering high-quality business work."
Principal Financial Analyst,Business,Forecasting; Reporting; Power BI; Budgeting; Financial Modeling,Principal,"Internship · Hybrid. We are hiring a Principal Financial Analyst for our Enterprise team. The ideal candidate has 12-20 years of experience and is proficient in Forecasting, Reporting, Power BI, Budgeting, Financial Modeling. This is a hybrid internship position focused on delivering high-quality business work."
Mid-level Sales Engineer,Business,Presentations; Negotiation; Cloud; CRM; Customer Success; Communication,Mid-level,"Full-time · On-site. We are hiring a Mid-level Sales Engineer for our E-commerce team. The ideal candidate has 3-6 years of experience and is proficient in Presentations, Negotiation, Cloud, CRM, Customer Success, Communication. This is a on-site full-time position focused on delivering high-quality business work."
Senior HR Specialist,Business,Recruitment; Training; Conflict Resolution; Performance Management; Compliance,Senior,"Internship · Remote. We are hiring a Senior HR Specialist for our EdTech team. The ideal candidate has 6-10 years of experience and is proficient in Recruitment, Training, Conflict Resolution, Performance Management, Compliance. This is a remote internship position focused on delivering high-quality business work."
Principal Sales Engineer,Business,Presentations; Negotiation; Product Demos; CRM; APIs; Technical Sales; Customer Success,Principal,"Full-time · Hybrid. We are hiring a Principal Sales Engineer for our Enterprise team. The ideal candidate has 12-20 years of experience and is proficient in Presentations, Negotiation, Product Demos, CRM, APIs, Technical Sales, Customer Success. This is a hybrid full-time position focused on delivering high-quality business work."
Mid-level Operations Manager,Business,Operations Management; Leadership; Process Improvement; Budgeting; Supply Chain,Mid-level,"Full-time · Hybrid. We are hiring a Mid-level Operations Manager for our Startup team. The ideal candidate has 3-6 years of experience and is proficient in Operations Management, Leadership, Process Improvement, Budgeting, Supply Chain. This is a hybrid full-time position focused on delivering high-quality business work."
Senior HR Specialist,Business,Conflict Resolution; Performance Management; Compliance; Training; Communication; HRIS; Employee Relations,Senior,"Full-time · Hybrid. We are hiring a Senior HR Specialist for our E-commerce team. The ideal candidate has 6-10 years of experience and is proficient in Conflict Resolution, Performance Management, Compliance, Training, Communication, HRIS, Employee Relations. This is a hybrid full-time position focused on delivering high-quality business work."
Lead HR Specialist,Business,Communication; HRIS; Training; Performance Management; Employee Relations,Lead,"Contract · Remote. We are hiring a Lead HR Specialist for our Fintech team. The ideal candidate has 8-14 years of experience and is proficient in Communication, HRIS, Training, Performance Management, Employee Relations. This is a remote contract position focused on delivering high-quality business work."
Junior Financial Analyst,Business,Accounting; SQL; Power BI; Valuation; Forecasting; Excel,Junior,"Internship · On-site. We are hiring a Junior Financial Analyst for our Startup team. The ideal candidate has 1-3 years of experience and is proficient in Accounting, SQL, Power BI, Valuation, Forecasting, Excel. This is a on-site internship position focused on delivering high-quality business work."
Principal Business Analyst,Business,Process Modeling; SQL; Requirements Gathering; Documentation; Excel,Principal,"Contract · Remote. We are hiring a Principal Business Analyst for our Fintech team. The ideal candidate has 12-20 years of experience and is proficient in Process Modeling, SQL, Requirements Gathering, Documentation, Excel. This is a remote contract position focused on delivering high-quality business work."
Junior Financial Analyst,Business,Accounting; Analytics; Excel; Financial Modeling; Power BI; Reporting; Forecasting,Junior,"Full-time · Remote. We are hiring a Junior Financial Analyst for our Gaming team. The ideal candidate has 1-3 years of experience and is proficient in Accounting, Analytics, Excel, Financial Modeling, Power BI, Reporting, Forecasting. This is a remote full-time position focused on delivering high-quality business work."
Junior Sales Engineer,Business,Product Demos; Communication; Negotiation; Cloud; Customer Success,Junior,"Full-time · On-site. We are hiring a Junior Sales Engineer for our Healthcare team. The ideal candidate has 1-3 years of experience and is proficient in Product Demos, Communication, Negotiation, Cloud, Customer Success. This is a on-site full-time position focused on delivering high-quality business work."
Senior Sales Engineer,Business,Presentations; Technical Sales; Solution Design; Cloud; Negotiation; APIs; Customer Success,Senior,"Internship · Remote. We are hiring a Senior Sales Engineer for our Fintech team. The ideal candidate has 6-10 years of experience and is proficient in Presentations, Technical Sales, Solution Design, Cloud, Negotiation, APIs, Customer Success. This is a remote internship position focused on delivering high-quality business work."
Mid-level Business Analyst,Business,SQL; Data Analysis; Excel; Communication; Stakeholder Management,Mid-level,"Contract · Remote. We are hiring a Mid-level Business Analyst for our Fintech team. The ideal candidate has 3-6 years of experience and is proficient in SQL, Data Analysis, Excel, Communication, Stakeholder Management. This is a remote contract position focused on delivering high-quality business work."
Senior Business Analyst,Business,Communication; UML; Documentation; SQL; Data Analysis; Stakeholder Management; Agile,Senior,"Internship · Hybrid. We are hiring a Senior Business Analyst for our Startup team. The ideal candidate has 6-10 years of experience and is proficient in Communication, UML, Documentation, SQL, Data Analysis, Stakeholder Management, Agile. This is a hybrid internship position focused on delivering high-quality business work."
Intern Business Analyst,Business,Stakeholder Management; Agile; Excel; Requirements Gathering; Process Modeling; Data Analysis; Documentation,Intern,"Contract · Hybrid. We are hiring a Intern Business Analyst for our Healthcare team. The ideal candidate has 0-1 years of experience and is proficient in Stakeholder Management, Agile, Excel, Requirements Gathering, Process Modeling, Data Analysis, Documentation. This is a hybrid contract position focused on delivering high-quality business work."
Lead Sales Engineer,Business,Negotiation; Technical Sales; Product Demos; Solution Design; Presentations,Lead,"Contract · Hybrid. We are hiring a Lead Sales Engineer for our Enterprise team. The ideal candidate has 8-14 years of experience and is proficient in Negotiation, Technical Sales, Product Demos, Solution Design, Presentations. This is a hybrid contract position focused on delivering high-quality business work."
Senior Sales Engineer,Business,Technical Sales; Cloud; Presentations; Solution Design; Negotiation; CRM,Senior,"Full-time · Hybrid. We are hiring a Senior Sales Engineer for our EdTech team. The ideal candidate has 6-10 years of experience and is proficient in Technical Sales, Cloud, Presentations, Solution Design, Negotiation, CRM. This is a hybrid full-time position focused on delivering high-quality business work."
Senior Sales Engineer,Business,Technical Sales; Product Demos; APIs; Customer Success; Presentations; Negotiation; CRM,Senior,"Contract · On-site. We are hiring a Senior Sales Engineer for our Enterprise team. The ideal candidate has 6-10 years of experience and is proficient in Technical Sales, Product Demos, APIs, Customer Success, Presentations, Negotiation, CRM. This is a on-site contract position focused on delivering high-quality business work."
Lead Sales Engineer,Business,Presentations; Product Demos; Negotiation; Technical Sales; Cloud; Communication; Solution Design,Lead,"Full-time · Hybrid. We are hiring a Lead Sales Engineer for our Enterprise team. The ideal candidate has 8-14 years of experience and is proficient in Presentations, Product Demos, Negotiation, Technical Sales, Cloud, Communication, Solution Design. This is a hybrid full-time position focused on delivering high-quality business work."
Junior Sales Engineer,Business,Negotiation; Solution Design; Presentations; Cloud; Technical Sales,Junior,"Internship · Remote. We are hiring a Junior Sales Engineer for our Gaming team. The ideal candidate has 1-3 years of experience and is proficient in Negotiation, Solution Design, Presentations, Cloud, Technical Sales. This is a remote internship position focused on delivering high-quality business work."
Lead Sales Engineer,Business,Product Demos; Customer Success; Cloud; Presentations; Solution Design,Lead,"Contract · Hybrid. We are hiring a Lead Sales Engineer for our Startup team. The ideal candidate has 8-14 years of experience and is proficient in Product Demos, Customer Success, Cloud, Presentations, Solution Design. This is a hybrid contract position focused on delivering high-quality business work."
Senior HR Specialist,Business,Communication; HRIS; Employee Relations; Recruitment; Training; Conflict Resolution,Senior,"Contract · Hybrid. We are hiring a Senior HR Specialist for our E-commerce team. The ideal candidate has 6-10 years of experience and is proficient in Communication, HRIS, Employee Relations, Recruitment, Training, Conflict Resolution. This is a hybrid contract position focused on delivering high-quality business work."
Mid-level Operations Manager,Business,Vendor Management; Budgeting; Six Sigma; Leadership; Communication,Mid-level,"Full-time · Remote. We are hiring a Mid-level Operations Manager for our Startup team. The ideal candidate has 3-6 years of experience and is proficient in Vendor Management, Budgeting, Six Sigma, Leadership, Communication. This is a remote full-time position focused on delivering high-quality business work."
Junior Business Analyst,Business,UML; Excel; Process Modeling; SQL; Communication,Junior,"Internship · Hybrid. We are hiring a Junior Business Analyst for our SaaS team. The ideal candidate has 1-3 years of experience and is proficient in UML, Excel, Process Modeling, SQL, Communication. This is a hybrid internship position focused on delivering high-quality business work."
Principal Operations Manager,Business,Lean; Process Improvement; Supply Chain; Communication; Analytics; Six Sigma,Principal,"Contract · Hybrid. We are hiring a Principal Operations Manager for our Fintech team. The ideal candidate has 12-20 years of experience and is proficient in Lean, Process Improvement, Supply Chain, Communication, Analytics, Six Sigma. This is a hybrid contract position focused on delivering high-quality business work."
Mid-level Business Analyst,Business,Requirements Gathering; Agile; Excel; Documentation; UML; Process Modeling,Mid-level,"Contract · Hybrid. We are hiring a Mid-level Business Analyst for our EdTech team. The ideal candidate has 3-6 years of experience and is proficient in Requirements Gathering, Agile, Excel, Documentation, UML, Process Modeling. This is a hybrid contract position focused on delivering high-quality business work."
Principal Financial Analyst,Business,Accounting; Analytics; SQL; Budgeting; Forecasting,Principal,"Contract · Remote. We are hiring a Principal Financial Analyst for our Fintech team. The ideal candidate has 12-20 years of experience and is proficient in Accounting, Analytics, SQL, Budgeting, Forecasting. This is a remote contract position focused on delivering high-quality business work."
Junior Business Analyst,Business,Requirements Gathering; Documentation; Agile; Communication; SQL,Junior,"Contract · On-site. We are hiring a Junior Business Analyst for our SaaS team. The ideal candidate has 1-3 years of experience and is proficient in Requirements Gathering, Documentation, Agile, Communication, SQL. This is a on-site contract position focused on delivering high-quality business work."
Lead HR Specialist,Business,Payroll; Performance Management; HRIS; Training; Employee Relations; Conflict Resolution; Onboarding,Lead,"Full-time · Hybrid. We are hiring a Lead HR Specialist for our Healthcare team. The ideal candidate has 8-14 years of experience and is proficient in Payroll, Performance Management, HRIS, Training, Employee Relations, Conflict Resolution, Onboarding. This is a hybrid full-time position focused on delivering high-quality business work."
Lead Financial Analyst,Business,Power BI; SQL; Accounting; Financial Modeling; Budgeting,Lead,"Internship · On-site. We are hiring a Lead Financial Analyst for our Enterprise team. The ideal candidate has 8-14 years of experience and is proficient in Power BI, SQL, Accounting, Financial Modeling, Budgeting. This is a on-site internship position focused on delivering high-quality business work."
Senior Business Analyst,Business,UML; Documentation; SQL; Communication; Process Modeling; Agile,Senior,"Contract · Hybrid. We are hiring a Senior Business Analyst for our Startup team. The ideal candidate has 6-10 years of experience and is proficient in UML, Documentation, SQL, Communication, Process Modeling, Agile. This is a hybrid contract position focused on delivering high-quality business work."
Lead HR Specialist,Business,Communication; Onboarding; Recruitment; Payroll; Training; HRIS; Conflict Resolution,Lead,"Contract · Hybrid. We are hiring a Lead HR Specialist for our E-commerce team. The ideal candidate has 8-14 years of experience and is proficient in Communication, Onboarding, Recruitment, Payroll, Training, HRIS, Conflict Resolution. This is a hybrid contract position focused on delivering high-quality business work."
Junior Sales Engineer,Business,Presentations; Negotiation; Customer Success; Technical Sales; APIs; Solution Design,Junior,"Internship · On-site. We are hiring a Junior Sales Engineer for our SaaS team. The ideal candidate has 1-3 years of experience and is proficient in Presentations, Negotiation, Customer Success, Technical Sales, APIs, Solution Design. This is a on-site internship position focused on delivering high-quality business work."
Senior Operations Manager,Business,Operations Management; Lean; Process Improvement; Supply Chain; Vendor Management; Budgeting; Communication,Senior,"Contract · Hybrid. We are hiring a Senior Operations Manager for our Fintech team. The ideal candidate has 6-10 years of experience and is proficient in Operations Management, Lean, Process Improvement, Supply Chain, Vendor Management, Budgeting, Communication. This is a hybrid contract position focused on delivering high-quality business work."
Intern Sales Engineer,Business,Communication; Cloud; Customer Success; Negotiation; Technical Sales; CRM; Solution Design,Intern,"Contract · Remote. We are hiring a Intern Sales Engineer for our SaaS team. The ideal candidate has 0-1 years of experience and is proficient in Communication, Cloud, Customer Success, Negotiation, Technical Sales, CRM, Solution Design. This is a remote contract position focused on delivering high-quality business work."
Principal Operations Manager,Business,Supply Chain; Lean; Process Improvement; Analytics; Communication; Six Sigma; Budgeting,Principal,"Full-time · On-site. We are hiring a Principal Operations Manager for our Startup team. The ideal candidate has 12-20 years of experience and is proficient in Supply Chain, Lean, Process Improvement, Analytics, Communication, Six Sigma, Budgeting. This is a on-site full-time position focused on delivering high-quality business work."
Mid-level Sales Engineer,Business,APIs; Negotiation; Solution Design; Product Demos; Customer Success,Mid-level,"Internship · Remote. We are hiring a Mid-level Sales Engineer for our Fintech team. The ideal candidate has 3-6 years of experience and is proficient in APIs, Negotiation, Solution Design, Product Demos, Customer Success. This is a remote internship position focused on delivering high-quality business work."
Senior Business Analyst,Business,Stakeholder Management; Requirements Gathering; Agile; Data Analysis; Documentation; Process Modeling; Communication,Senior,"Internship · Remote. We are hiring a Senior Business Analyst for our SaaS team. The ideal candidate has 6-10 years of experience and is proficient in Stakeholder Management, Requirements Gathering, Agile, Data Analysis, Documentation, Process Modeling, Communication. This is a remote internship position focused on delivering high-quality business work."
Mid-level Operations Manager,Business,Budgeting; Operations Management; Leadership; Analytics; Process Improvement; Lean,Mid-level,"Internship · Hybrid. We are hiring a Mid-level Operations Manager for our Enterprise team. The ideal candidate has 3-6 years of experience and is proficient in Budgeting, Operations Management, Leadership, Analytics, Process Improvement, Lean. This is a hybrid internship position focused on delivering high-quality business work."
Principal Sales Engineer,Business,Solution Design; Negotiation; Presentations; Communication; Cloud,Principal,"Full-time · On-site. We are hiring a Principal Sales Engineer for our Healthcare team. The ideal candidate has 12-20 years of experience and is proficient in Solution Design, Negotiation, Presentations, Communication, Cloud. This is a on-site full-time position focused on delivering high-quality business work."
Principal HR Specialist,Business,HRIS; Training; Compliance; Onboarding; Conflict Resolution,Principal,"Contract · On-site. We are hiring a Principal HR Specialist for our Startup team. The ideal candidate has 12-20 years of experience and is proficient in HRIS, Training, Compliance, Onboarding, Conflict Resolution. This is a on-site contract position focused on delivering high-quality business work."
Senior Financial Analyst,Business,Valuation; SQL; Forecasting; Analytics; Excel,Senior,"Full-time · Hybrid. We are hiring a Senior Financial Analyst for our Enterprise team. The ideal candidate has 6-10 years of experience and is proficient in Valuation, SQL, Forecasting, Analytics, Excel. This is a hybrid full-time position focused on delivering high-quality business work."
Senior Financial Analyst,Business,Financial Modeling; SQL; Reporting; Forecasting; Accounting; Excel; Valuation,Senior,"Full-time · On-site. We are hiring a Senior Financial Analyst for our Healthcare team. The ideal candidate has 6-10 years of experience and is proficient in Financial Modeling, SQL, Reporting, Forecasting, Accounting, Excel, Valuation. This is a on-site full-time position focused on delivering high-quality business work."
Senior Business Analyst,Business,Agile; Process Modeling; Excel; Documentation; Stakeholder Management; Communication,Senior,"Internship · On-site. We are hiring a Senior Business Analyst for our Gaming team. The ideal candidate has 6-10 years of experience and is proficient in Agile, Process Modeling, Excel, Documentation, Stakeholder Management, Communication. This is a on-site internship position focused on delivering high-quality business work."
Intern HR Specialist,Business,Compliance; Employee Relations; Training; Payroll; Conflict Resolution; Onboarding; Recruitment,Intern,"Internship · Remote. We are hiring a Intern HR Specialist for our Fintech team. The ideal candidate has 0-1 years of experience and is proficient in Compliance, Employee Relations, Training, Payroll, Conflict Resolution, Onboarding, Recruitment. This is a remote internship position focused on delivering high-quality business work."
Senior Business Analyst,Business,Process Modeling; Stakeholder Management; SQL; Excel; Communication,Senior,"Internship · Remote. We are hiring a Senior Business Analyst for our Gaming team. The ideal candidate has 6-10 years of experience and is proficient in Process Modeling, Stakeholder Management, SQL, Excel, Communication. This is a remote internship position focused on delivering high-quality business work."
Junior Financial Analyst,Business,SQL; Analytics; Budgeting; Excel; Financial Modeling; Accounting; Power BI,Junior,"Full-time · Hybrid. We are hiring a Junior Financial Analyst for our SaaS team. The ideal candidate has 1-3 years of experience and is proficient in SQL, Analytics, Budgeting, Excel, Financial Modeling, Accounting, Power BI. This is a hybrid full-time position focused on delivering high-quality business work."
Senior Operations Manager,Business,Lean; Leadership; Operations Management; Budgeting; Vendor Management; Supply Chain,Senior,"Full-time · Hybrid. We are hiring a Senior Operations Manager for our Healthcare team. The ideal candidate has 6-10 years of experience and is proficient in Lean, Leadership, Operations Management, Budgeting, Vendor Management, Supply Chain. This is a hybrid full-time position focused on delivering high-quality business work."
Lead Business Analyst,Business,UML; Excel; Process Modeling; SQL; Agile,Lead,"Internship · Remote. We are hiring a Lead Business Analyst for our Healthcare team. The ideal candidate has 8-14 years of experience and is proficient in UML, Excel, Process Modeling, SQL, Agile. This is a remote internship position focused on delivering high-quality business work."
Intern Operations Manager,Business,Budgeting; Supply Chain; Communication; Process Improvement; Analytics,Intern,"Full-time · On-site. We are hiring a Intern Operations Manager for our Fintech team. The ideal candidate has 0-1 years of experience and is proficient in Budgeting, Supply Chain, Communication, Process Improvement, Analytics. This is a on-site full-time position focused on delivering high-quality business work."
Mid-level HR Specialist,Business,HRIS; Compliance; Communication; Training; Recruitment; Conflict Resolution,Mid-level,"Internship · Remote. We are hiring a Mid-level HR Specialist for our Startup team. The ideal candidate has 3-6 years of experience and is proficient in HRIS, Compliance, Communication, Training, Recruitment, Conflict Resolution. This is a remote internship position focused on delivering high-quality business work."
Intern Operations Manager,Business,Analytics; Leadership; Supply Chain; Process Improvement; Lean; Operations Management; Communication,Intern,"Full-time · On-site. We are hiring a Intern Operations Manager for our SaaS team. The ideal candidate has 0-1 years of experience and is proficient in Analytics, Leadership, Supply Chain, Process Improvement, Lean, Operations Management, Communication. This is a on-site full-time position focused on delivering high-quality business work."
Senior Business Analyst,Business,Stakeholder Management; SQL; UML; Agile; Communication; Process Modeling; Excel,Senior,"Contract · Remote. We are hiring a Senior Business Analyst for our Fintech team. The ideal candidate has 6-10 years of experience and is proficient in Stakeholder Management, SQL, UML, Agile, Communication, Process Modeling, Excel. This is a remote contract position focused on delivering high-quality business work."
Mid-level HR Specialist,Business,Compliance; Conflict Resolution; Onboarding; Employee Relations; Payroll,Mid-level,"Full-time · Hybrid. We are hiring a Mid-level HR Specialist for our Startup team. The ideal candidate has 3-6 years of experience and is proficient in Compliance, Conflict Resolution, Onboarding, Employee Relations, Payroll. This is a hybrid full-time position focused on delivering high-quality business work."
Lead Business Analyst,Business,Stakeholder Management; Documentation; Agile; UML; Process Modeling,Lead,"Internship · Remote. We are hiring a Lead Business Analyst for our EdTech team. The ideal candidate has 8-14 years of experience and is proficient in Stakeholder Management, Documentation, Agile, UML, Process Modeling. This is a remote internship position focused on delivering high-quality business work."
Lead HR Specialist,Business,Compliance; Performance Management; Onboarding; HRIS; Training; Communication,Lead,"Internship · Remote. We are hiring a Lead HR Specialist for our Healthcare team. The ideal candidate has 8-14 years of experience and is proficient in Compliance, Performance Management, Onboarding, HRIS, Training, Communication. This is a remote internship position focused on delivering high-quality business work."
Intern Sales Engineer,Business,Presentations; Technical Sales; Customer Success; Cloud; Solution Design; CRM,Intern,"Full-time · Hybrid. We are hiring a Intern Sales Engineer for our EdTech team. The ideal candidate has 0-1 years of experience and is proficient in Presentations, Technical Sales, Customer Success, Cloud, Solution Design, CRM. This is a hybrid full-time position focused on delivering high-quality business work."
Intern Financial Analyst,Business,Power BI; Accounting; Reporting; Financial Modeling; Analytics; Valuation,Intern,"Contract · On-site. We are hiring a Intern Financial Analyst for our E-commerce team. The ideal candidate has 0-1 years of experience and is proficient in Power BI, Accounting, Reporting, Financial Modeling, Analytics, Valuation. This is a on-site contract position focused on delivering high-quality business work."
Senior Business Analyst,Business,SQL; Communication; Excel; UML; Process Modeling,Senior,"Contract · Remote. We are hiring a Senior Business Analyst for our Startup team. The ideal candidate has 6-10 years of experience and is proficient in SQL, Communication, Excel, UML, Process Modeling. This is a remote contract position focused on delivering high-quality business work."
Senior Business Analyst,Business,Excel; Data Analysis; Stakeholder Management; Agile; Documentation; UML,Senior,"Full-time · Remote. We are hiring a Senior Business Analyst for our SaaS team. The ideal candidate has 6-10 years of experience and is proficient in Excel, Data Analysis, Stakeholder Management, Agile, Documentation, UML. This is a remote full-time position focused on delivering high-quality business work."
Junior Business Analyst,Business,Stakeholder Management; Process Modeling; Agile; UML; Excel,Junior,"Full-time · On-site. We are hiring a Junior Business Analyst for our E-commerce team. The ideal candidate has 1-3 years of experience and is proficient in Stakeholder Management, Process Modeling, Agile, UML, Excel. This is a on-site full-time position focused on delivering high-quality business work."
Senior Business Analyst,Business,Documentation; Data Analysis; Communication; UML; Agile; SQL,Senior,"Contract · Hybrid. We are hiring a Senior Business Analyst for our Healthcare team. The ideal candidate has 6-10 years of experience and is proficient in Documentation, Data Analysis, Communication, UML, Agile, SQL. This is a hybrid contract position focused on delivering high-quality business work."
Lead Sales Engineer,Business,Product Demos; Cloud; CRM; Negotiation; Communication; Technical Sales; Solution Design,Lead,"Full-time · Remote. We are hiring a Lead Sales Engineer for our EdTech team. The ideal candidate has 8-14 years of experience and is proficient in Product Demos, Cloud, CRM, Negotiation, Communication, Technical Sales, Solution Design. This is a remote full-time position focused on delivering high-quality business work."
Principal Operations Manager,Business,Operations Management; Budgeting; Communication; Lean; Analytics; Process Improvement; Leadership,Principal,"Contract · Hybrid. We are hiring a Principal Operations Manager for our E-commerce team. The ideal candidate has 12-20 years of experience and is proficient in Operations Management, Budgeting, Communication, Lean, Analytics, Process Improvement, Leadership. This is a hybrid contract position focused on delivering high-quality business work."
Lead Operations Manager,Business,Vendor Management; Communication; Operations Management; Budgeting; Leadership; Six Sigma,Lead,"Full-time · Hybrid. We are hiring a Lead Operations Manager for our Fintech team. The ideal candidate has 8-14 years of experience and is proficient in Vendor Management, Communication, Operations Management, Budgeting, Leadership, Six Sigma. This is a hybrid full-time position focused on delivering high-quality business work."
Lead Business Analyst,Business,Agile; SQL; UML; Communication; Excel,Lead,"Internship · Hybrid. We are hiring a Lead Business Analyst for our Startup team. The ideal candidate has 8-14 years of experience and is proficient in Agile, SQL, UML, Communication, Excel. This is a hybrid internship position focused on delivering high-quality business work."
Senior Operations Manager,Business,Communication; Operations Management; Analytics; Lean; Process Improvement; Supply Chain,Senior,"Contract · On-site. We are hiring a Senior Operations Manager for our Healthcare team. The ideal candidate has 6-10 years of experience and is proficient in Communication, Operations Management, Analytics, Lean, Process Improvement, Supply Chain. This is a on-site contract position focused on delivering high-quality business work."
Principal Sales Engineer,Business,Solution Design; Communication; Customer Success; APIs; Product Demos; Cloud,Principal,"Full-time · On-site. We are hiring a Principal Sales Engineer for our Gaming team. The ideal candidate has 12-20 years of experience and is proficient in Solution Design, Communication, Customer Success, APIs, Product Demos, Cloud. This is a on-site full-time position focused on delivering high-quality business work."
Junior Business Analyst,Business,Agile; Excel; Documentation; Process Modeling; Communication; UML; SQL,Junior,"Contract · Remote. We are hiring a Junior Business Analyst for our EdTech team. The ideal candidate has 1-3 years of experience and is proficient in Agile, Excel, Documentation, Process Modeling, Communication, UML, SQL. This is a remote contract position focused on delivering high-quality business work."
Lead HR Specialist,Business,Onboarding; Training; Payroll; Employee Relations; Compliance,Lead,"Full-time · Hybrid. We are hiring a Lead HR Specialist for our E-commerce team. The ideal candidate has 8-14 years of experience and is proficient in Onboarding, Training, Payroll, Employee Relations, Compliance. This is a hybrid full-time position focused on delivering high-quality business work."
Principal Business Analyst,Business,Agile; Data Analysis; Requirements Gathering; Stakeholder Management; Communication; UML; Documentation,Principal,"Contract · On-site. We are hiring a Principal Business Analyst for our EdTech team. The ideal candidate has 12-20 years of experience and is proficient in Agile, Data Analysis, Requirements Gathering, Stakeholder Management, Communication, UML, Documentation. This is a on-site contract position focused on delivering high-quality business work."
Senior Sales Engineer,Business,Solution Design; Customer Success; Negotiation; Product Demos; Communication,Senior,"Internship · Hybrid. We are hiring a Senior Sales Engineer for our SaaS team. The ideal candidate has 6-10 years of experience and is proficient in Solution Design, Customer Success, Negotiation, Product Demos, Communication. This is a hybrid internship position focused on delivering high-quality business work."
Senior Financial Analyst,Business,Analytics; SQL; Excel; Valuation; Forecasting,Senior,"Internship · On-site. We are hiring a Senior Financial Analyst for our Fintech team. The ideal candidate has 6-10 years of experience and is proficient in Analytics, SQL, Excel, Valuation, Forecasting. This is a on-site internship position focused on delivering high-quality business work."
Senior Operations Manager,Business,Budgeting; Analytics; Supply Chain; Lean; Vendor Management,Senior,"Full-time · On-site. We are hiring a Senior Operations Manager for our Gaming team. The ideal candidate has 6-10 years of experience and is proficient in Budgeting, Analytics, Supply Chain, Lean, Vendor Management. This is a on-site full-time position focused on delivering high-quality business work."
Mid-level Sales Engineer,Business,Presentations; Solution Design; Communication; Technical Sales; Negotiation; Cloud; CRM,Mid-level,"Full-time · Remote. We are hiring a Mid-level Sales Engineer for our EdTech team. The ideal candidate has 3-6 years of experience and is proficient in Presentations, Solution Design, Communication, Technical Sales, Negotiation, Cloud, CRM. This is a remote full-time position focused on delivering high-quality business work."
Mid-level Financial Analyst,Business,Forecasting; Valuation; Analytics; Budgeting; Reporting; Financial Modeling,Mid-level,"Internship · Remote. We are hiring a Mid-level Financial Analyst for our Fintech team. The ideal candidate has 3-6 years of experience and is proficient in Forecasting, Valuation, Analytics, Budgeting, Reporting, Financial Modeling. This is a remote internship position focused on delivering high-quality business work."
Mid-level Operations Manager,Business,Lean; Budgeting; Vendor Management; Communication; Analytics; Leadership,Mid-level,"Internship · On-site. We are hiring a Mid-level Operations Manager for our SaaS team. The ideal candidate has 3-6 years of experience and is proficient in Lean, Budgeting, Vendor Management, Communication, Analytics, Leadership. This is a on-site internship position focused on delivering high-quality business work."
Intern HR Specialist,Business,Compliance; Recruitment; Payroll; HRIS; Conflict Resolution; Communication; Employee Relations,Intern,"Internship · Remote. We are hiring a Intern HR Specialist for our E-commerce team. The ideal candidate has 0-1 years of experience and is proficient in Compliance, Recruitment, Payroll, HRIS, Conflict Resolution, Communication, Employee Relations. This is a remote internship position focused on delivering high-quality business work."
Mid-level HR Specialist,Business,Conflict Resolution; Recruitment; Training; Employee Relations; Performance Management,Mid-level,"Contract · Remote. We are hiring a Mid-level HR Specialist for our SaaS team. The ideal candidate has 3-6 years of experience and is proficient in Conflict Resolution, Recruitment, Training, Employee Relations, Performance Management. This is a remote contract position focused on delivering high-quality business work."
Lead Sales Engineer,Business,Product Demos; Cloud; Presentations; Negotiation; APIs; Communication,Lead,"Full-time · Remote. We are hiring a Lead Sales Engineer for our Startup team. The ideal candidate has 8-14 years of experience and is proficient in Product Demos, Cloud, Presentations, Negotiation, APIs, Communication. This is a remote full-time position focused on delivering high-quality business work."
Mid-level Business Analyst,Business,Excel; Process Modeling; SQL; Stakeholder Management; Communication,Mid-level,"Internship · Hybrid. We are hiring a Mid-level Business Analyst for our EdTech team. The ideal candidate has 3-6 years of experience and is proficient in Excel, Process Modeling, SQL, Stakeholder Management, Communication. This is a hybrid internship position focused on delivering high-quality business work."
Lead Sales Engineer,Business,Product Demos; Technical Sales; APIs; Customer Success; Solution Design,Lead,"Full-time · Remote. We are hiring a Lead Sales Engineer for our E-commerce team. The ideal candidate has 8-14 years of experience and is proficient in Product Demos, Technical Sales, APIs, Customer Success, Solution Design. This is a remote full-time position focused on delivering high-quality business work."
Junior HR Specialist,Business,Communication; Onboarding; Performance Management; Recruitment; Training,Junior,"Full-time · Hybrid. We are hiring a Junior HR Specialist for our Gaming team. The ideal candidate has 1-3 years of experience and is proficient in Communication, Onboarding, Performance Management, Recruitment, Training. This is a hybrid full-time position focused on delivering high-quality business work."
Mid-level Business Analyst,Business,Requirements Gathering; Communication; Agile; Stakeholder Management; Process Modeling; Documentation; SQL,Mid-level,"Contract · Hybrid. We are hiring a Mid-level Business Analyst for our Fintech team. The ideal candidate has 3-6 years of experience and is proficient in Requirements Gathering, Communication, Agile, Stakeholder Management, Process Modeling, Documentation, SQL. This is a hybrid contract position focused on delivering high-quality business work."
Intern Financial Analyst,Business,SQL; Reporting; Financial Modeling; Forecasting; Power BI; Budgeting; Accounting,Intern,"Full-time · Hybrid. We are hiring a Intern Financial Analyst for our SaaS team. The ideal candidate has 0-1 years of experience and is proficient in SQL, Reporting, Financial Modeling, Forecasting, Power BI, Budgeting, Accounting. This is a hybrid full-time position focused on delivering high-quality business work."
Intern HR Specialist,Business,Performance Management; Compliance; Conflict Resolution; Onboarding; Recruitment,Intern,"Contract · Remote. We are hiring a Intern HR Specialist for our Enterprise team. The ideal candidate has 0-1 years of experience and is proficient in Performance Management, Compliance, Conflict Resolution, Onboarding, Recruitment. This is a remote contract position focused on delivering high-quality business work."
Senior HR Specialist,Business,Compliance; Payroll; Performance Management; Communication; Recruitment; Conflict Resolution,Senior,"Contract · Hybrid. We are hiring a Senior HR Specialist for our Fintech team. The ideal candidate has 6-10 years of experience and is proficient in Compliance, Payroll, Performance Management, Communication, Recruitment, Conflict Resolution. This is a hybrid contract position focused on delivering high-quality business work."
Intern Business Analyst,Business,Stakeholder Management; UML; SQL; Agile; Data Analysis; Documentation,Intern,"Internship · Remote. We are hiring a Intern Business Analyst for our E-commerce team. The ideal candidate has 0-1 years of experience and is proficient in Stakeholder Management, UML, SQL, Agile, Data Analysis, Documentation. This is a remote internship position focused on delivering high-quality business work."
Senior Operations Manager,Business,Operations Management; Supply Chain; Communication; Vendor Management; Process Improvement,Senior,"Internship · Remote. We are hiring a Senior Operations Manager for our Healthcare team. The ideal candidate has 6-10 years of experience and is proficient in Operations Management, Supply Chain, Communication, Vendor Management, Process Improvement. This is a remote internship position focused on delivering high-quality business work."
Mid-level HR Specialist,Business,HRIS; Recruitment; Communication; Conflict Resolution; Employee Relations,Mid-level,"Full-time · Hybrid. We are hiring a Mid-level HR Specialist for our E-commerce team. The ideal candidate has 3-6 years of experience and is proficient in HRIS, Recruitment, Communication, Conflict Resolution, Employee Relations. This is a hybrid full-time position focused on delivering high-quality business work."
Intern HR Specialist,Business,Compliance; Payroll; HRIS; Recruitment; Performance Management; Employee Relations; Conflict Resolution,Intern,"Full-time · Remote. We are hiring a Intern HR Specialist for our Fintech team. The ideal candidate has 0-1 years of experience and is proficient in Compliance, Payroll, HRIS, Recruitment, Performance Management, Employee Relations, Conflict Resolution. This is a remote full-time position focused on delivering high-quality business work."
Lead Business Analyst,Business,Stakeholder Management; Excel; Agile; Communication; Process Modeling,Lead,"Internship · On-site. We are hiring a Lead Business Analyst for our Gaming team. The ideal candidate has 8-14 years of experience and is proficient in Stakeholder Management, Excel, Agile, Communication, Process Modeling. This is a on-site internship position focused on delivering high-quality business work."
Intern Business Analyst,Business,UML; Excel; Documentation; SQL; Data Analysis; Process Modeling; Communication,Intern,"Internship · On-site. We are hiring a Intern Business Analyst for our SaaS team. The ideal candidate has 0-1 years of experience and is proficient in UML, Excel, Documentation, SQL, Data Analysis, Process Modeling, Communication. This is a on-site internship position focused on delivering high-quality business work."
Intern Sales Engineer,Business,APIs; Cloud; Technical Sales; Product Demos; Customer Success; Negotiation,Intern,"Contract · Remote. We are hiring a Intern Sales Engineer for our Enterprise team. The ideal candidate has 0-1 years of experience and is proficient in APIs, Cloud, Technical Sales, Product Demos, Customer Success, Negotiation. This is a remote contract position focused on delivering high-quality business work."
Junior Financial Analyst,Business,Financial Modeling; Forecasting; SQL; Budgeting; Power BI; Analytics,Junior,"Contract · On-site. We are hiring a Junior Financial Analyst for our E-commerce team. The ideal candidate has 1-3 years of experience and is proficient in Financial Modeling, Forecasting, SQL, Budgeting, Power BI, Analytics. This is a on-site contract position focused on delivering high-quality business work."
Mid-level Operations Manager,Business,Six Sigma; Communication; Leadership; Supply Chain; Lean,Mid-level,"Internship · Hybrid. We are hiring a Mid-level Operations Manager for our SaaS team. The ideal candidate has 3-6 years of experience and is proficient in Six Sigma, Communication, Leadership, Supply Chain, Lean. This is a hybrid internship position focused on delivering high-quality business work."
Mid-level Financial Analyst,Business,Analytics; Accounting; Financial Modeling; Power BI; Reporting; Excel; Forecasting,Mid-level,"Full-time · Remote. We are hiring a Mid-level Financial Analyst for our Fintech team. The ideal candidate has 3-6 years of experience and is proficient in Analytics, Accounting, Financial Modeling, Power BI, Reporting, Excel, Forecasting. This is a remote full-time position focused on delivering high-quality business work."
Junior Business Analyst,Business,SQL; Documentation; Excel; UML; Communication,Junior,"Contract · On-site. We are hiring a Junior Business Analyst for our Fintech team. The ideal candidate has 1-3 years of experience and is proficient in SQL, Documentation, Excel, UML, Communication. This is a on-site contract position focused on delivering high-quality business work."
Mid-level Business Analyst,Business,Data Analysis; UML; Process Modeling; Agile; Requirements Gathering,Mid-level,"Internship · Remote. We are hiring a Mid-level Business Analyst for our Startup team. The ideal candidate has 3-6 years of experience and is proficient in Data Analysis, UML, Process Modeling, Agile, Requirements Gathering. This is a remote internship position focused on delivering high-quality business work."
Mid-level Sales Engineer,Business,Cloud; Presentations; Negotiation; CRM; APIs,Mid-level,"Internship · On-site. We are hiring a Mid-level Sales Engineer for our Enterprise team. The ideal candidate has 3-6 years of experience and is proficient in Cloud, Presentations, Negotiation, CRM, APIs. This is a on-site internship position focused on delivering high-quality business work."
Lead Financial Analyst,Business,Analytics; Financial Modeling; Valuation; SQL; Accounting; Reporting; Forecasting,Lead,"Full-time · On-site. We are hiring a Lead Financial Analyst for our Startup team. The ideal candidate has 8-14 years of experience and is proficient in Analytics, Financial Modeling, Valuation, SQL, Accounting, Reporting, Forecasting. This is a on-site full-time position focused on delivering high-quality business work."
Mid-level Operations Manager,Business,Supply Chain; Budgeting; Process Improvement; Vendor Management; Communication; Lean,Mid-level,"Full-time · On-site. We are hiring a Mid-level Operations Manager for our EdTech team. The ideal candidate has 3-6 years of experience and is proficient in Supply Chain, Budgeting, Process Improvement, Vendor Management, Communication, Lean. This is a on-site full-time position focused on delivering high-quality business work."
Intern Sales Engineer,Business,Presentations; Communication; Product Demos; APIs; Cloud; Customer Success,Intern,"Internship · On-site. We are hiring a Intern Sales Engineer for our Gaming team. The ideal candidate has 0-1 years of experience and is proficient in Presentations, Communication, Product Demos, APIs, Cloud, Customer Success. This is a on-site internship position focused on delivering high-quality business work."
Principal Business Analyst,Business,UML; Process Modeling; Communication; Agile; Excel; Documentation,Principal,"Full-time · Remote. We are hiring a Principal Business Analyst for our SaaS team. The ideal candidate has 12-20 years of experience and is proficient in UML, Process Modeling, Communication, Agile, Excel, Documentation. This is a remote full-time position focused on delivering high-quality business work."
Senior Business Analyst,Business,Process Modeling; Excel; Agile; Documentation; Stakeholder Management,Senior,"Contract · On-site. We are hiring a Senior Business Analyst for our SaaS team. The ideal candidate has 6-10 years of experience and is proficient in Process Modeling, Excel, Agile, Documentation, Stakeholder Management. This is a on-site contract position focused on delivering high-quality business work."
Lead Operations Manager,Business,Analytics; Process Improvement; Six Sigma; Lean; Vendor Management; Supply Chain,Lead,"Contract · Hybrid. We are hiring a Lead Operations Manager for our E-commerce team. The ideal candidate has 8-14 years of experience and is proficient in Analytics, Process Improvement, Six Sigma, Lean, Vendor Management, Supply Chain. This is a hybrid contract position focused on delivering high-quality business work."
Senior Operations Manager,Business,Analytics; Leadership; Budgeting; Six Sigma; Process Improvement; Supply Chain,Senior,"Full-time · Remote. We are hiring a Senior Operations Manager for our Healthcare team. The ideal candidate has 6-10 years of experience and is proficient in Analytics, Leadership, Budgeting, Six Sigma, Process Improvement, Supply Chain. This is a remote full-time position focused on delivering high-quality business work."
Principal HR Specialist,Business,Recruitment; Onboarding; Communication; Performance Management; Employee Relations,Principal,"Contract · Hybrid. We are hiring a Principal HR Specialist for our EdTech team. The ideal candidate has 12-20 years of experience and is proficient in Recruitment, Onboarding, Communication, Performance Management, Employee Relations. This is a hybrid contract position focused on delivering high-quality business work."
Lead Operations Manager,Business,Lean; Budgeting; Supply Chain; Communication; Analytics,Lead,"Internship · On-site. We are hiring a Lead Operations Manager for our Fintech team. The ideal candidate has 8-14 years of experience and is proficient in Lean, Budgeting, Supply Chain, Communication, Analytics. This is a on-site internship position focused on delivering high-quality business work."
Mid-level HR Specialist,Business,Payroll; Performance Management; HRIS; Compliance; Recruitment; Conflict Resolution; Employee Relations,Mid-level,"Contract · On-site. We are hiring a Mid-level HR Specialist for our SaaS team. The ideal candidate has 3-6 years of experience and is proficient in Payroll, Performance Management, HRIS, Compliance, Recruitment, Conflict Resolution, Employee Relations. This is a on-site contract position focused on delivering high-quality business work."
Junior HR Specialist,Business,Onboarding; HRIS; Compliance; Recruitment; Training; Communication,Junior,"Full-time · Remote. We are hiring a Junior HR Specialist for our Fintech team. The ideal candidate has 1-3 years of experience and is proficient in Onboarding, HRIS, Compliance, Recruitment, Training, Communication. This is a remote full-time position focused on delivering high-quality business work."
Intern Business Analyst,Business,Requirements Gathering; Documentation; Process Modeling; Data Analysis; UML; Stakeholder Management,Intern,"Full-time · Remote. We are hiring a Intern Business Analyst for our Healthcare team. The ideal candidate has 0-1 years of experience and is proficient in Requirements Gathering, Documentation, Process Modeling, Data Analysis, UML, Stakeholder Management. This is a remote full-time position focused on delivering high-quality business work."
Junior Business Analyst,Business,Communication; Agile; Process Modeling; Stakeholder Management; SQL; Documentation,Junior,"Contract · Hybrid. We are hiring a Junior Business Analyst for our Gaming team. The ideal candidate has 1-3 years of experience and is proficient in Communication, Agile, Process Modeling, Stakeholder Management, SQL, Documentation. This is a hybrid contract position focused on delivering high-quality business work."
Junior HR Specialist,Business,Payroll; Conflict Resolution; Employee Relations; Compliance; Communication,Junior,"Full-time · On-site. We are hiring a Junior HR Specialist for our Startup team. The ideal candidate has 1-3 years of experience and is proficient in Payroll, Conflict Resolution, Employee Relations, Compliance, Communication. This is a on-site full-time position focused on delivering high-quality business work."
Junior Sales Engineer,Business,Cloud; Communication; Presentations; Product Demos; CRM; APIs; Customer Success,Junior,"Internship · Hybrid. We are hiring a Junior Sales Engineer for our SaaS team. The ideal candidate has 1-3 years of experience and is proficient in Cloud, Communication, Presentations, Product Demos, CRM, APIs, Customer Success. This is a hybrid internship position focused on delivering high-quality business work."
Senior HR Specialist,Business,Onboarding; Compliance; Recruitment; Performance Management; Payroll; Employee Relations,Senior,"Contract · Hybrid. We are hiring a Senior HR Specialist for our Healthcare team. The ideal candidate has 6-10 years of experience and is proficient in Onboarding, Compliance, Recruitment, Performance Management, Payroll, Employee Relations. This is a hybrid contract position focused on delivering high-quality business work."
Senior Operations Manager,Business,Leadership; Process Improvement; Supply Chain; Vendor Management; Operations Management; Budgeting,Senior,"Internship · Remote. We are hiring a Senior Operations Manager for our Fintech team. The ideal candidate has 6-10 years of experience and is proficient in Leadership, Process Improvement, Supply Chain, Vendor Management, Operations Management, Budgeting. This is a remote internship position focused on delivering high-quality business work."
Principal Financial Analyst,Business,Accounting; Financial Modeling; SQL; Reporting; Valuation; Budgeting; Forecasting,Principal,"Full-time · Remote. We are hiring a Principal Financial Analyst for our EdTech team. The ideal candidate has 12-20 years of experience and is proficient in Accounting, Financial Modeling, SQL, Reporting, Valuation, Budgeting, Forecasting. This is a remote full-time position focused on delivering high-quality business work."
Mid-level Operations Manager,Business,Communication; Vendor Management; Analytics; Supply Chain; Six Sigma; Process Improvement,Mid-level,"Full-time · Remote. We are hiring a Mid-level Operations Manager for our Gaming team. The ideal candidate has 3-6 years of experience and is proficient in Communication, Vendor Management, Analytics, Supply Chain, Six Sigma, Process Improvement. This is a remote full-time position focused on delivering high-quality business work."
Intern Sales Engineer,Business,Communication; Technical Sales; APIs; Cloud; Customer Success; Product Demos,Intern,"Internship · On-site. We are hiring a Intern Sales Engineer for our E-commerce team. The ideal candidate has 0-1 years of experience and is proficient in Communication, Technical Sales, APIs, Cloud, Customer Success, Product Demos. This is a on-site internship position focused on delivering high-quality business work."
Principal Financial Analyst,Business,Excel; Accounting; SQL; Reporting; Analytics; Valuation; Power BI,Principal,"Internship · Remote. We are hiring a Principal Financial Analyst for our Gaming team. The ideal candidate has 12-20 years of experience and is proficient in Excel, Accounting, SQL, Reporting, Analytics, Valuation, Power BI. This is a remote internship position focused on delivering high-quality business work."
Senior Sales Engineer,Business,APIs; CRM; Solution Design; Technical Sales; Communication; Product Demos,Senior,"Full-time · Remote. We are hiring a Senior Sales Engineer for our Startup team. The ideal candidate has 6-10 years of experience and is proficient in APIs, CRM, Solution Design, Technical Sales, Communication, Product Demos. This is a remote full-time position focused on delivering high-quality business work."
Senior Operations Manager,Business,Supply Chain; Communication; Budgeting; Six Sigma; Process Improvement,Senior,"Contract · On-site. We are hiring a Senior Operations Manager for our EdTech team. The ideal candidate has 6-10 years of experience and is proficient in Supply Chain, Communication, Budgeting, Six Sigma, Process Improvement. This is a on-site contract position focused on delivering high-quality business work."
Intern Operations Manager,Business,Analytics; Process Improvement; Operations Management; Six Sigma; Supply Chain; Vendor Management; Lean,Intern,"Contract · Hybrid. We are hiring a Intern Operations Manager for our Startup team. The ideal candidate has 0-1 years of experience and is proficient in Analytics, Process Improvement, Operations Management, Six Sigma, Supply Chain, Vendor Management, Lean. This is a hybrid contract position focused on delivering high-quality business work."
Mid-level Sales Engineer,Business,Communication; Solution Design; Customer Success; Presentations; Technical Sales; Negotiation,Mid-level,"Contract · Hybrid. We are hiring a Mid-level Sales Engineer for our Healthcare team. The ideal candidate has 3-6 years of experience and is proficient in Communication, Solution Design, Customer Success, Presentations, Technical Sales, Negotiation. This is a hybrid contract position focused on delivering high-quality business work."
Principal HR Specialist,Business,HRIS; Employee Relations; Compliance; Payroll; Conflict Resolution,Principal,"Contract · On-site. We are hiring a Principal HR Specialist for our E-commerce team. The ideal candidate has 12-20 years of experience and is proficient in HRIS, Employee Relations, Compliance, Payroll, Conflict Resolution. This is a on-site contract position focused on delivering high-quality business work."
Intern Financial Analyst,Business,Accounting; Budgeting; Power BI; Analytics; SQL; Valuation; Reporting,Intern,"Full-time · On-site. We are hiring a Intern Financial Analyst for our Healthcare team. The ideal candidate has 0-1 years of experience and is proficient in Accounting, Budgeting, Power BI, Analytics, SQL, Valuation, Reporting. This is a on-site full-time position focused on delivering high-quality business work."
Senior Operations Manager,Business,Budgeting; Analytics; Six Sigma; Process Improvement; Communication; Lean; Supply Chain,Senior,"Internship · Hybrid. We are hiring a Senior Operations Manager for our SaaS team. The ideal candidate has 6-10 years of experience and is proficient in Budgeting, Analytics, Six Sigma, Process Improvement, Communication, Lean, Supply Chain. This is a hybrid internship position focused on delivering high-quality business work."
Lead Sales Engineer,Business,CRM; Customer Success; Communication; Cloud; Presentations; Product Demos,Lead,"Full-time · Hybrid. We are hiring a Lead Sales Engineer for our Startup team. The ideal candidate has 8-14 years of experience and is proficient in CRM, Customer Success, Communication, Cloud, Presentations, Product Demos. This is a hybrid full-time position focused on delivering high-quality business work."
Principal Sales Engineer,Business,Technical Sales; Customer Success; Product Demos; APIs; Cloud,Principal,"Internship · Hybrid. We are hiring a Principal Sales Engineer for our EdTech team. The ideal candidate has 12-20 years of experience and is proficient in Technical Sales, Customer Success, Product Demos, APIs, Cloud. This is a hybrid internship position focused on delivering high-quality business work."
Junior Sales Engineer,Business,Cloud; Product Demos; CRM; APIs; Customer Success; Communication; Solution Design,Junior,"Contract · On-site. We are hiring a Junior Sales Engineer for our Enterprise team. The ideal candidate has 1-3 years of experience and is proficient in Cloud, Product Demos, CRM, APIs, Customer Success, Communication, Solution Design. This is a on-site contract position focused on delivering high-quality business work."
Junior Financial Analyst,Business,Power BI; Budgeting; Financial Modeling; Reporting; Analytics,Junior,"Full-time · On-site. We are hiring a Junior Financial Analyst for our EdTech team. The ideal candidate has 1-3 years of experience and is proficient in Power BI, Budgeting, Financial Modeling, Reporting, Analytics. This is a on-site full-time position focused on delivering high-quality business work."
Junior Sales Engineer,Business,APIs; Presentations; CRM; Product Demos; Negotiation; Communication,Junior,"Internship · Remote. We are hiring a Junior Sales Engineer for our E-commerce team. The ideal candidate has 1-3 years of experience and is proficient in APIs, Presentations, CRM, Product Demos, Negotiation, Communication. This is a remote internship position focused on delivering high-quality business work."
Lead Financial Analyst,Business,Forecasting; Budgeting; Analytics; Accounting; Excel; Power BI; Financial Modeling,Lead,"Contract · Hybrid. We are hiring a Lead Financial Analyst for our EdTech team. The ideal candidate has 8-14 years of experience and is proficient in Forecasting, Budgeting, Analytics, Accounting, Excel, Power BI, Financial Modeling. This is a hybrid contract position focused on delivering high-quality business work."
Intern Financial Analyst,Business,SQL; Analytics; Financial Modeling; Excel; Accounting; Valuation; Reporting,Intern,"Contract · On-site. We are hiring a Intern Financial Analyst for our Startup team. The ideal candidate has 0-1 years of experience and is proficient in SQL, Analytics, Financial Modeling, Excel, Accounting, Valuation, Reporting. This is a on-site contract position focused on delivering high-quality business work."
Junior HR Specialist,Business,Employee Relations; Performance Management; Onboarding; Training; HRIS,Junior,"Full-time · On-site. We are hiring a Junior HR Specialist for our EdTech team. The ideal candidate has 1-3 years of experience and is proficient in Employee Relations, Performance Management, Onboarding, Training, HRIS. This is a on-site full-time position focused on delivering high-quality business work."
Principal Sales Engineer,Business,Presentations; CRM; Communication; Solution Design; Customer Success,Principal,"Internship · Remote. We are hiring a Principal Sales Engineer for our Gaming team. The ideal candidate has 12-20 years of experience and is proficient in Presentations, CRM, Communication, Solution Design, Customer Success. This is a remote internship position focused on delivering high-quality business work."
Mid-level Financial Analyst,Business,Power BI; Accounting; Valuation; Reporting; Financial Modeling; Analytics; Forecasting,Mid-level,"Contract · Hybrid. We are hiring a Mid-level Financial Analyst for our SaaS team. The ideal candidate has 3-6 years of experience and is proficient in Power BI, Accounting, Valuation, Reporting, Financial Modeling, Analytics, Forecasting. This is a hybrid contract position focused on delivering high-quality business work."
Lead HR Specialist,Business,Performance Management; Recruitment; Training; Employee Relations; Compliance,Lead,"Internship · On-site. We are hiring a Lead HR Specialist for our Gaming team. The ideal candidate has 8-14 years of experience and is proficient in Performance Management, Recruitment, Training, Employee Relations, Compliance. This is a on-site internship position focused on delivering high-quality business work."
Lead Operations Manager,Business,Supply Chain; Communication; Lean; Process Improvement; Analytics; Leadership; Six Sigma,Lead,"Internship · Remote. We are hiring a Lead Operations Manager for our E-commerce team. The ideal candidate has 8-14 years of experience and is proficient in Supply Chain, Communication, Lean, Process Improvement, Analytics, Leadership, Six Sigma. This is a remote internship position focused on delivering high-quality business work."
Lead Business Analyst,Business,SQL; Agile; Requirements Gathering; Data Analysis; UML; Communication,Lead,"Internship · Hybrid. We are hiring a Lead Business Analyst for our Enterprise team. The ideal candidate has 8-14 years of experience and is proficient in SQL, Agile, Requirements Gathering, Data Analysis, UML, Communication. This is a hybrid internship position focused on delivering high-quality business work."
Lead Business Analyst,Business,Agile; Excel; SQL; Stakeholder Management; Communication; Data Analysis; Documentation,Lead,"Contract · Remote. We are hiring a Lead Business Analyst for our Startup team. The ideal candidate has 8-14 years of experience and is proficient in Agile, Excel, SQL, Stakeholder Management, Communication, Data Analysis, Documentation. This is a remote contract position focused on delivering high-quality business work."
Mid-level Sales Engineer,Business,APIs; Communication; Presentations; Negotiation; Product Demos,Mid-level,"Internship · Hybrid. We are hiring a Mid-level Sales Engineer for our Enterprise team. The ideal candidate has 3-6 years of experience and is proficient in APIs, Communication, Presentations, Negotiation, Product Demos. This is a hybrid internship position focused on delivering high-quality business work."
Lead Business Analyst,Business,Documentation; Agile; Excel; Communication; Process Modeling,Lead,"Internship · Remote. We are hiring a Lead Business Analyst for our Gaming team. The ideal candidate has 8-14 years of experience and is proficient in Documentation, Agile, Excel, Communication, Process Modeling. This is a remote internship position focused on delivering high-quality business work."
Senior Operations Manager,Business,Operations Management; Six Sigma; Leadership; Lean; Vendor Management; Communication; Supply Chain,Senior,"Contract · On-site. We are hiring a Senior Operations Manager for our SaaS team. The ideal candidate has 6-10 years of experience and is proficient in Operations Management, Six Sigma, Leadership, Lean, Vendor Management, Communication, Supply Chain. This is a on-site contract position focused on delivering high-quality business work."
Lead Sales Engineer,Business,CRM; Solution Design; Product Demos; Presentations; Cloud; APIs,Lead,"Contract · On-site. We are hiring a Lead Sales Engineer for our Gaming team. The ideal candidate has 8-14 years of experience and is proficient in CRM, Solution Design, Product Demos, Presentations, Cloud, APIs. This is a on-site contract position focused on delivering high-quality business work."
Intern Financial Analyst,Business,Power BI; Accounting; Budgeting; Reporting; Excel,Intern,"Internship · Remote. We are hiring a Intern Financial Analyst for our Fintech team. The ideal candidate has 0-1 years of experience and is proficient in Power BI, Accounting, Budgeting, Reporting, Excel. This is a remote internship position focused on delivering high-quality business work."
Mid-level Sales Engineer,Business,CRM; Presentations; Customer Success; Cloud; Technical Sales,Mid-level,"Internship · Hybrid. We are hiring a Mid-level Sales Engineer for our E-commerce team. The ideal candidate has 3-6 years of experience and is proficient in CRM, Presentations, Customer Success, Cloud, Technical Sales. This is a hybrid internship position focused on delivering high-quality business work."
Junior HR Specialist,Business,Recruitment; Training; Payroll; Communication; Employee Relations; Performance Management,Junior,"Internship · Remote. We are hiring a Junior HR Specialist for our Startup team. The ideal candidate has 1-3 years of experience and is proficient in Recruitment, Training, Payroll, Communication, Employee Relations, Performance Management. This is a remote internship position focused on delivering high-quality business work."
Junior Operations Manager,Business,Operations Management; Budgeting; Supply Chain; Communication; Analytics,Junior,"Full-time · On-site. We are hiring a Junior Operations Manager for our Startup team. The ideal candidate has 1-3 years of experience and is proficient in Operations Management, Budgeting, Supply Chain, Communication, Analytics. This is a on-site full-time position focused on delivering high-quality business work."
Lead Financial Analyst,Business,Power BI; Excel; Valuation; SQL; Financial Modeling,Lead,"Full-time · Hybrid. We are hiring a Lead Financial Analyst for our Gaming team. The ideal candidate has 8-14 years of experience and is proficient in Power BI, Excel, Valuation, SQL, Financial Modeling. This is a hybrid full-time position focused on delivering high-quality business work."
Intern HR Specialist,Business,Employee Relations; Compliance; HRIS; Payroll; Communication; Performance Management,Intern,"Full-time · Hybrid. We are hiring a Intern HR Specialist for our Healthcare team. The ideal candidate has 0-1 years of experience and is proficient in Employee Relations, Compliance, HRIS, Payroll, Communication, Performance Management. This is a hybrid full-time position focused on delivering high-quality business work."
Lead Sales Engineer,Business,Negotiation; Solution Design; Technical Sales; Customer Success; Communication,Lead,"Internship · Hybrid. We are hiring a Lead Sales Engineer for our Healthcare team. The ideal candidate has 8-14 years of experience and is proficient in Negotiation, Solution Design, Technical Sales, Customer Success, Communication. This is a hybrid internship position focused on delivering high-quality business work."
Senior Business Analyst,Business,SQL; Data Analysis; Agile; Excel; Communication; Process Modeling; Documentation,Senior,"Internship · Remote. We are hiring a Senior Business Analyst for our E-commerce team. The ideal candidate has 6-10 years of experience and is proficient in SQL, Data Analysis, Agile, Excel, Communication, Process Modeling, Documentation. This is a remote internship position focused on delivering high-quality business work."
Junior Operations Manager,Business,Supply Chain; Operations Management; Lean; Six Sigma; Vendor Management,Junior,"Internship · Hybrid. We are hiring a Junior Operations Manager for our EdTech team. The ideal candidate has 1-3 years of experience and is proficient in Supply Chain, Operations Management, Lean, Six Sigma, Vendor Management. This is a hybrid internship position focused on delivering high-quality business work."
Intern Sales Engineer,Business,Negotiation; Presentations; APIs; Solution Design; Product Demos; Communication,Intern,"Contract · Hybrid. We are hiring a Intern Sales Engineer for our Fintech team. The ideal candidate has 0-1 years of experience and is proficient in Negotiation, Presentations, APIs, Solution Design, Product Demos, Communication. This is a hybrid contract position focused on delivering high-quality business work."
Principal Sales Engineer,Business,Communication; Cloud; Presentations; Customer Success; CRM; Technical Sales,Principal,"Full-time · Remote. We are hiring a Principal Sales Engineer for our Gaming team. The ideal candidate has 12-20 years of experience and is proficient in Communication, Cloud, Presentations, Customer Success, CRM, Technical Sales. This is a remote full-time position focused on delivering high-quality business work."
Junior Operations Manager,Business,Leadership; Supply Chain; Vendor Management; Communication; Budgeting; Process Improvement,Junior,"Full-time · Remote. We are hiring a Junior Operations Manager for our Enterprise team. The ideal candidate has 1-3 years of experience and is proficient in Leadership, Supply Chain, Vendor Management, Communication, Budgeting, Process Improvement. This is a remote full-time position focused on delivering high-quality business work."
Lead HR Specialist,Business,Payroll; Performance Management; Recruitment; Training; Onboarding; Compliance; Employee Relations,Lead,"Internship · On-site. We are hiring a Lead HR Specialist for our Fintech team. The ideal candidate has 8-14 years of experience and is proficient in Payroll, Performance Management, Recruitment, Training, Onboarding, Compliance, Employee Relations. This is a on-site internship position focused on delivering high-quality business work."
Mid-level Financial Analyst,Business,Accounting; Forecasting; Power BI; Valuation; Excel; Reporting; Budgeting,Mid-level,"Contract · Remote. We are hiring a Mid-level Financial Analyst for our EdTech team. The ideal candidate has 3-6 years of experience and is proficient in Accounting, Forecasting, Power BI, Valuation, Excel, Reporting, Budgeting. This is a remote contract position focused on delivering high-quality business work."
Lead Financial Analyst,Business,Analytics; Excel; Reporting; Financial Modeling; Budgeting; Accounting,Lead,"Internship · Hybrid. We are hiring a Lead Financial Analyst for our SaaS team. The ideal candidate has 8-14 years of experience and is proficient in Analytics, Excel, Reporting, Financial Modeling, Budgeting, Accounting. This is a hybrid internship position focused on delivering high-quality business work."
Intern Operations Manager,Business,Lean; Six Sigma; Analytics; Communication; Process Improvement; Vendor Management,Intern,"Internship · Remote. We are hiring a Intern Operations Manager for our E-commerce team. The ideal candidate has 0-1 years of experience and is proficient in Lean, Six Sigma, Analytics, Communication, Process Improvement, Vendor Management. This is a remote internship position focused on delivering high-quality business work."
Senior Operations Manager,Business,Budgeting; Six Sigma; Leadership; Analytics; Lean,Senior,"Contract · Remote. We are hiring a Senior Operations Manager for our Enterprise team. The ideal candidate has 6-10 years of experience and is proficient in Budgeting, Six Sigma, Leadership, Analytics, Lean. This is a remote contract position focused on delivering high-quality business work."
Intern Sales Engineer,Business,Communication; Negotiation; Solution Design; Cloud; Product Demos; APIs,Intern,"Full-time · Remote. We are hiring a Intern Sales Engineer for our E-commerce team. The ideal candidate has 0-1 years of experience and is proficient in Communication, Negotiation, Solution Design, Cloud, Product Demos, APIs. This is a remote full-time position focused on delivering high-quality business work."
Junior Operations Manager,Business,Budgeting; Vendor Management; Analytics; Process Improvement; Six Sigma; Lean; Operations Management,Junior,"Contract · Remote. We are hiring a Junior Operations Manager for our Gaming team. The ideal candidate has 1-3 years of experience and is proficient in Budgeting, Vendor Management, Analytics, Process Improvement, Six Sigma, Lean, Operations Management. This is a remote contract position focused on delivering high-quality business work."
Intern Sales Engineer,Business,Communication; Product Demos; Solution Design; CRM; Presentations; Technical Sales; Cloud,Intern,"Contract · Remote. We are hiring a Intern Sales Engineer for our Fintech team. The ideal candidate has 0-1 years of experience and is proficient in Communication, Product Demos, Solution Design, CRM, Presentations, Technical Sales, Cloud. This is a remote contract position focused on delivering high-quality business work."
Lead Business Analyst,Business,Requirements Gathering; Process Modeling; Documentation; Stakeholder Management; Data Analysis; Communication,Lead,"Full-time · Hybrid. We are hiring a Lead Business Analyst for our SaaS team. The ideal candidate has 8-14 years of experience and is proficient in Requirements Gathering, Process Modeling, Documentation, Stakeholder Management, Data Analysis, Communication. This is a hybrid full-time position focused on delivering high-quality business work."
Principal Sales Engineer,Business,Solution Design; Product Demos; APIs; Technical Sales; CRM; Communication,Principal,"Internship · Hybrid. We are hiring a Principal Sales Engineer for our Enterprise team. The ideal candidate has 12-20 years of experience and is proficient in Solution Design, Product Demos, APIs, Technical Sales, CRM, Communication. This is a hybrid internship position focused on delivering high-quality business work."
Mid-level Operations Manager,Business,Process Improvement; Communication; Analytics; Six Sigma; Leadership; Vendor Management,Mid-level,"Contract · Remote. We are hiring a Mid-level Operations Manager for our Gaming team. The ideal candidate has 3-6 years of experience and is proficient in Process Improvement, Communication, Analytics, Six Sigma, Leadership, Vendor Management. This is a remote contract position focused on delivering high-quality business work."
Lead Financial Analyst,Business,Reporting; Excel; SQL; Financial Modeling; Analytics,Lead,"Full-time · Remote. We are hiring a Lead Financial Analyst for our Startup team. The ideal candidate has 8-14 years of experience and is proficient in Reporting, Excel, SQL, Financial Modeling, Analytics. This is a remote full-time position focused on delivering high-quality business work."
Junior HR Specialist,Business,Employee Relations; Training; Compliance; Conflict Resolution; Onboarding; HRIS,Junior,"Internship · Hybrid. We are hiring a Junior HR Specialist for our Startup team. The ideal candidate has 1-3 years of experience and is proficient in Employee Relations, Training, Compliance, Conflict Resolution, Onboarding, HRIS. This is a hybrid internship position focused on delivering high-quality business work."
Senior Business Analyst,Business,Documentation; Data Analysis; UML; SQL; Excel,Senior,"Full-time · Remote. We are hiring a Senior Business Analyst for our Fintech team. The ideal candidate has 6-10 years of experience and is proficient in Documentation, Data Analysis, UML, SQL, Excel. This is a remote full-time position focused on delivering high-quality business work."
Senior Business Analyst,Business,Agile; Stakeholder Management; Excel; SQL; Process Modeling; Documentation; Data Analysis,Senior,"Internship · Hybrid. We are hiring a Senior Business Analyst for our Healthcare team. The ideal candidate has 6-10 years of experience and is proficient in Agile, Stakeholder Management, Excel, SQL, Process Modeling, Documentation, Data Analysis. This is a hybrid internship position focused on delivering high-quality business work."
Senior Operations Manager,Business,Leadership; Communication; Process Improvement; Operations Management; Six Sigma; Budgeting; Analytics,Senior,"Full-time · Hybrid. We are hiring a Senior Operations Manager for our Fintech team. The ideal candidate has 6-10 years of experience and is proficient in Leadership, Communication, Process Improvement, Operations Management, Six Sigma, Budgeting, Analytics. This is a hybrid full-time position focused on delivering high-quality business work."
Mid-level Business Analyst,Business,UML; SQL; Communication; Requirements Gathering; Agile; Documentation; Stakeholder Management,Mid-level,"Contract · On-site. We are hiring a Mid-level Business Analyst for our EdTech team. The ideal candidate has 3-6 years of experience and is proficient in UML, SQL, Communication, Requirements Gathering, Agile, Documentation, Stakeholder Management. This is a on-site contract position focused on delivering high-quality business work."
Principal Operations Manager,Business,Communication; Process Improvement; Vendor Management; Supply Chain; Lean; Operations Management; Six Sigma,Principal,"Contract · Hybrid. We are hiring a Principal Operations Manager for our Enterprise team. The ideal candidate has 12-20 years of experience and is proficient in Communication, Process Improvement, Vendor Management, Supply Chain, Lean, Operations Management, Six Sigma. This is a hybrid contract position focused on delivering high-quality business work."
Junior Operations Manager,Business,Process Improvement; Lean; Leadership; Communication; Six Sigma; Budgeting,Junior,"Contract · Hybrid. We are hiring a Junior Operations Manager for our E-commerce team. The ideal candidate has 1-3 years of experience and is proficient in Process Improvement, Lean, Leadership, Communication, Six Sigma, Budgeting. This is a hybrid contract position focused on delivering high-quality business work."
Mid-level Financial Analyst,Business,Financial Modeling; Power BI; Forecasting; Valuation; SQL,Mid-level,"Full-time · Remote. We are hiring a Mid-level Financial Analyst for our SaaS team. The ideal candidate has 3-6 years of experience and is proficient in Financial Modeling, Power BI, Forecasting, Valuation, SQL. This is a remote full-time position focused on delivering high-quality business work."
Principal Financial Analyst,Business,Power BI; Forecasting; Valuation; Reporting; SQL; Accounting; Excel,Principal,"Internship · Remote. We are hiring a Principal Financial Analyst for our Startup team. The ideal candidate has 12-20 years of experience and is proficient in Power BI, Forecasting, Valuation, Reporting, SQL, Accounting, Excel. This is a remote internship position focused on delivering high-quality business work."
Lead Operations Manager,Business,Operations Management; Analytics; Process Improvement; Supply Chain; Lean,Lead,"Contract · Hybrid. We are hiring a Lead Operations Manager for our Healthcare team. The ideal candidate has 8-14 years of experience and is proficient in Operations Management, Analytics, Process Improvement, Supply Chain, Lean. This is a hybrid contract position focused on delivering high-quality business work."
Intern Financial Analyst,Business,Budgeting; Analytics; Excel; Reporting; Valuation; Financial Modeling,Intern,"Contract · On-site. We are hiring a Intern Financial Analyst for our EdTech team. The ideal candidate has 0-1 years of experience and is proficient in Budgeting, Analytics, Excel, Reporting, Valuation, Financial Modeling. This is a on-site contract position focused on delivering high-quality business work."
Principal Sales Engineer,Business,Solution Design; Product Demos; APIs; Negotiation; Technical Sales; Presentations,Principal,"Full-time · Hybrid. We are hiring a Principal Sales Engineer for our E-commerce team. The ideal candidate has 12-20 years of experience and is proficient in Solution Design, Product Demos, APIs, Negotiation, Technical Sales, Presentations. This is a hybrid full-time position focused on delivering high-quality business work."
Principal Business Analyst,Business,Communication; Documentation; Excel; UML; SQL; Requirements Gathering,Principal,"Contract · Hybrid. We are hiring a Principal Business Analyst for our Startup team. The ideal candidate has 12-20 years of experience and is proficient in Communication, Documentation, Excel, UML, SQL, Requirements Gathering. This is a hybrid contract position focused on delivering high-quality business work."
Mid-level HR Specialist,Business,Training; Compliance; HRIS; Performance Management; Conflict Resolution; Recruitment,Mid-level,"Full-time · On-site. We are hiring a Mid-level HR Specialist for our Enterprise team. The ideal candidate has 3-6 years of experience and is proficient in Training, Compliance, HRIS, Performance Management, Conflict Resolution, Recruitment. This is a on-site full-time position focused on delivering high-quality business work."
Junior Financial Analyst,Business,Financial Modeling; Forecasting; Analytics; Excel; Reporting,Junior,"Contract · Remote. We are hiring a Junior Financial Analyst for our Startup team. The ideal candidate has 1-3 years of experience and is proficient in Financial Modeling, Forecasting, Analytics, Excel, Reporting. This is a remote contract position focused on delivering high-quality business work."
Junior Sales Engineer,Business,Communication; CRM; APIs; Product Demos; Customer Success,Junior,"Full-time · Remote. We are hiring a Junior Sales Engineer for our Gaming team. The ideal candidate has 1-3 years of experience and is proficient in Communication, CRM, APIs, Product Demos, Customer Success. This is a remote full-time position focused on delivering high-quality business work."
Mid-level Sales Engineer,Business,APIs; Presentations; Customer Success; Technical Sales; CRM; Communication,Mid-level,"Contract · Hybrid. We are hiring a Mid-level Sales Engineer for our Fintech team. The ideal candidate has 3-6 years of experience and is proficient in APIs, Presentations, Customer Success, Technical Sales, CRM, Communication. This is a hybrid contract position focused on delivering high-quality business work."
Principal Operations Manager,Business,Process Improvement; Vendor Management; Analytics; Lean; Communication,Principal,"Contract · Remote. We are hiring a Principal Operations Manager for our EdTech team. The ideal candidate has 12-20 years of experience and is proficient in Process Improvement, Vendor Management, Analytics, Lean, Communication. This is a remote contract position focused on delivering high-quality business work."
Mid-level Financial Analyst,Business,Valuation; Financial Modeling; SQL; Reporting; Accounting; Budgeting; Forecasting,Mid-level,"Full-time · Hybrid. We are hiring a Mid-level Financial Analyst for our Healthcare team. The ideal candidate has 3-6 years of experience and is proficient in Valuation, Financial Modeling, SQL, Reporting, Accounting, Budgeting, Forecasting. This is a hybrid full-time position focused on delivering high-quality business work."
Principal Financial Analyst,Business,SQL; Analytics; Valuation; Financial Modeling; Reporting,Principal,"Full-time · Hybrid. We are hiring a Principal Financial Analyst for our Fintech team. The ideal candidate has 12-20 years of experience and is proficient in SQL, Analytics, Valuation, Financial Modeling, Reporting. This is a hybrid full-time position focused on delivering high-quality business work."
Senior Financial Analyst,Business,Budgeting; Financial Modeling; Power BI; Forecasting; Accounting,Senior,"Internship · On-site. We are hiring a Senior Financial Analyst for our EdTech team. The ideal candidate has 6-10 years of experience and is proficient in Budgeting, Financial Modeling, Power BI, Forecasting, Accounting. This is a on-site internship position focused on delivering high-quality business work."
Junior Operations Manager,Business,Budgeting; Six Sigma; Lean; Analytics; Supply Chain; Vendor Management; Leadership,Junior,"Contract · Hybrid. We are hiring a Junior Operations Manager for our Startup team. The ideal candidate has 1-3 years of experience and is proficient in Budgeting, Six Sigma, Lean, Analytics, Supply Chain, Vendor Management, Leadership. This is a hybrid contract position focused on delivering high-quality business work."
Senior Financial Analyst,Business,Reporting; SQL; Forecasting; Budgeting; Excel; Financial Modeling; Accounting,Senior,"Full-time · Remote. We are hiring a Senior Financial Analyst for our EdTech team. The ideal candidate has 6-10 years of experience and is proficient in Reporting, SQL, Forecasting, Budgeting, Excel, Financial Modeling, Accounting. This is a remote full-time position focused on delivering high-quality business work."
Lead Sales Engineer,Business,Solution Design; Negotiation; Customer Success; APIs; Technical Sales; Communication; Cloud,Lead,"Contract · Hybrid. We are hiring a Lead Sales Engineer for our Fintech team. The ideal candidate has 8-14 years of experience and is proficient in Solution Design, Negotiation, Customer Success, APIs, Technical Sales, Communication, Cloud. This is a hybrid contract position focused on delivering high-quality business work."
Junior HR Specialist,Business,Communication; Onboarding; Compliance; Training; HRIS,Junior,"Contract · Hybrid. We are hiring a Junior HR Specialist for our Enterprise team. The ideal candidate has 1-3 years of experience and is proficient in Communication, Onboarding, Compliance, Training, HRIS. This is a hybrid contract position focused on delivering high-quality business work."
Mid-level HR Specialist,Business,Training; Conflict Resolution; Payroll; Communication; HRIS,Mid-level,"Contract · Hybrid. We are hiring a Mid-level HR Specialist for our Healthcare team. The ideal candidate has 3-6 years of experience and is proficient in Training, Conflict Resolution, Payroll, Communication, HRIS. This is a hybrid contract position focused on delivering high-quality business work."
Intern Business Analyst,Business,UML; Stakeholder Management; Excel; Documentation; Communication,Intern,"Full-time · Remote. We are hiring a Intern Business Analyst for our E-commerce team. The ideal candidate has 0-1 years of experience and is proficient in UML, Stakeholder Management, Excel, Documentation, Communication. This is a remote full-time position focused on delivering high-quality business work."
Mid-level Financial Analyst,Business,SQL; Budgeting; Excel; Financial Modeling; Valuation; Forecasting,Mid-level,"Internship · Remote. We are hiring a Mid-level Financial Analyst for our E-commerce team. The ideal candidate has 3-6 years of experience and is proficient in SQL, Budgeting, Excel, Financial Modeling, Valuation, Forecasting. This is a remote internship position focused on delivering high-quality business work."
Lead Sales Engineer,Business,CRM; APIs; Cloud; Product Demos; Customer Success,Lead,"Full-time · Hybrid. We are hiring a Lead Sales Engineer for our Fintech team. The ideal candidate has 8-14 years of experience and is proficient in CRM, APIs, Cloud, Product Demos, Customer Success. This is a hybrid full-time position focused on delivering high-quality business work."
Mid-level HR Specialist,Business,Employee Relations; Compliance; Communication; Conflict Resolution; Onboarding; Training,Mid-level,"Full-time · Remote. We are hiring a Mid-level HR Specialist for our Enterprise team. The ideal candidate has 3-6 years of experience and is proficient in Employee Relations, Compliance, Communication, Conflict Resolution, Onboarding, Training. This is a remote full-time position focused on delivering high-quality business work."
Principal Financial Analyst,Business,Financial Modeling; Valuation; Reporting; Forecasting; Budgeting; SQL,Principal,"Internship · Remote. We are hiring a Principal Financial Analyst for our EdTech team. The ideal candidate has 12-20 years of experience and is proficient in Financial Modeling, Valuation, Reporting, Forecasting, Budgeting, SQL. This is a remote internship position focused on delivering high-quality business work."
Principal Business Analyst,Business,Requirements Gathering; Data Analysis; SQL; Documentation; Communication,Principal,"Full-time · On-site. We are hiring a Principal Business Analyst for our Gaming team. The ideal candidate has 12-20 years of experience and is proficient in Requirements Gathering, Data Analysis, SQL, Documentation, Communication. This is a on-site full-time position focused on delivering high-quality business work."
Principal HR Specialist,Business,Conflict Resolution; HRIS; Compliance; Performance Management; Recruitment,Principal,"Full-time · Hybrid. We are hiring a Principal HR Specialist for our Gaming team. The ideal candidate has 12-20 years of experience and is proficient in Conflict Resolution, HRIS, Compliance, Performance Management, Recruitment. This is a hybrid full-time position focused on delivering high-quality business work."
Mid-level HR Specialist,Business,Performance Management; Communication; Training; Conflict Resolution; Onboarding; Payroll,Mid-level,"Internship · On-site. We are hiring a Mid-level HR Specialist for our E-commerce team. The ideal candidate has 3-6 years of experience and is proficient in Performance Management, Communication, Training, Conflict Resolution, Onboarding, Payroll. This is a on-site internship position focused on delivering high-quality business work."
Intern Business Analyst,Business,Excel; Data Analysis; SQL; Requirements Gathering; Communication; Agile,Intern,"Internship · Hybrid. We are hiring a Intern Business Analyst for our Startup team. The ideal candidate has 0-1 years of experience and is proficient in Excel, Data Analysis, SQL, Requirements Gathering, Communication, Agile. This is a hybrid internship position focused on delivering high-quality business work."
Intern Business Analyst,Business,Documentation; Data Analysis; Process Modeling; Communication; Agile; Excel; UML,Intern,"Contract · On-site. We are hiring a Intern Business Analyst for our Fintech team. The ideal candidate has 0-1 years of experience and is proficient in Documentation, Data Analysis, Process Modeling, Communication, Agile, Excel, UML. This is a on-site contract position focused on delivering high-quality business work."
Intern Operations Manager,Business,Operations Management; Vendor Management; Budgeting; Six Sigma; Process Improvement; Communication; Analytics,Intern,"Full-time · Remote. We are hiring a Intern Operations Manager for our SaaS team. The ideal candidate has 0-1 years of experience and is proficient in Operations Management, Vendor Management, Budgeting, Six Sigma, Process Improvement, Communication, Analytics. This is a remote full-time position focused on delivering high-quality business work."
Lead HR Specialist,Business,Training; Recruitment; Onboarding; Compliance; Conflict Resolution; HRIS; Payroll,Lead,"Full-time · On-site. We are hiring a Lead HR Specialist for our Fintech team. The ideal candidate has 8-14 years of experience and is proficient in Training, Recruitment, Onboarding, Compliance, Conflict Resolution, HRIS, Payroll. This is a on-site full-time position focused on delivering high-quality business work."
Senior Sales Engineer,Business,Negotiation; Presentations; Technical Sales; Customer Success; Cloud,Senior,"Internship · Remote. We are hiring a Senior Sales Engineer for our SaaS team. The ideal candidate has 6-10 years of experience and is proficient in Negotiation, Presentations, Technical Sales, Customer Success, Cloud. This is a remote internship position focused on delivering high-quality business work."
Mid-level Financial Analyst,Business,SQL; Analytics; Power BI; Accounting; Excel,Mid-level,"Full-time · Remote. We are hiring a Mid-level Financial Analyst for our EdTech team. The ideal candidate has 3-6 years of experience and is proficient in SQL, Analytics, Power BI, Accounting, Excel. This is a remote full-time position focused on delivering high-quality business work."
Senior Business Analyst,Business,UML; Agile; Communication; SQL; Documentation,Senior,"Contract · On-site. We are hiring a Senior Business Analyst for our Startup team. The ideal candidate has 6-10 years of experience and is proficient in UML, Agile, Communication, SQL, Documentation. This is a on-site contract position focused on delivering high-quality business work."
Mid-level Operations Manager,Business,Leadership; Vendor Management; Six Sigma; Process Improvement; Communication; Supply Chain,Mid-level,"Contract · Hybrid. We are hiring a Mid-level Operations Manager for our Startup team. The ideal candidate has 3-6 years of experience and is proficient in Leadership, Vendor Management, Six Sigma, Process Improvement, Communication, Supply Chain. This is a hybrid contract position focused on delivering high-quality business work."
Lead Sales Engineer,Business,CRM; Negotiation; APIs; Product Demos; Solution Design; Presentations,Lead,"Contract · Hybrid. We are hiring a Lead Sales Engineer for our SaaS team. The ideal candidate has 8-14 years of experience and is proficient in CRM, Negotiation, APIs, Product Demos, Solution Design, Presentations. This is a hybrid contract position focused on delivering high-quality business work."
Mid-level Operations Manager,Business,Operations Management; Six Sigma; Process Improvement; Vendor Management; Communication; Lean; Leadership,Mid-level,"Internship · Remote. We are hiring a Mid-level Operations Manager for our Gaming team. The ideal candidate has 3-6 years of experience and is proficient in Operations Management, Six Sigma, Process Improvement, Vendor Management, Communication, Lean, Leadership. This is a remote internship position focused on delivering high-quality business work."
Principal HR Specialist,Business,HRIS; Payroll; Communication; Employee Relations; Compliance; Training; Recruitment,Principal,"Full-time · Remote. We are hiring a Principal HR Specialist for our Gaming team. The ideal candidate has 12-20 years of experience and is proficient in HRIS, Payroll, Communication, Employee Relations, Compliance, Training, Recruitment. This is a remote full-time position focused on delivering high-quality business work."
Senior Operations Manager,Business,Supply Chain; Analytics; Leadership; Operations Management; Vendor Management; Six Sigma; Communication,Senior,"Internship · Remote. We are hiring a Senior Operations Manager for our Gaming team. The ideal candidate has 6-10 years of experience and is proficient in Supply Chain, Analytics, Leadership, Operations Management, Vendor Management, Six Sigma, Communication. This is a remote internship position focused on delivering high-quality business work."
Intern Financial Analyst,Business,Financial Modeling; Power BI; Excel; Forecasting; Budgeting,Intern,"Contract · Hybrid. We are hiring a Intern Financial Analyst for our E-commerce team. The ideal candidate has 0-1 years of experience and is proficient in Financial Modeling, Power BI, Excel, Forecasting, Budgeting. This is a hybrid contract position focused on delivering high-quality business work."
Principal Operations Manager,Business,Vendor Management; Analytics; Lean; Supply Chain; Budgeting,Principal,"Contract · On-site. We are hiring a Principal Operations Manager for our Startup team. The ideal candidate has 12-20 years of experience and is proficient in Vendor Management, Analytics, Lean, Supply Chain, Budgeting. This is a on-site contract position focused on delivering high-quality business work."
Lead Financial Analyst,Business,Reporting; SQL; Excel; Budgeting; Accounting,Lead,"Internship · Hybrid. We are hiring a Lead Financial Analyst for our E-commerce team. The ideal candidate has 8-14 years of experience and is proficient in Reporting, SQL, Excel, Budgeting, Accounting. This is a hybrid internship position focused on delivering high-quality business work."
Intern HR Specialist,Business,Payroll; HRIS; Onboarding; Employee Relations; Compliance,Intern,"Full-time · Remote. We are hiring a Intern HR Specialist for our Startup team. The ideal candidate has 0-1 years of experience and is proficient in Payroll, HRIS, Onboarding, Employee Relations, Compliance. This is a remote full-time position focused on delivering high-quality business work."
Senior Sales Engineer,Business,Product Demos; Presentations; CRM; Cloud; APIs; Customer Success,Senior,"Contract · Hybrid. We are hiring a Senior Sales Engineer for our Fintech team. The ideal candidate has 6-10 years of experience and is proficient in Product Demos, Presentations, CRM, Cloud, APIs, Customer Success. This is a hybrid contract position focused on delivering high-quality business work."
Principal Sales Engineer,Business,Presentations; Technical Sales; Solution Design; APIs; Product Demos; CRM; Negotiation,Principal,"Internship · Hybrid. We are hiring a Principal Sales Engineer for our E-commerce team. The ideal candidate has 12-20 years of experience and is proficient in Presentations, Technical Sales, Solution Design, APIs, Product Demos, CRM, Negotiation. This is a hybrid internship position focused on delivering high-quality business work."
Junior Business Analyst,Business,SQL; Agile; Stakeholder Management; Process Modeling; Communication; UML; Data Analysis,Junior,"Internship · On-site. We are hiring a Junior Business Analyst for our EdTech team. The ideal candidate has 1-3 years of experience and is proficient in SQL, Agile, Stakeholder Management, Process Modeling, Communication, UML, Data Analysis. This is a on-site internship position focused on delivering high-quality business work."
Lead Operations Manager,Business,Budgeting; Process Improvement; Communication; Lean; Analytics; Vendor Management,Lead,"Full-time · Hybrid. We are hiring a Lead Operations Manager for our Healthcare team. The ideal candidate has 8-14 years of experience and is proficient in Budgeting, Process Improvement, Communication, Lean, Analytics, Vendor Management. This is a hybrid full-time position focused on delivering high-quality business work."
Senior Business Analyst,Business,SQL; Documentation; UML; Excel; Data Analysis; Communication,Senior,"Internship · Hybrid. We are hiring a Senior Business Analyst for our Enterprise team. The ideal candidate has 6-10 years of experience and is proficient in SQL, Documentation, UML, Excel, Data Analysis, Communication. This is a hybrid internship position focused on delivering high-quality business work."
Principal Sales Engineer,Business,Solution Design; Product Demos; Presentations; Negotiation; CRM; Cloud,Principal,"Internship · Remote. We are hiring a Principal Sales Engineer for our SaaS team. The ideal candidate has 12-20 years of experience and is proficient in Solution Design, Product Demos, Presentations, Negotiation, CRM, Cloud. This is a remote internship position focused on delivering high-quality business work."
Senior Sales Engineer,Business,CRM; Product Demos; Cloud; Technical Sales; Presentations; Negotiation; Communication,Senior,"Full-time · On-site. We are hiring a Senior Sales Engineer for our Gaming team. The ideal candidate has 6-10 years of experience and is proficient in CRM, Product Demos, Cloud, Technical Sales, Presentations, Negotiation, Communication. This is a on-site full-time position focused on delivering high-quality business work."
Intern Financial Analyst,Business,Valuation; Accounting; Budgeting; Power BI; Reporting; Analytics; Financial Modeling,Intern,"Contract · Remote. We are hiring a Intern Financial Analyst for our Gaming team. The ideal candidate has 0-1 years of experience and is proficient in Valuation, Accounting, Budgeting, Power BI, Reporting, Analytics, Financial Modeling. This is a remote contract position focused on delivering high-quality business work."
Senior Operations Manager,Business,Process Improvement; Analytics; Leadership; Lean; Supply Chain; Communication; Budgeting,Senior,"Full-time · Hybrid. We are hiring a Senior Operations Manager for our E-commerce team. The ideal candidate has 6-10 years of experience and is proficient in Process Improvement, Analytics, Leadership, Lean, Supply Chain, Communication, Budgeting. This is a hybrid full-time position focused on delivering high-quality business work."
Lead Financial Analyst,Business,Forecasting; Valuation; Analytics; Reporting; Financial Modeling,Lead,"Internship · Remote. We are hiring a Lead Financial Analyst for our Gaming team. The ideal candidate has 8-14 years of experience and is proficient in Forecasting, Valuation, Analytics, Reporting, Financial Modeling. This is a remote internship position focused on delivering high-quality business work."
Lead Business Analyst,Business,SQL; Excel; Requirements Gathering; UML; Agile; Stakeholder Management,Lead,"Contract · On-site. We are hiring a Lead Business Analyst for our Fintech team. The ideal candidate has 8-14 years of experience and is proficient in SQL, Excel, Requirements Gathering, UML, Agile, Stakeholder Management. This is a on-site contract position focused on delivering high-quality business work."
Senior Operations Manager,Business,Leadership; Analytics; Six Sigma; Process Improvement; Operations Management,Senior,"Internship · On-site. We are hiring a Senior Operations Manager for our Fintech team. The ideal candidate has 6-10 years of experience and is proficient in Leadership, Analytics, Six Sigma, Process Improvement, Operations Management. This is a on-site internship position focused on delivering high-quality business work."
Intern Financial Analyst,Business,Forecasting; Financial Modeling; Power BI; SQL; Budgeting; Excel; Accounting,Intern,"Full-time · Remote. We are hiring a Intern Financial Analyst for our Enterprise team. The ideal candidate has 0-1 years of experience and is proficient in Forecasting, Financial Modeling, Power BI, SQL, Budgeting, Excel, Accounting. This is a remote full-time position focused on delivering high-quality business work."
Intern Business Analyst,Business,Documentation; Data Analysis; Requirements Gathering; Agile; SQL,Intern,"Full-time · On-site. We are hiring a Intern Business Analyst for our Fintech team. The ideal candidate has 0-1 years of experience and is proficient in Documentation, Data Analysis, Requirements Gathering, Agile, SQL. This is a on-site full-time position focused on delivering high-quality business work."
Lead Business Analyst,Business,Stakeholder Management; Requirements Gathering; UML; Process Modeling; Excel; Documentation,Lead,"Full-time · Hybrid. We are hiring a Lead Business Analyst for our Enterprise team. The ideal candidate has 8-14 years of experience and is proficient in Stakeholder Management, Requirements Gathering, UML, Process Modeling, Excel, Documentation. This is a hybrid full-time position focused on delivering high-quality business work."
Mid-level HR Specialist,Business,Employee Relations; Conflict Resolution; Compliance; Performance Management; HRIS; Training; Onboarding,Mid-level,"Contract · On-site. We are hiring a Mid-level HR Specialist for our Gaming team. The ideal candidate has 3-6 years of experience and is proficient in Employee Relations, Conflict Resolution, Compliance, Performance Management, HRIS, Training, Onboarding. This is a on-site contract position focused on delivering high-quality business work."
Junior Business Analyst,Business,Requirements Gathering; Stakeholder Management; SQL; Process Modeling; Data Analysis; Communication; UML,Junior,"Contract · Hybrid. We are hiring a Junior Business Analyst for our Healthcare team. The ideal candidate has 1-3 years of experience and is proficient in Requirements Gathering, Stakeholder Management, SQL, Process Modeling, Data Analysis, Communication, UML. This is a hybrid contract position focused on delivering high-quality business work."
Intern Financial Analyst,Business,SQL; Financial Modeling; Accounting; Valuation; Reporting; Forecasting; Analytics,Intern,"Contract · Remote. We are hiring a Intern Financial Analyst for our Fintech team. The ideal candidate has 0-1 years of experience and is proficient in SQL, Financial Modeling, Accounting, Valuation, Reporting, Forecasting, Analytics. This is a remote contract position focused on delivering high-quality business work."
Intern Sales Engineer,Business,CRM; Customer Success; Cloud; Presentations; Solution Design; APIs; Communication,Intern,"Full-time · Hybrid. We are hiring a Intern Sales Engineer for our E-commerce team. The ideal candidate has 0-1 years of experience and is proficient in CRM, Customer Success, Cloud, Presentations, Solution Design, APIs, Communication. This is a hybrid full-time position focused on delivering high-quality business work."
Mid-level HR Specialist,Business,Performance Management; HRIS; Conflict Resolution; Payroll; Compliance; Training; Recruitment,Mid-level,"Full-time · Hybrid. We are hiring a Mid-level HR Specialist for our EdTech team. The ideal candidate has 3-6 years of experience and is proficient in Performance Management, HRIS, Conflict Resolution, Payroll, Compliance, Training, Recruitment. This is a hybrid full-time position focused on delivering high-quality business work."
Principal HR Specialist,Business,Employee Relations; Communication; Recruitment; Onboarding; Training,Principal,"Full-time · Remote. We are hiring a Principal HR Specialist for our SaaS team. The ideal candidate has 12-20 years of experience and is proficient in Employee Relations, Communication, Recruitment, Onboarding, Training. This is a remote full-time position focused on delivering high-quality business work."
Principal Operations Manager,Business,Lean; Process Improvement; Six Sigma; Communication; Analytics,Principal,"Full-time · On-site. We are hiring a Principal Operations Manager for our Gaming team. The ideal candidate has 12-20 years of experience and is proficient in Lean, Process Improvement, Six Sigma, Communication, Analytics. This is a on-site full-time position focused on delivering high-quality business work."
Mid-level Financial Analyst,Business,Excel; Accounting; Valuation; Analytics; Forecasting,Mid-level,"Full-time · On-site. We are hiring a Mid-level Financial Analyst for our SaaS team. The ideal candidate has 3-6 years of experience and is proficient in Excel, Accounting, Valuation, Analytics, Forecasting. This is a on-site full-time position focused on delivering high-quality business work."
Senior Financial Analyst,Business,Financial Modeling; Excel; Budgeting; Analytics; SQL,Senior,"Full-time · On-site. We are hiring a Senior Financial Analyst for our SaaS team. The ideal candidate has 6-10 years of experience and is proficient in Financial Modeling, Excel, Budgeting, Analytics, SQL. This is a on-site full-time position focused on delivering high-quality business work."
Intern Sales Engineer,Business,Product Demos; Solution Design; Presentations; Customer Success; Communication; APIs,Intern,"Internship · Remote. We are hiring a Intern Sales Engineer for our EdTech team. The ideal candidate has 0-1 years of experience and is proficient in Product Demos, Solution Design, Presentations, Customer Success, Communication, APIs. This is a remote internship position focused on delivering high-quality business work."
Principal Operations Manager,Business,Vendor Management; Lean; Analytics; Leadership; Six Sigma; Supply Chain,Principal,"Contract · On-site. We are hiring a Principal Operations Manager for our Enterprise team. The ideal candidate has 12-20 years of experience and is proficient in Vendor Management, Lean, Analytics, Leadership, Six Sigma, Supply Chain. This is a on-site contract position focused on delivering high-quality business work."
Intern HR Specialist,Business,HRIS; Payroll; Compliance; Recruitment; Training,Intern,"Internship · On-site. We are hiring a Intern HR Specialist for our Healthcare team. The ideal candidate has 0-1 years of experience and is proficient in HRIS, Payroll, Compliance, Recruitment, Training. This is a on-site internship position focused on delivering high-quality business work."
Lead Financial Analyst,Business,SQL; Forecasting; Reporting; Budgeting; Valuation; Power BI; Accounting,Lead,"Full-time · Hybrid. We are hiring a Lead Financial Analyst for our SaaS team. The ideal candidate has 8-14 years of experience and is proficient in SQL, Forecasting, Reporting, Budgeting, Valuation, Power BI, Accounting. This is a hybrid full-time position focused on delivering high-quality business work."
Lead Business Analyst,Business,Excel; Data Analysis; Process Modeling; SQL; Communication; Requirements Gathering,Lead,"Full-time · On-site. We are hiring a Lead Business Analyst for our SaaS team. The ideal candidate has 8-14 years of experience and is proficient in Excel, Data Analysis, Process Modeling, SQL, Communication, Requirements Gathering. This is a on-site full-time position focused on delivering high-quality business work."
Lead HR Specialist,Business,Recruitment; Communication; Training; Payroll; Employee Relations,Lead,"Full-time · On-site. We are hiring a Lead HR Specialist for our SaaS team. The ideal candidate has 8-14 years of experience and is proficient in Recruitment, Communication, Training, Payroll, Employee Relations. This is a on-site full-time position focused on delivering high-quality business work."
Lead HR Specialist,Business,Performance Management; Communication; Compliance; Conflict Resolution; Training,Lead,"Contract · Hybrid. We are hiring a Lead HR Specialist for our SaaS team. The ideal candidate has 8-14 years of experience and is proficient in Performance Management, Communication, Compliance, Conflict Resolution, Training. This is a hybrid contract position focused on delivering high-quality business work."
Mid-level Business Analyst,Business,Data Analysis; UML; Agile; SQL; Process Modeling,Mid-level,"Contract · On-site. We are hiring a Mid-level Business Analyst for our Enterprise team. The ideal candidate has 3-6 years of experience and is proficient in Data Analysis, UML, Agile, SQL, Process Modeling. This is a on-site contract position focused on delivering high-quality business work."
Mid-level Business Analyst,Business,Stakeholder Management; Process Modeling; Data Analysis; Excel; Requirements Gathering; UML,Mid-level,"Full-time · Hybrid. We are hiring a Mid-level Business Analyst for our EdTech team. The ideal candidate has 3-6 years of experience and is proficient in Stakeholder Management, Process Modeling, Data Analysis, Excel, Requirements Gathering, UML. This is a hybrid full-time position focused on delivering high-quality business work."
Intern Financial Analyst,Business,Reporting; SQL; Valuation; Analytics; Forecasting; Budgeting; Power BI,Intern,"Internship · On-site. We are hiring a Intern Financial Analyst for our Startup team. The ideal candidate has 0-1 years of experience and is proficient in Reporting, SQL, Valuation, Analytics, Forecasting, Budgeting, Power BI. This is a on-site internship position focused on delivering high-quality business work."
Mid-level Financial Analyst,Business,SQL; Financial Modeling; Excel; Accounting; Power BI; Reporting; Forecasting,Mid-level,"Internship · Hybrid. We are hiring a Mid-level Financial Analyst for our E-commerce team. The ideal candidate has 3-6 years of experience and is proficient in SQL, Financial Modeling, Excel, Accounting, Power BI, Reporting, Forecasting. This is a hybrid internship position focused on delivering high-quality business work."
Senior HR Specialist,Business,HRIS; Onboarding; Performance Management; Employee Relations; Communication; Conflict Resolution,Senior,"Full-time · On-site. We are hiring a Senior HR Specialist for our Healthcare team. The ideal candidate has 6-10 years of experience and is proficient in HRIS, Onboarding, Performance Management, Employee Relations, Communication, Conflict Resolution. This is a on-site full-time position focused on delivering high-quality business work."
Mid-level Financial Analyst,Business,Valuation; Power BI; Excel; Forecasting; Accounting,Mid-level,"Contract · Hybrid. We are hiring a Mid-level Financial Analyst for our Healthcare team. The ideal candidate has 3-6 years of experience and is proficient in Valuation, Power BI, Excel, Forecasting, Accounting. This is a hybrid contract position focused on delivering high-quality business work."
Lead Business Analyst,Business,Stakeholder Management; Process Modeling; Agile; SQL; UML; Requirements Gathering; Communication,Lead,"Contract · Remote. We are hiring a Lead Business Analyst for our EdTech team. The ideal candidate has 8-14 years of experience and is proficient in Stakeholder Management, Process Modeling, Agile, SQL, UML, Requirements Gathering, Communication. This is a remote contract position focused on delivering high-quality business work."
Lead Business Analyst,Business,Data Analysis; SQL; Requirements Gathering; Process Modeling; UML,Lead,"Internship · On-site. We are hiring a Lead Business Analyst for our Enterprise team. The ideal candidate has 8-14 years of experience and is proficient in Data Analysis, SQL, Requirements Gathering, Process Modeling, UML. This is a on-site internship position focused on delivering high-quality business work."
Mid-level Operations Manager,Business,Vendor Management; Six Sigma; Operations Management; Budgeting; Lean; Analytics,Mid-level,"Full-time · On-site. We are hiring a Mid-level Operations Manager for our Startup team. The ideal candidate has 3-6 years of experience and is proficient in Vendor Management, Six Sigma, Operations Management, Budgeting, Lean, Analytics. This is a on-site full-time position focused on delivering high-quality business work."
Intern Financial Analyst,Business,Power BI; Financial Modeling; Analytics; Excel; Forecasting; Budgeting; SQL,Intern,"Full-time · Hybrid. We are hiring a Intern Financial Analyst for our Gaming team. The ideal candidate has 0-1 years of experience and is proficient in Power BI, Financial Modeling, Analytics, Excel, Forecasting, Budgeting, SQL. This is a hybrid full-time position focused on delivering high-quality business work."
Intern Sales Engineer,Business,Product Demos; Customer Success; Negotiation; Cloud; CRM,Intern,"Contract · On-site. We are hiring a Intern Sales Engineer for our SaaS team. The ideal candidate has 0-1 years of experience and is proficient in Product Demos, Customer Success, Negotiation, Cloud, CRM. This is a on-site contract position focused on delivering high-quality business work."
Mid-level Business Analyst,Business,UML; Documentation; Communication; SQL; Process Modeling,Mid-level,"Contract · On-site. We are hiring a Mid-level Business Analyst for our Startup team. The ideal candidate has 3-6 years of experience and is proficient in UML, Documentation, Communication, SQL, Process Modeling. This is a on-site contract position focused on delivering high-quality business work."
Mid-level Sales Engineer,Business,Customer Success; Communication; Cloud; Technical Sales; Solution Design; Presentations; APIs,Mid-level,"Full-time · Hybrid. We are hiring a Mid-level Sales Engineer for our Healthcare team. The ideal candidate has 3-6 years of experience and is proficient in Customer Success, Communication, Cloud, Technical Sales, Solution Design, Presentations, APIs. This is a hybrid full-time position focused on delivering high-quality business work."
Senior Financial Analyst,Business,Excel; Analytics; Accounting; Valuation; SQL; Reporting; Budgeting,Senior,"Contract · On-site. We are hiring a Senior Financial Analyst for our E-commerce team. The ideal candidate has 6-10 years of experience and is proficient in Excel, Analytics, Accounting, Valuation, SQL, Reporting, Budgeting. This is a on-site contract position focused on delivering high-quality business work."
Mid-level Sales Engineer,Business,Cloud; Product Demos; Communication; APIs; Negotiation; Presentations; CRM,Mid-level,"Internship · Remote. We are hiring a Mid-level Sales Engineer for our Gaming team. The ideal candidate has 3-6 years of experience and is proficient in Cloud, Product Demos, Communication, APIs, Negotiation, Presentations, CRM. This is a remote internship position focused on delivering high-quality business work."
Principal Sales Engineer,Business,Cloud; CRM; Product Demos; Presentations; Negotiation,Principal,"Internship · On-site. We are hiring a Principal Sales Engineer for our Startup team. The ideal candidate has 12-20 years of experience and is proficient in Cloud, CRM, Product Demos, Presentations, Negotiation. This is a on-site internship position focused on delivering high-quality business work."
Intern Business Analyst,Business,Requirements Gathering; Stakeholder Management; Data Analysis; Process Modeling; Excel,Intern,"Contract · Remote. We are hiring a Intern Business Analyst for our Gaming team. The ideal candidate has 0-1 years of experience and is proficient in Requirements Gathering, Stakeholder Management, Data Analysis, Process Modeling, Excel. This is a remote contract position focused on delivering high-quality business work."
Mid-level Operations Manager,Business,Process Improvement; Leadership; Supply Chain; Budgeting; Vendor Management; Operations Management,Mid-level,"Internship · Hybrid. We are hiring a Mid-level Operations Manager for our Gaming team. The ideal candidate has 3-6 years of experience and is proficient in Process Improvement, Leadership, Supply Chain, Budgeting, Vendor Management, Operations Management. This is a hybrid internship position focused on delivering high-quality business work."
Lead Sales Engineer,Business,Negotiation; APIs; Technical Sales; Communication; Product Demos; CRM,Lead,"Contract · Hybrid. We are hiring a Lead Sales Engineer for our EdTech team. The ideal candidate has 8-14 years of experience and is proficient in Negotiation, APIs, Technical Sales, Communication, Product Demos, CRM. This is a hybrid contract position focused on delivering high-quality business work."
Lead Sales Engineer,Business,Cloud; Product Demos; Communication; Negotiation; CRM,Lead,"Contract · Remote. We are hiring a Lead Sales Engineer for our Startup team. The ideal candidate has 8-14 years of experience and is proficient in Cloud, Product Demos, Communication, Negotiation, CRM. This is a remote contract position focused on delivering high-quality business work."
Intern Financial Analyst,Business,Analytics; Reporting; Excel; Financial Modeling; Valuation; Forecasting; Power BI,Intern,"Contract · On-site. We are hiring a Intern Financial Analyst for our Healthcare team. The ideal candidate has 0-1 years of experience and is proficient in Analytics, Reporting, Excel, Financial Modeling, Valuation, Forecasting, Power BI. This is a on-site contract position focused on delivering high-quality business work."
Principal Business Analyst,Business,UML; Excel; Requirements Gathering; Stakeholder Management; Process Modeling,Principal,"Contract · On-site. We are hiring a Principal Business Analyst for our SaaS team. The ideal candidate has 12-20 years of experience and is proficient in UML, Excel, Requirements Gathering, Stakeholder Management, Process Modeling. This is a on-site contract position focused on delivering high-quality business work."
Intern Operations Manager,Business,Leadership; Communication; Vendor Management; Six Sigma; Process Improvement; Analytics,Intern,"Contract · On-site. We are hiring a Intern Operations Manager for our SaaS team. The ideal candidate has 0-1 years of experience and is proficient in Leadership, Communication, Vendor Management, Six Sigma, Process Improvement, Analytics. This is a on-site contract position focused on delivering high-quality business work."
Mid-level Financial Analyst,Business,Power BI; Accounting; Analytics; SQL; Financial Modeling; Valuation; Budgeting,Mid-level,"Full-time · Hybrid. We are hiring a Mid-level Financial Analyst for our E-commerce team. The ideal candidate has 3-6 years of experience and is proficient in Power BI, Accounting, Analytics, SQL, Financial Modeling, Valuation, Budgeting. This is a hybrid full-time position focused on delivering high-quality business work."
Junior Operations Manager,Business,Lean; Operations Management; Supply Chain; Leadership; Budgeting; Vendor Management,Junior,"Contract · On-site. We are hiring a Junior Operations Manager for our Enterprise team. The ideal candidate has 1-3 years of experience and is proficient in Lean, Operations Management, Supply Chain, Leadership, Budgeting, Vendor Management. This is a on-site contract position focused on delivering high-quality business work."
Intern Sales Engineer,Business,Communication; Solution Design; Customer Success; Negotiation; Technical Sales; Cloud; CRM,Intern,"Internship · Hybrid. We are hiring a Intern Sales Engineer for our SaaS team. The ideal candidate has 0-1 years of experience and is proficient in Communication, Solution Design, Customer Success, Negotiation, Technical Sales, Cloud, CRM. This is a hybrid internship position focused on delivering high-quality business work."
Intern Business Analyst,Business,Data Analysis; Communication; Agile; UML; SQL; Stakeholder Management,Intern,"Contract · On-site. We are hiring a Intern Business Analyst for our E-commerce team. The ideal candidate has 0-1 years of experience and is proficient in Data Analysis, Communication, Agile, UML, SQL, Stakeholder Management. This is a on-site contract position focused on delivering high-quality business work."
Intern Sales Engineer,Business,Negotiation; APIs; Cloud; Customer Success; Communication; Presentations,Intern,"Full-time · Remote. We are hiring a Intern Sales Engineer for our Gaming team. The ideal candidate has 0-1 years of experience and is proficient in Negotiation, APIs, Cloud, Customer Success, Communication, Presentations. This is a remote full-time position focused on delivering high-quality business work."
Principal Financial Analyst,Business,Financial Modeling; Reporting; Power BI; Forecasting; Budgeting,Principal,"Contract · Remote. We are hiring a Principal Financial Analyst for our SaaS team. The ideal candidate has 12-20 years of experience and is proficient in Financial Modeling, Reporting, Power BI, Forecasting, Budgeting. This is a remote contract position focused on delivering high-quality business work."
Senior Operations Manager,Business,Six Sigma; Vendor Management; Leadership; Analytics; Operations Management; Budgeting,Senior,"Internship · Remote. We are hiring a Senior Operations Manager for our Enterprise team. The ideal candidate has 6-10 years of experience and is proficient in Six Sigma, Vendor Management, Leadership, Analytics, Operations Management, Budgeting. This is a remote internship position focused on delivering high-quality business work."
Lead Sales Engineer,Business,Solution Design; Presentations; Communication; APIs; Technical Sales; CRM; Negotiation,Lead,"Internship · On-site. We are hiring a Lead Sales Engineer for our Enterprise team. The ideal candidate has 8-14 years of experience and is proficient in Solution Design, Presentations, Communication, APIs, Technical Sales, CRM, Negotiation. This is a on-site internship position focused on delivering high-quality business work."
Senior Operations Manager,Business,Six Sigma; Process Improvement; Operations Management; Supply Chain; Communication; Leadership; Budgeting,Senior,"Contract · On-site. We are hiring a Senior Operations Manager for our Fintech team. The ideal candidate has 6-10 years of experience and is proficient in Six Sigma, Process Improvement, Operations Management, Supply Chain, Communication, Leadership, Budgeting. This is a on-site contract position focused on delivering high-quality business work."
Senior Sales Engineer,Business,Presentations; Customer Success; Negotiation; CRM; Solution Design; Technical Sales,Senior,"Internship · On-site. We are hiring a Senior Sales Engineer for our Healthcare team. The ideal candidate has 6-10 years of experience and is proficient in Presentations, Customer Success, Negotiation, CRM, Solution Design, Technical Sales. This is a on-site internship position focused on delivering high-quality business work."
Junior Business Analyst,Business,UML; Agile; Communication; Documentation; Requirements Gathering,Junior,"Full-time · On-site. We are hiring a Junior Business Analyst for our Startup team. The ideal candidate has 1-3 years of experience and is proficient in UML, Agile, Communication, Documentation, Requirements Gathering. This is a on-site full-time position focused on delivering high-quality business work."
Junior Financial Analyst,Business,Financial Modeling; Budgeting; SQL; Accounting; Reporting,Junior,"Contract · Hybrid. We are hiring a Junior Financial Analyst for our Gaming team. The ideal candidate has 1-3 years of experience and is proficient in Financial Modeling, Budgeting, SQL, Accounting, Reporting. This is a hybrid contract position focused on delivering high-quality business work."
Junior Operations Manager,Business,Lean; Supply Chain; Communication; Leadership; Analytics; Six Sigma,Junior,"Full-time · Hybrid. We are hiring a Junior Operations Manager for our Healthcare team. The ideal candidate has 1-3 years of experience and is proficient in Lean, Supply Chain, Communication, Leadership, Analytics, Six Sigma. This is a hybrid full-time position focused on delivering high-quality business work."
Senior HR Specialist,Business,HRIS; Conflict Resolution; Compliance; Performance Management; Communication; Payroll,Senior,"Internship · Remote. We are hiring a Senior HR Specialist for our Gaming team. The ideal candidate has 6-10 years of experience and is proficient in HRIS, Conflict Resolution, Compliance, Performance Management, Communication, Payroll. This is a remote internship position focused on delivering high-quality business work."
Intern Financial Analyst,Business,Reporting; Budgeting; Excel; Financial Modeling; Power BI; SQL,Intern,"Full-time · Remote. We are hiring a Intern Financial Analyst for our E-commerce team. The ideal candidate has 0-1 years of experience and is proficient in Reporting, Budgeting, Excel, Financial Modeling, Power BI, SQL. This is a remote full-time position focused on delivering high-quality business work."
Senior HR Specialist,Business,Recruitment; Conflict Resolution; Payroll; HRIS; Communication; Compliance,Senior,"Contract · On-site. We are hiring a Senior HR Specialist for our Enterprise team. The ideal candidate has 6-10 years of experience and is proficient in Recruitment, Conflict Resolution, Payroll, HRIS, Communication, Compliance. This is a on-site contract position focused on delivering high-quality business work."
Principal Operations Manager,Business,Analytics; Six Sigma; Supply Chain; Budgeting; Process Improvement; Lean; Communication,Principal,"Full-time · Hybrid. We are hiring a Principal Operations Manager for our Fintech team. The ideal candidate has 12-20 years of experience and is proficient in Analytics, Six Sigma, Supply Chain, Budgeting, Process Improvement, Lean, Communication. This is a hybrid full-time position focused on delivering high-quality business work."
Mid-level Business Analyst,Business,Process Modeling; Excel; Documentation; Communication; Data Analysis; Agile; Stakeholder Management,Mid-level,"Contract · On-site. We are hiring a Mid-level Business Analyst for our Healthcare team. The ideal candidate has 3-6 years of experience and is proficient in Process Modeling, Excel, Documentation, Communication, Data Analysis, Agile, Stakeholder Management. This is a on-site contract position focused on delivering high-quality business work."
Principal HR Specialist,Business,Payroll; Communication; HRIS; Training; Performance Management; Compliance,Principal,"Internship · On-site. We are hiring a Principal HR Specialist for our Enterprise team. The ideal candidate has 12-20 years of experience and is proficient in Payroll, Communication, HRIS, Training, Performance Management, Compliance. This is a on-site internship position focused on delivering high-quality business work."
Lead Sales Engineer,Business,Negotiation; Product Demos; Communication; Cloud; CRM,Lead,"Internship · On-site. We are hiring a Lead Sales Engineer for our SaaS team. The ideal candidate has 8-14 years of experience and is proficient in Negotiation, Product Demos, Communication, Cloud, CRM. This is a on-site internship position focused on delivering high-quality business work."
Junior HR Specialist,Business,Conflict Resolution; Communication; Recruitment; Payroll; Compliance; Performance Management,Junior,"Contract · On-site. We are hiring a Junior HR Specialist for our EdTech team. The ideal candidate has 1-3 years of experience and is proficient in Conflict Resolution, Communication, Recruitment, Payroll, Compliance, Performance Management. This is a on-site contract position focused on delivering high-quality business work."
Junior Financial Analyst,Business,Power BI; Reporting; Valuation; Excel; Forecasting; Budgeting; Accounting,Junior,"Full-time · Remote. We are hiring a Junior Financial Analyst for our E-commerce team. The ideal candidate has 1-3 years of experience and is proficient in Power BI, Reporting, Valuation, Excel, Forecasting, Budgeting, Accounting. This is a remote full-time position focused on delivering high-quality business work."
Lead Business Analyst,Business,Documentation; Process Modeling; Stakeholder Management; Communication; Data Analysis; Excel; SQL,Lead,"Contract · Remote. We are hiring a Lead Business Analyst for our Healthcare team. The ideal candidate has 8-14 years of experience and is proficient in Documentation, Process Modeling, Stakeholder Management, Communication, Data Analysis, Excel, SQL. This is a remote contract position focused on delivering high-quality business work."
Senior Financial Analyst,Business,Accounting; SQL; Power BI; Financial Modeling; Analytics,Senior,"Internship · Hybrid. We are hiring a Senior Financial Analyst for our Healthcare team. The ideal candidate has 6-10 years of experience and is proficient in Accounting, SQL, Power BI, Financial Modeling, Analytics. This is a hybrid internship position focused on delivering high-quality business work."
Principal Sales Engineer,Business,Communication; CRM; Product Demos; Customer Success; Cloud; Solution Design; Presentations,Principal,"Contract · On-site. We are hiring a Principal Sales Engineer for our Healthcare team. The ideal candidate has 12-20 years of experience and is proficient in Communication, CRM, Product Demos, Customer Success, Cloud, Solution Design, Presentations. This is a on-site contract position focused on delivering high-quality business work."
Intern Business Analyst,Business,Agile; Process Modeling; Communication; Stakeholder Management; Data Analysis; Documentation,Intern,"Internship · On-site. We are hiring a Intern Business Analyst for our Startup team. The ideal candidate has 0-1 years of experience and is proficient in Agile, Process Modeling, Communication, Stakeholder Management, Data Analysis, Documentation. This is a on-site internship position focused on delivering high-quality business work."
Principal Financial Analyst,Business,Accounting; Reporting; Excel; Power BI; SQL; Budgeting; Analytics,Principal,"Internship · Remote. We are hiring a Principal Financial Analyst for our SaaS team. The ideal candidate has 12-20 years of experience and is proficient in Accounting, Reporting, Excel, Power BI, SQL, Budgeting, Analytics. This is a remote internship position focused on delivering high-quality business work."
Senior Sales Engineer,Business,Customer Success; Solution Design; Communication; APIs; Negotiation; Presentations; Product Demos,Senior,"Full-time · Hybrid. We are hiring a Senior Sales Engineer for our Gaming team. The ideal candidate has 6-10 years of experience and is proficient in Customer Success, Solution Design, Communication, APIs, Negotiation, Presentations, Product Demos. This is a hybrid full-time position focused on delivering high-quality business work."
Mid-level Business Analyst,Business,Documentation; Agile; SQL; Stakeholder Management; UML; Process Modeling; Communication,Mid-level,"Full-time · Hybrid. We are hiring a Mid-level Business Analyst for our E-commerce team. The ideal candidate has 3-6 years of experience and is proficient in Documentation, Agile, SQL, Stakeholder Management, UML, Process Modeling, Communication. This is a hybrid full-time position focused on delivering high-quality business work."
Mid-level HR Specialist,Business,Training; Conflict Resolution; Compliance; Employee Relations; Communication; HRIS,Mid-level,"Full-time · On-site. We are hiring a Mid-level HR Specialist for our Gaming team. The ideal candidate has 3-6 years of experience and is proficient in Training, Conflict Resolution, Compliance, Employee Relations, Communication, HRIS. This is a on-site full-time position focused on delivering high-quality business work."
Principal Financial Analyst,Business,Budgeting; Reporting; Analytics; Excel; Valuation; SQL; Power BI,Principal,"Contract · Remote. We are hiring a Principal Financial Analyst for our Gaming team. The ideal candidate has 12-20 years of experience and is proficient in Budgeting, Reporting, Analytics, Excel, Valuation, SQL, Power BI. This is a remote contract position focused on delivering high-quality business work."
Senior Operations Manager,Business,Process Improvement; Budgeting; Communication; Supply Chain; Six Sigma; Leadership; Operations Management,Senior,"Full-time · Remote. We are hiring a Senior Operations Manager for our Startup team. The ideal candidate has 6-10 years of experience and is proficient in Process Improvement, Budgeting, Communication, Supply Chain, Six Sigma, Leadership, Operations Management. This is a remote full-time position focused on delivering high-quality business work."
Intern Sales Engineer,Business,Communication; Solution Design; Presentations; Technical Sales; Customer Success; Cloud,Intern,"Contract · Remote. We are hiring a Intern Sales Engineer for our Healthcare team. The ideal candidate has 0-1 years of experience and is proficient in Communication, Solution Design, Presentations, Technical Sales, Customer Success, Cloud. This is a remote contract position focused on delivering high-quality business work."
Mid-level Financial Analyst,Business,Accounting; Power BI; Financial Modeling; Reporting; Forecasting; Excel,Mid-level,"Internship · Hybrid. We are hiring a Mid-level Financial Analyst for our Fintech team. The ideal candidate has 3-6 years of experience and is proficient in Accounting, Power BI, Financial Modeling, Reporting, Forecasting, Excel. This is a hybrid internship position focused on delivering high-quality business work."
Intern HR Specialist,Business,Performance Management; Conflict Resolution; HRIS; Compliance; Onboarding,Intern,"Contract · Hybrid. We are hiring a Intern HR Specialist for our SaaS team. The ideal candidate has 0-1 years of experience and is proficient in Performance Management, Conflict Resolution, HRIS, Compliance, Onboarding. This is a hybrid contract position focused on delivering high-quality business work."
Senior Sales Engineer,Business,Cloud; Product Demos; Presentations; APIs; Communication; Customer Success; Negotiation,Senior,"Contract · On-site. We are hiring a Senior Sales Engineer for our Startup team. The ideal candidate has 6-10 years of experience and is proficient in Cloud, Product Demos, Presentations, APIs, Communication, Customer Success, Negotiation. This is a on-site contract position focused on delivering high-quality business work."
Mid-level Financial Analyst,Business,Accounting; Analytics; Power BI; Valuation; Reporting; Forecasting; Budgeting,Mid-level,"Contract · Remote. We are hiring a Mid-level Financial Analyst for our Fintech team. The ideal candidate has 3-6 years of experience and is proficient in Accounting, Analytics, Power BI, Valuation, Reporting, Forecasting, Budgeting. This is a remote contract position focused on delivering high-quality business work."
Principal Operations Manager,Business,Communication; Lean; Analytics; Six Sigma; Supply Chain; Process Improvement; Leadership,Principal,"Full-time · Remote. We are hiring a Principal Operations Manager for our Gaming team. The ideal candidate has 12-20 years of experience and is proficient in Communication, Lean, Analytics, Six Sigma, Supply Chain, Process Improvement, Leadership. This is a remote full-time position focused on delivering high-quality business work."
Senior Operations Manager,Business,Process Improvement; Vendor Management; Leadership; Lean; Analytics; Communication,Senior,"Full-time · Remote. We are hiring a Senior Operations Manager for our EdTech team. The ideal candidate has 6-10 years of experience and is proficient in Process Improvement, Vendor Management, Leadership, Lean, Analytics, Communication. This is a remote full-time position focused on delivering high-quality business work."
Intern Financial Analyst,Business,Accounting; Financial Modeling; Valuation; SQL; Forecasting; Budgeting,Intern,"Full-time · On-site. We are hiring a Intern Financial Analyst for our Enterprise team. The ideal candidate has 0-1 years of experience and is proficient in Accounting, Financial Modeling, Valuation, SQL, Forecasting, Budgeting. This is a on-site full-time position focused on delivering high-quality business work."
Junior Financial Analyst,Business,Power BI; Reporting; SQL; Accounting; Valuation; Analytics; Financial Modeling,Junior,"Contract · Remote. We are hiring a Junior Financial Analyst for our Enterprise team. The ideal candidate has 1-3 years of experience and is proficient in Power BI, Reporting, SQL, Accounting, Valuation, Analytics, Financial Modeling. This is a remote contract position focused on delivering high-quality business work."
Junior Operations Manager,Business,Process Improvement; Operations Management; Leadership; Communication; Vendor Management; Supply Chain; Six Sigma,Junior,"Contract · Remote. We are hiring a Junior Operations Manager for our Startup team. The ideal candidate has 1-3 years of experience and is proficient in Process Improvement, Operations Management, Leadership, Communication, Vendor Management, Supply Chain, Six Sigma. This is a remote contract position focused on delivering high-quality business work."
Junior Financial Analyst,Business,Power BI; Budgeting; Analytics; Financial Modeling; Excel; Forecasting; Accounting,Junior,"Internship · Hybrid. We are hiring a Junior Financial Analyst for our Enterprise team. The ideal candidate has 1-3 years of experience and is proficient in Power BI, Budgeting, Analytics, Financial Modeling, Excel, Forecasting, Accounting. This is a hybrid internship position focused on delivering high-quality business work."
Principal Operations Manager,Business,Supply Chain; Budgeting; Operations Management; Lean; Six Sigma; Vendor Management,Principal,"Full-time · On-site. We are hiring a Principal Operations Manager for our SaaS team. The ideal candidate has 12-20 years of experience and is proficient in Supply Chain, Budgeting, Operations Management, Lean, Six Sigma, Vendor Management. This is a on-site full-time position focused on delivering high-quality business work."
Intern Financial Analyst,Business,Accounting; Reporting; Power BI; Forecasting; Analytics; Budgeting; Valuation,Intern,"Internship · Remote. We are hiring a Intern Financial Analyst for our EdTech team. The ideal candidate has 0-1 years of experience and is proficient in Accounting, Reporting, Power BI, Forecasting, Analytics, Budgeting, Valuation. This is a remote internship position focused on delivering high-quality business work."
Junior HR Specialist,Business,Performance Management; Recruitment; Employee Relations; Training; Onboarding; Compliance,Junior,"Contract · Remote. We are hiring a Junior HR Specialist for our Gaming team. The ideal candidate has 1-3 years of experience and is proficient in Performance Management, Recruitment, Employee Relations, Training, Onboarding, Compliance. This is a remote contract position focused on delivering high-quality business work."
Senior Operations Manager,Business,Operations Management; Leadership; Supply Chain; Budgeting; Communication; Analytics,Senior,"Contract · Hybrid. We are hiring a Senior Operations Manager for our SaaS team. The ideal candidate has 6-10 years of experience and is proficient in Operations Management, Leadership, Supply Chain, Budgeting, Communication, Analytics. This is a hybrid contract position focused on delivering high-quality business work."
Intern Operations Manager,Business,Communication; Process Improvement; Supply Chain; Vendor Management; Operations Management,Intern,"Internship · Hybrid. We are hiring a Intern Operations Manager for our Fintech team. The ideal candidate has 0-1 years of experience and is proficient in Communication, Process Improvement, Supply Chain, Vendor Management, Operations Management. This is a hybrid internship position focused on delivering high-quality business work."
Mid-level Sales Engineer,Business,CRM; Negotiation; Solution Design; Technical Sales; Presentations; Product Demos; Communication,Mid-level,"Full-time · Remote. We are hiring a Mid-level Sales Engineer for our E-commerce team. The ideal candidate has 3-6 years of experience and is proficient in CRM, Negotiation, Solution Design, Technical Sales, Presentations, Product Demos, Communication. This is a remote full-time position focused on delivering high-quality business work."
Lead Operations Manager,Business,Process Improvement; Lean; Supply Chain; Vendor Management; Six Sigma; Operations Management; Analytics,Lead,"Full-time · Remote. We are hiring a Lead Operations Manager for our Fintech team. The ideal candidate has 8-14 years of experience and is proficient in Process Improvement, Lean, Supply Chain, Vendor Management, Six Sigma, Operations Management, Analytics. This is a remote full-time position focused on delivering high-quality business work."
Principal Sales Engineer,Business,Negotiation; Communication; Technical Sales; Solution Design; Cloud,Principal,"Full-time · Hybrid. We are hiring a Principal Sales Engineer for our SaaS team. The ideal candidate has 12-20 years of experience and is proficient in Negotiation, Communication, Technical Sales, Solution Design, Cloud. This is a hybrid full-time position focused on delivering high-quality business work."
Lead Operations Manager,Business,Communication; Six Sigma; Supply Chain; Analytics; Operations Management; Vendor Management; Process Improvement,Lead,"Contract · Remote. We are hiring a Lead Operations Manager for our Startup team. The ideal candidate has 8-14 years of experience and is proficient in Communication, Six Sigma, Supply Chain, Analytics, Operations Management, Vendor Management, Process Improvement. This is a remote contract position focused on delivering high-quality business work."
Intern Sales Engineer,Business,Cloud; CRM; Technical Sales; Customer Success; Product Demos; Solution Design,Intern,"Full-time · On-site. We are hiring a Intern Sales Engineer for our EdTech team. The ideal candidate has 0-1 years of experience and is proficient in Cloud, CRM, Technical Sales, Customer Success, Product Demos, Solution Design. This is a on-site full-time position focused on delivering high-quality business work."
Senior Financial Analyst,Business,Forecasting; Valuation; Budgeting; Reporting; Financial Modeling,Senior,"Full-time · Remote. We are hiring a Senior Financial Analyst for our Healthcare team. The ideal candidate has 6-10 years of experience and is proficient in Forecasting, Valuation, Budgeting, Reporting, Financial Modeling. This is a remote full-time position focused on delivering high-quality business work."
Intern Sales Engineer,Business,Product Demos; Cloud; APIs; CRM; Negotiation; Communication,Intern,"Internship · Remote. We are hiring a Intern Sales Engineer for our Fintech team. The ideal candidate has 0-1 years of experience and is proficient in Product Demos, Cloud, APIs, CRM, Negotiation, Communication. This is a remote internship position focused on delivering high-quality business work."
Lead Business Analyst,Business,UML; Process Modeling; Documentation; Communication; Stakeholder Management; SQL; Agile,Lead,"Contract · Hybrid. We are hiring a Lead Business Analyst for our Startup team. The ideal candidate has 8-14 years of experience and is proficient in UML, Process Modeling, Documentation, Communication, Stakeholder Management, SQL, Agile. This is a hybrid contract position focused on delivering high-quality business work."
Senior HR Specialist,Business,Recruitment; Employee Relations; Performance Management; Payroll; Onboarding; Compliance; Conflict Resolution,Senior,"Contract · Remote. We are hiring a Senior HR Specialist for our Gaming team. The ideal candidate has 6-10 years of experience and is proficient in Recruitment, Employee Relations, Performance Management, Payroll, Onboarding, Compliance, Conflict Resolution. This is a remote contract position focused on delivering high-quality business work."
Principal HR Specialist,Business,Communication; Payroll; Conflict Resolution; Employee Relations; HRIS; Recruitment; Training,Principal,"Internship · Remote. We are hiring a Principal HR Specialist for our E-commerce team. The ideal candidate has 12-20 years of experience and is proficient in Communication, Payroll, Conflict Resolution, Employee Relations, HRIS, Recruitment, Training. This is a remote internship position focused on delivering high-quality business work."
Intern Operations Manager,Business,Six Sigma; Operations Management; Analytics; Lean; Leadership; Communication; Budgeting,Intern,"Contract · Remote. We are hiring a Intern Operations Manager for our Startup team. The ideal candidate has 0-1 years of experience and is proficient in Six Sigma, Operations Management, Analytics, Lean, Leadership, Communication, Budgeting. This is a remote contract position focused on delivering high-quality business work."
Lead Financial Analyst,Business,Analytics; Reporting; Budgeting; Financial Modeling; Accounting,Lead,"Internship · Hybrid. We are hiring a Lead Financial Analyst for our Enterprise team. The ideal candidate has 8-14 years of experience and is proficient in Analytics, Reporting, Budgeting, Financial Modeling, Accounting. This is a hybrid internship position focused on delivering high-quality business work."
Junior Operations Manager,Business,Vendor Management; Leadership; Analytics; Lean; Budgeting; Communication,Junior,"Contract · On-site. We are hiring a Junior Operations Manager for our SaaS team. The ideal candidate has 1-3 years of experience and is proficient in Vendor Management, Leadership, Analytics, Lean, Budgeting, Communication. This is a on-site contract position focused on delivering high-quality business work."
Junior Financial Analyst,Business,Budgeting; Excel; Financial Modeling; Power BI; Accounting,Junior,"Internship · On-site. We are hiring a Junior Financial Analyst for our E-commerce team. The ideal candidate has 1-3 years of experience and is proficient in Budgeting, Excel, Financial Modeling, Power BI, Accounting. This is a on-site internship position focused on delivering high-quality business work."
Principal HR Specialist,Business,Payroll; Compliance; Onboarding; Communication; HRIS; Recruitment,Principal,"Contract · Remote. We are hiring a Principal HR Specialist for our Fintech team. The ideal candidate has 12-20 years of experience and is proficient in Payroll, Compliance, Onboarding, Communication, HRIS, Recruitment. This is a remote contract position focused on delivering high-quality business work."
Principal Operations Manager,Business,Lean; Vendor Management; Budgeting; Leadership; Process Improvement,Principal,"Contract · On-site. We are hiring a Principal Operations Manager for our Healthcare team. The ideal candidate has 12-20 years of experience and is proficient in Lean, Vendor Management, Budgeting, Leadership, Process Improvement. This is a on-site contract position focused on delivering high-quality business work."
Junior Business Analyst,Business,Data Analysis; Excel; Requirements Gathering; Process Modeling; Documentation; Agile; Stakeholder Management,Junior,"Contract · Hybrid. We are hiring a Junior Business Analyst for our Startup team. The ideal candidate has 1-3 years of experience and is proficient in Data Analysis, Excel, Requirements Gathering, Process Modeling, Documentation, Agile, Stakeholder Management. This is a hybrid contract position focused on delivering high-quality business work."
Intern Financial Analyst,Business,Power BI; SQL; Accounting; Analytics; Reporting; Budgeting,Intern,"Internship · Remote. We are hiring a Intern Financial Analyst for our Startup team. The ideal candidate has 0-1 years of experience and is proficient in Power BI, SQL, Accounting, Analytics, Reporting, Budgeting. This is a remote internship position focused on delivering high-quality business work."
Mid-level Financial Analyst,Business,Forecasting; SQL; Power BI; Budgeting; Reporting; Accounting,Mid-level,"Full-time · Hybrid. We are hiring a Mid-level Financial Analyst for our Enterprise team. The ideal candidate has 3-6 years of experience and is proficient in Forecasting, SQL, Power BI, Budgeting, Reporting, Accounting. This is a hybrid full-time position focused on delivering high-quality business work."
Mid-level Business Analyst,Business,UML; Agile; Excel; Data Analysis; Communication; Process Modeling,Mid-level,"Internship · On-site. We are hiring a Mid-level Business Analyst for our E-commerce team. The ideal candidate has 3-6 years of experience and is proficient in UML, Agile, Excel, Data Analysis, Communication, Process Modeling. This is a on-site internship position focused on delivering high-quality business work."
Principal Business Analyst,Business,Communication; Process Modeling; Requirements Gathering; UML; Data Analysis; Agile; SQL,Principal,"Full-time · On-site. We are hiring a Principal Business Analyst for our EdTech team. The ideal candidate has 12-20 years of experience and is proficient in Communication, Process Modeling, Requirements Gathering, UML, Data Analysis, Agile, SQL. This is a on-site full-time position focused on delivering high-quality business work."
Lead HR Specialist,Business,Compliance; Payroll; Conflict Resolution; Onboarding; Communication; Performance Management,Lead,"Internship · On-site. We are hiring a Lead HR Specialist for our Enterprise team. The ideal candidate has 8-14 years of experience and is proficient in Compliance, Payroll, Conflict Resolution, Onboarding, Communication, Performance Management. This is a on-site internship position focused on delivering high-quality business work."
Junior HR Specialist,Business,Conflict Resolution; Compliance; Performance Management; Onboarding; HRIS; Recruitment; Communication,Junior,"Full-time · Hybrid. We are hiring a Junior HR Specialist for our SaaS team. The ideal candidate has 1-3 years of experience and is proficient in Conflict Resolution, Compliance, Performance Management, Onboarding, HRIS, Recruitment, Communication. This is a hybrid full-time position focused on delivering high-quality business work."
Intern HR Specialist,Business,Communication; Employee Relations; Training; Conflict Resolution; Recruitment,Intern,"Internship · Hybrid. We are hiring a Intern HR Specialist for our E-commerce team. The ideal candidate has 0-1 years of experience and is proficient in Communication, Employee Relations, Training, Conflict Resolution, Recruitment. This is a hybrid internship position focused on delivering high-quality business work."
Intern HR Specialist,Business,Training; Payroll; Conflict Resolution; Onboarding; Performance Management,Intern,"Full-time · Remote. We are hiring a Intern HR Specialist for our SaaS team. The ideal candidate has 0-1 years of experience and is proficient in Training, Payroll, Conflict Resolution, Onboarding, Performance Management. This is a remote full-time position focused on delivering high-quality business work."
Principal Business Analyst,Business,Process Modeling; Agile; Stakeholder Management; Communication; Requirements Gathering,Principal,"Contract · Hybrid. We are hiring a Principal Business Analyst for our Fintech team. The ideal candidate has 12-20 years of experience and is proficient in Process Modeling, Agile, Stakeholder Management, Communication, Requirements Gathering. This is a hybrid contract position focused on delivering high-quality business work."
Senior HR Specialist,Business,Compliance; Payroll; Performance Management; Recruitment; HRIS; Communication; Employee Relations,Senior,"Full-time · Hybrid. We are hiring a Senior HR Specialist for our Healthcare team. The ideal candidate has 6-10 years of experience and is proficient in Compliance, Payroll, Performance Management, Recruitment, HRIS, Communication, Employee Relations. This is a hybrid full-time position focused on delivering high-quality business work."
Intern Operations Manager,Business,Six Sigma; Vendor Management; Operations Management; Budgeting; Analytics,Intern,"Full-time · On-site. We are hiring a Intern Operations Manager for our Healthcare team. The ideal candidate has 0-1 years of experience and is proficient in Six Sigma, Vendor Management, Operations Management, Budgeting, Analytics. This is a on-site full-time position focused on delivering high-quality business work."
Intern HR Specialist,Business,Onboarding; Payroll; Communication; Training; Conflict Resolution,Intern,"Full-time · On-site. We are hiring a Intern HR Specialist for our Healthcare team. The ideal candidate has 0-1 years of experience and is proficient in Onboarding, Payroll, Communication, Training, Conflict Resolution. This is a on-site full-time position focused on delivering high-quality business work."
Principal HR Specialist,Business,HRIS; Compliance; Conflict Resolution; Onboarding; Payroll; Training,Principal,"Internship · Hybrid. We are hiring a Principal HR Specialist for our E-commerce team. The ideal candidate has 12-20 years of experience and is proficient in HRIS, Compliance, Conflict Resolution, Onboarding, Payroll, Training. This is a hybrid internship position focused on delivering high-quality business work."
Principal Business Analyst,Business,Data Analysis; Process Modeling; Communication; Requirements Gathering; SQL; Stakeholder Management,Principal,"Contract · On-site. We are hiring a Principal Business Analyst for our E-commerce team. The ideal candidate has 12-20 years of experience and is proficient in Data Analysis, Process Modeling, Communication, Requirements Gathering, SQL, Stakeholder Management. This is a on-site contract position focused on delivering high-quality business work."
Mid-level Business Analyst,Business,Stakeholder Management; Data Analysis; Agile; Process Modeling; Communication; UML; Excel,Mid-level,"Full-time · On-site. We are hiring a Mid-level Business Analyst for our Enterprise team. The ideal candidate has 3-6 years of experience and is proficient in Stakeholder Management, Data Analysis, Agile, Process Modeling, Communication, UML, Excel. This is a on-site full-time position focused on delivering high-quality business work."
Junior Business Analyst,Business,Process Modeling; SQL; Documentation; Stakeholder Management; Communication; Data Analysis; Requirements Gathering,Junior,"Contract · Remote. We are hiring a Junior Business Analyst for our SaaS team. The ideal candidate has 1-3 years of experience and is proficient in Process Modeling, SQL, Documentation, Stakeholder Management, Communication, Data Analysis, Requirements Gathering. This is a remote contract position focused on delivering high-quality business work."
Mid-level HR Specialist,Business,HRIS; Onboarding; Payroll; Training; Recruitment,Mid-level,"Full-time · Hybrid. We are hiring a Mid-level HR Specialist for our SaaS team. The ideal candidate has 3-6 years of experience and is proficient in HRIS, Onboarding, Payroll, Training, Recruitment. This is a hybrid full-time position focused on delivering high-quality business work."
Mid-level Sales Engineer,Business,Customer Success; Product Demos; Cloud; Solution Design; Communication,Mid-level,"Internship · Hybrid. We are hiring a Mid-level Sales Engineer for our Startup team. The ideal candidate has 3-6 years of experience and is proficient in Customer Success, Product Demos, Cloud, Solution Design, Communication. This is a hybrid internship position focused on delivering high-quality business work."
Lead HR Specialist,Business,Communication; Employee Relations; Performance Management; Compliance; Recruitment,Lead,"Internship · On-site. We are hiring a Lead HR Specialist for our SaaS team. The ideal candidate has 8-14 years of experience and is proficient in Communication, Employee Relations, Performance Management, Compliance, Recruitment. This is a on-site internship position focused on delivering high-quality business work."
Principal HR Specialist,Business,Training; Recruitment; Onboarding; Performance Management; Compliance,Principal,"Full-time · Hybrid. We are hiring a Principal HR Specialist for our E-commerce team. The ideal candidate has 12-20 years of experience and is proficient in Training, Recruitment, Onboarding, Performance Management, Compliance. This is a hybrid full-time position focused on delivering high-quality business work."
Mid-level Business Analyst,Business,Excel; SQL; UML; Stakeholder Management; Process Modeling,Mid-level,"Internship · Hybrid. We are hiring a Mid-level Business Analyst for our Enterprise team. The ideal candidate has 3-6 years of experience and is proficient in Excel, SQL, UML, Stakeholder Management, Process Modeling. This is a hybrid internship position focused on delivering high-quality business work."
Principal Financial Analyst,Business,SQL; Financial Modeling; Reporting; Forecasting; Budgeting; Valuation; Excel,Principal,"Full-time · Hybrid. We are hiring a Principal Financial Analyst for our E-commerce team. The ideal candidate has 12-20 years of experience and is proficient in SQL, Financial Modeling, Reporting, Forecasting, Budgeting, Valuation, Excel. This is a hybrid full-time position focused on delivering high-quality business work."
Mid-level HR Specialist,Business,Recruitment; Communication; Performance Management; Training; HRIS,Mid-level,"Contract · Hybrid. We are hiring a Mid-level HR Specialist for our Gaming team. The ideal candidate has 3-6 years of experience and is proficient in Recruitment, Communication, Performance Management, Training, HRIS. This is a hybrid contract position focused on delivering high-quality business work."
Mid-level HR Specialist,Business,Performance Management; Employee Relations; Training; Onboarding; Conflict Resolution; Payroll; Recruitment,Mid-level,"Internship · On-site. We are hiring a Mid-level HR Specialist for our Fintech team. The ideal candidate has 3-6 years of experience and is proficient in Performance Management, Employee Relations, Training, Onboarding, Conflict Resolution, Payroll, Recruitment. This is a on-site internship position focused on delivering high-quality business work."
Junior HR Specialist,Business,HRIS; Communication; Recruitment; Payroll; Conflict Resolution; Performance Management; Compliance,Junior,"Internship · Hybrid. We are hiring a Junior HR Specialist for our Gaming team. The ideal candidate has 1-3 years of experience and is proficient in HRIS, Communication, Recruitment, Payroll, Conflict Resolution, Performance Management, Compliance. This is a hybrid internship position focused on delivering high-quality business work."
Junior Sales Engineer,Business,Technical Sales; Cloud; Product Demos; APIs; Solution Design; Communication; Presentations,Junior,"Contract · Hybrid. We are hiring a Junior Sales Engineer for our EdTech team. The ideal candidate has 1-3 years of experience and is proficient in Technical Sales, Cloud, Product Demos, APIs, Solution Design, Communication, Presentations. This is a hybrid contract position focused on delivering high-quality business work."
Junior Financial Analyst,Business,Valuation; Budgeting; Reporting; Excel; Accounting; SQL,Junior,"Full-time · Hybrid. We are hiring a Junior Financial Analyst for our Enterprise team. The ideal candidate has 1-3 years of experience and is proficient in Valuation, Budgeting, Reporting, Excel, Accounting, SQL. This is a hybrid full-time position focused on delivering high-quality business work."
Principal Sales Engineer,Business,Presentations; APIs; Negotiation; Customer Success; Product Demos; Cloud; CRM,Principal,"Contract · Remote. We are hiring a Principal Sales Engineer for our E-commerce team. The ideal candidate has 12-20 years of experience and is proficient in Presentations, APIs, Negotiation, Customer Success, Product Demos, Cloud, CRM. This is a remote contract position focused on delivering high-quality business work."
Junior Business Analyst,Business,Stakeholder Management; Communication; Documentation; Excel; UML,Junior,"Full-time · Remote. We are hiring a Junior Business Analyst for our Gaming team. The ideal candidate has 1-3 years of experience and is proficient in Stakeholder Management, Communication, Documentation, Excel, UML. This is a remote full-time position focused on delivering high-quality business work."
Junior Business Analyst,Business,Stakeholder Management; Excel; Process Modeling; Documentation; Data Analysis,Junior,"Contract · Hybrid. We are hiring a Junior Business Analyst for our Fintech team. The ideal candidate has 1-3 years of experience and is proficient in Stakeholder Management, Excel, Process Modeling, Documentation, Data Analysis. This is a hybrid contract position focused on delivering high-quality business work."
Senior HR Specialist,Business,Communication; Performance Management; Payroll; Training; Conflict Resolution,Senior,"Internship · Hybrid. We are hiring a Senior HR Specialist for our EdTech team. The ideal candidate has 6-10 years of experience and is proficient in Communication, Performance Management, Payroll, Training, Conflict Resolution. This is a hybrid internship position focused on delivering high-quality business work."
Lead Sales Engineer,Business,Negotiation; Communication; Cloud; CRM; APIs; Technical Sales,Lead,"Contract · Remote. We are hiring a Lead Sales Engineer for our SaaS team. The ideal candidate has 8-14 years of experience and is proficient in Negotiation, Communication, Cloud, CRM, APIs, Technical Sales. This is a remote contract position focused on delivering high-quality business work."
Mid-level Business Analyst,Business,Documentation; Stakeholder Management; SQL; Data Analysis; Process Modeling,Mid-level,"Internship · Remote. We are hiring a Mid-level Business Analyst for our SaaS team. The ideal candidate has 3-6 years of experience and is proficient in Documentation, Stakeholder Management, SQL, Data Analysis, Process Modeling. This is a remote internship position focused on delivering high-quality business work."
Intern Sales Engineer,Business,Product Demos; Presentations; APIs; Customer Success; CRM,Intern,"Full-time · On-site. We are hiring a Intern Sales Engineer for our Healthcare team. The ideal candidate has 0-1 years of experience and is proficient in Product Demos, Presentations, APIs, Customer Success, CRM. This is a on-site full-time position focused on delivering high-quality business work."
Principal HR Specialist,Business,Training; Communication; Compliance; Recruitment; Conflict Resolution,Principal,"Internship · On-site. We are hiring a Principal HR Specialist for our SaaS team. The ideal candidate has 12-20 years of experience and is proficient in Training, Communication, Compliance, Recruitment, Conflict Resolution. This is a on-site internship position focused on delivering high-quality business work."
Mid-level HR Specialist,Business,Employee Relations; Training; Compliance; Payroll; HRIS; Performance Management; Conflict Resolution,Mid-level,"Internship · Hybrid. We are hiring a Mid-level HR Specialist for our Enterprise team. The ideal candidate has 3-6 years of experience and is proficient in Employee Relations, Training, Compliance, Payroll, HRIS, Performance Management, Conflict Resolution. This is a hybrid internship position focused on delivering high-quality business work."
Principal Operations Manager,Business,Supply Chain; Communication; Analytics; Leadership; Budgeting,Principal,"Full-time · Hybrid. We are hiring a Principal Operations Manager for our Gaming team. The ideal candidate has 12-20 years of experience and is proficient in Supply Chain, Communication, Analytics, Leadership, Budgeting. This is a hybrid full-time position focused on delivering high-quality business work."
Principal Operations Manager,Business,Six Sigma; Communication; Leadership; Lean; Vendor Management; Budgeting,Principal,"Full-time · Hybrid. We are hiring a Principal Operations Manager for our Healthcare team. The ideal candidate has 12-20 years of experience and is proficient in Six Sigma, Communication, Leadership, Lean, Vendor Management, Budgeting. This is a hybrid full-time position focused on delivering high-quality business work."
Intern Sales Engineer,Business,Cloud; APIs; Technical Sales; Presentations; Communication; Solution Design; Customer Success,Intern,"Internship · On-site. We are hiring a Intern Sales Engineer for our Fintech team. The ideal candidate has 0-1 years of experience and is proficient in Cloud, APIs, Technical Sales, Presentations, Communication, Solution Design, Customer Success. This is a on-site internship position focused on delivering high-quality business work."
Mid-level Operations Manager,Business,Lean; Communication; Budgeting; Operations Management; Supply Chain; Six Sigma; Process Improvement,Mid-level,"Contract · Hybrid. We are hiring a Mid-level Operations Manager for our Gaming team. The ideal candidate has 3-6 years of experience and is proficient in Lean, Communication, Budgeting, Operations Management, Supply Chain, Six Sigma, Process Improvement. This is a hybrid contract position focused on delivering high-quality business work."
Intern Sales Engineer,Business,Technical Sales; Product Demos; CRM; Customer Success; Presentations,Intern,"Internship · Remote. We are hiring a Intern Sales Engineer for our Startup team. The ideal candidate has 0-1 years of experience and is proficient in Technical Sales, Product Demos, CRM, Customer Success, Presentations. This is a remote internship position focused on delivering high-quality business work."
Lead Financial Analyst,Business,Accounting; Analytics; Forecasting; SQL; Power BI,Lead,"Contract · Remote. We are hiring a Lead Financial Analyst for our EdTech team. The ideal candidate has 8-14 years of experience and is proficient in Accounting, Analytics, Forecasting, SQL, Power BI. This is a remote contract position focused on delivering high-quality business work."
Senior Financial Analyst,Business,Accounting; Forecasting; Excel; Valuation; Analytics,Senior,"Internship · On-site. We are hiring a Senior Financial Analyst for our E-commerce team. The ideal candidate has 6-10 years of experience and is proficient in Accounting, Forecasting, Excel, Valuation, Analytics. This is a on-site internship position focused on delivering high-quality business work."
Intern HR Specialist,Business,Payroll; Training; HRIS; Employee Relations; Performance Management; Compliance; Onboarding,Intern,"Contract · On-site. We are hiring a Intern HR Specialist for our E-commerce team. The ideal candidate has 0-1 years of experience and is proficient in Payroll, Training, HRIS, Employee Relations, Performance Management, Compliance, Onboarding. This is a on-site contract position focused on delivering high-quality business work."
Lead Financial Analyst,Business,Accounting; Analytics; Power BI; Reporting; Excel,Lead,"Full-time · Hybrid. We are hiring a Lead Financial Analyst for our Fintech team. The ideal candidate has 8-14 years of experience and is proficient in Accounting, Analytics, Power BI, Reporting, Excel. This is a hybrid full-time position focused on delivering high-quality business work."
Mid-level Financial Analyst,Business,Analytics; Excel; Forecasting; Valuation; Power BI,Mid-level,"Contract · Hybrid. We are hiring a Mid-level Financial Analyst for our EdTech team. The ideal candidate has 3-6 years of experience and is proficient in Analytics, Excel, Forecasting, Valuation, Power BI. This is a hybrid contract position focused on delivering high-quality business work."
Lead Financial Analyst,Business,Forecasting; Power BI; Analytics; Excel; Financial Modeling; Accounting; Valuation,Lead,"Full-time · On-site. We are hiring a Lead Financial Analyst for our Fintech team. The ideal candidate has 8-14 years of experience and is proficient in Forecasting, Power BI, Analytics, Excel, Financial Modeling, Accounting, Valuation. This is a on-site full-time position focused on delivering high-quality business work."
Principal Business Analyst,Business,Excel; SQL; Process Modeling; UML; Agile; Data Analysis,Principal,"Contract · Remote. We are hiring a Principal Business Analyst for our E-commerce team. The ideal candidate has 12-20 years of experience and is proficient in Excel, SQL, Process Modeling, UML, Agile, Data Analysis. This is a remote contract position focused on delivering high-quality business work."
Lead Operations Manager,Business,Process Improvement; Analytics; Communication; Budgeting; Six Sigma,Lead,"Internship · Hybrid. We are hiring a Lead Operations Manager for our Fintech team. The ideal candidate has 8-14 years of experience and is proficient in Process Improvement, Analytics, Communication, Budgeting, Six Sigma. This is a hybrid internship position focused on delivering high-quality business work."
Principal Operations Manager,Business,Supply Chain; Analytics; Six Sigma; Leadership; Budgeting; Communication; Vendor Management,Principal,"Full-time · Hybrid. We are hiring a Principal Operations Manager for our E-commerce team. The ideal candidate has 12-20 years of experience and is proficient in Supply Chain, Analytics, Six Sigma, Leadership, Budgeting, Communication, Vendor Management. This is a hybrid full-time position focused on delivering high-quality business work."
Junior Business Analyst,Business,Requirements Gathering; Documentation; UML; Communication; Data Analysis; Excel,Junior,"Full-time · Remote. We are hiring a Junior Business Analyst for our Fintech team. The ideal candidate has 1-3 years of experience and is proficient in Requirements Gathering, Documentation, UML, Communication, Data Analysis, Excel. This is a remote full-time position focused on delivering high-quality business work."
Mid-level Operations Manager,Business,Budgeting; Leadership; Analytics; Lean; Six Sigma,Mid-level,"Internship · Hybrid. We are hiring a Mid-level Operations Manager for our Healthcare team. The ideal candidate has 3-6 years of experience and is proficient in Budgeting, Leadership, Analytics, Lean, Six Sigma. This is a hybrid internship position focused on delivering high-quality business work."
Mid-level HR Specialist,Business,Communication; Payroll; Recruitment; Conflict Resolution; Performance Management,Mid-level,"Contract · On-site. We are hiring a Mid-level HR Specialist for our Startup team. The ideal candidate has 3-6 years of experience and is proficient in Communication, Payroll, Recruitment, Conflict Resolution, Performance Management. This is a on-site contract position focused on delivering high-quality business work."
Junior HR Specialist,Business,Compliance; Onboarding; Training; Recruitment; Employee Relations,Junior,"Full-time · Hybrid. We are hiring a Junior HR Specialist for our EdTech team. The ideal candidate has 1-3 years of experience and is proficient in Compliance, Onboarding, Training, Recruitment, Employee Relations. This is a hybrid full-time position focused on delivering high-quality business work."
Mid-level Financial Analyst,Business,Budgeting; Financial Modeling; Analytics; SQL; Excel; Reporting; Accounting,Mid-level,"Contract · On-site. We are hiring a Mid-level Financial Analyst for our Fintech team. The ideal candidate has 3-6 years of experience and is proficient in Budgeting, Financial Modeling, Analytics, SQL, Excel, Reporting, Accounting. This is a on-site contract position focused on delivering high-quality business work."
Principal Financial Analyst,Business,Forecasting; Power BI; Analytics; Financial Modeling; Excel,Principal,"Contract · On-site. We are hiring a Principal Financial Analyst for our SaaS team. The ideal candidate has 12-20 years of experience and is proficient in Forecasting, Power BI, Analytics, Financial Modeling, Excel. This is a on-site contract position focused on delivering high-quality business work."
Principal Sales Engineer,Business,Communication; Product Demos; APIs; Cloud; Solution Design,Principal,"Contract · Remote. We are hiring a Principal Sales Engineer for our SaaS team. The ideal candidate has 12-20 years of experience and is proficient in Communication, Product Demos, APIs, Cloud, Solution Design. This is a remote contract position focused on delivering high-quality business work."
Mid-level Operations Manager,Business,Budgeting; Analytics; Communication; Lean; Six Sigma; Supply Chain,Mid-level,"Full-time · Remote. We are hiring a Mid-level Operations Manager for our SaaS team. The ideal candidate has 3-6 years of experience and is proficient in Budgeting, Analytics, Communication, Lean, Six Sigma, Supply Chain. This is a remote full-time position focused on delivering high-quality business work."
Senior Business Analyst,Business,Data Analysis; Stakeholder Management; Excel; Process Modeling; SQL; UML,Senior,"Internship · Hybrid. We are hiring a Senior Business Analyst for our Fintech team. The ideal candidate has 6-10 years of experience and is proficient in Data Analysis, Stakeholder Management, Excel, Process Modeling, SQL, UML. This is a hybrid internship position focused on delivering high-quality business work."
Senior Operations Manager,Business,Budgeting; Vendor Management; Leadership; Supply Chain; Analytics; Process Improvement; Six Sigma,Senior,"Contract · Hybrid. We are hiring a Senior Operations Manager for our EdTech team. The ideal candidate has 6-10 years of experience and is proficient in Budgeting, Vendor Management, Leadership, Supply Chain, Analytics, Process Improvement, Six Sigma. This is a hybrid contract position focused on delivering high-quality business work."
Junior Sales Engineer,Business,Product Demos; Cloud; Customer Success; Technical Sales; Solution Design; Presentations; Negotiation,Junior,"Full-time · On-site. We are hiring a Junior Sales Engineer for our Enterprise team. The ideal candidate has 1-3 years of experience and is proficient in Product Demos, Cloud, Customer Success, Technical Sales, Solution Design, Presentations, Negotiation. This is a on-site full-time position focused on delivering high-quality business work."
Lead Sales Engineer,Business,Communication; Customer Success; CRM; Solution Design; Negotiation; Cloud; APIs,Lead,"Contract · On-site. We are hiring a Lead Sales Engineer for our Healthcare team. The ideal candidate has 8-14 years of experience and is proficient in Communication, Customer Success, CRM, Solution Design, Negotiation, Cloud, APIs. This is a on-site contract position focused on delivering high-quality business work."
Principal Operations Manager,Business,Supply Chain; Budgeting; Communication; Operations Management; Six Sigma,Principal,"Internship · Hybrid. We are hiring a Principal Operations Manager for our Enterprise team. The ideal candidate has 12-20 years of experience and is proficient in Supply Chain, Budgeting, Communication, Operations Management, Six Sigma. This is a hybrid internship position focused on delivering high-quality business work."
Lead Business Analyst,Business,Agile; Communication; Data Analysis; Documentation; SQL,Lead,"Full-time · Remote. We are hiring a Lead Business Analyst for our Startup team. The ideal candidate has 8-14 years of experience and is proficient in Agile, Communication, Data Analysis, Documentation, SQL. This is a remote full-time position focused on delivering high-quality business work."
Intern Operations Manager,Business,Six Sigma; Vendor Management; Operations Management; Communication; Leadership; Analytics; Budgeting,Intern,"Internship · Remote. We are hiring a Intern Operations Manager for our Startup team. The ideal candidate has 0-1 years of experience and is proficient in Six Sigma, Vendor Management, Operations Management, Communication, Leadership, Analytics, Budgeting. This is a remote internship position focused on delivering high-quality business work."
Senior Operations Manager,Business,Operations Management; Vendor Management; Analytics; Leadership; Six Sigma,Senior,"Contract · Hybrid. We are hiring a Senior Operations Manager for our Enterprise team. The ideal candidate has 6-10 years of experience and is proficient in Operations Management, Vendor Management, Analytics, Leadership, Six Sigma. This is a hybrid contract position focused on delivering high-quality business work."
Senior Business Analyst,Business,Communication; Excel; Stakeholder Management; UML; Process Modeling; Agile; Documentation,Senior,"Contract · On-site. We are hiring a Senior Business Analyst for our Gaming team. The ideal candidate has 6-10 years of experience and is proficient in Communication, Excel, Stakeholder Management, UML, Process Modeling, Agile, Documentation. This is a on-site contract position focused on delivering high-quality business work."
Lead Sales Engineer,Business,Negotiation; CRM; APIs; Communication; Customer Success; Product Demos; Solution Design,Lead,"Contract · Hybrid. We are hiring a Lead Sales Engineer for our Healthcare team. The ideal candidate has 8-14 years of experience and is proficient in Negotiation, CRM, APIs, Communication, Customer Success, Product Demos, Solution Design. This is a hybrid contract position focused on delivering high-quality business work."
Intern Sales Engineer,Business,Negotiation; APIs; Product Demos; CRM; Customer Success; Technical Sales; Communication,Intern,"Contract · Hybrid. We are hiring a Intern Sales Engineer for our E-commerce team. The ideal candidate has 0-1 years of experience and is proficient in Negotiation, APIs, Product Demos, CRM, Customer Success, Technical Sales, Communication. This is a hybrid contract position focused on delivering high-quality business work."
Senior Sales Engineer,Business,Negotiation; Cloud; CRM; Solution Design; Communication,Senior,"Full-time · On-site. We are hiring a Senior Sales Engineer for our SaaS team. The ideal candidate has 6-10 years of experience and is proficient in Negotiation, Cloud, CRM, Solution Design, Communication. This is a on-site full-time position focused on delivering high-quality business work."
Junior HR Specialist,Business,Payroll; Performance Management; Recruitment; Employee Relations; Onboarding; Training; Compliance,Junior,"Contract · Remote. We are hiring a Junior HR Specialist for our Healthcare team. The ideal candidate has 1-3 years of experience and is proficient in Payroll, Performance Management, Recruitment, Employee Relations, Onboarding, Training, Compliance. This is a remote contract position focused on delivering high-quality business work."
Lead Operations Manager,Business,Six Sigma; Analytics; Process Improvement; Supply Chain; Budgeting; Vendor Management; Lean,Lead,"Internship · On-site. We are hiring a Lead Operations Manager for our Startup team. The ideal candidate has 8-14 years of experience and is proficient in Six Sigma, Analytics, Process Improvement, Supply Chain, Budgeting, Vendor Management, Lean. This is a on-site internship position focused on delivering high-quality business work."
Intern Business Analyst,Business,Requirements Gathering; Documentation; Process Modeling; Stakeholder Management; Communication; SQL; Data Analysis,Intern,"Full-time · Hybrid. We are hiring a Intern Business Analyst for our Fintech team. The ideal candidate has 0-1 years of experience and is proficient in Requirements Gathering, Documentation, Process Modeling, Stakeholder Management, Communication, SQL, Data Analysis. This is a hybrid full-time position focused on delivering high-quality business work."
Mid-level Operations Manager,Business,Process Improvement; Communication; Analytics; Leadership; Six Sigma; Budgeting; Lean,Mid-level,"Full-time · Hybrid. We are hiring a Mid-level Operations Manager for our Fintech team. The ideal candidate has 3-6 years of experience and is proficient in Process Improvement, Communication, Analytics, Leadership, Six Sigma, Budgeting, Lean. This is a hybrid full-time position focused on delivering high-quality business work."
Mid-level Sales Engineer,Business,CRM; Presentations; Customer Success; APIs; Solution Design,Mid-level,"Contract · On-site. We are hiring a Mid-level Sales Engineer for our Enterprise team. The ideal candidate has 3-6 years of experience and is proficient in CRM, Presentations, Customer Success, APIs, Solution Design. This is a on-site contract position focused on delivering high-quality business work."
Lead HR Specialist,Business,Employee Relations; Performance Management; Compliance; Payroll; Recruitment; Training; Communication,Lead,"Contract · Remote. We are hiring a Lead HR Specialist for our Startup team. The ideal candidate has 8-14 years of experience and is proficient in Employee Relations, Performance Management, Compliance, Payroll, Recruitment, Training, Communication. This is a remote contract position focused on delivering high-quality business work."
Mid-level HR Specialist,Business,Onboarding; Payroll; Compliance; Recruitment; HRIS,Mid-level,"Contract · Hybrid. We are hiring a Mid-level HR Specialist for our EdTech team. The ideal candidate has 3-6 years of experience and is proficient in Onboarding, Payroll, Compliance, Recruitment, HRIS. This is a hybrid contract position focused on delivering high-quality business work."
Junior Sales Engineer,Business,Solution Design; APIs; Product Demos; Presentations; Customer Success,Junior,"Internship · Remote. We are hiring a Junior Sales Engineer for our Fintech team. The ideal candidate has 1-3 years of experience and is proficient in Solution Design, APIs, Product Demos, Presentations, Customer Success. This is a remote internship position focused on delivering high-quality business work."
Junior Sales Engineer,Business,Cloud; Customer Success; Presentations; Product Demos; Technical Sales,Junior,"Contract · Remote. We are hiring a Junior Sales Engineer for our Startup team. The ideal candidate has 1-3 years of experience and is proficient in Cloud, Customer Success, Presentations, Product Demos, Technical Sales. This is a remote contract position focused on delivering high-quality business work."
Principal Operations Manager,Business,Communication; Supply Chain; Vendor Management; Lean; Process Improvement,Principal,"Contract · On-site. We are hiring a Principal Operations Manager for our SaaS team. The ideal candidate has 12-20 years of experience and is proficient in Communication, Supply Chain, Vendor Management, Lean, Process Improvement. This is a on-site contract position focused on delivering high-quality business work."
Intern Business Analyst,Business,Process Modeling; Requirements Gathering; UML; SQL; Excel,Intern,"Full-time · Remote. We are hiring a Intern Business Analyst for our SaaS team. The ideal candidate has 0-1 years of experience and is proficient in Process Modeling, Requirements Gathering, UML, SQL, Excel. This is a remote full-time position focused on delivering high-quality business work."
Principal Operations Manager,Business,Process Improvement; Operations Management; Analytics; Supply Chain; Communication; Vendor Management; Leadership,Principal,"Internship · On-site. We are hiring a Principal Operations Manager for our Enterprise team. The ideal candidate has 12-20 years of experience and is proficient in Process Improvement, Operations Management, Analytics, Supply Chain, Communication, Vendor Management, Leadership. This is a on-site internship position focused on delivering high-quality business work."
Junior Financial Analyst,Business,Financial Modeling; SQL; Power BI; Accounting; Valuation,Junior,"Contract · On-site. We are hiring a Junior Financial Analyst for our Enterprise team. The ideal candidate has 1-3 years of experience and is proficient in Financial Modeling, SQL, Power BI, Accounting, Valuation. This is a on-site contract position focused on delivering high-quality business work."
Lead HR Specialist,Business,Performance Management; Recruitment; Communication; Compliance; Payroll; Training; HRIS,Lead,"Contract · Hybrid. We are hiring a Lead HR Specialist for our Healthcare team. The ideal candidate has 8-14 years of experience and is proficient in Performance Management, Recruitment, Communication, Compliance, Payroll, Training, HRIS. This is a hybrid contract position focused on delivering high-quality business work."
Intern HR Specialist,Business,Recruitment; Payroll; Conflict Resolution; Compliance; HRIS; Employee Relations,Intern,"Internship · Hybrid. We are hiring a Intern HR Specialist for our Gaming team. The ideal candidate has 0-1 years of experience and is proficient in Recruitment, Payroll, Conflict Resolution, Compliance, HRIS, Employee Relations. This is a hybrid internship position focused on delivering high-quality business work."
Senior Operations Manager,Business,Analytics; Six Sigma; Budgeting; Process Improvement; Supply Chain; Operations Management; Vendor Management,Senior,"Full-time · Remote. We are hiring a Senior Operations Manager for our E-commerce team. The ideal candidate has 6-10 years of experience and is proficient in Analytics, Six Sigma, Budgeting, Process Improvement, Supply Chain, Operations Management, Vendor Management. This is a remote full-time position focused on delivering high-quality business work."
Mid-level Sales Engineer,Business,Communication; Negotiation; Solution Design; Presentations; CRM; Customer Success; Technical Sales,Mid-level,"Full-time · Hybrid. We are hiring a Mid-level Sales Engineer for our E-commerce team. The ideal candidate has 3-6 years of experience and is proficient in Communication, Negotiation, Solution Design, Presentations, CRM, Customer Success, Technical Sales. This is a hybrid full-time position focused on delivering high-quality business work."
Senior Financial Analyst,Business,Reporting; Excel; Financial Modeling; Valuation; SQL; Budgeting; Forecasting,Senior,"Contract · On-site. We are hiring a Senior Financial Analyst for our Startup team. The ideal candidate has 6-10 years of experience and is proficient in Reporting, Excel, Financial Modeling, Valuation, SQL, Budgeting, Forecasting. This is a on-site contract position focused on delivering high-quality business work."
Principal Financial Analyst,Business,Reporting; Budgeting; Excel; SQL; Forecasting,Principal,"Full-time · On-site. We are hiring a Principal Financial Analyst for our EdTech team. The ideal candidate has 12-20 years of experience and is proficient in Reporting, Budgeting, Excel, SQL, Forecasting. This is a on-site full-time position focused on delivering high-quality business work."
Mid-level Business Analyst,Business,Documentation; Agile; Excel; Communication; Data Analysis,Mid-level,"Internship · Hybrid. We are hiring a Mid-level Business Analyst for our Fintech team. The ideal candidate has 3-6 years of experience and is proficient in Documentation, Agile, Excel, Communication, Data Analysis. This is a hybrid internship position focused on delivering high-quality business work."
Senior Business Analyst,Business,Requirements Gathering; Data Analysis; SQL; Excel; UML,Senior,"Internship · Remote. We are hiring a Senior Business Analyst for our Startup team. The ideal candidate has 6-10 years of experience and is proficient in Requirements Gathering, Data Analysis, SQL, Excel, UML. This is a remote internship position focused on delivering high-quality business work."
Mid-level Business Analyst,Business,UML; Requirements Gathering; Process Modeling; Excel; Communication; SQL,Mid-level,"Full-time · On-site. We are hiring a Mid-level Business Analyst for our Startup team. The ideal candidate has 3-6 years of experience and is proficient in UML, Requirements Gathering, Process Modeling, Excel, Communication, SQL. This is a on-site full-time position focused on delivering high-quality business work."
Senior Business Analyst,Business,Process Modeling; Requirements Gathering; SQL; Communication; Agile; Documentation; Excel,Senior,"Full-time · On-site. We are hiring a Senior Business Analyst for our EdTech team. The ideal candidate has 6-10 years of experience and is proficient in Process Modeling, Requirements Gathering, SQL, Communication, Agile, Documentation, Excel. This is a on-site full-time position focused on delivering high-quality business work."
Mid-level HR Specialist,Business,HRIS; Performance Management; Training; Recruitment; Onboarding,Mid-level,"Internship · On-site. We are hiring a Mid-level HR Specialist for our Enterprise team. The ideal candidate has 3-6 years of experience and is proficient in HRIS, Performance Management, Training, Recruitment, Onboarding. This is a on-site internship position focused on delivering high-quality business work."
Lead Business Analyst,Business,UML; Communication; Agile; Process Modeling; SQL,Lead,"Contract · Hybrid. We are hiring a Lead Business Analyst for our E-commerce team. The ideal candidate has 8-14 years of experience and is proficient in UML, Communication, Agile, Process Modeling, SQL. This is a hybrid contract position focused on delivering high-quality business work."
Lead Operations Manager,Business,Vendor Management; Analytics; Six Sigma; Budgeting; Leadership; Lean,Lead,"Contract · Hybrid. We are hiring a Lead Operations Manager for our Startup team. The ideal candidate has 8-14 years of experience and is proficient in Vendor Management, Analytics, Six Sigma, Budgeting, Leadership, Lean. This is a hybrid contract position focused on delivering high-quality business work."
Principal Financial Analyst,Business,Budgeting; Excel; SQL; Forecasting; Power BI; Financial Modeling,Principal,"Full-time · Hybrid. We are hiring a Principal Financial Analyst for our Startup team. The ideal candidate has 12-20 years of experience and is proficient in Budgeting, Excel, SQL, Forecasting, Power BI, Financial Modeling. This is a hybrid full-time position focused on delivering high-quality business work."
Junior Sales Engineer,Business,Communication; APIs; Negotiation; Technical Sales; CRM,Junior,"Internship · Hybrid. We are hiring a Junior Sales Engineer for our Startup team. The ideal candidate has 1-3 years of experience and is proficient in Communication, APIs, Negotiation, Technical Sales, CRM. This is a hybrid internship position focused on delivering high-quality business work."
Mid-level Financial Analyst,Business,Valuation; Accounting; Excel; Budgeting; Reporting; Financial Modeling,Mid-level,"Contract · Hybrid. We are hiring a Mid-level Financial Analyst for our Enterprise team. The ideal candidate has 3-6 years of experience and is proficient in Valuation, Accounting, Excel, Budgeting, Reporting, Financial Modeling. This is a hybrid contract position focused on delivering high-quality business work."
Principal Operations Manager,Business,Analytics; Vendor Management; Budgeting; Leadership; Operations Management; Supply Chain,Principal,"Contract · Remote. We are hiring a Principal Operations Manager for our Fintech team. The ideal candidate has 12-20 years of experience and is proficient in Analytics, Vendor Management, Budgeting, Leadership, Operations Management, Supply Chain. This is a remote contract position focused on delivering high-quality business work."
Mid-level HR Specialist,Business,Payroll; HRIS; Training; Conflict Resolution; Performance Management; Onboarding; Employee Relations,Mid-level,"Internship · Hybrid. We are hiring a Mid-level HR Specialist for our Gaming team. The ideal candidate has 3-6 years of experience and is proficient in Payroll, HRIS, Training, Conflict Resolution, Performance Management, Onboarding, Employee Relations. This is a hybrid internship position focused on delivering high-quality business work."
Lead HR Specialist,Business,Communication; Conflict Resolution; Compliance; Training; Performance Management,Lead,"Full-time · Hybrid. We are hiring a Lead HR Specialist for our Enterprise team. The ideal candidate has 8-14 years of experience and is proficient in Communication, Conflict Resolution, Compliance, Training, Performance Management. This is a hybrid full-time position focused on delivering high-quality business work."
Junior HR Specialist,Business,HRIS; Communication; Conflict Resolution; Onboarding; Performance Management,Junior,"Internship · Hybrid. We are hiring a Junior HR Specialist for our Enterprise team. The ideal candidate has 1-3 years of experience and is proficient in HRIS, Communication, Conflict Resolution, Onboarding, Performance Management. This is a hybrid internship position focused on delivering high-quality business work."
Junior Operations Manager,Business,Supply Chain; Analytics; Lean; Operations Management; Budgeting,Junior,"Full-time · Hybrid. We are hiring a Junior Operations Manager for our SaaS team. The ideal candidate has 1-3 years of experience and is proficient in Supply Chain, Analytics, Lean, Operations Management, Budgeting. This is a hybrid full-time position focused on delivering high-quality business work."
Lead Operations Manager,Business,Operations Management; Vendor Management; Analytics; Six Sigma; Budgeting; Process Improvement; Lean,Lead,"Full-time · Remote. We are hiring a Lead Operations Manager for our SaaS team. The ideal candidate has 8-14 years of experience and is proficient in Operations Management, Vendor Management, Analytics, Six Sigma, Budgeting, Process Improvement, Lean. This is a remote full-time position focused on delivering high-quality business work."
Senior Financial Analyst,Business,SQL; Excel; Reporting; Forecasting; Analytics; Accounting; Financial Modeling,Senior,"Internship · Hybrid. We are hiring a Senior Financial Analyst for our Gaming team. The ideal candidate has 6-10 years of experience and is proficient in SQL, Excel, Reporting, Forecasting, Analytics, Accounting, Financial Modeling. This is a hybrid internship position focused on delivering high-quality business work."
Principal Business Analyst,Business,Agile; Data Analysis; Stakeholder Management; Documentation; Requirements Gathering; UML; Process Modeling,Principal,"Contract · Remote. We are hiring a Principal Business Analyst for our Startup team. The ideal candidate has 12-20 years of experience and is proficient in Agile, Data Analysis, Stakeholder Management, Documentation, Requirements Gathering, UML, Process Modeling. This is a remote contract position focused on delivering high-quality business work."
Junior Financial Analyst,Business,Valuation; Accounting; Reporting; SQL; Analytics,Junior,"Full-time · Hybrid. We are hiring a Junior Financial Analyst for our Gaming team. The ideal candidate has 1-3 years of experience and is proficient in Valuation, Accounting, Reporting, SQL, Analytics. This is a hybrid full-time position focused on delivering high-quality business work."
Junior Business Analyst,Business,UML; SQL; Process Modeling; Excel; Documentation; Stakeholder Management; Data Analysis,Junior,"Contract · On-site. We are hiring a Junior Business Analyst for our Gaming team. The ideal candidate has 1-3 years of experience and is proficient in UML, SQL, Process Modeling, Excel, Documentation, Stakeholder Management, Data Analysis. This is a on-site contract position focused on delivering high-quality business work."
Junior Business Analyst,Business,Data Analysis; Requirements Gathering; Excel; SQL; Communication; UML,Junior,"Full-time · Hybrid. We are hiring a Junior Business Analyst for our SaaS team. The ideal candidate has 1-3 years of experience and is proficient in Data Analysis, Requirements Gathering, Excel, SQL, Communication, UML. This is a hybrid full-time position focused on delivering high-quality business work."
Senior Business Analyst,Business,UML; SQL; Requirements Gathering; Data Analysis; Agile; Communication,Senior,"Internship · On-site. We are hiring a Senior Business Analyst for our Startup team. The ideal candidate has 6-10 years of experience and is proficient in UML, SQL, Requirements Gathering, Data Analysis, Agile, Communication. This is a on-site internship position focused on delivering high-quality business work."
Principal Operations Manager,Business,Operations Management; Supply Chain; Communication; Six Sigma; Lean,Principal,"Full-time · On-site. We are hiring a Principal Operations Manager for our Healthcare team. The ideal candidate has 12-20 years of experience and is proficient in Operations Management, Supply Chain, Communication, Six Sigma, Lean. This is a on-site full-time position focused on delivering high-quality business work."
Mid-level HR Specialist,Business,Conflict Resolution; Onboarding; HRIS; Compliance; Performance Management,Mid-level,"Contract · Remote. We are hiring a Mid-level HR Specialist for our Startup team. The ideal candidate has 3-6 years of experience and is proficient in Conflict Resolution, Onboarding, HRIS, Compliance, Performance Management. This is a remote contract position focused on delivering high-quality business work."
Mid-level Sales Engineer,Business,Communication; APIs; CRM; Presentations; Negotiation,Mid-level,"Contract · Remote. We are hiring a Mid-level Sales Engineer for our Enterprise team. The ideal candidate has 3-6 years of experience and is proficient in Communication, APIs, CRM, Presentations, Negotiation. This is a remote contract position focused on delivering high-quality business work."
Mid-level Operations Manager,Business,Process Improvement; Communication; Leadership; Vendor Management; Budgeting; Operations Management,Mid-level,"Full-time · Hybrid. We are hiring a Mid-level Operations Manager for our Healthcare team. The ideal candidate has 3-6 years of experience and is proficient in Process Improvement, Communication, Leadership, Vendor Management, Budgeting, Operations Management. This is a hybrid full-time position focused on delivering high-quality business work."
Junior Operations Manager,Business,Vendor Management; Operations Management; Leadership; Six Sigma; Lean,Junior,"Full-time · Hybrid. We are hiring a Junior Operations Manager for our E-commerce team. The ideal candidate has 1-3 years of experience and is proficient in Vendor Management, Operations Management, Leadership, Six Sigma, Lean. This is a hybrid full-time position focused on delivering high-quality business work."
Mid-level Sales Engineer,Business,Cloud; Presentations; Customer Success; Product Demos; Technical Sales; Negotiation,Mid-level,"Internship · Hybrid. We are hiring a Mid-level Sales Engineer for our SaaS team. The ideal candidate has 3-6 years of experience and is proficient in Cloud, Presentations, Customer Success, Product Demos, Technical Sales, Negotiation. This is a hybrid internship position focused on delivering high-quality business work."
Mid-level Business Analyst,Business,Requirements Gathering; Process Modeling; Agile; UML; Communication; Documentation,Mid-level,"Contract · Remote. We are hiring a Mid-level Business Analyst for our Healthcare team. The ideal candidate has 3-6 years of experience and is proficient in Requirements Gathering, Process Modeling, Agile, UML, Communication, Documentation. This is a remote contract position focused on delivering high-quality business work."
Mid-level Sales Engineer,Business,CRM; Solution Design; Cloud; Technical Sales; Presentations; Negotiation,Mid-level,"Full-time · Remote. We are hiring a Mid-level Sales Engineer for our SaaS team. The ideal candidate has 3-6 years of experience and is proficient in CRM, Solution Design, Cloud, Technical Sales, Presentations, Negotiation. This is a remote full-time position focused on delivering high-quality business work."
Principal Financial Analyst,Business,Reporting; Analytics; Financial Modeling; Power BI; Excel; Budgeting; Accounting,Principal,"Internship · Hybrid. We are hiring a Principal Financial Analyst for our SaaS team. The ideal candidate has 12-20 years of experience and is proficient in Reporting, Analytics, Financial Modeling, Power BI, Excel, Budgeting, Accounting. This is a hybrid internship position focused on delivering high-quality business work."
Mid-level Sales Engineer,Business,CRM; Solution Design; Communication; Customer Success; Presentations; Product Demos,Mid-level,"Internship · Remote. We are hiring a Mid-level Sales Engineer for our Healthcare team. The ideal candidate has 3-6 years of experience and is proficient in CRM, Solution Design, Communication, Customer Success, Presentations, Product Demos. This is a remote internship position focused on delivering high-quality business work."
Senior Operations Manager,Business,Operations Management; Leadership; Process Improvement; Analytics; Six Sigma; Communication; Budgeting,Senior,"Full-time · On-site. We are hiring a Senior Operations Manager for our Fintech team. The ideal candidate has 6-10 years of experience and is proficient in Operations Management, Leadership, Process Improvement, Analytics, Six Sigma, Communication, Budgeting. This is a on-site full-time position focused on delivering high-quality business work."
Lead HR Specialist,Business,Employee Relations; Recruitment; Onboarding; Performance Management; HRIS; Compliance; Communication,Lead,"Full-time · Hybrid. We are hiring a Lead HR Specialist for our EdTech team. The ideal candidate has 8-14 years of experience and is proficient in Employee Relations, Recruitment, Onboarding, Performance Management, HRIS, Compliance, Communication. This is a hybrid full-time position focused on delivering high-quality business work."
Senior Operations Manager,Business,Communication; Leadership; Process Improvement; Vendor Management; Supply Chain,Senior,"Full-time · Remote. We are hiring a Senior Operations Manager for our SaaS team. The ideal candidate has 6-10 years of experience and is proficient in Communication, Leadership, Process Improvement, Vendor Management, Supply Chain. This is a remote full-time position focused on delivering high-quality business work."
Principal Operations Manager,Business,Supply Chain; Budgeting; Six Sigma; Vendor Management; Communication; Process Improvement; Analytics,Principal,"Full-time · Remote. We are hiring a Principal Operations Manager for our Healthcare team. The ideal candidate has 12-20 years of experience and is proficient in Supply Chain, Budgeting, Six Sigma, Vendor Management, Communication, Process Improvement, Analytics. This is a remote full-time position focused on delivering high-quality business work."
Intern Operations Manager,Business,Vendor Management; Supply Chain; Process Improvement; Communication; Operations Management,Intern,"Full-time · Remote. We are hiring a Intern Operations Manager for our Gaming team. The ideal candidate has 0-1 years of experience and is proficient in Vendor Management, Supply Chain, Process Improvement, Communication, Operations Management. This is a remote full-time position focused on delivering high-quality business work."
Mid-level Operations Manager,Business,Vendor Management; Budgeting; Six Sigma; Process Improvement; Supply Chain,Mid-level,"Full-time · Remote. We are hiring a Mid-level Operations Manager for our Healthcare team. The ideal candidate has 3-6 years of experience and is proficient in Vendor Management, Budgeting, Six Sigma, Process Improvement, Supply Chain. This is a remote full-time position focused on delivering high-quality business work."
Senior Operations Manager,Business,Leadership; Analytics; Communication; Supply Chain; Budgeting; Process Improvement,Senior,"Contract · On-site. We are hiring a Senior Operations Manager for our Startup team. The ideal candidate has 6-10 years of experience and is proficient in Leadership, Analytics, Communication, Supply Chain, Budgeting, Process Improvement. This is a on-site contract position focused on delivering high-quality business work."
Junior Sales Engineer,Business,Communication; Product Demos; Cloud; Solution Design; APIs; Negotiation; Customer Success,Junior,"Contract · Remote. We are hiring a Junior Sales Engineer for our Gaming team. The ideal candidate has 1-3 years of experience and is proficient in Communication, Product Demos, Cloud, Solution Design, APIs, Negotiation, Customer Success. This is a remote contract position focused on delivering high-quality business work."
Lead Financial Analyst,Business,Reporting; Budgeting; Analytics; Forecasting; SQL; Financial Modeling,Lead,"Full-time · Hybrid. We are hiring a Lead Financial Analyst for our EdTech team. The ideal candidate has 8-14 years of experience and is proficient in Reporting, Budgeting, Analytics, Forecasting, SQL, Financial Modeling. This is a hybrid full-time position focused on delivering high-quality business work."
Lead Sales Engineer,Business,Product Demos; CRM; Communication; Cloud; Customer Success,Lead,"Full-time · On-site. We are hiring a Lead Sales Engineer for our E-commerce team. The ideal candidate has 8-14 years of experience and is proficient in Product Demos, CRM, Communication, Cloud, Customer Success. This is a on-site full-time position focused on delivering high-quality business work."
Lead Operations Manager,Business,Lean; Supply Chain; Six Sigma; Budgeting; Process Improvement; Operations Management,Lead,"Full-time · Hybrid. We are hiring a Lead Operations Manager for our Enterprise team. The ideal candidate has 8-14 years of experience and is proficient in Lean, Supply Chain, Six Sigma, Budgeting, Process Improvement, Operations Management. This is a hybrid full-time position focused on delivering high-quality business work."
Junior Sales Engineer,Business,Product Demos; APIs; CRM; Cloud; Negotiation; Solution Design,Junior,"Contract · On-site. We are hiring a Junior Sales Engineer for our EdTech team. The ideal candidate has 1-3 years of experience and is proficient in Product Demos, APIs, CRM, Cloud, Negotiation, Solution Design. This is a on-site contract position focused on delivering high-quality business work."
Senior Business Analyst,Business,Documentation; Communication; Requirements Gathering; Stakeholder Management; Process Modeling,Senior,"Full-time · On-site. We are hiring a Senior Business Analyst for our Healthcare team. The ideal candidate has 6-10 years of experience and is proficient in Documentation, Communication, Requirements Gathering, Stakeholder Management, Process Modeling. This is a on-site full-time position focused on delivering high-quality business work."
Intern Operations Manager,Business,Leadership; Budgeting; Supply Chain; Analytics; Six Sigma; Lean; Vendor Management,Intern,"Contract · On-site. We are hiring a Intern Operations Manager for our Healthcare team. The ideal candidate has 0-1 years of experience and is proficient in Leadership, Budgeting, Supply Chain, Analytics, Six Sigma, Lean, Vendor Management. This is a on-site contract position focused on delivering high-quality business work."
Intern Sales Engineer,Business,Product Demos; Cloud; APIs; Customer Success; Solution Design; Communication,Intern,"Full-time · Hybrid. We are hiring a Intern Sales Engineer for our Fintech team. The ideal candidate has 0-1 years of experience and is proficient in Product Demos, Cloud, APIs, Customer Success, Solution Design, Communication. This is a hybrid full-time position focused on delivering high-quality business work."
Principal Business Analyst,Business,Documentation; Stakeholder Management; Data Analysis; Process Modeling; UML,Principal,"Internship · On-site. We are hiring a Principal Business Analyst for our Fintech team. The ideal candidate has 12-20 years of experience and is proficient in Documentation, Stakeholder Management, Data Analysis, Process Modeling, UML. This is a on-site internship position focused on delivering high-quality business work."
Junior HR Specialist,Business,Communication; Payroll; Performance Management; Conflict Resolution; Compliance; Onboarding,Junior,"Contract · On-site. We are hiring a Junior HR Specialist for our Healthcare team. The ideal candidate has 1-3 years of experience and is proficient in Communication, Payroll, Performance Management, Conflict Resolution, Compliance, Onboarding. This is a on-site contract position focused on delivering high-quality business work."
Mid-level Financial Analyst,Business,Power BI; Financial Modeling; Budgeting; Analytics; Accounting,Mid-level,"Contract · On-site. We are hiring a Mid-level Financial Analyst for our Healthcare team. The ideal candidate has 3-6 years of experience and is proficient in Power BI, Financial Modeling, Budgeting, Analytics, Accounting. This is a on-site contract position focused on delivering high-quality business work."
Lead Business Analyst,Business,SQL; Agile; Communication; Requirements Gathering; UML,Lead,"Contract · Hybrid. We are hiring a Lead Business Analyst for our SaaS team. The ideal candidate has 8-14 years of experience and is proficient in SQL, Agile, Communication, Requirements Gathering, UML. This is a hybrid contract position focused on delivering high-quality business work."
Mid-level Business Analyst,Business,Agile; Communication; Excel; UML; Requirements Gathering,Mid-level,"Contract · Remote. We are hiring a Mid-level Business Analyst for our E-commerce team. The ideal candidate has 3-6 years of experience and is proficient in Agile, Communication, Excel, UML, Requirements Gathering. This is a remote contract position focused on delivering high-quality business work."
Senior Business Analyst,Business,Excel; SQL; Communication; Documentation; Data Analysis,Senior,"Full-time · Hybrid. We are hiring a Senior Business Analyst for our Startup team. The ideal candidate has 6-10 years of experience and is proficient in Excel, SQL, Communication, Documentation, Data Analysis. This is a hybrid full-time position focused on delivering high-quality business work."
Junior Sales Engineer,Business,Cloud; Solution Design; CRM; Customer Success; APIs; Negotiation; Communication,Junior,"Contract · On-site. We are hiring a Junior Sales Engineer for our E-commerce team. The ideal candidate has 1-3 years of experience and is proficient in Cloud, Solution Design, CRM, Customer Success, APIs, Negotiation, Communication. This is a on-site contract position focused on delivering high-quality business work."
Lead HR Specialist,Business,HRIS; Employee Relations; Onboarding; Performance Management; Conflict Resolution,Lead,"Full-time · Remote. We are hiring a Lead HR Specialist for our Healthcare team. The ideal candidate has 8-14 years of experience and is proficient in HRIS, Employee Relations, Onboarding, Performance Management, Conflict Resolution. This is a remote full-time position focused on delivering high-quality business work."
Principal HR Specialist,Business,Compliance; Communication; Conflict Resolution; Payroll; HRIS; Performance Management,Principal,"Full-time · Remote. We are hiring a Principal HR Specialist for our Startup team. The ideal candidate has 12-20 years of experience and is proficient in Compliance, Communication, Conflict Resolution, Payroll, HRIS, Performance Management. This is a remote full-time position focused on delivering high-quality business work."
Intern Financial Analyst,Business,Reporting; Excel; Valuation; Forecasting; Power BI,Intern,"Contract · Hybrid. We are hiring a Intern Financial Analyst for our EdTech team. The ideal candidate has 0-1 years of experience and is proficient in Reporting, Excel, Valuation, Forecasting, Power BI. This is a hybrid contract position focused on delivering high-quality business work."
Intern Sales Engineer,Business,Technical Sales; Solution Design; Communication; APIs; CRM,Intern,"Internship · Hybrid. We are hiring a Intern Sales Engineer for our EdTech team. The ideal candidate has 0-1 years of experience and is proficient in Technical Sales, Solution Design, Communication, APIs, CRM. This is a hybrid internship position focused on delivering high-quality business work."
Mid-level HR Specialist,Business,Training; Employee Relations; Communication; Onboarding; Compliance; Performance Management; Recruitment,Mid-level,"Contract · On-site. We are hiring a Mid-level HR Specialist for our Fintech team. The ideal candidate has 3-6 years of experience and is proficient in Training, Employee Relations, Communication, Onboarding, Compliance, Performance Management, Recruitment. This is a on-site contract position focused on delivering high-quality business work."
Principal Operations Manager,Business,Process Improvement; Lean; Budgeting; Communication; Six Sigma,Principal,"Internship · Remote. We are hiring a Principal Operations Manager for our Healthcare team. The ideal candidate has 12-20 years of experience and is proficient in Process Improvement, Lean, Budgeting, Communication, Six Sigma. This is a remote internship position focused on delivering high-quality business work."
Intern Sales Engineer,Business,Product Demos; CRM; Solution Design; Communication; Customer Success; Presentations,Intern,"Contract · On-site. We are hiring a Intern Sales Engineer for our Fintech team. The ideal candidate has 0-1 years of experience and is proficient in Product Demos, CRM, Solution Design, Communication, Customer Success, Presentations. This is a on-site contract position focused on delivering high-quality business work."
Intern Sales Engineer,Business,Product Demos; APIs; Customer Success; Cloud; Solution Design,Intern,"Internship · Hybrid. We are hiring a Intern Sales Engineer for our Healthcare team. The ideal candidate has 0-1 years of experience and is proficient in Product Demos, APIs, Customer Success, Cloud, Solution Design. This is a hybrid internship position focused on delivering high-quality business work."
Junior HR Specialist,Business,Payroll; Performance Management; Communication; Conflict Resolution; Compliance; Employee Relations,Junior,"Full-time · Hybrid. We are hiring a Junior HR Specialist for our Healthcare team. The ideal candidate has 1-3 years of experience and is proficient in Payroll, Performance Management, Communication, Conflict Resolution, Compliance, Employee Relations. This is a hybrid full-time position focused on delivering high-quality business work."
Principal Sales Engineer,Business,Product Demos; Customer Success; CRM; Negotiation; Presentations; APIs,Principal,"Contract · On-site. We are hiring a Principal Sales Engineer for our EdTech team. The ideal candidate has 12-20 years of experience and is proficient in Product Demos, Customer Success, CRM, Negotiation, Presentations, APIs. This is a on-site contract position focused on delivering high-quality business work."
Junior HR Specialist,Business,Conflict Resolution; Communication; Payroll; Performance Management; Training; Employee Relations; Recruitment,Junior,"Internship · Remote. We are hiring a Junior HR Specialist for our SaaS team. The ideal candidate has 1-3 years of experience and is proficient in Conflict Resolution, Communication, Payroll, Performance Management, Training, Employee Relations, Recruitment. This is a remote internship position focused on delivering high-quality business work."
Junior Financial Analyst,Business,Forecasting; Analytics; Financial Modeling; Power BI; Excel,Junior,"Internship · On-site. We are hiring a Junior Financial Analyst for our SaaS team. The ideal candidate has 1-3 years of experience and is proficient in Forecasting, Analytics, Financial Modeling, Power BI, Excel. This is a on-site internship position focused on delivering high-quality business work."
Lead Operations Manager,Business,Supply Chain; Process Improvement; Budgeting; Leadership; Analytics; Vendor Management,Lead,"Internship · Remote. We are hiring a Lead Operations Manager for our Healthcare team. The ideal candidate has 8-14 years of experience and is proficient in Supply Chain, Process Improvement, Budgeting, Leadership, Analytics, Vendor Management. This is a remote internship position focused on delivering high-quality business work."
Lead HR Specialist,Business,HRIS; Payroll; Compliance; Recruitment; Performance Management; Conflict Resolution,Lead,"Full-time · On-site. We are hiring a Lead HR Specialist for our Healthcare team. The ideal candidate has 8-14 years of experience and is proficient in HRIS, Payroll, Compliance, Recruitment, Performance Management, Conflict Resolution. This is a on-site full-time position focused on delivering high-quality business work."
Intern Sales Engineer,Business,APIs; Solution Design; CRM; Customer Success; Communication,Intern,"Contract · Remote. We are hiring a Intern Sales Engineer for our EdTech team. The ideal candidate has 0-1 years of experience and is proficient in APIs, Solution Design, CRM, Customer Success, Communication. This is a remote contract position focused on delivering high-quality business work."
Lead Business Analyst,Business,Agile; SQL; Excel; Stakeholder Management; Communication,Lead,"Full-time · Remote. We are hiring a Lead Business Analyst for our EdTech team. The ideal candidate has 8-14 years of experience and is proficient in Agile, SQL, Excel, Stakeholder Management, Communication. This is a remote full-time position focused on delivering high-quality business work."
Senior Sales Engineer,Business,Technical Sales; Product Demos; Communication; APIs; Customer Success,Senior,"Internship · Hybrid. We are hiring a Senior Sales Engineer for our Enterprise team. The ideal candidate has 6-10 years of experience and is proficient in Technical Sales, Product Demos, Communication, APIs, Customer Success. This is a hybrid internship position focused on delivering high-quality business work."
Mid-level Sales Engineer,Business,APIs; Cloud; Product Demos; Customer Success; CRM; Solution Design,Mid-level,"Internship · On-site. We are hiring a Mid-level Sales Engineer for our Gaming team. The ideal candidate has 3-6 years of experience and is proficient in APIs, Cloud, Product Demos, Customer Success, CRM, Solution Design. This is a on-site internship position focused on delivering high-quality business work."
Junior HR Specialist,Business,Conflict Resolution; Employee Relations; Onboarding; Performance Management; HRIS,Junior,"Contract · Remote. We are hiring a Junior HR Specialist for our EdTech team. The ideal candidate has 1-3 years of experience and is proficient in Conflict Resolution, Employee Relations, Onboarding, Performance Management, HRIS. This is a remote contract position focused on delivering high-quality business work."
Senior Business Analyst,Business,Documentation; Excel; Data Analysis; Requirements Gathering; Agile; SQL; Stakeholder Management,Senior,"Internship · On-site. We are hiring a Senior Business Analyst for our E-commerce team. The ideal candidate has 6-10 years of experience and is proficient in Documentation, Excel, Data Analysis, Requirements Gathering, Agile, SQL, Stakeholder Management. This is a on-site internship position focused on delivering high-quality business work."
Mid-level Operations Manager,Business,Vendor Management; Lean; Leadership; Budgeting; Operations Management; Communication,Mid-level,"Full-time · Remote. We are hiring a Mid-level Operations Manager for our Fintech team. The ideal candidate has 3-6 years of experience and is proficient in Vendor Management, Lean, Leadership, Budgeting, Operations Management, Communication. This is a remote full-time position focused on delivering high-quality business work."
Lead Operations Manager,Business,Supply Chain; Operations Management; Analytics; Process Improvement; Lean,Lead,"Full-time · Hybrid. We are hiring a Lead Operations Manager for our E-commerce team. The ideal candidate has 8-14 years of experience and is proficient in Supply Chain, Operations Management, Analytics, Process Improvement, Lean. This is a hybrid full-time position focused on delivering high-quality business work."
Intern Financial Analyst,Business,Budgeting; Forecasting; Analytics; Reporting; Financial Modeling; Power BI; SQL,Intern,"Internship · On-site. We are hiring a Intern Financial Analyst for our Healthcare team. The ideal candidate has 0-1 years of experience and is proficient in Budgeting, Forecasting, Analytics, Reporting, Financial Modeling, Power BI, SQL. This is a on-site internship position focused on delivering high-quality business work."
Mid-level Sales Engineer,Business,Solution Design; CRM; Presentations; Cloud; APIs; Negotiation,Mid-level,"Full-time · On-site. We are hiring a Mid-level Sales Engineer for our Startup team. The ideal candidate has 3-6 years of experience and is proficient in Solution Design, CRM, Presentations, Cloud, APIs, Negotiation. This is a on-site full-time position focused on delivering high-quality business work."
Junior Financial Analyst,Business,Financial Modeling; Reporting; Analytics; Forecasting; Accounting; Power BI,Junior,"Internship · Hybrid. We are hiring a Junior Financial Analyst for our E-commerce team. The ideal candidate has 1-3 years of experience and is proficient in Financial Modeling, Reporting, Analytics, Forecasting, Accounting, Power BI. This is a hybrid internship position focused on delivering high-quality business work."
Lead Sales Engineer,Business,APIs; Solution Design; Customer Success; Communication; Presentations,Lead,"Full-time · Remote. We are hiring a Lead Sales Engineer for our SaaS team. The ideal candidate has 8-14 years of experience and is proficient in APIs, Solution Design, Customer Success, Communication, Presentations. This is a remote full-time position focused on delivering high-quality business work."
Mid-level Business Analyst,Business,Process Modeling; Excel; UML; Documentation; Stakeholder Management; Data Analysis; Requirements Gathering,Mid-level,"Full-time · On-site. We are hiring a Mid-level Business Analyst for our SaaS team. The ideal candidate has 3-6 years of experience and is proficient in Process Modeling, Excel, UML, Documentation, Stakeholder Management, Data Analysis, Requirements Gathering. This is a on-site full-time position focused on delivering high-quality business work."
Junior HR Specialist,Business,Training; Performance Management; Payroll; Recruitment; Compliance; Onboarding; Employee Relations,Junior,"Contract · On-site. We are hiring a Junior HR Specialist for our Enterprise team. The ideal candidate has 1-3 years of experience and is proficient in Training, Performance Management, Payroll, Recruitment, Compliance, Onboarding, Employee Relations. This is a on-site contract position focused on delivering high-quality business work."
Junior Sales Engineer,Business,Customer Success; APIs; Technical Sales; Presentations; CRM,Junior,"Contract · Hybrid. We are hiring a Junior Sales Engineer for our E-commerce team. The ideal candidate has 1-3 years of experience and is proficient in Customer Success, APIs, Technical Sales, Presentations, CRM. This is a hybrid contract position focused on delivering high-quality business work."
Principal Business Analyst,Business,Communication; Data Analysis; Stakeholder Management; Documentation; Agile,Principal,"Contract · On-site. We are hiring a Principal Business Analyst for our Fintech team. The ideal candidate has 12-20 years of experience and is proficient in Communication, Data Analysis, Stakeholder Management, Documentation, Agile. This is a on-site contract position focused on delivering high-quality business work."
Junior Business Analyst,Business,SQL; Agile; Requirements Gathering; Documentation; Communication,Junior,"Full-time · On-site. We are hiring a Junior Business Analyst for our Healthcare team. The ideal candidate has 1-3 years of experience and is proficient in SQL, Agile, Requirements Gathering, Documentation, Communication. This is a on-site full-time position focused on delivering high-quality business work."
Principal HR Specialist,Business,Onboarding; Payroll; HRIS; Employee Relations; Conflict Resolution; Performance Management; Communication,Principal,"Full-time · Remote. We are hiring a Principal HR Specialist for our Healthcare team. The ideal candidate has 12-20 years of experience and is proficient in Onboarding, Payroll, HRIS, Employee Relations, Conflict Resolution, Performance Management, Communication. This is a remote full-time position focused on delivering high-quality business work."
Intern Business Analyst,Business,SQL; Excel; Agile; Process Modeling; UML; Documentation,Intern,"Internship · Remote. We are hiring a Intern Business Analyst for our Healthcare team. The ideal candidate has 0-1 years of experience and is proficient in SQL, Excel, Agile, Process Modeling, UML, Documentation. This is a remote internship position focused on delivering high-quality business work."
Lead Operations Manager,Business,Budgeting; Analytics; Communication; Operations Management; Six Sigma; Supply Chain; Lean,Lead,"Contract · On-site. We are hiring a Lead Operations Manager for our SaaS team. The ideal candidate has 8-14 years of experience and is proficient in Budgeting, Analytics, Communication, Operations Management, Six Sigma, Supply Chain, Lean. This is a on-site contract position focused on delivering high-quality business work."
Mid-level Financial Analyst,Business,SQL; Analytics; Power BI; Reporting; Valuation; Budgeting; Financial Modeling,Mid-level,"Contract · Remote. We are hiring a Mid-level Financial Analyst for our Healthcare team. The ideal candidate has 3-6 years of experience and is proficient in SQL, Analytics, Power BI, Reporting, Valuation, Budgeting, Financial Modeling. This is a remote contract position focused on delivering high-quality business work."
Principal Operations Manager,Business,Analytics; Budgeting; Six Sigma; Vendor Management; Communication,Principal,"Internship · Remote. We are hiring a Principal Operations Manager for our SaaS team. The ideal candidate has 12-20 years of experience and is proficient in Analytics, Budgeting, Six Sigma, Vendor Management, Communication. This is a remote internship position focused on delivering high-quality business work."
Principal Sales Engineer,Business,Cloud; Technical Sales; Communication; APIs; Customer Success,Principal,"Internship · On-site. We are hiring a Principal Sales Engineer for our Enterprise team. The ideal candidate has 12-20 years of experience and is proficient in Cloud, Technical Sales, Communication, APIs, Customer Success. This is a on-site internship position focused on delivering high-quality business work."
Mid-level Financial Analyst,Business,SQL; Reporting; Excel; Forecasting; Power BI,Mid-level,"Contract · On-site. We are hiring a Mid-level Financial Analyst for our Startup team. The ideal candidate has 3-6 years of experience and is proficient in SQL, Reporting, Excel, Forecasting, Power BI. This is a on-site contract position focused on delivering high-quality business work."
Senior HR Specialist,Business,Employee Relations; Training; Recruitment; Performance Management; Payroll; Conflict Resolution,Senior,"Full-time · Remote. We are hiring a Senior HR Specialist for our Healthcare team. The ideal candidate has 6-10 years of experience and is proficient in Employee Relations, Training, Recruitment, Performance Management, Payroll, Conflict Resolution. This is a remote full-time position focused on delivering high-quality business work."
Junior Business Analyst,Business,UML; Requirements Gathering; Documentation; Communication; Excel; Process Modeling,Junior,"Contract · Remote. We are hiring a Junior Business Analyst for our Fintech team. The ideal candidate has 1-3 years of experience and is proficient in UML, Requirements Gathering, Documentation, Communication, Excel, Process Modeling. This is a remote contract position focused on delivering high-quality business work."
Principal Financial Analyst,Business,SQL; Excel; Budgeting; Financial Modeling; Valuation; Reporting,Principal,"Contract · Hybrid. We are hiring a Principal Financial Analyst for our EdTech team. The ideal candidate has 12-20 years of experience and is proficient in SQL, Excel, Budgeting, Financial Modeling, Valuation, Reporting. This is a hybrid contract position focused on delivering high-quality business work."
Junior Financial Analyst,Business,Reporting; Valuation; Power BI; Budgeting; Accounting; Financial Modeling; Excel,Junior,"Full-time · Remote. We are hiring a Junior Financial Analyst for our Startup team. The ideal candidate has 1-3 years of experience and is proficient in Reporting, Valuation, Power BI, Budgeting, Accounting, Financial Modeling, Excel. This is a remote full-time position focused on delivering high-quality business work."
Principal HR Specialist,Business,Performance Management; Onboarding; Training; Employee Relations; Recruitment; Payroll,Principal,"Full-time · Hybrid. We are hiring a Principal HR Specialist for our Healthcare team. The ideal candidate has 12-20 years of experience and is proficient in Performance Management, Onboarding, Training, Employee Relations, Recruitment, Payroll. This is a hybrid full-time position focused on delivering high-quality business work."
Lead Financial Analyst,Business,Forecasting; Excel; Analytics; Budgeting; Reporting,Lead,"Full-time · Remote. We are hiring a Lead Financial Analyst for our SaaS team. The ideal candidate has 8-14 years of experience and is proficient in Forecasting, Excel, Analytics, Budgeting, Reporting. This is a remote full-time position focused on delivering high-quality business work."
Senior Sales Engineer,Business,Product Demos; Presentations; APIs; Communication; Cloud; Solution Design,Senior,"Full-time · On-site. We are hiring a Senior Sales Engineer for our Healthcare team. The ideal candidate has 6-10 years of experience and is proficient in Product Demos, Presentations, APIs, Communication, Cloud, Solution Design. This is a on-site full-time position focused on delivering high-quality business work."
Principal HR Specialist,Business,Payroll; Conflict Resolution; Performance Management; Communication; Recruitment; HRIS; Onboarding,Principal,"Contract · Hybrid. We are hiring a Principal HR Specialist for our SaaS team. The ideal candidate has 12-20 years of experience and is proficient in Payroll, Conflict Resolution, Performance Management, Communication, Recruitment, HRIS, Onboarding. This is a hybrid contract position focused on delivering high-quality business work."
Senior Sales Engineer,Business,Negotiation; APIs; Solution Design; Presentations; Cloud; Customer Success; CRM,Senior,"Full-time · Remote. We are hiring a Senior Sales Engineer for our E-commerce team. The ideal candidate has 6-10 years of experience and is proficient in Negotiation, APIs, Solution Design, Presentations, Cloud, Customer Success, CRM. This is a remote full-time position focused on delivering high-quality business work."
Lead Financial Analyst,Business,Power BI; SQL; Accounting; Financial Modeling; Budgeting; Excel; Forecasting,Lead,"Full-time · Remote. We are hiring a Lead Financial Analyst for our E-commerce team. The ideal candidate has 8-14 years of experience and is proficient in Power BI, SQL, Accounting, Financial Modeling, Budgeting, Excel, Forecasting. This is a remote full-time position focused on delivering high-quality business work."
Mid-level Sales Engineer,Business,Solution Design; Negotiation; Cloud; Presentations; Customer Success; APIs,Mid-level,"Full-time · Remote. We are hiring a Mid-level Sales Engineer for our Enterprise team. The ideal candidate has 3-6 years of experience and is proficient in Solution Design, Negotiation, Cloud, Presentations, Customer Success, APIs. This is a remote full-time position focused on delivering high-quality business work."
Junior Financial Analyst,Business,SQL; Power BI; Reporting; Financial Modeling; Valuation; Accounting,Junior,"Full-time · On-site. We are hiring a Junior Financial Analyst for our Healthcare team. The ideal candidate has 1-3 years of experience and is proficient in SQL, Power BI, Reporting, Financial Modeling, Valuation, Accounting. This is a on-site full-time position focused on delivering high-quality business work."
Lead HR Specialist,Business,Conflict Resolution; Payroll; Training; Compliance; Onboarding,Lead,"Contract · Hybrid. We are hiring a Lead HR Specialist for our Startup team. The ideal candidate has 8-14 years of experience and is proficient in Conflict Resolution, Payroll, Training, Compliance, Onboarding. This is a hybrid contract position focused on delivering high-quality business work."
Intern Financial Analyst,Business,Accounting; Reporting; Analytics; Forecasting; Valuation; Power BI,Intern,"Internship · Hybrid. We are hiring a Intern Financial Analyst for our Enterprise team. The ideal candidate has 0-1 years of experience and is proficient in Accounting, Reporting, Analytics, Forecasting, Valuation, Power BI. This is a hybrid internship position focused on delivering high-quality business work."
Intern Financial Analyst,Business,Forecasting; SQL; Financial Modeling; Analytics; Reporting,Intern,"Internship · On-site. We are hiring a Intern Financial Analyst for our Gaming team. The ideal candidate has 0-1 years of experience and is proficient in Forecasting, SQL, Financial Modeling, Analytics, Reporting. This is a on-site internship position focused on delivering high-quality business work."
Principal HR Specialist,Business,Recruitment; Training; Compliance; HRIS; Onboarding; Conflict Resolution; Performance Management,Principal,"Full-time · Hybrid. We are hiring a Principal HR Specialist for our SaaS team. The ideal candidate has 12-20 years of experience and is proficient in Recruitment, Training, Compliance, HRIS, Onboarding, Conflict Resolution, Performance Management. This is a hybrid full-time position focused on delivering high-quality business work."
Intern Sales Engineer,Business,Communication; APIs; Cloud; Negotiation; Product Demos,Intern,"Contract · Hybrid. We are hiring a Intern Sales Engineer for our Healthcare team. The ideal candidate has 0-1 years of experience and is proficient in Communication, APIs, Cloud, Negotiation, Product Demos. This is a hybrid contract position focused on delivering high-quality business work."
Mid-level Operations Manager,Business,Supply Chain; Analytics; Operations Management; Six Sigma; Communication,Mid-level,"Internship · Hybrid. We are hiring a Mid-level Operations Manager for our EdTech team. The ideal candidate has 3-6 years of experience and is proficient in Supply Chain, Analytics, Operations Management, Six Sigma, Communication. This is a hybrid internship position focused on delivering high-quality business work."
Intern Sales Engineer,Business,Cloud; Negotiation; Communication; Customer Success; Solution Design; APIs,Intern,"Internship · Remote. We are hiring a Intern Sales Engineer for our SaaS team. The ideal candidate has 0-1 years of experience and is proficient in Cloud, Negotiation, Communication, Customer Success, Solution Design, APIs. This is a remote internship position focused on delivering high-quality business work."
Senior Sales Engineer,Business,Communication; CRM; Presentations; Technical Sales; Negotiation; Solution Design; Product Demos,Senior,"Full-time · Remote. We are hiring a Senior Sales Engineer for our Enterprise team. The ideal candidate has 6-10 years of experience and is proficient in Communication, CRM, Presentations, Technical Sales, Negotiation, Solution Design, Product Demos. This is a remote full-time position focused on delivering high-quality business work."
Principal Financial Analyst,Business,Reporting; Accounting; Budgeting; Analytics; Power BI; Valuation; Financial Modeling,Principal,"Full-time · On-site. We are hiring a Principal Financial Analyst for our SaaS team. The ideal candidate has 12-20 years of experience and is proficient in Reporting, Accounting, Budgeting, Analytics, Power BI, Valuation, Financial Modeling. This is a on-site full-time position focused on delivering high-quality business work."
Junior Sales Engineer,Business,Negotiation; Cloud; Technical Sales; Presentations; Product Demos,Junior,"Contract · Hybrid. We are hiring a Junior Sales Engineer for our Healthcare team. The ideal candidate has 1-3 years of experience and is proficient in Negotiation, Cloud, Technical Sales, Presentations, Product Demos. This is a hybrid contract position focused on delivering high-quality business work."
Intern HR Specialist,Business,Compliance; Conflict Resolution; Recruitment; Employee Relations; Payroll; Training,Intern,"Internship · On-site. We are hiring a Intern HR Specialist for our SaaS team. The ideal candidate has 0-1 years of experience and is proficient in Compliance, Conflict Resolution, Recruitment, Employee Relations, Payroll, Training. This is a on-site internship position focused on delivering high-quality business work."
Intern HR Specialist,Business,Performance Management; Compliance; Payroll; Employee Relations; Training; Conflict Resolution,Intern,"Full-time · Hybrid. We are hiring a Intern HR Specialist for our Startup team. The ideal candidate has 0-1 years of experience and is proficient in Performance Management, Compliance, Payroll, Employee Relations, Training, Conflict Resolution. This is a hybrid full-time position focused on delivering high-quality business work."
Junior HR Specialist,Business,Performance Management; Conflict Resolution; Onboarding; Compliance; Recruitment; Training,Junior,"Contract · On-site. We are hiring a Junior HR Specialist for our Fintech team. The ideal candidate has 1-3 years of experience and is proficient in Performance Management, Conflict Resolution, Onboarding, Compliance, Recruitment, Training. This is a on-site contract position focused on delivering high-quality business work."
Mid-level Financial Analyst,Business,Reporting; Financial Modeling; Forecasting; Power BI; Excel; Analytics,Mid-level,"Internship · Hybrid. We are hiring a Mid-level Financial Analyst for our Enterprise team. The ideal candidate has 3-6 years of experience and is proficient in Reporting, Financial Modeling, Forecasting, Power BI, Excel, Analytics. This is a hybrid internship position focused on delivering high-quality business work."
Intern Business Analyst,Business,Stakeholder Management; Data Analysis; Requirements Gathering; Documentation; Process Modeling,Intern,"Contract · On-site. We are hiring a Intern Business Analyst for our EdTech team. The ideal candidate has 0-1 years of experience and is proficient in Stakeholder Management, Data Analysis, Requirements Gathering, Documentation, Process Modeling. This is a on-site contract position focused on delivering high-quality business work."
Junior Financial Analyst,Business,SQL; Excel; Valuation; Financial Modeling; Accounting; Reporting,Junior,"Internship · Hybrid. We are hiring a Junior Financial Analyst for our EdTech team. The ideal candidate has 1-3 years of experience and is proficient in SQL, Excel, Valuation, Financial Modeling, Accounting, Reporting. This is a hybrid internship position focused on delivering high-quality business work."
