title,category,skills,level,description
Senior UX Designer,Design,Usability Testing; Accessibility; Journey Mapping; Design Thinking; Prototyping,Senior,"Full-time · Hybrid. We are hiring a Senior UX Designer for our Gaming team. The ideal candidate has 6-10 years of experience and is proficient in Usability Testing, Accessibility, Journey Mapping, Design Thinking, Prototyping. This is a hybrid full-time position focused on delivering high-quality design work."
Junior Product Designer,Design,Figma; Wireframing; Sketch; Design Systems; Usability Testing,Junior,"Internship · Hybrid. We are hiring a Junior Product Designer for our Healthcare team. The ideal candidate has 1-3 years of experience and is proficient in Figma, Wireframing, Sketch, Design Systems, Usability Testing. This is a hybrid internship position focused on delivering high-quality design work."
Mid-level UI Designer,Design,Color Theory; Adobe XD; Figma; HTML; Prototyping; Wireframing; Sketch,Mid-level,"Contract · Hybrid. We are hiring a Mid-level UI Designer for our Enterprise team. The ideal candidate has 3-6 years of experience and is proficient in Color Theory, Adobe XD, Figma, HTML, Prototyping, Wireframing, Sketch. This is a hybrid contract position focused on delivering high-quality design work."
Principal Graphic Designer,Design,Photoshop; Print Design; Typography; InDesign; Adobe XD,Principal,"Contract · Remote. We are hiring a Principal Graphic Designer for our Gaming team. The ideal candidate has 12-20 years of experience and is proficient in Photoshop, Print Design, Typography, InDesign, Adobe XD. This is a remote contract position focused on delivering high-quality design work."
Lead UX Designer,Design,Accessibility; Journey Mapping; Information Architecture; Personas; User Research; Design Thinking; Wireframing,Lead,"Contract · On-site. We are hiring a Lead UX Designer for our Fintech team. The ideal candidate has 8-14 years of experience and is proficient in Accessibility, Journey Mapping, Information Architecture, Personas, User Research, Design Thinking, Wireframing. This is a on-site contract position focused on delivering high-quality design work."
Senior Graphic Designer,Design,Print Design; InDesign; Adobe XD; Layout Design; Photoshop,Senior,"Internship · Remote. We are hiring a Senior Graphic Designer for our Fintech team. The ideal candidate has 6-10 years of experience and is proficient in Print Design, InDesign, Adobe XD, Layout Design, Photoshop. This is a remote internship position focused on delivering high-quality design work."
Senior Graphic Designer,Design,Adobe XD; InDesign; Typography; Creativity; Print Design; Illustrator,Senior,"Contract · Remote. We are hiring a Senior Graphic Designer for our E-commerce team. The ideal candidate has 6-10 years of experience and is proficient in Adobe XD, InDesign, Typography, Creativity, Print Design, Illustrator. This is a remote contract position focused on delivering high-quality design work."
Mid-level Interaction Designer,Design,Wireframing; Motion Design; Design Systems; Prototyping; Interaction Design; UX Design; Figma,Mid-level,"Full-time · On-site. We are hiring a Mid-level Interaction Designer for our E-commerce team. The ideal candidate has 3-6 years of experience and is proficient in Wireframing, Motion Design, Design Systems, Prototyping, Interaction Design, UX Design, Figma. This is a on-site full-time position focused on delivering high-quality design work."
Lead UI Designer,Design,Design Systems; HTML; Prototyping; CSS; Sketch,Lead,"Full-time · On-site. We are hiring a Lead UI Designer for our Enterprise team. The ideal candidate has 8-14 years of experience and is proficient in Design Systems, HTML, Prototyping, CSS, Sketch. This is a on-site full-time position focused on delivering high-quality design work."
Mid-level Interaction Designer,Design,Usability Testing; After Effects; Interaction Design; User Research; UX Design; Wireframing; Design Systems,Mid-level,"Full-time · On-site. We are hiring a Mid-level Interaction Designer for our Gaming team. The ideal candidate has 3-6 years of experience and is proficient in Usability Testing, After Effects, Interaction Design, User Research, UX Design, Wireframing, Design Systems. This is a on-site full-time position focused on delivering high-quality design work."
Mid-level UI Designer,Design,Figma; Typography; Wireframing; Sketch; CSS,Mid-level,"Full-time · On-site. We are hiring a Mid-level UI Designer for our Enterprise team. The ideal candidate has 3-6 years of experience and is proficient in Figma, Typography, Wireframing, Sketch, CSS. This is a on-site full-time position focused on delivering high-quality design work."
Mid-level UX Designer,Design,Accessibility; Usability Testing; User Research; Wireframing; Personas; Prototyping,Mid-level,"Full-time · Remote. We are hiring a Mid-level UX Designer for our SaaS team. The ideal candidate has 3-6 years of experience and is proficient in Accessibility, Usability Testing, User Research, Wireframing, Personas, Prototyping. This is a remote full-time position focused on delivering high-quality design work."
Mid-level UI Designer,Design,Adobe XD; HTML; Design Systems; Color Theory; Wireframing; Sketch,Mid-level,"Full-time · Hybrid. We are hiring a Mid-level UI Designer for our E-commerce team. The ideal candidate has 3-6 years of experience and is proficient in Adobe XD, HTML, Design Systems, Color Theory, Wireframing, Sketch. This is a hybrid full-time position focused on delivering high-quality design work."
Principal UX Designer,Design,Figma; Wireframing; Journey Mapping; Usability Testing; Accessibility; User Research; Personas,Principal,"Internship · Hybrid. We are hiring a Principal UX Designer for our Fintech team. The ideal candidate has 12-20 years of experience and is proficient in Figma, Wireframing, Journey Mapping, Usability Testing, Accessibility, User Research, Personas. This is a hybrid internship position focused on delivering high-quality design work."
Lead Interaction Designer,Design,After Effects; Motion Design; UX Design; Usability Testing; Figma; Design Systems,Lead,"Internship · Hybrid. We are hiring a Lead Interaction Designer for our SaaS team. The ideal candidate has 8-14 years of experience and is proficient in After Effects, Motion Design, UX Design, Usability Testing, Figma, Design Systems. This is a hybrid internship position focused on delivering high-quality design work."
Intern UI Designer,Design,Figma; Design Systems; Sketch; CSS; Typography; Adobe XD,Intern,"Full-time · Hybrid. We are hiring a Intern UI Designer for our Gaming team. The ideal candidate has 0-1 years of experience and is proficient in Figma, Design Systems, Sketch, CSS, Typography, Adobe XD. This is a hybrid full-time position focused on delivering high-quality design work."
Junior UX Designer,Design,Accessibility; User Research; Wireframing; Prototyping; Journey Mapping; Personas,Junior,"Contract · On-site. We are hiring a Junior UX Designer for our EdTech team. The ideal candidate has 1-3 years of experience and is proficient in Accessibility, User Research, Wireframing, Prototyping, Journey Mapping, Personas. This is a on-site contract position focused on delivering high-quality design work."
Mid-level Graphic Designer,Design,Photoshop; Branding; Creativity; InDesign; Adobe XD; Color Theory; Typography,Mid-level,"Contract · Hybrid. We are hiring a Mid-level Graphic Designer for our EdTech team. The ideal candidate has 3-6 years of experience and is proficient in Photoshop, Branding, Creativity, InDesign, Adobe XD, Color Theory, Typography. This is a hybrid contract position focused on delivering high-quality design work."
Principal Graphic Designer,Design,Illustrator; Creativity; Color Theory; Typography; Adobe XD; Photoshop; Branding,Principal,"Full-time · Hybrid. We are hiring a Principal Graphic Designer for our Fintech team. The ideal candidate has 12-20 years of experience and is proficient in Illustrator, Creativity, Color Theory, Typography, Adobe XD, Photoshop, Branding. This is a hybrid full-time position focused on delivering high-quality design work."
Principal UI Designer,Design,Color Theory; Design Systems; CSS; Sketch; Typography; HTML,Principal,"Internship · Remote. We are hiring a Principal UI Designer for our SaaS team. The ideal candidate has 12-20 years of experience and is proficient in Color Theory, Design Systems, CSS, Sketch, Typography, HTML. This is a remote internship position focused on delivering high-quality design work."
Mid-level Interaction Designer,Design,UX Design; Usability Testing; Prototyping; After Effects; User Research; Figma; Interaction Design,Mid-level,"Full-time · Remote. We are hiring a Mid-level Interaction Designer for our Fintech team. The ideal candidate has 3-6 years of experience and is proficient in UX Design, Usability Testing, Prototyping, After Effects, User Research, Figma, Interaction Design. This is a remote full-time position focused on delivering high-quality design work."
Intern Graphic Designer,Design,Typography; Layout Design; Color Theory; Adobe XD; InDesign; Branding,Intern,"Internship · Remote. We are hiring a Intern Graphic Designer for our EdTech team. The ideal candidate has 0-1 years of experience and is proficient in Typography, Layout Design, Color Theory, Adobe XD, InDesign, Branding. This is a remote internship position focused on delivering high-quality design work."
Lead UX Designer,Design,Prototyping; Figma; Wireframing; Design Thinking; Personas; Accessibility; User Research,Lead,"Contract · On-site. We are hiring a Lead UX Designer for our Startup team. The ideal candidate has 8-14 years of experience and is proficient in Prototyping, Figma, Wireframing, Design Thinking, Personas, Accessibility, User Research. This is a on-site contract position focused on delivering high-quality design work."
Senior Interaction Designer,Design,Prototyping; Design Systems; Wireframing; Motion Design; User Research; Usability Testing; Figma,Senior,"Full-time · On-site. We are hiring a Senior Interaction Designer for our Enterprise team. The ideal candidate has 6-10 years of experience and is proficient in Prototyping, Design Systems, Wireframing, Motion Design, User Research, Usability Testing, Figma. This is a on-site full-time position focused on delivering high-quality design work."
Senior UX Designer,Design,User Research; Journey Mapping; Prototyping; Usability Testing; Figma; Information Architecture; Wireframing,Senior,"Contract · Hybrid. We are hiring a Senior UX Designer for our SaaS team. The ideal candidate has 6-10 years of experience and is proficient in User Research, Journey Mapping, Prototyping, Usability Testing, Figma, Information Architecture, Wireframing. This is a hybrid contract position focused on delivering high-quality design work."
Mid-level Graphic Designer,Design,Creativity; Print Design; Color Theory; Layout Design; Typography; Photoshop; Illustrator,Mid-level,"Internship · On-site. We are hiring a Mid-level Graphic Designer for our E-commerce team. The ideal candidate has 3-6 years of experience and is proficient in Creativity, Print Design, Color Theory, Layout Design, Typography, Photoshop, Illustrator. This is a on-site internship position focused on delivering high-quality design work."
Mid-level Interaction Designer,Design,Wireframing; Interaction Design; Motion Design; Usability Testing; Design Systems; After Effects; User Research,Mid-level,"Contract · Hybrid. We are hiring a Mid-level Interaction Designer for our SaaS team. The ideal candidate has 3-6 years of experience and is proficient in Wireframing, Interaction Design, Motion Design, Usability Testing, Design Systems, After Effects, User Research. This is a hybrid contract position focused on delivering high-quality design work."
Junior Interaction Designer,Design,UX Design; Design Systems; Figma; Interaction Design; Wireframing,Junior,"Full-time · Hybrid. We are hiring a Junior Interaction Designer for our SaaS team. The ideal candidate has 1-3 years of experience and is proficient in UX Design, Design Systems, Figma, Interaction Design, Wireframing. This is a hybrid full-time position focused on delivering high-quality design work."
Mid-level Interaction Designer,Design,Wireframing; UX Design; Figma; After Effects; Design Systems; User Research,Mid-level,"Contract · On-site. We are hiring a Mid-level Interaction Designer for our Startup team. The ideal candidate has 3-6 years of experience and is proficient in Wireframing, UX Design, Figma, After Effects, Design Systems, User Research. This is a on-site contract position focused on delivering high-quality design work."
Junior Interaction Designer,Design,Figma; User Research; Prototyping; Design Systems; Motion Design; Usability Testing; After Effects,Junior,"Contract · On-site. We are hiring a Junior Interaction Designer for our Startup team. The ideal candidate has 1-3 years of experience and is proficient in Figma, User Research, Prototyping, Design Systems, Motion Design, Usability Testing, After Effects. This is a on-site contract position focused on delivering high-quality design work."
Senior Graphic Designer,Design,Illustrator; Creativity; Color Theory; Photoshop; InDesign; Typography,Senior,"Internship · Remote. We are hiring a Senior Graphic Designer for our Startup team. The ideal candidate has 6-10 years of experience and is proficient in Illustrator, Creativity, Color Theory, Photoshop, InDesign, Typography. This is a remote internship position focused on delivering high-quality design work."
Senior Product Designer,Design,Prototyping; Design Systems; UI Design; Sketch; User Research,Senior,"Internship · On-site. We are hiring a Senior Product Designer for our EdTech team. The ideal candidate has 6-10 years of experience and is proficient in Prototyping, Design Systems, UI Design, Sketch, User Research. This is a on-site internship position focused on delivering high-quality design work."
Intern Interaction Designer,Design,After Effects; Usability Testing; Figma; Prototyping; User Research,Intern,"Contract · Remote. We are hiring a Intern Interaction Designer for our EdTech team. The ideal candidate has 0-1 years of experience and is proficient in After Effects, Usability Testing, Figma, Prototyping, User Research. This is a remote contract position focused on delivering high-quality design work."
Lead UI Designer,Design,Figma; Typography; Prototyping; HTML; Color Theory; Adobe XD; Sketch,Lead,"Internship · Hybrid. We are hiring a Lead UI Designer for our Healthcare team. The ideal candidate has 8-14 years of experience and is proficient in Figma, Typography, Prototyping, HTML, Color Theory, Adobe XD, Sketch. This is a hybrid internship position focused on delivering high-quality design work."
Senior Graphic Designer,Design,Illustrator; Layout Design; Branding; Color Theory; Creativity,Senior,"Contract · Hybrid. We are hiring a Senior Graphic Designer for our Startup team. The ideal candidate has 6-10 years of experience and is proficient in Illustrator, Layout Design, Branding, Color Theory, Creativity. This is a hybrid contract position focused on delivering high-quality design work."
Senior Product Designer,Design,Interaction Design; Figma; UX Design; User Research; Design Systems; Wireframing; Prototyping,Senior,"Full-time · On-site. We are hiring a Senior Product Designer for our Healthcare team. The ideal candidate has 6-10 years of experience and is proficient in Interaction Design, Figma, UX Design, User Research, Design Systems, Wireframing, Prototyping. This is a on-site full-time position focused on delivering high-quality design work."
Mid-level UX Designer,Design,User Research; Personas; Information Architecture; Design Thinking; Journey Mapping; Figma,Mid-level,"Full-time · Remote. We are hiring a Mid-level UX Designer for our Fintech team. The ideal candidate has 3-6 years of experience and is proficient in User Research, Personas, Information Architecture, Design Thinking, Journey Mapping, Figma. This is a remote full-time position focused on delivering high-quality design work."
Lead Graphic Designer,Design,Adobe XD; Illustrator; Creativity; Color Theory; Typography; Layout Design,Lead,"Contract · On-site. We are hiring a Lead Graphic Designer for our Enterprise team. The ideal candidate has 8-14 years of experience and is proficient in Adobe XD, Illustrator, Creativity, Color Theory, Typography, Layout Design. This is a on-site contract position focused on delivering high-quality design work."
Mid-level Product Designer,Design,Usability Testing; Interaction Design; Wireframing; Sketch; Figma; User Research; UX Design,Mid-level,"Full-time · Hybrid. We are hiring a Mid-level Product Designer for our Startup team. The ideal candidate has 3-6 years of experience and is proficient in Usability Testing, Interaction Design, Wireframing, Sketch, Figma, User Research, UX Design. This is a hybrid full-time position focused on delivering high-quality design work."
Mid-level UI Designer,Design,Color Theory; Sketch; Figma; Typography; Prototyping,Mid-level,"Full-time · Remote. We are hiring a Mid-level UI Designer for our Enterprise team. The ideal candidate has 3-6 years of experience and is proficient in Color Theory, Sketch, Figma, Typography, Prototyping. This is a remote full-time position focused on delivering high-quality design work."
Junior Graphic Designer,Design,InDesign; Color Theory; Print Design; Creativity; Branding,Junior,"Full-time · Remote. We are hiring a Junior Graphic Designer for our EdTech team. The ideal candidate has 1-3 years of experience and is proficient in InDesign, Color Theory, Print Design, Creativity, Branding. This is a remote full-time position focused on delivering high-quality design work."
Senior Interaction Designer,Design,Usability Testing; After Effects; Prototyping; Motion Design; User Research; Wireframing,Senior,"Internship · On-site. We are hiring a Senior Interaction Designer for our E-commerce team. The ideal candidate has 6-10 years of experience and is proficient in Usability Testing, After Effects, Prototyping, Motion Design, User Research, Wireframing. This is a on-site internship position focused on delivering high-quality design work."
Mid-level Product Designer,Design,Prototyping; Sketch; User Research; UI Design; Figma,Mid-level,"Contract · On-site. We are hiring a Mid-level Product Designer for our Startup team. The ideal candidate has 3-6 years of experience and is proficient in Prototyping, Sketch, User Research, UI Design, Figma. This is a on-site contract position focused on delivering high-quality design work."
Principal Interaction Designer,Design,Motion Design; After Effects; Figma; Usability Testing; Wireframing; User Research; UX Design,Principal,"Full-time · On-site. We are hiring a Principal Interaction Designer for our Startup team. The ideal candidate has 12-20 years of experience and is proficient in Motion Design, After Effects, Figma, Usability Testing, Wireframing, User Research, UX Design. This is a on-site full-time position focused on delivering high-quality design work."
Lead Graphic Designer,Design,Creativity; Typography; Photoshop; Illustrator; Layout Design,Lead,"Full-time · Remote. We are hiring a Lead Graphic Designer for our Healthcare team. The ideal candidate has 8-14 years of experience and is proficient in Creativity, Typography, Photoshop, Illustrator, Layout Design. This is a remote full-time position focused on delivering high-quality design work."
Senior Interaction Designer,Design,Interaction Design; Prototyping; Wireframing; Motion Design; Design Systems; Usability Testing,Senior,"Internship · Remote. We are hiring a Senior Interaction Designer for our SaaS team. The ideal candidate has 6-10 years of experience and is proficient in Interaction Design, Prototyping, Wireframing, Motion Design, Design Systems, Usability Testing. This is a remote internship position focused on delivering high-quality design work."
Mid-level Graphic Designer,Design,Layout Design; Color Theory; Adobe XD; Typography; Photoshop; Print Design; InDesign,Mid-level,"Full-time · On-site. We are hiring a Mid-level Graphic Designer for our EdTech team. The ideal candidate has 3-6 years of experience and is proficient in Layout Design, Color Theory, Adobe XD, Typography, Photoshop, Print Design, InDesign. This is a on-site full-time position focused on delivering high-quality design work."
Junior UX Designer,Design,Prototyping; Journey Mapping; Figma; User Research; Personas,Junior,"Contract · On-site. We are hiring a Junior UX Designer for our SaaS team. The ideal candidate has 1-3 years of experience and is proficient in Prototyping, Journey Mapping, Figma, User Research, Personas. This is a on-site contract position focused on delivering high-quality design work."
Principal UI Designer,Design,CSS; Wireframing; Figma; Color Theory; Adobe XD,Principal,"Contract · Remote. We are hiring a Principal UI Designer for our E-commerce team. The ideal candidate has 12-20 years of experience and is proficient in CSS, Wireframing, Figma, Color Theory, Adobe XD. This is a remote contract position focused on delivering high-quality design work."
Intern UI Designer,Design,HTML; Color Theory; Figma; Adobe XD; Sketch; Prototyping; Design Systems,Intern,"Full-time · Remote. We are hiring a Intern UI Designer for our Startup team. The ideal candidate has 0-1 years of experience and is proficient in HTML, Color Theory, Figma, Adobe XD, Sketch, Prototyping, Design Systems. This is a remote full-time position focused on delivering high-quality design work."
Mid-level Product Designer,Design,Prototyping; Sketch; Wireframing; Interaction Design; Design Systems,Mid-level,"Internship · Hybrid. We are hiring a Mid-level Product Designer for our EdTech team. The ideal candidate has 3-6 years of experience and is proficient in Prototyping, Sketch, Wireframing, Interaction Design, Design Systems. This is a hybrid internship position focused on delivering high-quality design work."
Intern UX Designer,Design,Figma; Information Architecture; Design Thinking; Prototyping; Personas; Accessibility,Intern,"Full-time · Remote. We are hiring a Intern UX Designer for our SaaS team. The ideal candidate has 0-1 years of experience and is proficient in Figma, Information Architecture, Design Thinking, Prototyping, Personas, Accessibility. This is a remote full-time position focused on delivering high-quality design work."
Intern Interaction Designer,Design,Figma; After Effects; Design Systems; Usability Testing; Prototyping,Intern,"Contract · On-site. We are hiring a Intern Interaction Designer for our Gaming team. The ideal candidate has 0-1 years of experience and is proficient in Figma, After Effects, Design Systems, Usability Testing, Prototyping. This is a on-site contract position focused on delivering high-quality design work."
Principal UX Designer,Design,Journey Mapping; Accessibility; Usability Testing; Information Architecture; Prototyping; User Research; Figma,Principal,"Full-time · Hybrid. We are hiring a Principal UX Designer for our SaaS team. The ideal candidate has 12-20 years of experience and is proficient in Journey Mapping, Accessibility, Usability Testing, Information Architecture, Prototyping, User Research, Figma. This is a hybrid full-time position focused on delivering high-quality design work."
Lead UI Designer,Design,Wireframing; Sketch; Color Theory; Figma; Typography,Lead,"Internship · Hybrid. We are hiring a Lead UI Designer for our Fintech team. The ideal candidate has 8-14 years of experience and is proficient in Wireframing, Sketch, Color Theory, Figma, Typography. This is a hybrid internship position focused on delivering high-quality design work."
Intern UI Designer,Design,Design Systems; Figma; Typography; Wireframing; Color Theory; CSS; Adobe XD,Intern,"Contract · Remote. We are hiring a Intern UI Designer for our Startup team. The ideal candidate has 0-1 years of experience and is proficient in Design Systems, Figma, Typography, Wireframing, Color Theory, CSS, Adobe XD. This is a remote contract position focused on delivering high-quality design work."
Junior UX Designer,Design,Design Thinking; Personas; Accessibility; Information Architecture; Usability Testing,Junior,"Contract · On-site. We are hiring a Junior UX Designer for our Gaming team. The ideal candidate has 1-3 years of experience and is proficient in Design Thinking, Personas, Accessibility, Information Architecture, Usability Testing. This is a on-site contract position focused on delivering high-quality design work."
Intern Graphic Designer,Design,Color Theory; Layout Design; Adobe XD; Typography; Branding; Print Design,Intern,"Contract · On-site. We are hiring a Intern Graphic Designer for our Healthcare team. The ideal candidate has 0-1 years of experience and is proficient in Color Theory, Layout Design, Adobe XD, Typography, Branding, Print Design. This is a on-site contract position focused on delivering high-quality design work."
Lead UI Designer,Design,Adobe XD; Color Theory; Wireframing; Figma; HTML; Design Systems; Typography,Lead,"Full-time · On-site. We are hiring a Lead UI Designer for our Gaming team. The ideal candidate has 8-14 years of experience and is proficient in Adobe XD, Color Theory, Wireframing, Figma, HTML, Design Systems, Typography. This is a on-site full-time position focused on delivering high-quality design work."
Mid-level UI Designer,Design,CSS; Typography; Prototyping; Adobe XD; Color Theory,Mid-level,"Contract · On-site. We are hiring a Mid-level UI Designer for our Startup team. The ideal candidate has 3-6 years of experience and is proficient in CSS, Typography, Prototyping, Adobe XD, Color Theory. This is a on-site contract position focused on delivering high-quality design work."
Mid-level UI Designer,Design,Adobe XD; HTML; Prototyping; Wireframing; Design Systems; Color Theory,Mid-level,"Internship · On-site. We are hiring a Mid-level UI Designer for our Startup team. The ideal candidate has 3-6 years of experience and is proficient in Adobe XD, HTML, Prototyping, Wireframing, Design Systems, Color Theory. This is a on-site internship position focused on delivering high-quality design work."
Junior Interaction Designer,Design,Usability Testing; Figma; Motion Design; After Effects; User Research; UX Design,Junior,"Internship · Hybrid. We are hiring a Junior Interaction Designer for our E-commerce team. The ideal candidate has 1-3 years of experience and is proficient in Usability Testing, Figma, Motion Design, After Effects, User Research, UX Design. This is a hybrid internship position focused on delivering high-quality design work."
Principal UX Designer,Design,Design Thinking; Accessibility; Journey Mapping; Information Architecture; Usability Testing; User Research,Principal,"Contract · Remote. We are hiring a Principal UX Designer for our Fintech team. The ideal candidate has 12-20 years of experience and is proficient in Design Thinking, Accessibility, Journey Mapping, Information Architecture, Usability Testing, User Research. This is a remote contract position focused on delivering high-quality design work."
Senior Interaction Designer,Design,Wireframing; Usability Testing; User Research; After Effects; Prototyping; Figma; Motion Design,Senior,"Internship · Hybrid. We are hiring a Senior Interaction Designer for our E-commerce team. The ideal candidate has 6-10 years of experience and is proficient in Wireframing, Usability Testing, User Research, After Effects, Prototyping, Figma, Motion Design. This is a hybrid internship position focused on delivering high-quality design work."
Intern Product Designer,Design,Design Systems; Wireframing; UI Design; Figma; Prototyping,Intern,"Contract · Remote. We are hiring a Intern Product Designer for our EdTech team. The ideal candidate has 0-1 years of experience and is proficient in Design Systems, Wireframing, UI Design, Figma, Prototyping. This is a remote contract position focused on delivering high-quality design work."
Intern Interaction Designer,Design,Prototyping; Design Systems; UX Design; Motion Design; After Effects; Wireframing,Intern,"Contract · Remote. We are hiring a Intern Interaction Designer for our SaaS team. The ideal candidate has 0-1 years of experience and is proficient in Prototyping, Design Systems, UX Design, Motion Design, After Effects, Wireframing. This is a remote contract position focused on delivering high-quality design work."
Lead Graphic Designer,Design,Illustrator; Branding; Color Theory; Creativity; Adobe XD; Print Design,Lead,"Internship · Remote. We are hiring a Lead Graphic Designer for our Gaming team. The ideal candidate has 8-14 years of experience and is proficient in Illustrator, Branding, Color Theory, Creativity, Adobe XD, Print Design. This is a remote internship position focused on delivering high-quality design work."
Senior UI Designer,Design,Typography; Figma; Color Theory; Design Systems; Adobe XD; Sketch; CSS,Senior,"Full-time · Remote. We are hiring a Senior UI Designer for our Fintech team. The ideal candidate has 6-10 years of experience and is proficient in Typography, Figma, Color Theory, Design Systems, Adobe XD, Sketch, CSS. This is a remote full-time position focused on delivering high-quality design work."
Senior UX Designer,Design,Usability Testing; Design Thinking; Wireframing; Prototyping; Journey Mapping; Personas,Senior,"Full-time · Hybrid. We are hiring a Senior UX Designer for our Healthcare team. The ideal candidate has 6-10 years of experience and is proficient in Usability Testing, Design Thinking, Wireframing, Prototyping, Journey Mapping, Personas. This is a hybrid full-time position focused on delivering high-quality design work."
Lead UI Designer,Design,HTML; CSS; Sketch; Typography; Wireframing; Adobe XD; Figma,Lead,"Internship · On-site. We are hiring a Lead UI Designer for our Healthcare team. The ideal candidate has 8-14 years of experience and is proficient in HTML, CSS, Sketch, Typography, Wireframing, Adobe XD, Figma. This is a on-site internship position focused on delivering high-quality design work."
Senior UI Designer,Design,Wireframing; Design Systems; Color Theory; Figma; Sketch,Senior,"Full-time · Hybrid. We are hiring a Senior UI Designer for our SaaS team. The ideal candidate has 6-10 years of experience and is proficient in Wireframing, Design Systems, Color Theory, Figma, Sketch. This is a hybrid full-time position focused on delivering high-quality design work."
Senior Interaction Designer,Design,Interaction Design; After Effects; Prototyping; Motion Design; Wireframing,Senior,"Internship · On-site. We are hiring a Senior Interaction Designer for our SaaS team. The ideal candidate has 6-10 years of experience and is proficient in Interaction Design, After Effects, Prototyping, Motion Design, Wireframing. This is a on-site internship position focused on delivering high-quality design work."
Lead Graphic Designer,Design,Color Theory; Adobe XD; Illustrator; Creativity; Layout Design,Lead,"Full-time · On-site. We are hiring a Lead Graphic Designer for our Gaming team. The ideal candidate has 8-14 years of experience and is proficient in Color Theory, Adobe XD, Illustrator, Creativity, Layout Design. This is a on-site full-time position focused on delivering high-quality design work."
Senior UI Designer,Design,CSS; HTML; Figma; Color Theory; Sketch,Senior,"Internship · Hybrid. We are hiring a Senior UI Designer for our SaaS team. The ideal candidate has 6-10 years of experience and is proficient in CSS, HTML, Figma, Color Theory, Sketch. This is a hybrid internship position focused on delivering high-quality design work."
Principal Graphic Designer,Design,Typography; Branding; Layout Design; Color Theory; Creativity; Adobe XD; Illustrator,Principal,"Contract · Hybrid. We are hiring a Principal Graphic Designer for our E-commerce team. The ideal candidate has 12-20 years of experience and is proficient in Typography, Branding, Layout Design, Color Theory, Creativity, Adobe XD, Illustrator. This is a hybrid contract position focused on delivering high-quality design work."
Lead UX Designer,Design,Usability Testing; Journey Mapping; Figma; Prototyping; Design Thinking; Wireframing,Lead,"Internship · Hybrid. We are hiring a Lead UX Designer for our Fintech team. The ideal candidate has 8-14 years of experience and is proficient in Usability Testing, Journey Mapping, Figma, Prototyping, Design Thinking, Wireframing. This is a hybrid internship position focused on delivering high-quality design work."
Mid-level Interaction Designer,Design,Interaction Design; After Effects; Prototyping; Figma; Usability Testing; Motion Design,Mid-level,"Contract · Hybrid. We are hiring a Mid-level Interaction Designer for our Gaming team. The ideal candidate has 3-6 years of experience and is proficient in Interaction Design, After Effects, Prototyping, Figma, Usability Testing, Motion Design. This is a hybrid contract position focused on delivering high-quality design work."
Junior Product Designer,Design,UX Design; Wireframing; Figma; Prototyping; UI Design; Sketch; Interaction Design,Junior,"Internship · Hybrid. We are hiring a Junior Product Designer for our Startup team. The ideal candidate has 1-3 years of experience and is proficient in UX Design, Wireframing, Figma, Prototyping, UI Design, Sketch, Interaction Design. This is a hybrid internship position focused on delivering high-quality design work."
Junior Graphic Designer,Design,Adobe XD; Typography; Creativity; Illustrator; Branding; Layout Design; Print Design,Junior,"Internship · On-site. We are hiring a Junior Graphic Designer for our SaaS team. The ideal candidate has 1-3 years of experience and is proficient in Adobe XD, Typography, Creativity, Illustrator, Branding, Layout Design, Print Design. This is a on-site internship position focused on delivering high-quality design work."
Lead Interaction Designer,Design,Design Systems; Prototyping; Wireframing; Interaction Design; User Research; Usability Testing; Figma,Lead,"Internship · Remote. We are hiring a Lead Interaction Designer for our SaaS team. The ideal candidate has 8-14 years of experience and is proficient in Design Systems, Prototyping, Wireframing, Interaction Design, User Research, Usability Testing, Figma. This is a remote internship position focused on delivering high-quality design work."
Intern UI Designer,Design,Prototyping; Design Systems; Sketch; CSS; Wireframing; Color Theory,Intern,"Full-time · On-site. We are hiring a Intern UI Designer for our Startup team. The ideal candidate has 0-1 years of experience and is proficient in Prototyping, Design Systems, Sketch, CSS, Wireframing, Color Theory. This is a on-site full-time position focused on delivering high-quality design work."
Senior UI Designer,Design,Sketch; Typography; Wireframing; CSS; Design Systems; HTML,Senior,"Full-time · Hybrid. We are hiring a Senior UI Designer for our EdTech team. The ideal candidate has 6-10 years of experience and is proficient in Sketch, Typography, Wireframing, CSS, Design Systems, HTML. This is a hybrid full-time position focused on delivering high-quality design work."
Principal Product Designer,Design,User Research; Wireframing; UX Design; Figma; Usability Testing; UI Design,Principal,"Full-time · Hybrid. We are hiring a Principal Product Designer for our SaaS team. The ideal candidate has 12-20 years of experience and is proficient in User Research, Wireframing, UX Design, Figma, Usability Testing, UI Design. This is a hybrid full-time position focused on delivering high-quality design work."
Lead Product Designer,Design,Usability Testing; Figma; Sketch; Interaction Design; Prototyping; Design Systems,Lead,"Internship · Remote. We are hiring a Lead Product Designer for our SaaS team. The ideal candidate has 8-14 years of experience and is proficient in Usability Testing, Figma, Sketch, Interaction Design, Prototyping, Design Systems. This is a remote internship position focused on delivering high-quality design work."
Principal Product Designer,Design,Sketch; Prototyping; Usability Testing; Figma; UI Design,Principal,"Full-time · On-site. We are hiring a Principal Product Designer for our Fintech team. The ideal candidate has 12-20 years of experience and is proficient in Sketch, Prototyping, Usability Testing, Figma, UI Design. This is a on-site full-time position focused on delivering high-quality design work."
Principal UI Designer,Design,Design Systems; HTML; CSS; Typography; Sketch,Principal,"Internship · On-site. We are hiring a Principal UI Designer for our SaaS team. The ideal candidate has 12-20 years of experience and is proficient in Design Systems, HTML, CSS, Typography, Sketch. This is a on-site internship position focused on delivering high-quality design work."
Senior UX Designer,Design,Usability Testing; Prototyping; User Research; Information Architecture; Journey Mapping; Wireframing,Senior,"Internship · Hybrid. We are hiring a Senior UX Designer for our EdTech team. The ideal candidate has 6-10 years of experience and is proficient in Usability Testing, Prototyping, User Research, Information Architecture, Journey Mapping, Wireframing. This is a hybrid internship position focused on delivering high-quality design work."
Intern Interaction Designer,Design,Prototyping; UX Design; Design Systems; Figma; After Effects,Intern,"Full-time · Remote. We are hiring a Intern Interaction Designer for our EdTech team. The ideal candidate has 0-1 years of experience and is proficient in Prototyping, UX Design, Design Systems, Figma, After Effects. This is a remote full-time position focused on delivering high-quality design work."
Principal Product Designer,Design,Figma; UI Design; Interaction Design; UX Design; Usability Testing; Sketch; User Research,Principal,"Internship · On-site. We are hiring a Principal Product Designer for our Gaming team. The ideal candidate has 12-20 years of experience and is proficient in Figma, UI Design, Interaction Design, UX Design, Usability Testing, Sketch, User Research. This is a on-site internship position focused on delivering high-quality design work."
Principal Product Designer,Design,User Research; Prototyping; Wireframing; Sketch; UX Design,Principal,"Full-time · Remote. We are hiring a Principal Product Designer for our SaaS team. The ideal candidate has 12-20 years of experience and is proficient in User Research, Prototyping, Wireframing, Sketch, UX Design. This is a remote full-time position focused on delivering high-quality design work."
Lead Interaction Designer,Design,Figma; UX Design; Wireframing; After Effects; Design Systems; Usability Testing,Lead,"Full-time · Remote. We are hiring a Lead Interaction Designer for our SaaS team. The ideal candidate has 8-14 years of experience and is proficient in Figma, UX Design, Wireframing, After Effects, Design Systems, Usability Testing. This is a remote full-time position focused on delivering high-quality design work."
Junior Graphic Designer,Design,InDesign; Typography; Branding; Adobe XD; Photoshop; Print Design,Junior,"Full-time · On-site. We are hiring a Junior Graphic Designer for our EdTech team. The ideal candidate has 1-3 years of experience and is proficient in InDesign, Typography, Branding, Adobe XD, Photoshop, Print Design. This is a on-site full-time position focused on delivering high-quality design work."
Principal Graphic Designer,Design,Layout Design; Typography; Illustrator; Adobe XD; Photoshop,Principal,"Full-time · Remote. We are hiring a Principal Graphic Designer for our Enterprise team. The ideal candidate has 12-20 years of experience and is proficient in Layout Design, Typography, Illustrator, Adobe XD, Photoshop. This is a remote full-time position focused on delivering high-quality design work."
Junior UI Designer,Design,Design Systems; Typography; Figma; Prototyping; HTML; Wireframing; CSS,Junior,"Full-time · On-site. We are hiring a Junior UI Designer for our Enterprise team. The ideal candidate has 1-3 years of experience and is proficient in Design Systems, Typography, Figma, Prototyping, HTML, Wireframing, CSS. This is a on-site full-time position focused on delivering high-quality design work."
Lead UX Designer,Design,Information Architecture; Prototyping; User Research; Journey Mapping; Personas,Lead,"Contract · Hybrid. We are hiring a Lead UX Designer for our SaaS team. The ideal candidate has 8-14 years of experience and is proficient in Information Architecture, Prototyping, User Research, Journey Mapping, Personas. This is a hybrid contract position focused on delivering high-quality design work."
Mid-level UI Designer,Design,Figma; Sketch; Adobe XD; Prototyping; Wireframing; Typography; Color Theory,Mid-level,"Full-time · On-site. We are hiring a Mid-level UI Designer for our Startup team. The ideal candidate has 3-6 years of experience and is proficient in Figma, Sketch, Adobe XD, Prototyping, Wireframing, Typography, Color Theory. This is a on-site full-time position focused on delivering high-quality design work."
Lead UX Designer,Design,User Research; Prototyping; Design Thinking; Figma; Personas; Journey Mapping; Accessibility,Lead,"Full-time · Hybrid. We are hiring a Lead UX Designer for our Fintech team. The ideal candidate has 8-14 years of experience and is proficient in User Research, Prototyping, Design Thinking, Figma, Personas, Journey Mapping, Accessibility. This is a hybrid full-time position focused on delivering high-quality design work."
Junior UX Designer,Design,Prototyping; Design Thinking; Figma; Journey Mapping; Personas; Usability Testing; Wireframing,Junior,"Internship · On-site. We are hiring a Junior UX Designer for our Fintech team. The ideal candidate has 1-3 years of experience and is proficient in Prototyping, Design Thinking, Figma, Journey Mapping, Personas, Usability Testing, Wireframing. This is a on-site internship position focused on delivering high-quality design work."
Lead Interaction Designer,Design,Figma; Motion Design; UX Design; Design Systems; User Research; Prototyping; Wireframing,Lead,"Full-time · Remote. We are hiring a Lead Interaction Designer for our E-commerce team. The ideal candidate has 8-14 years of experience and is proficient in Figma, Motion Design, UX Design, Design Systems, User Research, Prototyping, Wireframing. This is a remote full-time position focused on delivering high-quality design work."
Principal Interaction Designer,Design,Wireframing; After Effects; Interaction Design; UX Design; Motion Design; Usability Testing,Principal,"Full-time · Hybrid. We are hiring a Principal Interaction Designer for our Gaming team. The ideal candidate has 12-20 years of experience and is proficient in Wireframing, After Effects, Interaction Design, UX Design, Motion Design, Usability Testing. This is a hybrid full-time position focused on delivering high-quality design work."
Junior UI Designer,Design,Color Theory; Adobe XD; Prototyping; Figma; Typography; Wireframing; Sketch,Junior,"Contract · Hybrid. We are hiring a Junior UI Designer for our Fintech team. The ideal candidate has 1-3 years of experience and is proficient in Color Theory, Adobe XD, Prototyping, Figma, Typography, Wireframing, Sketch. This is a hybrid contract position focused on delivering high-quality design work."
Junior UX Designer,Design,Figma; Accessibility; Usability Testing; Personas; Journey Mapping; Information Architecture; Wireframing,Junior,"Full-time · On-site. We are hiring a Junior UX Designer for our E-commerce team. The ideal candidate has 1-3 years of experience and is proficient in Figma, Accessibility, Usability Testing, Personas, Journey Mapping, Information Architecture, Wireframing. This is a on-site full-time position focused on delivering high-quality design work."
Junior UX Designer,Design,Journey Mapping; Personas; Information Architecture; Prototyping; Figma; Usability Testing; Design Thinking,Junior,"Contract · On-site. We are hiring a Junior UX Designer for our Fintech team. The ideal candidate has 1-3 years of experience and is proficient in Journey Mapping, Personas, Information Architecture, Prototyping, Figma, Usability Testing, Design Thinking. This is a on-site contract position focused on delivering high-quality design work."
Principal UX Designer,Design,User Research; Journey Mapping; Usability Testing; Information Architecture; Wireframing; Design Thinking; Personas,Principal,"Full-time · On-site. We are hiring a Principal UX Designer for our E-commerce team. The ideal candidate has 12-20 years of experience and is proficient in User Research, Journey Mapping, Usability Testing, Information Architecture, Wireframing, Design Thinking, Personas. This is a on-site full-time position focused on delivering high-quality design work."
Junior Interaction Designer,Design,User Research; Prototyping; Figma; UX Design; Design Systems,Junior,"Internship · Remote. We are hiring a Junior Interaction Designer for our EdTech team. The ideal candidate has 1-3 years of experience and is proficient in User Research, Prototyping, Figma, UX Design, Design Systems. This is a remote internship position focused on delivering high-quality design work."
Intern Product Designer,Design,Prototyping; Figma; Wireframing; Sketch; Design Systems,Intern,"Full-time · Remote. We are hiring a Intern Product Designer for our EdTech team. The ideal candidate has 0-1 years of experience and is proficient in Prototyping, Figma, Wireframing, Sketch, Design Systems. This is a remote full-time position focused on delivering high-quality design work."
Mid-level UI Designer,Design,CSS; Prototyping; HTML; Sketch; Design Systems; Color Theory,Mid-level,"Internship · On-site. We are hiring a Mid-level UI Designer for our Fintech team. The ideal candidate has 3-6 years of experience and is proficient in CSS, Prototyping, HTML, Sketch, Design Systems, Color Theory. This is a on-site internship position focused on delivering high-quality design work."
Mid-level Product Designer,Design,User Research; Usability Testing; Interaction Design; Sketch; Wireframing; UX Design; UI Design,Mid-level,"Internship · Remote. We are hiring a Mid-level Product Designer for our Fintech team. The ideal candidate has 3-6 years of experience and is proficient in User Research, Usability Testing, Interaction Design, Sketch, Wireframing, UX Design, UI Design. This is a remote internship position focused on delivering high-quality design work."
Senior UI Designer,Design,Figma; Wireframing; Typography; HTML; Design Systems,Senior,"Contract · Remote. We are hiring a Senior UI Designer for our Startup team. The ideal candidate has 6-10 years of experience and is proficient in Figma, Wireframing, Typography, HTML, Design Systems. This is a remote contract position focused on delivering high-quality design work."
Intern Interaction Designer,Design,Motion Design; User Research; Design Systems; Wireframing; Prototyping; UX Design,Intern,"Full-time · On-site. We are hiring a Intern Interaction Designer for our Fintech team. The ideal candidate has 0-1 years of experience and is proficient in Motion Design, User Research, Design Systems, Wireframing, Prototyping, UX Design. This is a on-site full-time position focused on delivering high-quality design work."
Mid-level UI Designer,Design,Prototyping; Design Systems; Adobe XD; HTML; CSS; Color Theory,Mid-level,"Internship · Remote. We are hiring a Mid-level UI Designer for our Healthcare team. The ideal candidate has 3-6 years of experience and is proficient in Prototyping, Design Systems, Adobe XD, HTML, CSS, Color Theory. This is a remote internship position focused on delivering high-quality design work."
Intern Graphic Designer,Design,Color Theory; InDesign; Photoshop; Branding; Typography,Intern,"Contract · Hybrid. We are hiring a Intern Graphic Designer for our E-commerce team. The ideal candidate has 0-1 years of experience and is proficient in Color Theory, InDesign, Photoshop, Branding, Typography. This is a hybrid contract position focused on delivering high-quality design work."
Mid-level Interaction Designer,Design,Interaction Design; Usability Testing; Design Systems; Prototyping; After Effects; Wireframing,Mid-level,"Full-time · On-site. We are hiring a Mid-level Interaction Designer for our SaaS team. The ideal candidate has 3-6 years of experience and is proficient in Interaction Design, Usability Testing, Design Systems, Prototyping, After Effects, Wireframing. This is a on-site full-time position focused on delivering high-quality design work."
Principal Interaction Designer,Design,Wireframing; User Research; Interaction Design; Prototyping; Usability Testing; Figma; Motion Design,Principal,"Full-time · Hybrid. We are hiring a Principal Interaction Designer for our EdTech team. The ideal candidate has 12-20 years of experience and is proficient in Wireframing, User Research, Interaction Design, Prototyping, Usability Testing, Figma, Motion Design. This is a hybrid full-time position focused on delivering high-quality design work."
Lead UX Designer,Design,User Research; Design Thinking; Figma; Personas; Usability Testing; Wireframing,Lead,"Full-time · Remote. We are hiring a Lead UX Designer for our E-commerce team. The ideal candidate has 8-14 years of experience and is proficient in User Research, Design Thinking, Figma, Personas, Usability Testing, Wireframing. This is a remote full-time position focused on delivering high-quality design work."
Mid-level UX Designer,Design,Accessibility; Design Thinking; Information Architecture; Prototyping; Figma,Mid-level,"Internship · On-site. We are hiring a Mid-level UX Designer for our Enterprise team. The ideal candidate has 3-6 years of experience and is proficient in Accessibility, Design Thinking, Information Architecture, Prototyping, Figma. This is a on-site internship position focused on delivering high-quality design work."
Lead Product Designer,Design,User Research; Usability Testing; Interaction Design; Sketch; UX Design; Figma,Lead,"Contract · Hybrid. We are hiring a Lead Product Designer for our SaaS team. The ideal candidate has 8-14 years of experience and is proficient in User Research, Usability Testing, Interaction Design, Sketch, UX Design, Figma. This is a hybrid contract position focused on delivering high-quality design work."
Intern Interaction Designer,Design,Design Systems; Wireframing; Prototyping; User Research; Interaction Design; UX Design; After Effects,Intern,"Internship · Remote. We are hiring a Intern Interaction Designer for our SaaS team. The ideal candidate has 0-1 years of experience and is proficient in Design Systems, Wireframing, Prototyping, User Research, Interaction Design, UX Design, After Effects. This is a remote internship position focused on delivering high-quality design work."
Intern UX Designer,Design,Prototyping; Personas; Wireframing; Information Architecture; Journey Mapping,Intern,"Contract · Remote. We are hiring a Intern UX Designer for our Startup team. The ideal candidate has 0-1 years of experience and is proficient in Prototyping, Personas, Wireframing, Information Architecture, Journey Mapping. This is a remote contract position focused on delivering high-quality design work."
Intern Graphic Designer,Design,Branding; InDesign; Photoshop; Print Design; Typography,Intern,"Full-time · Remote. We are hiring a Intern Graphic Designer for our Startup team. The ideal candidate has 0-1 years of experience and is proficient in Branding, InDesign, Photoshop, Print Design, Typography. This is a remote full-time position focused on delivering high-quality design work."
Intern Product Designer,Design,User Research; UI Design; Figma; Usability Testing; Prototyping,Intern,"Full-time · On-site. We are hiring a Intern Product Designer for our SaaS team. The ideal candidate has 0-1 years of experience and is proficient in User Research, UI Design, Figma, Usability Testing, Prototyping. This is a on-site full-time position focused on delivering high-quality design work."
Intern Product Designer,Design,UI Design; Sketch; UX Design; Design Systems; Wireframing; Figma,Intern,"Full-time · Remote. We are hiring a Intern Product Designer for our E-commerce team. The ideal candidate has 0-1 years of experience and is proficient in UI Design, Sketch, UX Design, Design Systems, Wireframing, Figma. This is a remote full-time position focused on delivering high-quality design work."
Intern Graphic Designer,Design,Illustrator; Photoshop; Layout Design; Color Theory; Typography,Intern,"Full-time · Remote. We are hiring a Intern Graphic Designer for our Enterprise team. The ideal candidate has 0-1 years of experience and is proficient in Illustrator, Photoshop, Layout Design, Color Theory, Typography. This is a remote full-time position focused on delivering high-quality design work."
Lead Product Designer,Design,Design Systems; User Research; Usability Testing; Sketch; Figma; Prototyping,Lead,"Contract · Remote. We are hiring a Lead Product Designer for our Enterprise team. The ideal candidate has 8-14 years of experience and is proficient in Design Systems, User Research, Usability Testing, Sketch, Figma, Prototyping. This is a remote contract position focused on delivering high-quality design work."
Senior UI Designer,Design,Prototyping; Design Systems; CSS; Adobe XD; Wireframing; Color Theory; Figma,Senior,"Internship · Remote. We are hiring a Senior UI Designer for our SaaS team. The ideal candidate has 6-10 years of experience and is proficient in Prototyping, Design Systems, CSS, Adobe XD, Wireframing, Color Theory, Figma. This is a remote internship position focused on delivering high-quality design work."
Junior Product Designer,Design,Figma; UI Design; Interaction Design; Usability Testing; Design Systems; Prototyping,Junior,"Contract · Remote. We are hiring a Junior Product Designer for our EdTech team. The ideal candidate has 1-3 years of experience and is proficient in Figma, UI Design, Interaction Design, Usability Testing, Design Systems, Prototyping. This is a remote contract position focused on delivering high-quality design work."
Mid-level UX Designer,Design,Usability Testing; Accessibility; Prototyping; Wireframing; Design Thinking; Information Architecture,Mid-level,"Contract · On-site. We are hiring a Mid-level UX Designer for our SaaS team. The ideal candidate has 3-6 years of experience and is proficient in Usability Testing, Accessibility, Prototyping, Wireframing, Design Thinking, Information Architecture. This is a on-site contract position focused on delivering high-quality design work."
Principal Graphic Designer,Design,Photoshop; Branding; Creativity; Illustrator; InDesign,Principal,"Internship · On-site. We are hiring a Principal Graphic Designer for our EdTech team. The ideal candidate has 12-20 years of experience and is proficient in Photoshop, Branding, Creativity, Illustrator, InDesign. This is a on-site internship position focused on delivering high-quality design work."
Lead UX Designer,Design,Prototyping; User Research; Journey Mapping; Information Architecture; Figma; Usability Testing; Wireframing,Lead,"Contract · Remote. We are hiring a Lead UX Designer for our Fintech team. The ideal candidate has 8-14 years of experience and is proficient in Prototyping, User Research, Journey Mapping, Information Architecture, Figma, Usability Testing, Wireframing. This is a remote contract position focused on delivering high-quality design work."
Intern Interaction Designer,Design,Prototyping; UX Design; Usability Testing; Wireframing; Figma; Motion Design; After Effects,Intern,"Internship · On-site. We are hiring a Intern Interaction Designer for our SaaS team. The ideal candidate has 0-1 years of experience and is proficient in Prototyping, UX Design, Usability Testing, Wireframing, Figma, Motion Design, After Effects. This is a on-site internship position focused on delivering high-quality design work."
Principal Interaction Designer,Design,Prototyping; After Effects; User Research; Wireframing; UX Design,Principal,"Internship · On-site. We are hiring a Principal Interaction Designer for our SaaS team. The ideal candidate has 12-20 years of experience and is proficient in Prototyping, After Effects, User Research, Wireframing, UX Design. This is a on-site internship position focused on delivering high-quality design work."
Senior UI Designer,Design,Adobe XD; Color Theory; Wireframing; HTML; Sketch,Senior,"Contract · On-site. We are hiring a Senior UI Designer for our Enterprise team. The ideal candidate has 6-10 years of experience and is proficient in Adobe XD, Color Theory, Wireframing, HTML, Sketch. This is a on-site contract position focused on delivering high-quality design work."
Lead UI Designer,Design,Color Theory; HTML; Adobe XD; Sketch; Design Systems,Lead,"Internship · Hybrid. We are hiring a Lead UI Designer for our Gaming team. The ideal candidate has 8-14 years of experience and is proficient in Color Theory, HTML, Adobe XD, Sketch, Design Systems. This is a hybrid internship position focused on delivering high-quality design work."
Intern UI Designer,Design,Wireframing; CSS; Typography; Color Theory; Figma; HTML; Prototyping,Intern,"Internship · On-site. We are hiring a Intern UI Designer for our Fintech team. The ideal candidate has 0-1 years of experience and is proficient in Wireframing, CSS, Typography, Color Theory, Figma, HTML, Prototyping. This is a on-site internship position focused on delivering high-quality design work."
Senior UI Designer,Design,Figma; Design Systems; Sketch; CSS; Prototyping; Color Theory,Senior,"Contract · Hybrid. We are hiring a Senior UI Designer for our Healthcare team. The ideal candidate has 6-10 years of experience and is proficient in Figma, Design Systems, Sketch, CSS, Prototyping, Color Theory. This is a hybrid contract position focused on delivering high-quality design work."
Junior Product Designer,Design,Design Systems; User Research; Prototyping; Wireframing; Interaction Design; UX Design,Junior,"Contract · Remote. We are hiring a Junior Product Designer for our SaaS team. The ideal candidate has 1-3 years of experience and is proficient in Design Systems, User Research, Prototyping, Wireframing, Interaction Design, UX Design. This is a remote contract position focused on delivering high-quality design work."
Junior UX Designer,Design,Wireframing; Information Architecture; Design Thinking; Personas; User Research; Accessibility; Prototyping,Junior,"Contract · Remote. We are hiring a Junior UX Designer for our E-commerce team. The ideal candidate has 1-3 years of experience and is proficient in Wireframing, Information Architecture, Design Thinking, Personas, User Research, Accessibility, Prototyping. This is a remote contract position focused on delivering high-quality design work."
Lead Interaction Designer,Design,Prototyping; Design Systems; UX Design; Figma; After Effects; Motion Design,Lead,"Internship · Hybrid. We are hiring a Lead Interaction Designer for our EdTech team. The ideal candidate has 8-14 years of experience and is proficient in Prototyping, Design Systems, UX Design, Figma, After Effects, Motion Design. This is a hybrid internship position focused on delivering high-quality design work."
Junior Graphic Designer,Design,Color Theory; Layout Design; Print Design; Adobe XD; Typography; Illustrator,Junior,"Contract · Remote. We are hiring a Junior Graphic Designer for our EdTech team. The ideal candidate has 1-3 years of experience and is proficient in Color Theory, Layout Design, Print Design, Adobe XD, Typography, Illustrator. This is a remote contract position focused on delivering high-quality design work."
Lead Graphic Designer,Design,Layout Design; Print Design; Branding; Photoshop; Typography; Creativity; Adobe XD,Lead,"Internship · Remote. We are hiring a Lead Graphic Designer for our Fintech team. The ideal candidate has 8-14 years of experience and is proficient in Layout Design, Print Design, Branding, Photoshop, Typography, Creativity, Adobe XD. This is a remote internship position focused on delivering high-quality design work."
Mid-level Product Designer,Design,UX Design; Interaction Design; Figma; Sketch; UI Design; Wireframing,Mid-level,"Contract · Hybrid. We are hiring a Mid-level Product Designer for our Gaming team. The ideal candidate has 3-6 years of experience and is proficient in UX Design, Interaction Design, Figma, Sketch, UI Design, Wireframing. This is a hybrid contract position focused on delivering high-quality design work."
Principal UI Designer,Design,Color Theory; Sketch; Adobe XD; Wireframing; Figma,Principal,"Full-time · On-site. We are hiring a Principal UI Designer for our Fintech team. The ideal candidate has 12-20 years of experience and is proficient in Color Theory, Sketch, Adobe XD, Wireframing, Figma. This is a on-site full-time position focused on delivering high-quality design work."
Principal Product Designer,Design,Wireframing; Sketch; UX Design; Usability Testing; Prototyping,Principal,"Contract · Remote. We are hiring a Principal Product Designer for our Healthcare team. The ideal candidate has 12-20 years of experience and is proficient in Wireframing, Sketch, UX Design, Usability Testing, Prototyping. This is a remote contract position focused on delivering high-quality design work."
Intern Graphic Designer,Design,InDesign; Layout Design; Adobe XD; Illustrator; Color Theory; Creativity; Photoshop,Intern,"Full-time · Remote. We are hiring a Intern Graphic Designer for our Gaming team. The ideal candidate has 0-1 years of experience and is proficient in InDesign, Layout Design, Adobe XD, Illustrator, Color Theory, Creativity, Photoshop. This is a remote full-time position focused on delivering high-quality design work."
Mid-level Interaction Designer,Design,Wireframing; Prototyping; Motion Design; Usability Testing; After Effects,Mid-level,"Contract · Hybrid. We are hiring a Mid-level Interaction Designer for our Healthcare team. The ideal candidate has 3-6 years of experience and is proficient in Wireframing, Prototyping, Motion Design, Usability Testing, After Effects. This is a hybrid contract position focused on delivering high-quality design work."
Senior UI Designer,Design,Design Systems; CSS; Sketch; Typography; Adobe XD; Figma; Wireframing,Senior,"Contract · On-site. We are hiring a Senior UI Designer for our Healthcare team. The ideal candidate has 6-10 years of experience and is proficient in Design Systems, CSS, Sketch, Typography, Adobe XD, Figma, Wireframing. This is a on-site contract position focused on delivering high-quality design work."
Senior Graphic Designer,Design,Color Theory; InDesign; Layout Design; Branding; Creativity; Photoshop,Senior,"Full-time · On-site. We are hiring a Senior Graphic Designer for our Fintech team. The ideal candidate has 6-10 years of experience and is proficient in Color Theory, InDesign, Layout Design, Branding, Creativity, Photoshop. This is a on-site full-time position focused on delivering high-quality design work."
Junior Graphic Designer,Design,Branding; Photoshop; Adobe XD; Creativity; InDesign; Print Design; Illustrator,Junior,"Full-time · On-site. We are hiring a Junior Graphic Designer for our E-commerce team. The ideal candidate has 1-3 years of experience and is proficient in Branding, Photoshop, Adobe XD, Creativity, InDesign, Print Design, Illustrator. This is a on-site full-time position focused on delivering high-quality design work."
Mid-level Graphic Designer,Design,Print Design; Adobe XD; Photoshop; Branding; Creativity; Color Theory,Mid-level,"Internship · On-site. We are hiring a Mid-level Graphic Designer for our Enterprise team. The ideal candidate has 3-6 years of experience and is proficient in Print Design, Adobe XD, Photoshop, Branding, Creativity, Color Theory. This is a on-site internship position focused on delivering high-quality design work."
Junior UX Designer,Design,Prototyping; User Research; Figma; Usability Testing; Accessibility; Design Thinking; Wireframing,Junior,"Internship · On-site. We are hiring a Junior UX Designer for our EdTech team. The ideal candidate has 1-3 years of experience and is proficient in Prototyping, User Research, Figma, Usability Testing, Accessibility, Design Thinking, Wireframing. This is a on-site internship position focused on delivering high-quality design work."
Intern Product Designer,Design,Prototyping; User Research; Usability Testing; Sketch; Wireframing,Intern,"Internship · Remote. We are hiring a Intern Product Designer for our Enterprise team. The ideal candidate has 0-1 years of experience and is proficient in Prototyping, User Research, Usability Testing, Sketch, Wireframing. This is a remote internship position focused on delivering high-quality design work."
Intern UI Designer,Design,Sketch; HTML; Color Theory; Wireframing; CSS; Figma,Intern,"Internship · Remote. We are hiring a Intern UI Designer for our E-commerce team. The ideal candidate has 0-1 years of experience and is proficient in Sketch, HTML, Color Theory, Wireframing, CSS, Figma. This is a remote internship position focused on delivering high-quality design work."
Lead Product Designer,Design,Design Systems; UI Design; Sketch; Usability Testing; Interaction Design; Figma; User Research,Lead,"Full-time · Hybrid. We are hiring a Lead Product Designer for our E-commerce team. The ideal candidate has 8-14 years of experience and is proficient in Design Systems, UI Design, Sketch, Usability Testing, Interaction Design, Figma, User Research. This is a hybrid full-time position focused on delivering high-quality design work."
Mid-level UX Designer,Design,Personas; Design Thinking; User Research; Figma; Journey Mapping; Wireframing; Information Architecture,Mid-level,"Internship · Hybrid. We are hiring a Mid-level UX Designer for our E-commerce team. The ideal candidate has 3-6 years of experience and is proficient in Personas, Design Thinking, User Research, Figma, Journey Mapping, Wireframing, Information Architecture. This is a hybrid internship position focused on delivering high-quality design work."
Principal UX Designer,Design,Personas; Accessibility; Design Thinking; Wireframing; Prototyping; Usability Testing; Information Architecture,Principal,"Contract · On-site. We are hiring a Principal UX Designer for our SaaS team. The ideal candidate has 12-20 years of experience and is proficient in Personas, Accessibility, Design Thinking, Wireframing, Prototyping, Usability Testing, Information Architecture. This is a on-site contract position focused on delivering high-quality design work."
Intern UX Designer,Design,Prototyping; Wireframing; Journey Mapping; Figma; Design Thinking; Accessibility; Information Architecture,Intern,"Internship · On-site. We are hiring a Intern UX Designer for our Gaming team. The ideal candidate has 0-1 years of experience and is proficient in Prototyping, Wireframing, Journey Mapping, Figma, Design Thinking, Accessibility, Information Architecture. This is a on-site internship position focused on delivering high-quality design work."
Junior UX Designer,Design,Prototyping; Information Architecture; Personas; Wireframing; Journey Mapping,Junior,"Contract · Remote. We are hiring a Junior UX Designer for our EdTech team. The ideal candidate has 1-3 years of experience and is proficient in Prototyping, Information Architecture, Personas, Wireframing, Journey Mapping. This is a remote contract position focused on delivering high-quality design work."
Mid-level UX Designer,Design,Information Architecture; Prototyping; Usability Testing; Design Thinking; Wireframing; Personas; User Research,Mid-level,"Full-time · On-site. We are hiring a Mid-level UX Designer for our Enterprise team. The ideal candidate has 3-6 years of experience and is proficient in Information Architecture, Prototyping, Usability Testing, Design Thinking, Wireframing, Personas, User Research. This is a on-site full-time position focused on delivering high-quality design work."
Principal Interaction Designer,Design,Figma; After Effects; Usability Testing; User Research; UX Design; Wireframing,Principal,"Internship · On-site. We are hiring a Principal Interaction Designer for our Healthcare team. The ideal candidate has 12-20 years of experience and is proficient in Figma, After Effects, Usability Testing, User Research, UX Design, Wireframing. This is a on-site internship position focused on delivering high-quality design work."
Junior Product Designer,Design,Design Systems; Prototyping; Sketch; Interaction Design; UX Design; User Research; Wireframing,Junior,"Internship · Hybrid. We are hiring a Junior Product Designer for our Enterprise team. The ideal candidate has 1-3 years of experience and is proficient in Design Systems, Prototyping, Sketch, Interaction Design, UX Design, User Research, Wireframing. This is a hybrid internship position focused on delivering high-quality design work."
Mid-level Graphic Designer,Design,Typography; Color Theory; Creativity; Branding; Photoshop; Print Design,Mid-level,"Contract · Hybrid. We are hiring a Mid-level Graphic Designer for our Startup team. The ideal candidate has 3-6 years of experience and is proficient in Typography, Color Theory, Creativity, Branding, Photoshop, Print Design. This is a hybrid contract position focused on delivering high-quality design work."
Lead UX Designer,Design,Information Architecture; Wireframing; Personas; Usability Testing; User Research; Journey Mapping; Prototyping,Lead,"Full-time · On-site. We are hiring a Lead UX Designer for our SaaS team. The ideal candidate has 8-14 years of experience and is proficient in Information Architecture, Wireframing, Personas, Usability Testing, User Research, Journey Mapping, Prototyping. This is a on-site full-time position focused on delivering high-quality design work."
Senior UI Designer,Design,Typography; Design Systems; Adobe XD; Figma; HTML,Senior,"Full-time · Remote. We are hiring a Senior UI Designer for our SaaS team. The ideal candidate has 6-10 years of experience and is proficient in Typography, Design Systems, Adobe XD, Figma, HTML. This is a remote full-time position focused on delivering high-quality design work."
Principal Product Designer,Design,Interaction Design; Design Systems; Sketch; Wireframing; User Research; Usability Testing,Principal,"Contract · Remote. We are hiring a Principal Product Designer for our Gaming team. The ideal candidate has 12-20 years of experience and is proficient in Interaction Design, Design Systems, Sketch, Wireframing, User Research, Usability Testing. This is a remote contract position focused on delivering high-quality design work."
Senior UX Designer,Design,Wireframing; Journey Mapping; Design Thinking; User Research; Personas; Prototyping; Figma,Senior,"Contract · Remote. We are hiring a Senior UX Designer for our Startup team. The ideal candidate has 6-10 years of experience and is proficient in Wireframing, Journey Mapping, Design Thinking, User Research, Personas, Prototyping, Figma. This is a remote contract position focused on delivering high-quality design work."
Intern Product Designer,Design,Sketch; UI Design; User Research; Figma; Prototyping; UX Design; Usability Testing,Intern,"Internship · Hybrid. We are hiring a Intern Product Designer for our EdTech team. The ideal candidate has 0-1 years of experience and is proficient in Sketch, UI Design, User Research, Figma, Prototyping, UX Design, Usability Testing. This is a hybrid internship position focused on delivering high-quality design work."
Mid-level Graphic Designer,Design,Branding; Creativity; Photoshop; Typography; Adobe XD; Layout Design,Mid-level,"Contract · Hybrid. We are hiring a Mid-level Graphic Designer for our Enterprise team. The ideal candidate has 3-6 years of experience and is proficient in Branding, Creativity, Photoshop, Typography, Adobe XD, Layout Design. This is a hybrid contract position focused on delivering high-quality design work."
Lead Interaction Designer,Design,Prototyping; Design Systems; Usability Testing; Figma; After Effects; UX Design; Wireframing,Lead,"Internship · Remote. We are hiring a Lead Interaction Designer for our Healthcare team. The ideal candidate has 8-14 years of experience and is proficient in Prototyping, Design Systems, Usability Testing, Figma, After Effects, UX Design, Wireframing. This is a remote internship position focused on delivering high-quality design work."
Lead Product Designer,Design,Figma; Interaction Design; Wireframing; Design Systems; UX Design; UI Design; Usability Testing,Lead,"Contract · Remote. We are hiring a Lead Product Designer for our Startup team. The ideal candidate has 8-14 years of experience and is proficient in Figma, Interaction Design, Wireframing, Design Systems, UX Design, UI Design, Usability Testing. This is a remote contract position focused on delivering high-quality design work."
Mid-level Interaction Designer,Design,UX Design; Interaction Design; Usability Testing; Motion Design; User Research; Prototyping,Mid-level,"Full-time · Hybrid. We are hiring a Mid-level Interaction Designer for our Gaming team. The ideal candidate has 3-6 years of experience and is proficient in UX Design, Interaction Design, Usability Testing, Motion Design, User Research, Prototyping. This is a hybrid full-time position focused on delivering high-quality design work."
Principal Product Designer,Design,Prototyping; UI Design; Interaction Design; Figma; Sketch; User Research,Principal,"Internship · On-site. We are hiring a Principal Product Designer for our Startup team. The ideal candidate has 12-20 years of experience and is proficient in Prototyping, UI Design, Interaction Design, Figma, Sketch, User Research. This is a on-site internship position focused on delivering high-quality design work."
Senior Product Designer,Design,Usability Testing; UX Design; Prototyping; Figma; Sketch; Wireframing; Design Systems,Senior,"Internship · Hybrid. We are hiring a Senior Product Designer for our Healthcare team. The ideal candidate has 6-10 years of experience and is proficient in Usability Testing, UX Design, Prototyping, Figma, Sketch, Wireframing, Design Systems. This is a hybrid internship position focused on delivering high-quality design work."
Senior Interaction Designer,Design,Interaction Design; User Research; UX Design; Prototyping; After Effects; Figma,Senior,"Internship · Remote. We are hiring a Senior Interaction Designer for our Startup team. The ideal candidate has 6-10 years of experience and is proficient in Interaction Design, User Research, UX Design, Prototyping, After Effects, Figma. This is a remote internship position focused on delivering high-quality design work."
Mid-level UX Designer,Design,Figma; Usability Testing; Wireframing; Prototyping; Personas,Mid-level,"Internship · Remote. We are hiring a Mid-level UX Designer for our Gaming team. The ideal candidate has 3-6 years of experience and is proficient in Figma, Usability Testing, Wireframing, Prototyping, Personas. This is a remote internship position focused on delivering high-quality design work."
Senior Graphic Designer,Design,Illustrator; Adobe XD; Print Design; Color Theory; Photoshop; InDesign,Senior,"Full-time · Remote. We are hiring a Senior Graphic Designer for our Healthcare team. The ideal candidate has 6-10 years of experience and is proficient in Illustrator, Adobe XD, Print Design, Color Theory, Photoshop, InDesign. This is a remote full-time position focused on delivering high-quality design work."
Senior UX Designer,Design,User Research; Information Architecture; Usability Testing; Personas; Journey Mapping; Design Thinking; Accessibility,Senior,"Internship · Remote. We are hiring a Senior UX Designer for our SaaS team. The ideal candidate has 6-10 years of experience and is proficient in User Research, Information Architecture, Usability Testing, Personas, Journey Mapping, Design Thinking, Accessibility. This is a remote internship position focused on delivering high-quality design work."
Intern UX Designer,Design,Journey Mapping; Figma; Prototyping; User Research; Usability Testing; Personas,Intern,"Contract · On-site. We are hiring a Intern UX Designer for our Fintech team. The ideal candidate has 0-1 years of experience and is proficient in Journey Mapping, Figma, Prototyping, User Research, Usability Testing, Personas. This is a on-site contract position focused on delivering high-quality design work."
Principal Product Designer,Design,UI Design; User Research; Interaction Design; UX Design; Prototyping,Principal,"Internship · Hybrid. We are hiring a Principal Product Designer for our Enterprise team. The ideal candidate has 12-20 years of experience and is proficient in UI Design, User Research, Interaction Design, UX Design, Prototyping. This is a hybrid internship position focused on delivering high-quality design work."
Senior Interaction Designer,Design,Motion Design; Wireframing; Usability Testing; UX Design; After Effects,Senior,"Internship · Hybrid. We are hiring a Senior Interaction Designer for our Gaming team. The ideal candidate has 6-10 years of experience and is proficient in Motion Design, Wireframing, Usability Testing, UX Design, After Effects. This is a hybrid internship position focused on delivering high-quality design work."
Intern UX Designer,Design,Journey Mapping; Usability Testing; Personas; Wireframing; Design Thinking,Intern,"Contract · Remote. We are hiring a Intern UX Designer for our E-commerce team. The ideal candidate has 0-1 years of experience and is proficient in Journey Mapping, Usability Testing, Personas, Wireframing, Design Thinking. This is a remote contract position focused on delivering high-quality design work."
Intern UI Designer,Design,Sketch; Typography; Adobe XD; Design Systems; Figma; Prototyping; CSS,Intern,"Internship · Remote. We are hiring a Intern UI Designer for our Enterprise team. The ideal candidate has 0-1 years of experience and is proficient in Sketch, Typography, Adobe XD, Design Systems, Figma, Prototyping, CSS. This is a remote internship position focused on delivering high-quality design work."
Lead UI Designer,Design,Adobe XD; HTML; Wireframing; Figma; Color Theory; Prototyping; Design Systems,Lead,"Contract · Remote. We are hiring a Lead UI Designer for our E-commerce team. The ideal candidate has 8-14 years of experience and is proficient in Adobe XD, HTML, Wireframing, Figma, Color Theory, Prototyping, Design Systems. This is a remote contract position focused on delivering high-quality design work."
Junior UX Designer,Design,Personas; Figma; Journey Mapping; Information Architecture; Design Thinking,Junior,"Contract · Remote. We are hiring a Junior UX Designer for our Gaming team. The ideal candidate has 1-3 years of experience and is proficient in Personas, Figma, Journey Mapping, Information Architecture, Design Thinking. This is a remote contract position focused on delivering high-quality design work."
Mid-level UX Designer,Design,Accessibility; Journey Mapping; Prototyping; User Research; Design Thinking,Mid-level,"Full-time · Hybrid. We are hiring a Mid-level UX Designer for our EdTech team. The ideal candidate has 3-6 years of experience and is proficient in Accessibility, Journey Mapping, Prototyping, User Research, Design Thinking. This is a hybrid full-time position focused on delivering high-quality design work."
Senior UX Designer,Design,Figma; Journey Mapping; Personas; Prototyping; Accessibility; User Research,Senior,"Internship · Remote. We are hiring a Senior UX Designer for our Startup team. The ideal candidate has 6-10 years of experience and is proficient in Figma, Journey Mapping, Personas, Prototyping, Accessibility, User Research. This is a remote internship position focused on delivering high-quality design work."
Intern Product Designer,Design,Interaction Design; Wireframing; Figma; Usability Testing; Design Systems,Intern,"Full-time · Remote. We are hiring a Intern Product Designer for our Enterprise team. The ideal candidate has 0-1 years of experience and is proficient in Interaction Design, Wireframing, Figma, Usability Testing, Design Systems. This is a remote full-time position focused on delivering high-quality design work."
Junior Product Designer,Design,Usability Testing; UI Design; Prototyping; Design Systems; Figma; Wireframing; UX Design,Junior,"Contract · Hybrid. We are hiring a Junior Product Designer for our E-commerce team. The ideal candidate has 1-3 years of experience and is proficient in Usability Testing, UI Design, Prototyping, Design Systems, Figma, Wireframing, UX Design. This is a hybrid contract position focused on delivering high-quality design work."
Lead Graphic Designer,Design,Print Design; Adobe XD; Typography; Layout Design; Branding; Color Theory,Lead,"Internship · Hybrid. We are hiring a Lead Graphic Designer for our E-commerce team. The ideal candidate has 8-14 years of experience and is proficient in Print Design, Adobe XD, Typography, Layout Design, Branding, Color Theory. This is a hybrid internship position focused on delivering high-quality design work."
Principal Graphic Designer,Design,Branding; InDesign; Photoshop; Illustrator; Adobe XD; Color Theory,Principal,"Internship · Remote. We are hiring a Principal Graphic Designer for our Startup team. The ideal candidate has 12-20 years of experience and is proficient in Branding, InDesign, Photoshop, Illustrator, Adobe XD, Color Theory. This is a remote internship position focused on delivering high-quality design work."
Junior UI Designer,Design,CSS; Sketch; Adobe XD; Wireframing; Prototyping,Junior,"Internship · Remote. We are hiring a Junior UI Designer for our Healthcare team. The ideal candidate has 1-3 years of experience and is proficient in CSS, Sketch, Adobe XD, Wireframing, Prototyping. This is a remote internship position focused on delivering high-quality design work."
Lead Interaction Designer,Design,Prototyping; After Effects; Usability Testing; UX Design; Interaction Design; Design Systems,Lead,"Contract · Hybrid. We are hiring a Lead Interaction Designer for our Enterprise team. The ideal candidate has 8-14 years of experience and is proficient in Prototyping, After Effects, Usability Testing, UX Design, Interaction Design, Design Systems. This is a hybrid contract position focused on delivering high-quality design work."
Senior Product Designer,Design,UI Design; Wireframing; Design Systems; Interaction Design; UX Design,Senior,"Internship · On-site. We are hiring a Senior Product Designer for our SaaS team. The ideal candidate has 6-10 years of experience and is proficient in UI Design, Wireframing, Design Systems, Interaction Design, UX Design. This is a on-site internship position focused on delivering high-quality design work."
Lead Graphic Designer,Design,InDesign; Photoshop; Illustrator; Print Design; Creativity; Layout Design; Color Theory,Lead,"Full-time · On-site. We are hiring a Lead Graphic Designer for our Fintech team. The ideal candidate has 8-14 years of experience and is proficient in InDesign, Photoshop, Illustrator, Print Design, Creativity, Layout Design, Color Theory. This is a on-site full-time position focused on delivering high-quality design work."
Principal Interaction Designer,Design,User Research; Design Systems; Wireframing; Motion Design; Usability Testing,Principal,"Full-time · Remote. We are hiring a Principal Interaction Designer for our Healthcare team. The ideal candidate has 12-20 years of experience and is proficient in User Research, Design Systems, Wireframing, Motion Design, Usability Testing. This is a remote full-time position focused on delivering high-quality design work."
Mid-level UX Designer,Design,Design Thinking; Usability Testing; Information Architecture; User Research; Figma; Prototyping,Mid-level,"Internship · Remote. We are hiring a Mid-level UX Designer for our SaaS team. The ideal candidate has 3-6 years of experience and is proficient in Design Thinking, Usability Testing, Information Architecture, User Research, Figma, Prototyping. This is a remote internship position focused on delivering high-quality design work."
Lead Interaction Designer,Design,User Research; UX Design; Wireframing; Interaction Design; Usability Testing,Lead,"Full-time · Remote. We are hiring a Lead Interaction Designer for our Fintech team. The ideal candidate has 8-14 years of experience and is proficient in User Research, UX Design, Wireframing, Interaction Design, Usability Testing. This is a remote full-time position focused on delivering high-quality design work."
Junior UX Designer,Design,Journey Mapping; Prototyping; User Research; Wireframing; Personas,Junior,"Full-time · Remote. We are hiring a Junior UX Designer for our SaaS team. The ideal candidate has 1-3 years of experience and is proficient in Journey Mapping, Prototyping, User Research, Wireframing, Personas. This is a remote full-time position focused on delivering high-quality design work."
Lead Interaction Designer,Design,UX Design; User Research; Usability Testing; Motion Design; Interaction Design; Figma,Lead,"Internship · On-site. We are hiring a Lead Interaction Designer for our Gaming team. The ideal candidate has 8-14 years of experience and is proficient in UX Design, User Research, Usability Testing, Motion Design, Interaction Design, Figma. This is a on-site internship position focused on delivering high-quality design work."
Senior UI Designer,Design,HTML; Wireframing; Typography; CSS; Adobe XD,Senior,"Full-time · On-site. We are hiring a Senior UI Designer for our SaaS team. The ideal candidate has 6-10 years of experience and is proficient in HTML, Wireframing, Typography, CSS, Adobe XD. This is a on-site full-time position focused on delivering high-quality design work."
Principal UI Designer,Design,CSS; Color Theory; Adobe XD; HTML; Prototyping; Sketch; Typography,Principal,"Full-time · Remote. We are hiring a Principal UI Designer for our Startup team. The ideal candidate has 12-20 years of experience and is proficient in CSS, Color Theory, Adobe XD, HTML, Prototyping, Sketch, Typography. This is a remote full-time position focused on delivering high-quality design work."
Mid-level UI Designer,Design,Sketch; CSS; HTML; Color Theory; Design Systems; Typography,Mid-level,"Full-time · Remote. We are hiring a Mid-level UI Designer for our Healthcare team. The ideal candidate has 3-6 years of experience and is proficient in Sketch, CSS, HTML, Color Theory, Design Systems, Typography. This is a remote full-time position focused on delivering high-quality design work."
Senior Interaction Designer,Design,After Effects; Usability Testing; Wireframing; Prototyping; User Research; UX Design,Senior,"Full-time · Remote. We are hiring a Senior Interaction Designer for our Healthcare team. The ideal candidate has 6-10 years of experience and is proficient in After Effects, Usability Testing, Wireframing, Prototyping, User Research, UX Design. This is a remote full-time position focused on delivering high-quality design work."
Intern Interaction Designer,Design,After Effects; Wireframing; Motion Design; Interaction Design; Design Systems,Intern,"Full-time · Hybrid. We are hiring a Intern Interaction Designer for our Gaming team. The ideal candidate has 0-1 years of experience and is proficient in After Effects, Wireframing, Motion Design, Interaction Design, Design Systems. This is a hybrid full-time position focused on delivering high-quality design work."
Junior UX Designer,Design,Journey Mapping; Information Architecture; Prototyping; User Research; Personas,Junior,"Full-time · On-site. We are hiring a Junior UX Designer for our SaaS team. The ideal candidate has 1-3 years of experience and is proficient in Journey Mapping, Information Architecture, Prototyping, User Research, Personas. This is a on-site full-time position focused on delivering high-quality design work."
Intern Graphic Designer,Design,Typography; Color Theory; Print Design; Branding; Layout Design; Adobe XD; InDesign,Intern,"Full-time · Remote. We are hiring a Intern Graphic Designer for our EdTech team. The ideal candidate has 0-1 years of experience and is proficient in Typography, Color Theory, Print Design, Branding, Layout Design, Adobe XD, InDesign. This is a remote full-time position focused on delivering high-quality design work."
Intern Product Designer,Design,Prototyping; UI Design; Figma; Interaction Design; UX Design; Wireframing; Design Systems,Intern,"Full-time · Remote. We are hiring a Intern Product Designer for our Fintech team. The ideal candidate has 0-1 years of experience and is proficient in Prototyping, UI Design, Figma, Interaction Design, UX Design, Wireframing, Design Systems. This is a remote full-time position focused on delivering high-quality design work."
Senior UI Designer,Design,Figma; Sketch; Prototyping; Wireframing; Typography; Color Theory,Senior,"Full-time · Hybrid. We are hiring a Senior UI Designer for our Fintech team. The ideal candidate has 6-10 years of experience and is proficient in Figma, Sketch, Prototyping, Wireframing, Typography, Color Theory. This is a hybrid full-time position focused on delivering high-quality design work."
Mid-level Graphic Designer,Design,Print Design; Layout Design; Photoshop; Adobe XD; Color Theory; Branding,Mid-level,"Full-time · Hybrid. We are hiring a Mid-level Graphic Designer for our E-commerce team. The ideal candidate has 3-6 years of experience and is proficient in Print Design, Layout Design, Photoshop, Adobe XD, Color Theory, Branding. This is a hybrid full-time position focused on delivering high-quality design work."
Junior UI Designer,Design,Adobe XD; Wireframing; Typography; Design Systems; HTML,Junior,"Contract · On-site. We are hiring a Junior UI Designer for our Enterprise team. The ideal candidate has 1-3 years of experience and is proficient in Adobe XD, Wireframing, Typography, Design Systems, HTML. This is a on-site contract position focused on delivering high-quality design work."
Principal Graphic Designer,Design,Layout Design; Creativity; Photoshop; Branding; Adobe XD; Color Theory; Illustrator,Principal,"Full-time · Hybrid. We are hiring a Principal Graphic Designer for our EdTech team. The ideal candidate has 12-20 years of experience and is proficient in Layout Design, Creativity, Photoshop, Branding, Adobe XD, Color Theory, Illustrator. This is a hybrid full-time position focused on delivering high-quality design work."
Mid-level Graphic Designer,Design,Print Design; Adobe XD; Illustrator; Creativity; InDesign,Mid-level,"Contract · On-site. We are hiring a Mid-level Graphic Designer for our Healthcare team. The ideal candidate has 3-6 years of experience and is proficient in Print Design, Adobe XD, Illustrator, Creativity, InDesign. This is a on-site contract position focused on delivering high-quality design work."
Senior Interaction Designer,Design,Design Systems; Prototyping; User Research; Wireframing; Motion Design,Senior,"Full-time · Remote. We are hiring a Senior Interaction Designer for our Enterprise team. The ideal candidate has 6-10 years of experience and is proficient in Design Systems, Prototyping, User Research, Wireframing, Motion Design. This is a remote full-time position focused on delivering high-quality design work."
Intern Graphic Designer,Design,Print Design; Branding; Creativity; Layout Design; Typography; Adobe XD; Photoshop,Intern,"Internship · Hybrid. We are hiring a Intern Graphic Designer for our Fintech team. The ideal candidate has 0-1 years of experience and is proficient in Print Design, Branding, Creativity, Layout Design, Typography, Adobe XD, Photoshop. This is a hybrid internship position focused on delivering high-quality design work."
Mid-level UX Designer,Design,Accessibility; Design Thinking; Personas; Prototyping; Wireframing,Mid-level,"Full-time · Hybrid. We are hiring a Mid-level UX Designer for our Healthcare team. The ideal candidate has 3-6 years of experience and is proficient in Accessibility, Design Thinking, Personas, Prototyping, Wireframing. This is a hybrid full-time position focused on delivering high-quality design work."
Intern Product Designer,Design,Sketch; Wireframing; User Research; Figma; Prototyping; Design Systems; UI Design,Intern,"Full-time · On-site. We are hiring a Intern Product Designer for our Healthcare team. The ideal candidate has 0-1 years of experience and is proficient in Sketch, Wireframing, User Research, Figma, Prototyping, Design Systems, UI Design. This is a on-site full-time position focused on delivering high-quality design work."
Intern Graphic Designer,Design,Branding; Layout Design; Creativity; Adobe XD; Photoshop; Illustrator,Intern,"Full-time · Hybrid. We are hiring a Intern Graphic Designer for our Gaming team. The ideal candidate has 0-1 years of experience and is proficient in Branding, Layout Design, Creativity, Adobe XD, Photoshop, Illustrator. This is a hybrid full-time position focused on delivering high-quality design work."
Junior Product Designer,Design,Design Systems; Sketch; Usability Testing; Figma; UX Design; Prototyping,Junior,"Full-time · Hybrid. We are hiring a Junior Product Designer for our Fintech team. The ideal candidate has 1-3 years of experience and is proficient in Design Systems, Sketch, Usability Testing, Figma, UX Design, Prototyping. This is a hybrid full-time position focused on delivering high-quality design work."
Intern Interaction Designer,Design,Figma; Prototyping; Motion Design; After Effects; User Research,Intern,"Internship · Hybrid. We are hiring a Intern Interaction Designer for our EdTech team. The ideal candidate has 0-1 years of experience and is proficient in Figma, Prototyping, Motion Design, After Effects, User Research. This is a hybrid internship position focused on delivering high-quality design work."
Principal Interaction Designer,Design,UX Design; User Research; Wireframing; Design Systems; Usability Testing,Principal,"Contract · Hybrid. We are hiring a Principal Interaction Designer for our SaaS team. The ideal candidate has 12-20 years of experience and is proficient in UX Design, User Research, Wireframing, Design Systems, Usability Testing. This is a hybrid contract position focused on delivering high-quality design work."
Junior UI Designer,Design,Figma; Adobe XD; Prototyping; Color Theory; Sketch; CSS,Junior,"Internship · Hybrid. We are hiring a Junior UI Designer for our Gaming team. The ideal candidate has 1-3 years of experience and is proficient in Figma, Adobe XD, Prototyping, Color Theory, Sketch, CSS. This is a hybrid internship position focused on delivering high-quality design work."
Mid-level Graphic Designer,Design,Illustrator; Layout Design; Photoshop; Creativity; Adobe XD; Branding; Print Design,Mid-level,"Full-time · Remote. We are hiring a Mid-level Graphic Designer for our Enterprise team. The ideal candidate has 3-6 years of experience and is proficient in Illustrator, Layout Design, Photoshop, Creativity, Adobe XD, Branding, Print Design. This is a remote full-time position focused on delivering high-quality design work."
Intern Product Designer,Design,UI Design; Sketch; Prototyping; User Research; Design Systems; Interaction Design,Intern,"Full-time · Remote. We are hiring a Intern Product Designer for our Gaming team. The ideal candidate has 0-1 years of experience and is proficient in UI Design, Sketch, Prototyping, User Research, Design Systems, Interaction Design. This is a remote full-time position focused on delivering high-quality design work."
Junior Interaction Designer,Design,Interaction Design; Figma; Wireframing; Prototyping; Usability Testing; User Research; After Effects,Junior,"Full-time · On-site. We are hiring a Junior Interaction Designer for our Startup team. The ideal candidate has 1-3 years of experience and is proficient in Interaction Design, Figma, Wireframing, Prototyping, Usability Testing, User Research, After Effects. This is a on-site full-time position focused on delivering high-quality design work."
Intern Graphic Designer,Design,Photoshop; Adobe XD; Layout Design; Print Design; InDesign,Intern,"Internship · Remote. We are hiring a Intern Graphic Designer for our Fintech team. The ideal candidate has 0-1 years of experience and is proficient in Photoshop, Adobe XD, Layout Design, Print Design, InDesign. This is a remote internship position focused on delivering high-quality design work."
Senior Graphic Designer,Design,Print Design; Layout Design; Color Theory; Photoshop; Adobe XD; Creativity; Typography,Senior,"Full-time · Remote. We are hiring a Senior Graphic Designer for our SaaS team. The ideal candidate has 6-10 years of experience and is proficient in Print Design, Layout Design, Color Theory, Photoshop, Adobe XD, Creativity, Typography. This is a remote full-time position focused on delivering high-quality design work."
Senior Graphic Designer,Design,InDesign; Illustrator; Creativity; Photoshop; Color Theory; Print Design,Senior,"Contract · Hybrid. We are hiring a Senior Graphic Designer for our Healthcare team. The ideal candidate has 6-10 years of experience and is proficient in InDesign, Illustrator, Creativity, Photoshop, Color Theory, Print Design. This is a hybrid contract position focused on delivering high-quality design work."
Junior UI Designer,Design,Prototyping; CSS; Figma; Sketch; Adobe XD; Typography,Junior,"Internship · Hybrid. We are hiring a Junior UI Designer for our Enterprise team. The ideal candidate has 1-3 years of experience and is proficient in Prototyping, CSS, Figma, Sketch, Adobe XD, Typography. This is a hybrid internship position focused on delivering high-quality design work."
Lead UX Designer,Design,User Research; Information Architecture; Accessibility; Personas; Design Thinking; Wireframing; Prototyping,Lead,"Contract · On-site. We are hiring a Lead UX Designer for our EdTech team. The ideal candidate has 8-14 years of experience and is proficient in User Research, Information Architecture, Accessibility, Personas, Design Thinking, Wireframing, Prototyping. This is a on-site contract position focused on delivering high-quality design work."
Lead UX Designer,Design,User Research; Prototyping; Design Thinking; Usability Testing; Figma,Lead,"Full-time · On-site. We are hiring a Lead UX Designer for our Enterprise team. The ideal candidate has 8-14 years of experience and is proficient in User Research, Prototyping, Design Thinking, Usability Testing, Figma. This is a on-site full-time position focused on delivering high-quality design work."
Junior Product Designer,Design,UX Design; User Research; Prototyping; Wireframing; Usability Testing; Design Systems; Interaction Design,Junior,"Contract · Hybrid. We are hiring a Junior Product Designer for our Fintech team. The ideal candidate has 1-3 years of experience and is proficient in UX Design, User Research, Prototyping, Wireframing, Usability Testing, Design Systems, Interaction Design. This is a hybrid contract position focused on delivering high-quality design work."
Junior Graphic Designer,Design,Print Design; Illustrator; Typography; Adobe XD; Photoshop; Color Theory; Branding,Junior,"Internship · Hybrid. We are hiring a Junior Graphic Designer for our Gaming team. The ideal candidate has 1-3 years of experience and is proficient in Print Design, Illustrator, Typography, Adobe XD, Photoshop, Color Theory, Branding. This is a hybrid internship position focused on delivering high-quality design work."
Mid-level Interaction Designer,Design,Prototyping; Figma; Usability Testing; User Research; Motion Design,Mid-level,"Internship · Hybrid. We are hiring a Mid-level Interaction Designer for our Startup team. The ideal candidate has 3-6 years of experience and is proficient in Prototyping, Figma, Usability Testing, User Research, Motion Design. This is a hybrid internship position focused on delivering high-quality design work."
Junior Graphic Designer,Design,Layout Design; Color Theory; Typography; Adobe XD; Print Design; Branding,Junior,"Full-time · On-site. We are hiring a Junior Graphic Designer for our Startup team. The ideal candidate has 1-3 years of experience and is proficient in Layout Design, Color Theory, Typography, Adobe XD, Print Design, Branding. This is a on-site full-time position focused on delivering high-quality design work."
Intern Interaction Designer,Design,Interaction Design; Motion Design; Figma; User Research; Usability Testing; Wireframing; After Effects,Intern,"Full-time · Remote. We are hiring a Intern Interaction Designer for our Startup team. The ideal candidate has 0-1 years of experience and is proficient in Interaction Design, Motion Design, Figma, User Research, Usability Testing, Wireframing, After Effects. This is a remote full-time position focused on delivering high-quality design work."
Junior UI Designer,Design,Sketch; Color Theory; Typography; CSS; Figma,Junior,"Full-time · Remote. We are hiring a Junior UI Designer for our E-commerce team. The ideal candidate has 1-3 years of experience and is proficient in Sketch, Color Theory, Typography, CSS, Figma. This is a remote full-time position focused on delivering high-quality design work."
Mid-level UX Designer,Design,Usability Testing; Information Architecture; Accessibility; Personas; Figma,Mid-level,"Internship · Hybrid. We are hiring a Mid-level UX Designer for our SaaS team. The ideal candidate has 3-6 years of experience and is proficient in Usability Testing, Information Architecture, Accessibility, Personas, Figma. This is a hybrid internship position focused on delivering high-quality design work."
Senior Interaction Designer,Design,Figma; Usability Testing; Wireframing; Interaction Design; After Effects; Prototyping,Senior,"Internship · On-site. We are hiring a Senior Interaction Designer for our Startup team. The ideal candidate has 6-10 years of experience and is proficient in Figma, Usability Testing, Wireframing, Interaction Design, After Effects, Prototyping. This is a on-site internship position focused on delivering high-quality design work."
Principal Product Designer,Design,Usability Testing; Interaction Design; Sketch; Design Systems; Prototyping,Principal,"Internship · Remote. We are hiring a Principal Product Designer for our Gaming team. The ideal candidate has 12-20 years of experience and is proficient in Usability Testing, Interaction Design, Sketch, Design Systems, Prototyping. This is a remote internship position focused on delivering high-quality design work."
Intern UI Designer,Design,Design Systems; Color Theory; Wireframing; HTML; Figma,Intern,"Full-time · Remote. We are hiring a Intern UI Designer for our E-commerce team. The ideal candidate has 0-1 years of experience and is proficient in Design Systems, Color Theory, Wireframing, HTML, Figma. This is a remote full-time position focused on delivering high-quality design work."
Junior UI Designer,Design,Typography; Color Theory; CSS; Figma; Sketch,Junior,"Contract · Hybrid. We are hiring a Junior UI Designer for our Startup team. The ideal candidate has 1-3 years of experience and is proficient in Typography, Color Theory, CSS, Figma, Sketch. This is a hybrid contract position focused on delivering high-quality design work."
Senior Graphic Designer,Design,Print Design; Color Theory; Branding; InDesign; Illustrator; Creativity,Senior,"Internship · On-site. We are hiring a Senior Graphic Designer for our E-commerce team. The ideal candidate has 6-10 years of experience and is proficient in Print Design, Color Theory, Branding, InDesign, Illustrator, Creativity. This is a on-site internship position focused on delivering high-quality design work."
Principal UX Designer,Design,Information Architecture; Prototyping; Personas; Accessibility; Figma,Principal,"Internship · On-site. We are hiring a Principal UX Designer for our Gaming team. The ideal candidate has 12-20 years of experience and is proficient in Information Architecture, Prototyping, Personas, Accessibility, Figma. This is a on-site internship position focused on delivering high-quality design work."
Principal Product Designer,Design,UI Design; Figma; Wireframing; Usability Testing; Prototyping; UX Design; Sketch,Principal,"Contract · Remote. We are hiring a Principal Product Designer for our SaaS team. The ideal candidate has 12-20 years of experience and is proficient in UI Design, Figma, Wireframing, Usability Testing, Prototyping, UX Design, Sketch. This is a remote contract position focused on delivering high-quality design work."
Senior UX Designer,Design,Personas; Accessibility; Prototyping; Usability Testing; Wireframing; Journey Mapping; User Research,Senior,"Contract · Remote. We are hiring a Senior UX Designer for our Healthcare team. The ideal candidate has 6-10 years of experience and is proficient in Personas, Accessibility, Prototyping, Usability Testing, Wireframing, Journey Mapping, User Research. This is a remote contract position focused on delivering high-quality design work."
Principal Product Designer,Design,UX Design; User Research; Sketch; Usability Testing; Interaction Design; Design Systems; UI Design,Principal,"Full-time · Remote. We are hiring a Principal Product Designer for our Fintech team. The ideal candidate has 12-20 years of experience and is proficient in UX Design, User Research, Sketch, Usability Testing, Interaction Design, Design Systems, UI Design. This is a remote full-time position focused on delivering high-quality design work."
Mid-level UX Designer,Design,Usability Testing; Prototyping; Journey Mapping; Wireframing; User Research; Personas,Mid-level,"Contract · Hybrid. We are hiring a Mid-level UX Designer for our Startup team. The ideal candidate has 3-6 years of experience and is proficient in Usability Testing, Prototyping, Journey Mapping, Wireframing, User Research, Personas. This is a hybrid contract position focused on delivering high-quality design work."
Junior Interaction Designer,Design,Figma; User Research; Design Systems; Wireframing; Prototyping; After Effects; Usability Testing,Junior,"Internship · On-site. We are hiring a Junior Interaction Designer for our Enterprise team. The ideal candidate has 1-3 years of experience and is proficient in Figma, User Research, Design Systems, Wireframing, Prototyping, After Effects, Usability Testing. This is a on-site internship position focused on delivering high-quality design work."
Intern UI Designer,Design,CSS; Sketch; Adobe XD; Figma; Wireframing; Prototyping; HTML,Intern,"Full-time · Hybrid. We are hiring a Intern UI Designer for our Startup team. The ideal candidate has 0-1 years of experience and is proficient in CSS, Sketch, Adobe XD, Figma, Wireframing, Prototyping, HTML. This is a hybrid full-time position focused on delivering high-quality design work."
Principal Graphic Designer,Design,Creativity; Adobe XD; Photoshop; Print Design; Illustrator; Typography; Branding,Principal,"Full-time · On-site. We are hiring a Principal Graphic Designer for our Startup team. The ideal candidate has 12-20 years of experience and is proficient in Creativity, Adobe XD, Photoshop, Print Design, Illustrator, Typography, Branding. This is a on-site full-time position focused on delivering high-quality design work."
Lead Interaction Designer,Design,Figma; Usability Testing; After Effects; Interaction Design; Wireframing; Motion Design; Design Systems,Lead,"Full-time · On-site. We are hiring a Lead Interaction Designer for our Enterprise team. The ideal candidate has 8-14 years of experience and is proficient in Figma, Usability Testing, After Effects, Interaction Design, Wireframing, Motion Design, Design Systems. This is a on-site full-time position focused on delivering high-quality design work."
Mid-level Product Designer,Design,UX Design; Prototyping; Figma; Sketch; Usability Testing; Wireframing,Mid-level,"Contract · Hybrid. We are hiring a Mid-level Product Designer for our Enterprise team. The ideal candidate has 3-6 years of experience and is proficient in UX Design, Prototyping, Figma, Sketch, Usability Testing, Wireframing. This is a hybrid contract position focused on delivering high-quality design work."
Intern UX Designer,Design,Personas; Accessibility; Prototyping; Information Architecture; Wireframing; Figma,Intern,"Full-time · Remote. We are hiring a Intern UX Designer for our Gaming team. The ideal candidate has 0-1 years of experience and is proficient in Personas, Accessibility, Prototyping, Information Architecture, Wireframing, Figma. This is a remote full-time position focused on delivering high-quality design work."
Intern Graphic Designer,Design,Branding; Print Design; Adobe XD; Photoshop; InDesign; Typography,Intern,"Full-time · On-site. We are hiring a Intern Graphic Designer for our E-commerce team. The ideal candidate has 0-1 years of experience and is proficient in Branding, Print Design, Adobe XD, Photoshop, InDesign, Typography. This is a on-site full-time position focused on delivering high-quality design work."
Junior Product Designer,Design,Interaction Design; Design Systems; Prototyping; User Research; UX Design; Sketch; Usability Testing,Junior,"Contract · On-site. We are hiring a Junior Product Designer for our Startup team. The ideal candidate has 1-3 years of experience and is proficient in Interaction Design, Design Systems, Prototyping, User Research, UX Design, Sketch, Usability Testing. This is a on-site contract position focused on delivering high-quality design work."
Intern UI Designer,Design,HTML; CSS; Color Theory; Figma; Wireframing,Intern,"Internship · Remote. We are hiring a Intern UI Designer for our Fintech team. The ideal candidate has 0-1 years of experience and is proficient in HTML, CSS, Color Theory, Figma, Wireframing. This is a remote internship position focused on delivering high-quality design work."
Junior Graphic Designer,Design,Typography; Adobe XD; InDesign; Print Design; Photoshop,Junior,"Contract · Remote. We are hiring a Junior Graphic Designer for our E-commerce team. The ideal candidate has 1-3 years of experience and is proficient in Typography, Adobe XD, InDesign, Print Design, Photoshop. This is a remote contract position focused on delivering high-quality design work."
Junior UX Designer,Design,Usability Testing; Journey Mapping; Wireframing; Figma; Personas,Junior,"Internship · On-site. We are hiring a Junior UX Designer for our Healthcare team. The ideal candidate has 1-3 years of experience and is proficient in Usability Testing, Journey Mapping, Wireframing, Figma, Personas. This is a on-site internship position focused on delivering high-quality design work."
Mid-level Interaction Designer,Design,Wireframing; After Effects; Motion Design; UX Design; Usability Testing,Mid-level,"Contract · On-site. We are hiring a Mid-level Interaction Designer for our EdTech team. The ideal candidate has 3-6 years of experience and is proficient in Wireframing, After Effects, Motion Design, UX Design, Usability Testing. This is a on-site contract position focused on delivering high-quality design work."
Junior Product Designer,Design,User Research; Wireframing; UX Design; UI Design; Interaction Design,Junior,"Contract · On-site. We are hiring a Junior Product Designer for our Gaming team. The ideal candidate has 1-3 years of experience and is proficient in User Research, Wireframing, UX Design, UI Design, Interaction Design. This is a on-site contract position focused on delivering high-quality design work."
Lead UI Designer,Design,Figma; HTML; Color Theory; CSS; Typography; Prototyping; Wireframing,Lead,"Full-time · Remote. We are hiring a Lead UI Designer for our Startup team. The ideal candidate has 8-14 years of experience and is proficient in Figma, HTML, Color Theory, CSS, Typography, Prototyping, Wireframing. This is a remote full-time position focused on delivering high-quality design work."
Principal Product Designer,Design,Sketch; Figma; User Research; Wireframing; Prototyping,Principal,"Contract · Remote. We are hiring a Principal Product Designer for our E-commerce team. The ideal candidate has 12-20 years of experience and is proficient in Sketch, Figma, User Research, Wireframing, Prototyping. This is a remote contract position focused on delivering high-quality design work."
Lead Graphic Designer,Design,Branding; Color Theory; Layout Design; InDesign; Print Design,Lead,"Contract · Hybrid. We are hiring a Lead Graphic Designer for our EdTech team. The ideal candidate has 8-14 years of experience and is proficient in Branding, Color Theory, Layout Design, InDesign, Print Design. This is a hybrid contract position focused on delivering high-quality design work."
Intern Product Designer,Design,Design Systems; Interaction Design; User Research; Usability Testing; UX Design; Figma,Intern,"Internship · Remote. We are hiring a Intern Product Designer for our SaaS team. The ideal candidate has 0-1 years of experience and is proficient in Design Systems, Interaction Design, User Research, Usability Testing, UX Design, Figma. This is a remote internship position focused on delivering high-quality design work."
Intern Product Designer,Design,Interaction Design; Sketch; Usability Testing; UX Design; User Research,Intern,"Full-time · Hybrid. We are hiring a Intern Product Designer for our Startup team. The ideal candidate has 0-1 years of experience and is proficient in Interaction Design, Sketch, Usability Testing, UX Design, User Research. This is a hybrid full-time position focused on delivering high-quality design work."
Mid-level UX Designer,Design,Personas; Accessibility; Usability Testing; Information Architecture; Design Thinking,Mid-level,"Full-time · Hybrid. We are hiring a Mid-level UX Designer for our E-commerce team. The ideal candidate has 3-6 years of experience and is proficient in Personas, Accessibility, Usability Testing, Information Architecture, Design Thinking. This is a hybrid full-time position focused on delivering high-quality design work."
Junior UX Designer,Design,Usability Testing; Figma; Design Thinking; User Research; Journey Mapping; Information Architecture,Junior,"Internship · Remote. We are hiring a Junior UX Designer for our SaaS team. The ideal candidate has 1-3 years of experience and is proficient in Usability Testing, Figma, Design Thinking, User Research, Journey Mapping, Information Architecture. This is a remote internship position focused on delivering high-quality design work."
Principal Interaction Designer,Design,Design Systems; Motion Design; After Effects; User Research; Interaction Design; Usability Testing,Principal,"Internship · Hybrid. We are hiring a Principal Interaction Designer for our Enterprise team. The ideal candidate has 12-20 years of experience and is proficient in Design Systems, Motion Design, After Effects, User Research, Interaction Design, Usability Testing. This is a hybrid internship position focused on delivering high-quality design work."
Senior UX Designer,Design,Design Thinking; Wireframing; Personas; Prototyping; Accessibility; Figma,Senior,"Internship · On-site. We are hiring a Senior UX Designer for our E-commerce team. The ideal candidate has 6-10 years of experience and is proficient in Design Thinking, Wireframing, Personas, Prototyping, Accessibility, Figma. This is a on-site internship position focused on delivering high-quality design work."
Mid-level Interaction Designer,Design,After Effects; Usability Testing; Design Systems; User Research; UX Design,Mid-level,"Full-time · Remote. We are hiring a Mid-level Interaction Designer for our Gaming team. The ideal candidate has 3-6 years of experience and is proficient in After Effects, Usability Testing, Design Systems, User Research, UX Design. This is a remote full-time position focused on delivering high-quality design work."
Principal Interaction Designer,Design,Interaction Design; After Effects; UX Design; Prototyping; Design Systems,Principal,"Contract · Hybrid. We are hiring a Principal Interaction Designer for our Gaming team. The ideal candidate has 12-20 years of experience and is proficient in Interaction Design, After Effects, UX Design, Prototyping, Design Systems. This is a hybrid contract position focused on delivering high-quality design work."
Senior Graphic Designer,Design,Illustrator; Print Design; Color Theory; Adobe XD; Photoshop,Senior,"Internship · On-site. We are hiring a Senior Graphic Designer for our Startup team. The ideal candidate has 6-10 years of experience and is proficient in Illustrator, Print Design, Color Theory, Adobe XD, Photoshop. This is a on-site internship position focused on delivering high-quality design work."
Mid-level UI Designer,Design,CSS; Wireframing; Sketch; Figma; Color Theory,Mid-level,"Internship · On-site. We are hiring a Mid-level UI Designer for our Enterprise team. The ideal candidate has 3-6 years of experience and is proficient in CSS, Wireframing, Sketch, Figma, Color Theory. This is a on-site internship position focused on delivering high-quality design work."
Junior UX Designer,Design,Accessibility; Wireframing; Information Architecture; Design Thinking; Prototyping,Junior,"Full-time · Remote. We are hiring a Junior UX Designer for our Fintech team. The ideal candidate has 1-3 years of experience and is proficient in Accessibility, Wireframing, Information Architecture, Design Thinking, Prototyping. This is a remote full-time position focused on delivering high-quality design work."
Lead Graphic Designer,Design,Layout Design; Adobe XD; Illustrator; Branding; InDesign; Typography,Lead,"Internship · Remote. We are hiring a Lead Graphic Designer for our E-commerce team. The ideal candidate has 8-14 years of experience and is proficient in Layout Design, Adobe XD, Illustrator, Branding, InDesign, Typography. This is a remote internship position focused on delivering high-quality design work."
Principal UI Designer,Design,Design Systems; Wireframing; Sketch; Adobe XD; Color Theory; HTML; Prototyping,Principal,"Internship · Hybrid. We are hiring a Principal UI Designer for our Gaming team. The ideal candidate has 12-20 years of experience and is proficient in Design Systems, Wireframing, Sketch, Adobe XD, Color Theory, HTML, Prototyping. This is a hybrid internship position focused on delivering high-quality design work."
Lead Product Designer,Design,UI Design; Design Systems; Usability Testing; User Research; Interaction Design; Wireframing; Sketch,Lead,"Internship · Remote. We are hiring a Lead Product Designer for our Enterprise team. The ideal candidate has 8-14 years of experience and is proficient in UI Design, Design Systems, Usability Testing, User Research, Interaction Design, Wireframing, Sketch. This is a remote internship position focused on delivering high-quality design work."
Mid-level Interaction Designer,Design,Motion Design; Interaction Design; UX Design; Prototyping; Wireframing; Design Systems,Mid-level,"Contract · Remote. We are hiring a Mid-level Interaction Designer for our Fintech team. The ideal candidate has 3-6 years of experience and is proficient in Motion Design, Interaction Design, UX Design, Prototyping, Wireframing, Design Systems. This is a remote contract position focused on delivering high-quality design work."
Lead UI Designer,Design,Adobe XD; Color Theory; CSS; Figma; Prototyping; HTML; Wireframing,Lead,"Full-time · Remote. We are hiring a Lead UI Designer for our Gaming team. The ideal candidate has 8-14 years of experience and is proficient in Adobe XD, Color Theory, CSS, Figma, Prototyping, HTML, Wireframing. This is a remote full-time position focused on delivering high-quality design work."
Lead Product Designer,Design,Sketch; User Research; UX Design; Usability Testing; UI Design,Lead,"Full-time · Remote. We are hiring a Lead Product Designer for our Healthcare team. The ideal candidate has 8-14 years of experience and is proficient in Sketch, User Research, UX Design, Usability Testing, UI Design. This is a remote full-time position focused on delivering high-quality design work."
Senior Product Designer,Design,UX Design; Interaction Design; Usability Testing; Wireframing; UI Design,Senior,"Internship · Remote. We are hiring a Senior Product Designer for our SaaS team. The ideal candidate has 6-10 years of experience and is proficient in UX Design, Interaction Design, Usability Testing, Wireframing, UI Design. This is a remote internship position focused on delivering high-quality design work."
Mid-level UI Designer,Design,Design Systems; Color Theory; Prototyping; Typography; Wireframing; Sketch; HTML,Mid-level,"Contract · Hybrid. We are hiring a Mid-level UI Designer for our Healthcare team. The ideal candidate has 3-6 years of experience and is proficient in Design Systems, Color Theory, Prototyping, Typography, Wireframing, Sketch, HTML. This is a hybrid contract position focused on delivering high-quality design work."
Senior Product Designer,Design,Figma; UI Design; Sketch; Wireframing; User Research; Usability Testing; UX Design,Senior,"Contract · On-site. We are hiring a Senior Product Designer for our E-commerce team. The ideal candidate has 6-10 years of experience and is proficient in Figma, UI Design, Sketch, Wireframing, User Research, Usability Testing, UX Design. This is a on-site contract position focused on delivering high-quality design work."
Principal UI Designer,Design,Design Systems; HTML; Typography; Sketch; Color Theory; Figma,Principal,"Contract · Remote. We are hiring a Principal UI Designer for our Healthcare team. The ideal candidate has 12-20 years of experience and is proficient in Design Systems, HTML, Typography, Sketch, Color Theory, Figma. This is a remote contract position focused on delivering high-quality design work."
Principal UX Designer,Design,Accessibility; Design Thinking; Usability Testing; Personas; User Research,Principal,"Internship · Remote. We are hiring a Principal UX Designer for our EdTech team. The ideal candidate has 12-20 years of experience and is proficient in Accessibility, Design Thinking, Usability Testing, Personas, User Research. This is a remote internship position focused on delivering high-quality design work."
Junior Interaction Designer,Design,Usability Testing; Interaction Design; User Research; Prototyping; After Effects; Wireframing,Junior,"Contract · On-site. We are hiring a Junior Interaction Designer for our Enterprise team. The ideal candidate has 1-3 years of experience and is proficient in Usability Testing, Interaction Design, User Research, Prototyping, After Effects, Wireframing. This is a on-site contract position focused on delivering high-quality design work."
Senior Product Designer,Design,Usability Testing; Prototyping; Interaction Design; Wireframing; UI Design; Figma,Senior,"Internship · Remote. We are hiring a Senior Product Designer for our EdTech team. The ideal candidate has 6-10 years of experience and is proficient in Usability Testing, Prototyping, Interaction Design, Wireframing, UI Design, Figma. This is a remote internship position focused on delivering high-quality design work."
Senior UX Designer,Design,Personas; User Research; Figma; Wireframing; Information Architecture,Senior,"Full-time · Remote. We are hiring a Senior UX Designer for our Enterprise team. The ideal candidate has 6-10 years of experience and is proficient in Personas, User Research, Figma, Wireframing, Information Architecture. This is a remote full-time position focused on delivering high-quality design work."
Lead UI Designer,Design,Sketch; Wireframing; Prototyping; Typography; Design Systems,Lead,"Contract · Remote. We are hiring a Lead UI Designer for our SaaS team. The ideal candidate has 8-14 years of experience and is proficient in Sketch, Wireframing, Prototyping, Typography, Design Systems. This is a remote contract position focused on delivering high-quality design work."
Intern UX Designer,Design,User Research; Prototyping; Design Thinking; Accessibility; Personas; Figma; Journey Mapping,Intern,"Contract · Hybrid. We are hiring a Intern UX Designer for our Healthcare team. The ideal candidate has 0-1 years of experience and is proficient in User Research, Prototyping, Design Thinking, Accessibility, Personas, Figma, Journey Mapping. This is a hybrid contract position focused on delivering high-quality design work."
Junior Graphic Designer,Design,Typography; Layout Design; Branding; InDesign; Photoshop; Creativity; Color Theory,Junior,"Full-time · Hybrid. We are hiring a Junior Graphic Designer for our Healthcare team. The ideal candidate has 1-3 years of experience and is proficient in Typography, Layout Design, Branding, InDesign, Photoshop, Creativity, Color Theory. This is a hybrid full-time position focused on delivering high-quality design work."
Intern Graphic Designer,Design,Branding; Photoshop; InDesign; Color Theory; Typography; Illustrator,Intern,"Full-time · On-site. We are hiring a Intern Graphic Designer for our Healthcare team. The ideal candidate has 0-1 years of experience and is proficient in Branding, Photoshop, InDesign, Color Theory, Typography, Illustrator. This is a on-site full-time position focused on delivering high-quality design work."
Junior Product Designer,Design,Sketch; Prototyping; Figma; Usability Testing; User Research; UX Design,Junior,"Full-time · On-site. We are hiring a Junior Product Designer for our EdTech team. The ideal candidate has 1-3 years of experience and is proficient in Sketch, Prototyping, Figma, Usability Testing, User Research, UX Design. This is a on-site full-time position focused on delivering high-quality design work."
Senior Graphic Designer,Design,Typography; Layout Design; Adobe XD; Illustrator; Photoshop,Senior,"Internship · Hybrid. We are hiring a Senior Graphic Designer for our E-commerce team. The ideal candidate has 6-10 years of experience and is proficient in Typography, Layout Design, Adobe XD, Illustrator, Photoshop. This is a hybrid internship position focused on delivering high-quality design work."
Junior UX Designer,Design,User Research; Prototyping; Design Thinking; Information Architecture; Personas,Junior,"Contract · Hybrid. We are hiring a Junior UX Designer for our Startup team. The ideal candidate has 1-3 years of experience and is proficient in User Research, Prototyping, Design Thinking, Information Architecture, Personas. This is a hybrid contract position focused on delivering high-quality design work."
Junior Interaction Designer,Design,User Research; Figma; Motion Design; Usability Testing; Design Systems; UX Design; After Effects,Junior,"Internship · On-site. We are hiring a Junior Interaction Designer for our Fintech team. The ideal candidate has 1-3 years of experience and is proficient in User Research, Figma, Motion Design, Usability Testing, Design Systems, UX Design, After Effects. This is a on-site internship position focused on delivering high-quality design work."
Principal Graphic Designer,Design,Color Theory; Typography; Photoshop; Creativity; Branding; Illustrator; Print Design,Principal,"Full-time · On-site. We are hiring a Principal Graphic Designer for our E-commerce team. The ideal candidate has 12-20 years of experience and is proficient in Color Theory, Typography, Photoshop, Creativity, Branding, Illustrator, Print Design. This is a on-site full-time position focused on delivering high-quality design work."
Senior Interaction Designer,Design,Wireframing; Motion Design; UX Design; Interaction Design; After Effects,Senior,"Contract · Hybrid. We are hiring a Senior Interaction Designer for our E-commerce team. The ideal candidate has 6-10 years of experience and is proficient in Wireframing, Motion Design, UX Design, Interaction Design, After Effects. This is a hybrid contract position focused on delivering high-quality design work."
Intern UX Designer,Design,User Research; Personas; Wireframing; Information Architecture; Journey Mapping; Prototyping,Intern,"Contract · On-site. We are hiring a Intern UX Designer for our Gaming team. The ideal candidate has 0-1 years of experience and is proficient in User Research, Personas, Wireframing, Information Architecture, Journey Mapping, Prototyping. This is a on-site contract position focused on delivering high-quality design work."
Principal UX Designer,Design,Wireframing; Information Architecture; Design Thinking; Journey Mapping; Accessibility,Principal,"Contract · Remote. We are hiring a Principal UX Designer for our Startup team. The ideal candidate has 12-20 years of experience and is proficient in Wireframing, Information Architecture, Design Thinking, Journey Mapping, Accessibility. This is a remote contract position focused on delivering high-quality design work."
Junior Interaction Designer,Design,Design Systems; User Research; Motion Design; Prototyping; UX Design; After Effects,Junior,"Contract · Hybrid. We are hiring a Junior Interaction Designer for our E-commerce team. The ideal candidate has 1-3 years of experience and is proficient in Design Systems, User Research, Motion Design, Prototyping, UX Design, After Effects. This is a hybrid contract position focused on delivering high-quality design work."
Intern Product Designer,Design,Usability Testing; Sketch; Prototyping; User Research; Design Systems,Intern,"Full-time · On-site. We are hiring a Intern Product Designer for our Enterprise team. The ideal candidate has 0-1 years of experience and is proficient in Usability Testing, Sketch, Prototyping, User Research, Design Systems. This is a on-site full-time position focused on delivering high-quality design work."
Intern UX Designer,Design,Accessibility; Prototyping; User Research; Wireframing; Personas,Intern,"Internship · Remote. We are hiring a Intern UX Designer for our EdTech team. The ideal candidate has 0-1 years of experience and is proficient in Accessibility, Prototyping, User Research, Wireframing, Personas. This is a remote internship position focused on delivering high-quality design work."
Intern Graphic Designer,Design,InDesign; Layout Design; Illustrator; Photoshop; Creativity; Branding,Intern,"Full-time · On-site. We are hiring a Intern Graphic Designer for our Fintech team. The ideal candidate has 0-1 years of experience and is proficient in InDesign, Layout Design, Illustrator, Photoshop, Creativity, Branding. This is a on-site full-time position focused on delivering high-quality design work."
Intern Product Designer,Design,UI Design; Figma; User Research; Interaction Design; UX Design,Intern,"Internship · On-site. We are hiring a Intern Product Designer for our E-commerce team. The ideal candidate has 0-1 years of experience and is proficient in UI Design, Figma, User Research, Interaction Design, UX Design. This is a on-site internship position focused on delivering high-quality design work."
Intern Graphic Designer,Design,Branding; Color Theory; Photoshop; InDesign; Layout Design,Intern,"Internship · On-site. We are hiring a Intern Graphic Designer for our EdTech team. The ideal candidate has 0-1 years of experience and is proficient in Branding, Color Theory, Photoshop, InDesign, Layout Design. This is a on-site internship position focused on delivering high-quality design work."
Mid-level UI Designer,Design,Design Systems; HTML; Prototyping; CSS; Figma; Adobe XD,Mid-level,"Contract · Remote. We are hiring a Mid-level UI Designer for our Gaming team. The ideal candidate has 3-6 years of experience and is proficient in Design Systems, HTML, Prototyping, CSS, Figma, Adobe XD. This is a remote contract position focused on delivering high-quality design work."
Junior Graphic Designer,Design,Photoshop; Illustrator; Adobe XD; Typography; Layout Design; Branding,Junior,"Contract · On-site. We are hiring a Junior Graphic Designer for our Fintech team. The ideal candidate has 1-3 years of experience and is proficient in Photoshop, Illustrator, Adobe XD, Typography, Layout Design, Branding. This is a on-site contract position focused on delivering high-quality design work."
Principal UI Designer,Design,Sketch; HTML; Wireframing; Color Theory; Prototyping; Typography; CSS,Principal,"Full-time · On-site. We are hiring a Principal UI Designer for our Gaming team. The ideal candidate has 12-20 years of experience and is proficient in Sketch, HTML, Wireframing, Color Theory, Prototyping, Typography, CSS. This is a on-site full-time position focused on delivering high-quality design work."
Junior Interaction Designer,Design,Prototyping; Motion Design; Interaction Design; UX Design; Figma; User Research,Junior,"Internship · On-site. We are hiring a Junior Interaction Designer for our Healthcare team. The ideal candidate has 1-3 years of experience and is proficient in Prototyping, Motion Design, Interaction Design, UX Design, Figma, User Research. This is a on-site internship position focused on delivering high-quality design work."
Junior Product Designer,Design,UX Design; Design Systems; Sketch; User Research; Figma; UI Design; Prototyping,Junior,"Internship · Hybrid. We are hiring a Junior Product Designer for our Gaming team. The ideal candidate has 1-3 years of experience and is proficient in UX Design, Design Systems, Sketch, User Research, Figma, UI Design, Prototyping. This is a hybrid internship position focused on delivering high-quality design work."
Intern Interaction Designer,Design,Usability Testing; Interaction Design; Prototyping; Design Systems; User Research,Intern,"Internship · Hybrid. We are hiring a Intern Interaction Designer for our Healthcare team. The ideal candidate has 0-1 years of experience and is proficient in Usability Testing, Interaction Design, Prototyping, Design Systems, User Research. This is a hybrid internship position focused on delivering high-quality design work."
Junior Interaction Designer,Design,Usability Testing; Figma; UX Design; Motion Design; Interaction Design; User Research,Junior,"Full-time · Remote. We are hiring a Junior Interaction Designer for our Startup team. The ideal candidate has 1-3 years of experience and is proficient in Usability Testing, Figma, UX Design, Motion Design, Interaction Design, User Research. This is a remote full-time position focused on delivering high-quality design work."
Senior UI Designer,Design,Adobe XD; CSS; Prototyping; Typography; Wireframing; Design Systems; Figma,Senior,"Contract · On-site. We are hiring a Senior UI Designer for our Startup team. The ideal candidate has 6-10 years of experience and is proficient in Adobe XD, CSS, Prototyping, Typography, Wireframing, Design Systems, Figma. This is a on-site contract position focused on delivering high-quality design work."
Mid-level Graphic Designer,Design,Layout Design; Typography; Photoshop; Adobe XD; Color Theory; Creativity,Mid-level,"Full-time · Remote. We are hiring a Mid-level Graphic Designer for our SaaS team. The ideal candidate has 3-6 years of experience and is proficient in Layout Design, Typography, Photoshop, Adobe XD, Color Theory, Creativity. This is a remote full-time position focused on delivering high-quality design work."
Senior Graphic Designer,Design,Print Design; InDesign; Creativity; Layout Design; Typography; Illustrator,Senior,"Internship · Remote. We are hiring a Senior Graphic Designer for our E-commerce team. The ideal candidate has 6-10 years of experience and is proficient in Print Design, InDesign, Creativity, Layout Design, Typography, Illustrator. This is a remote internship position focused on delivering high-quality design work."
Mid-level UI Designer,Design,Color Theory; HTML; Design Systems; CSS; Prototyping; Sketch,Mid-level,"Contract · Hybrid. We are hiring a Mid-level UI Designer for our EdTech team. The ideal candidate has 3-6 years of experience and is proficient in Color Theory, HTML, Design Systems, CSS, Prototyping, Sketch. This is a hybrid contract position focused on delivering high-quality design work."
Mid-level Graphic Designer,Design,Creativity; Adobe XD; Photoshop; InDesign; Typography; Print Design; Illustrator,Mid-level,"Internship · Hybrid. We are hiring a Mid-level Graphic Designer for our Fintech team. The ideal candidate has 3-6 years of experience and is proficient in Creativity, Adobe XD, Photoshop, InDesign, Typography, Print Design, Illustrator. This is a hybrid internship position focused on delivering high-quality design work."
Senior UI Designer,Design,Adobe XD; Sketch; HTML; Wireframing; Typography,Senior,"Contract · Hybrid. We are hiring a Senior UI Designer for our EdTech team. The ideal candidate has 6-10 years of experience and is proficient in Adobe XD, Sketch, HTML, Wireframing, Typography. This is a hybrid contract position focused on delivering high-quality design work."
Principal UI Designer,Design,Adobe XD; Design Systems; Sketch; HTML; Prototyping; Typography,Principal,"Full-time · Hybrid. We are hiring a Principal UI Designer for our Fintech team. The ideal candidate has 12-20 years of experience and is proficient in Adobe XD, Design Systems, Sketch, HTML, Prototyping, Typography. This is a hybrid full-time position focused on delivering high-quality design work."
Lead UI Designer,Design,CSS; HTML; Wireframing; Figma; Design Systems; Sketch; Prototyping,Lead,"Full-time · Remote. We are hiring a Lead UI Designer for our Fintech team. The ideal candidate has 8-14 years of experience and is proficient in CSS, HTML, Wireframing, Figma, Design Systems, Sketch, Prototyping. This is a remote full-time position focused on delivering high-quality design work."
Lead UX Designer,Design,Wireframing; Personas; Design Thinking; Accessibility; Information Architecture; Usability Testing; Figma,Lead,"Internship · Remote. We are hiring a Lead UX Designer for our Gaming team. The ideal candidate has 8-14 years of experience and is proficient in Wireframing, Personas, Design Thinking, Accessibility, Information Architecture, Usability Testing, Figma. This is a remote internship position focused on delivering high-quality design work."
Senior Interaction Designer,Design,Design Systems; User Research; Interaction Design; Motion Design; Prototyping; Wireframing; Figma,Senior,"Internship · Remote. We are hiring a Senior Interaction Designer for our EdTech team. The ideal candidate has 6-10 years of experience and is proficient in Design Systems, User Research, Interaction Design, Motion Design, Prototyping, Wireframing, Figma. This is a remote internship position focused on delivering high-quality design work."
Junior UX Designer,Design,Figma; Accessibility; User Research; Design Thinking; Usability Testing,Junior,"Contract · Remote. We are hiring a Junior UX Designer for our SaaS team. The ideal candidate has 1-3 years of experience and is proficient in Figma, Accessibility, User Research, Design Thinking, Usability Testing. This is a remote contract position focused on delivering high-quality design work."
Mid-level Interaction Designer,Design,Figma; User Research; Interaction Design; Motion Design; UX Design; Usability Testing,Mid-level,"Contract · On-site. We are hiring a Mid-level Interaction Designer for our Fintech team. The ideal candidate has 3-6 years of experience and is proficient in Figma, User Research, Interaction Design, Motion Design, UX Design, Usability Testing. This is a on-site contract position focused on delivering high-quality design work."
Principal UI Designer,Design,Color Theory; Sketch; Figma; Adobe XD; Prototyping,Principal,"Internship · Remote. We are hiring a Principal UI Designer for our Fintech team. The ideal candidate has 12-20 years of experience and is proficient in Color Theory, Sketch, Figma, Adobe XD, Prototyping. This is a remote internship position focused on delivering high-quality design work."
Mid-level UI Designer,Design,Figma; Prototyping; HTML; Typography; Sketch; CSS,Mid-level,"Contract · Remote. We are hiring a Mid-level UI Designer for our EdTech team. The ideal candidate has 3-6 years of experience and is proficient in Figma, Prototyping, HTML, Typography, Sketch, CSS. This is a remote contract position focused on delivering high-quality design work."
Intern Graphic Designer,Design,Print Design; Color Theory; InDesign; Adobe XD; Branding,Intern,"Internship · On-site. We are hiring a Intern Graphic Designer for our Healthcare team. The ideal candidate has 0-1 years of experience and is proficient in Print Design, Color Theory, InDesign, Adobe XD, Branding. This is a on-site internship position focused on delivering high-quality design work."
Lead UI Designer,Design,Adobe XD; Sketch; CSS; Typography; Design Systems; Wireframing; Prototyping,Lead,"Full-time · On-site. We are hiring a Lead UI Designer for our Fintech team. The ideal candidate has 8-14 years of experience and is proficient in Adobe XD, Sketch, CSS, Typography, Design Systems, Wireframing, Prototyping. This is a on-site full-time position focused on delivering high-quality design work."
Mid-level UI Designer,Design,Wireframing; CSS; HTML; Adobe XD; Typography,Mid-level,"Contract · Hybrid. We are hiring a Mid-level UI Designer for our Startup team. The ideal candidate has 3-6 years of experience and is proficient in Wireframing, CSS, HTML, Adobe XD, Typography. This is a hybrid contract position focused on delivering high-quality design work."
Junior UI Designer,Design,HTML; Color Theory; Sketch; Typography; CSS,Junior,"Full-time · Remote. We are hiring a Junior UI Designer for our Startup team. The ideal candidate has 1-3 years of experience and is proficient in HTML, Color Theory, Sketch, Typography, CSS. This is a remote full-time position focused on delivering high-quality design work."
Senior UI Designer,Design,CSS; Design Systems; Typography; Adobe XD; Sketch; Figma,Senior,"Contract · Remote. We are hiring a Senior UI Designer for our Fintech team. The ideal candidate has 6-10 years of experience and is proficient in CSS, Design Systems, Typography, Adobe XD, Sketch, Figma. This is a remote contract position focused on delivering high-quality design work."
Intern UX Designer,Design,Journey Mapping; Usability Testing; Accessibility; User Research; Information Architecture,Intern,"Internship · Hybrid. We are hiring a Intern UX Designer for our Gaming team. The ideal candidate has 0-1 years of experience and is proficient in Journey Mapping, Usability Testing, Accessibility, User Research, Information Architecture. This is a hybrid internship position focused on delivering high-quality design work."
Mid-level Interaction Designer,Design,After Effects; UX Design; Interaction Design; User Research; Design Systems,Mid-level,"Full-time · Hybrid. We are hiring a Mid-level Interaction Designer for our SaaS team. The ideal candidate has 3-6 years of experience and is proficient in After Effects, UX Design, Interaction Design, User Research, Design Systems. This is a hybrid full-time position focused on delivering high-quality design work."
Intern UX Designer,Design,Design Thinking; User Research; Accessibility; Journey Mapping; Information Architecture,Intern,"Full-time · Hybrid. We are hiring a Intern UX Designer for our Startup team. The ideal candidate has 0-1 years of experience and is proficient in Design Thinking, User Research, Accessibility, Journey Mapping, Information Architecture. This is a hybrid full-time position focused on delivering high-quality design work."
Mid-level Graphic Designer,Design,Illustrator; Adobe XD; Photoshop; InDesign; Print Design,Mid-level,"Internship · Hybrid. We are hiring a Mid-level Graphic Designer for our E-commerce team. The ideal candidate has 3-6 years of experience and is proficient in Illustrator, Adobe XD, Photoshop, InDesign, Print Design. This is a hybrid internship position focused on delivering high-quality design work."
Lead Product Designer,Design,UI Design; Sketch; UX Design; Usability Testing; Figma; User Research,Lead,"Internship · Hybrid. We are hiring a Lead Product Designer for our E-commerce team. The ideal candidate has 8-14 years of experience and is proficient in UI Design, Sketch, UX Design, Usability Testing, Figma, User Research. This is a hybrid internship position focused on delivering high-quality design work."
Intern Product Designer,Design,Design Systems; User Research; UX Design; Interaction Design; Prototyping,Intern,"Internship · Hybrid. We are hiring a Intern Product Designer for our Enterprise team. The ideal candidate has 0-1 years of experience and is proficient in Design Systems, User Research, UX Design, Interaction Design, Prototyping. This is a hybrid internship position focused on delivering high-quality design work."
Senior Graphic Designer,Design,Creativity; InDesign; Print Design; Illustrator; Color Theory,Senior,"Contract · Hybrid. We are hiring a Senior Graphic Designer for our E-commerce team. The ideal candidate has 6-10 years of experience and is proficient in Creativity, InDesign, Print Design, Illustrator, Color Theory. This is a hybrid contract position focused on delivering high-quality design work."
Principal Product Designer,Design,User Research; Wireframing; Usability Testing; Interaction Design; Design Systems; Sketch; UI Design,Principal,"Contract · On-site. We are hiring a Principal Product Designer for our EdTech team. The ideal candidate has 12-20 years of experience and is proficient in User Research, Wireframing, Usability Testing, Interaction Design, Design Systems, Sketch, UI Design. This is a on-site contract position focused on delivering high-quality design work."
Principal UI Designer,Design,CSS; Color Theory; Typography; Design Systems; HTML; Wireframing,Principal,"Full-time · On-site. We are hiring a Principal UI Designer for our SaaS team. The ideal candidate has 12-20 years of experience and is proficient in CSS, Color Theory, Typography, Design Systems, HTML, Wireframing. This is a on-site full-time position focused on delivering high-quality design work."
Junior UX Designer,Design,Usability Testing; Personas; Wireframing; Design Thinking; Prototyping,Junior,"Internship · Hybrid. We are hiring a Junior UX Designer for our EdTech team. The ideal candidate has 1-3 years of experience and is proficient in Usability Testing, Personas, Wireframing, Design Thinking, Prototyping. This is a hybrid internship position focused on delivering high-quality design work."
Principal Product Designer,Design,UX Design; Interaction Design; Figma; Prototyping; Wireframing; Sketch,Principal,"Internship · On-site. We are hiring a Principal Product Designer for our Enterprise team. The ideal candidate has 12-20 years of experience and is proficient in UX Design, Interaction Design, Figma, Prototyping, Wireframing, Sketch. This is a on-site internship position focused on delivering high-quality design work."
Mid-level Interaction Designer,Design,Motion Design; Wireframing; Interaction Design; Figma; Usability Testing,Mid-level,"Contract · On-site. We are hiring a Mid-level Interaction Designer for our E-commerce team. The ideal candidate has 3-6 years of experience and is proficient in Motion Design, Wireframing, Interaction Design, Figma, Usability Testing. This is a on-site contract position focused on delivering high-quality design work."
Senior Interaction Designer,Design,User Research; After Effects; Usability Testing; Wireframing; Interaction Design; Motion Design; Prototyping,Senior,"Contract · Hybrid. We are hiring a Senior Interaction Designer for our Healthcare team. The ideal candidate has 6-10 years of experience and is proficient in User Research, After Effects, Usability Testing, Wireframing, Interaction Design, Motion Design, Prototyping. This is a hybrid contract position focused on delivering high-quality design work."
Senior UI Designer,Design,Typography; Adobe XD; Design Systems; Prototyping; HTML,Senior,"Contract · Hybrid. We are hiring a Senior UI Designer for our Gaming team. The ideal candidate has 6-10 years of experience and is proficient in Typography, Adobe XD, Design Systems, Prototyping, HTML. This is a hybrid contract position focused on delivering high-quality design work."
Principal UI Designer,Design,Design Systems; Typography; CSS; Wireframing; Sketch; Adobe XD; Color Theory,Principal,"Contract · On-site. We are hiring a Principal UI Designer for our Fintech team. The ideal candidate has 12-20 years of experience and is proficient in Design Systems, Typography, CSS, Wireframing, Sketch, Adobe XD, Color Theory. This is a on-site contract position focused on delivering high-quality design work."
Principal Graphic Designer,Design,InDesign; Photoshop; Adobe XD; Layout Design; Typography; Illustrator,Principal,"Full-time · Remote. We are hiring a Principal Graphic Designer for our EdTech team. The ideal candidate has 12-20 years of experience and is proficient in InDesign, Photoshop, Adobe XD, Layout Design, Typography, Illustrator. This is a remote full-time position focused on delivering high-quality design work."
Principal Product Designer,Design,UX Design; Design Systems; Prototyping; Wireframing; Sketch,Principal,"Full-time · Remote. We are hiring a Principal Product Designer for our Enterprise team. The ideal candidate has 12-20 years of experience and is proficient in UX Design, Design Systems, Prototyping, Wireframing, Sketch. This is a remote full-time position focused on delivering high-quality design work."
Principal UI Designer,Design,Sketch; Design Systems; HTML; Adobe XD; Typography,Principal,"Contract · On-site. We are hiring a Principal UI Designer for our SaaS team. The ideal candidate has 12-20 years of experience and is proficient in Sketch, Design Systems, HTML, Adobe XD, Typography. This is a on-site contract position focused on delivering high-quality design work."
Principal Graphic Designer,Design,Layout Design; InDesign; Print Design; Color Theory; Adobe XD; Illustrator; Creativity,Principal,"Internship · Hybrid. We are hiring a Principal Graphic Designer for our Healthcare team. The ideal candidate has 12-20 years of experience and is proficient in Layout Design, InDesign, Print Design, Color Theory, Adobe XD, Illustrator, Creativity. This is a hybrid internship position focused on delivering high-quality design work."
Principal UX Designer,Design,Figma; Information Architecture; Journey Mapping; Prototyping; Design Thinking,Principal,"Contract · On-site. We are hiring a Principal UX Designer for our Healthcare team. The ideal candidate has 12-20 years of experience and is proficient in Figma, Information Architecture, Journey Mapping, Prototyping, Design Thinking. This is a on-site contract position focused on delivering high-quality design work."
Senior UI Designer,Design,Prototyping; Sketch; Figma; HTML; CSS,Senior,"Contract · Hybrid. We are hiring a Senior UI Designer for our Enterprise team. The ideal candidate has 6-10 years of experience and is proficient in Prototyping, Sketch, Figma, HTML, CSS. This is a hybrid contract position focused on delivering high-quality design work."
Intern UI Designer,Design,HTML; Prototyping; Adobe XD; Sketch; Design Systems; Typography,Intern,"Internship · Remote. We are hiring a Intern UI Designer for our SaaS team. The ideal candidate has 0-1 years of experience and is proficient in HTML, Prototyping, Adobe XD, Sketch, Design Systems, Typography. This is a remote internship position focused on delivering high-quality design work."
Senior UI Designer,Design,Figma; CSS; HTML; Adobe XD; Design Systems; Typography,Senior,"Internship · On-site. We are hiring a Senior UI Designer for our Fintech team. The ideal candidate has 6-10 years of experience and is proficient in Figma, CSS, HTML, Adobe XD, Design Systems, Typography. This is a on-site internship position focused on delivering high-quality design work."
Junior UI Designer,Design,Color Theory; Prototyping; Adobe XD; CSS; Design Systems; Wireframing; Figma,Junior,"Internship · On-site. We are hiring a Junior UI Designer for our Startup team. The ideal candidate has 1-3 years of experience and is proficient in Color Theory, Prototyping, Adobe XD, CSS, Design Systems, Wireframing, Figma. This is a on-site internship position focused on delivering high-quality design work."
Intern UX Designer,Design,Design Thinking; Prototyping; Wireframing; User Research; Personas,Intern,"Full-time · On-site. We are hiring a Intern UX Designer for our E-commerce team. The ideal candidate has 0-1 years of experience and is proficient in Design Thinking, Prototyping, Wireframing, User Research, Personas. This is a on-site full-time position focused on delivering high-quality design work."
Junior Graphic Designer,Design,Illustrator; Print Design; Photoshop; Branding; InDesign,Junior,"Full-time · On-site. We are hiring a Junior Graphic Designer for our Gaming team. The ideal candidate has 1-3 years of experience and is proficient in Illustrator, Print Design, Photoshop, Branding, InDesign. This is a on-site full-time position focused on delivering high-quality design work."
Senior Product Designer,Design,Interaction Design; UI Design; Prototyping; Design Systems; Sketch; User Research,Senior,"Full-time · Hybrid. We are hiring a Senior Product Designer for our E-commerce team. The ideal candidate has 6-10 years of experience and is proficient in Interaction Design, UI Design, Prototyping, Design Systems, Sketch, User Research. This is a hybrid full-time position focused on delivering high-quality design work."
Junior UI Designer,Design,Typography; Sketch; Prototyping; Color Theory; Figma; Wireframing,Junior,"Internship · Hybrid. We are hiring a Junior UI Designer for our Healthcare team. The ideal candidate has 1-3 years of experience and is proficient in Typography, Sketch, Prototyping, Color Theory, Figma, Wireframing. This is a hybrid internship position focused on delivering high-quality design work."
Principal UX Designer,Design,Personas; Prototyping; Accessibility; Figma; Wireframing; Usability Testing; Information Architecture,Principal,"Internship · Remote. We are hiring a Principal UX Designer for our Healthcare team. The ideal candidate has 12-20 years of experience and is proficient in Personas, Prototyping, Accessibility, Figma, Wireframing, Usability Testing, Information Architecture. This is a remote internship position focused on delivering high-quality design work."
Senior Interaction Designer,Design,Figma; Motion Design; Interaction Design; Wireframing; UX Design; Design Systems; Usability Testing,Senior,"Internship · Hybrid. We are hiring a Senior Interaction Designer for our Enterprise team. The ideal candidate has 6-10 years of experience and is proficient in Figma, Motion Design, Interaction Design, Wireframing, UX Design, Design Systems, Usability Testing. This is a hybrid internship position focused on delivering high-quality design work."
Intern Interaction Designer,Design,Usability Testing; After Effects; UX Design; Figma; Interaction Design,Intern,"Contract · On-site. We are hiring a Intern Interaction Designer for our Startup team. The ideal candidate has 0-1 years of experience and is proficient in Usability Testing, After Effects, UX Design, Figma, Interaction Design. This is a on-site contract position focused on delivering high-quality design work."
Principal Graphic Designer,Design,Adobe XD; Typography; Branding; Photoshop; Color Theory; Illustrator,Principal,"Full-time · On-site. We are hiring a Principal Graphic Designer for our SaaS team. The ideal candidate has 12-20 years of experience and is proficient in Adobe XD, Typography, Branding, Photoshop, Color Theory, Illustrator. This is a on-site full-time position focused on delivering high-quality design work."
Principal Interaction Designer,Design,Motion Design; Usability Testing; After Effects; Figma; UX Design; User Research; Wireframing,Principal,"Internship · Remote. We are hiring a Principal Interaction Designer for our SaaS team. The ideal candidate has 12-20 years of experience and is proficient in Motion Design, Usability Testing, After Effects, Figma, UX Design, User Research, Wireframing. This is a remote internship position focused on delivering high-quality design work."
Junior Interaction Designer,Design,User Research; After Effects; UX Design; Usability Testing; Motion Design; Prototyping; Interaction Design,Junior,"Contract · Hybrid. We are hiring a Junior Interaction Designer for our SaaS team. The ideal candidate has 1-3 years of experience and is proficient in User Research, After Effects, UX Design, Usability Testing, Motion Design, Prototyping, Interaction Design. This is a hybrid contract position focused on delivering high-quality design work."
Junior Product Designer,Design,User Research; Usability Testing; Interaction Design; Prototyping; UI Design; Wireframing; UX Design,Junior,"Full-time · On-site. We are hiring a Junior Product Designer for our E-commerce team. The ideal candidate has 1-3 years of experience and is proficient in User Research, Usability Testing, Interaction Design, Prototyping, UI Design, Wireframing, UX Design. This is a on-site full-time position focused on delivering high-quality design work."
Junior Graphic Designer,Design,Illustrator; Photoshop; Color Theory; Print Design; Adobe XD; Typography,Junior,"Internship · On-site. We are hiring a Junior Graphic Designer for our E-commerce team. The ideal candidate has 1-3 years of experience and is proficient in Illustrator, Photoshop, Color Theory, Print Design, Adobe XD, Typography. This is a on-site internship position focused on delivering high-quality design work."
Lead Product Designer,Design,Sketch; UX Design; Usability Testing; Prototyping; Interaction Design,Lead,"Contract · On-site. We are hiring a Lead Product Designer for our Fintech team. The ideal candidate has 8-14 years of experience and is proficient in Sketch, UX Design, Usability Testing, Prototyping, Interaction Design. This is a on-site contract position focused on delivering high-quality design work."
Principal UX Designer,Design,User Research; Prototyping; Journey Mapping; Usability Testing; Accessibility; Figma; Design Thinking,Principal,"Full-time · Remote. We are hiring a Principal UX Designer for our Fintech team. The ideal candidate has 12-20 years of experience and is proficient in User Research, Prototyping, Journey Mapping, Usability Testing, Accessibility, Figma, Design Thinking. This is a remote full-time position focused on delivering high-quality design work."
Intern Product Designer,Design,Design Systems; UX Design; Sketch; User Research; Figma; Wireframing; Usability Testing,Intern,"Contract · Remote. We are hiring a Intern Product Designer for our Fintech team. The ideal candidate has 0-1 years of experience and is proficient in Design Systems, UX Design, Sketch, User Research, Figma, Wireframing, Usability Testing. This is a remote contract position focused on delivering high-quality design work."
Principal UX Designer,Design,User Research; Information Architecture; Journey Mapping; Figma; Design Thinking; Wireframing; Usability Testing,Principal,"Internship · Remote. We are hiring a Principal UX Designer for our Startup team. The ideal candidate has 12-20 years of experience and is proficient in User Research, Information Architecture, Journey Mapping, Figma, Design Thinking, Wireframing, Usability Testing. This is a remote internship position focused on delivering high-quality design work."
Principal UX Designer,Design,Journey Mapping; Design Thinking; Prototyping; Usability Testing; User Research,Principal,"Internship · On-site. We are hiring a Principal UX Designer for our SaaS team. The ideal candidate has 12-20 years of experience and is proficient in Journey Mapping, Design Thinking, Prototyping, Usability Testing, User Research. This is a on-site internship position focused on delivering high-quality design work."
Junior Graphic Designer,Design,Color Theory; Adobe XD; Illustrator; Branding; Typography,Junior,"Internship · On-site. We are hiring a Junior Graphic Designer for our EdTech team. The ideal candidate has 1-3 years of experience and is proficient in Color Theory, Adobe XD, Illustrator, Branding, Typography. This is a on-site internship position focused on delivering high-quality design work."
Mid-level Graphic Designer,Design,Adobe XD; Typography; Color Theory; InDesign; Print Design; Illustrator,Mid-level,"Full-time · Hybrid. We are hiring a Mid-level Graphic Designer for our Enterprise team. The ideal candidate has 3-6 years of experience and is proficient in Adobe XD, Typography, Color Theory, InDesign, Print Design, Illustrator. This is a hybrid full-time position focused on delivering high-quality design work."
Senior Interaction Designer,Design,Figma; Usability Testing; Design Systems; Prototyping; User Research,Senior,"Full-time · Hybrid. We are hiring a Senior Interaction Designer for our Enterprise team. The ideal candidate has 6-10 years of experience and is proficient in Figma, Usability Testing, Design Systems, Prototyping, User Research. This is a hybrid full-time position focused on delivering high-quality design work."
Junior Graphic Designer,Design,Branding; Color Theory; Print Design; Photoshop; Typography,Junior,"Contract · Remote. We are hiring a Junior Graphic Designer for our Healthcare team. The ideal candidate has 1-3 years of experience and is proficient in Branding, Color Theory, Print Design, Photoshop, Typography. This is a remote contract position focused on delivering high-quality design work."
Mid-level Graphic Designer,Design,Illustrator; Color Theory; Layout Design; Creativity; Print Design,Mid-level,"Internship · On-site. We are hiring a Mid-level Graphic Designer for our SaaS team. The ideal candidate has 3-6 years of experience and is proficient in Illustrator, Color Theory, Layout Design, Creativity, Print Design. This is a on-site internship position focused on delivering high-quality design work."
Principal Product Designer,Design,UI Design; Usability Testing; Design Systems; Interaction Design; Wireframing; UX Design,Principal,"Internship · On-site. We are hiring a Principal Product Designer for our SaaS team. The ideal candidate has 12-20 years of experience and is proficient in UI Design, Usability Testing, Design Systems, Interaction Design, Wireframing, UX Design. This is a on-site internship position focused on delivering high-quality design work."
Lead UX Designer,Design,Accessibility; Figma; Prototyping; Information Architecture; User Research; Design Thinking; Usability Testing,Lead,"Full-time · On-site. We are hiring a Lead UX Designer for our Gaming team. The ideal candidate has 8-14 years of experience and is proficient in Accessibility, Figma, Prototyping, Information Architecture, User Research, Design Thinking, Usability Testing. This is a on-site full-time position focused on delivering high-quality design work."
Principal UI Designer,Design,Figma; Color Theory; HTML; Sketch; CSS; Wireframing; Prototyping,Principal,"Internship · Remote. We are hiring a Principal UI Designer for our Gaming team. The ideal candidate has 12-20 years of experience and is proficient in Figma, Color Theory, HTML, Sketch, CSS, Wireframing, Prototyping. This is a remote internship position focused on delivering high-quality design work."
Senior Interaction Designer,Design,Usability Testing; UX Design; Wireframing; Prototyping; User Research; After Effects,Senior,"Internship · Hybrid. We are hiring a Senior Interaction Designer for our Fintech team. The ideal candidate has 6-10 years of experience and is proficient in Usability Testing, UX Design, Wireframing, Prototyping, User Research, After Effects. This is a hybrid internship position focused on delivering high-quality design work."
Intern Product Designer,Design,Design Systems; UX Design; UI Design; Usability Testing; Wireframing; Figma,Intern,"Contract · Hybrid. We are hiring a Intern Product Designer for our Gaming team. The ideal candidate has 0-1 years of experience and is proficient in Design Systems, UX Design, UI Design, Usability Testing, Wireframing, Figma. This is a hybrid contract position focused on delivering high-quality design work."
Lead Graphic Designer,Design,Print Design; Typography; Layout Design; Color Theory; InDesign; Illustrator; Creativity,Lead,"Internship · On-site. We are hiring a Lead Graphic Designer for our Enterprise team. The ideal candidate has 8-14 years of experience and is proficient in Print Design, Typography, Layout Design, Color Theory, InDesign, Illustrator, Creativity. This is a on-site internship position focused on delivering high-quality design work."
Principal Product Designer,Design,User Research; UX Design; Wireframing; Figma; Design Systems,Principal,"Contract · Hybrid. We are hiring a Principal Product Designer for our SaaS team. The ideal candidate has 12-20 years of experience and is proficient in User Research, UX Design, Wireframing, Figma, Design Systems. This is a hybrid contract position focused on delivering high-quality design work."
Intern Graphic Designer,Design,Color Theory; Typography; Layout Design; InDesign; Creativity,Intern,"Full-time · On-site. We are hiring a Intern Graphic Designer for our Gaming team. The ideal candidate has 0-1 years of experience and is proficient in Color Theory, Typography, Layout Design, InDesign, Creativity. This is a on-site full-time position focused on delivering high-quality design work."
Principal Graphic Designer,Design,Branding; InDesign; Illustrator; Color Theory; Creativity,Principal,"Contract · Hybrid. We are hiring a Principal Graphic Designer for our Fintech team. The ideal candidate has 12-20 years of experience and is proficient in Branding, InDesign, Illustrator, Color Theory, Creativity. This is a hybrid contract position focused on delivering high-quality design work."
Intern Interaction Designer,Design,User Research; After Effects; Usability Testing; Interaction Design; Prototyping,Intern,"Contract · On-site. We are hiring a Intern Interaction Designer for our Fintech team. The ideal candidate has 0-1 years of experience and is proficient in User Research, After Effects, Usability Testing, Interaction Design, Prototyping. This is a on-site contract position focused on delivering high-quality design work."
Senior Product Designer,Design,Sketch; Interaction Design; Wireframing; UI Design; UX Design; Prototyping; Usability Testing,Senior,"Full-time · Hybrid. We are hiring a Senior Product Designer for our Healthcare team. The ideal candidate has 6-10 years of experience and is proficient in Sketch, Interaction Design, Wireframing, UI Design, UX Design, Prototyping, Usability Testing. This is a hybrid full-time position focused on delivering high-quality design work."
Lead UX Designer,Design,Wireframing; Personas; Figma; Design Thinking; Journey Mapping,Lead,"Contract · Hybrid. We are hiring a Lead UX Designer for our Fintech team. The ideal candidate has 8-14 years of experience and is proficient in Wireframing, Personas, Figma, Design Thinking, Journey Mapping. This is a hybrid contract position focused on delivering high-quality design work."
Mid-level Product Designer,Design,User Research; Sketch; Design Systems; Wireframing; UX Design; Prototyping; Usability Testing,Mid-level,"Full-time · Remote. We are hiring a Mid-level Product Designer for our Enterprise team. The ideal candidate has 3-6 years of experience and is proficient in User Research, Sketch, Design Systems, Wireframing, UX Design, Prototyping, Usability Testing. This is a remote full-time position focused on delivering high-quality design work."
Senior UI Designer,Design,Sketch; Design Systems; Color Theory; Adobe XD; Prototyping; Typography,Senior,"Internship · Hybrid. We are hiring a Senior UI Designer for our Fintech team. The ideal candidate has 6-10 years of experience and is proficient in Sketch, Design Systems, Color Theory, Adobe XD, Prototyping, Typography. This is a hybrid internship position focused on delivering high-quality design work."
Senior UI Designer,Design,Typography; Prototyping; Design Systems; HTML; Wireframing; Adobe XD; Sketch,Senior,"Internship · Remote. We are hiring a Senior UI Designer for our EdTech team. The ideal candidate has 6-10 years of experience and is proficient in Typography, Prototyping, Design Systems, HTML, Wireframing, Adobe XD, Sketch. This is a remote internship position focused on delivering high-quality design work."
Mid-level UX Designer,Design,Prototyping; Wireframing; Figma; Design Thinking; Personas; Accessibility,Mid-level,"Full-time · Hybrid. We are hiring a Mid-level UX Designer for our Startup team. The ideal candidate has 3-6 years of experience and is proficient in Prototyping, Wireframing, Figma, Design Thinking, Personas, Accessibility. This is a hybrid full-time position focused on delivering high-quality design work."
Lead Graphic Designer,Design,InDesign; Photoshop; Illustrator; Print Design; Creativity; Color Theory; Branding,Lead,"Full-time · On-site. We are hiring a Lead Graphic Designer for our SaaS team. The ideal candidate has 8-14 years of experience and is proficient in InDesign, Photoshop, Illustrator, Print Design, Creativity, Color Theory, Branding. This is a on-site full-time position focused on delivering high-quality design work."
Lead UX Designer,Design,Information Architecture; Prototyping; Personas; Usability Testing; Wireframing; User Research,Lead,"Internship · On-site. We are hiring a Lead UX Designer for our Healthcare team. The ideal candidate has 8-14 years of experience and is proficient in Information Architecture, Prototyping, Personas, Usability Testing, Wireframing, User Research. This is a on-site internship position focused on delivering high-quality design work."
Intern UX Designer,Design,Personas; Prototyping; Design Thinking; Usability Testing; Accessibility,Intern,"Contract · Hybrid. We are hiring a Intern UX Designer for our Fintech team. The ideal candidate has 0-1 years of experience and is proficient in Personas, Prototyping, Design Thinking, Usability Testing, Accessibility. This is a hybrid contract position focused on delivering high-quality design work."
Lead Graphic Designer,Design,Print Design; Layout Design; Illustrator; Color Theory; Branding,Lead,"Contract · Hybrid. We are hiring a Lead Graphic Designer for our Healthcare team. The ideal candidate has 8-14 years of experience and is proficient in Print Design, Layout Design, Illustrator, Color Theory, Branding. This is a hybrid contract position focused on delivering high-quality design work."
Senior UI Designer,Design,Prototyping; Sketch; Typography; CSS; HTML,Senior,"Full-time · Hybrid. We are hiring a Senior UI Designer for our Startup team. The ideal candidate has 6-10 years of experience and is proficient in Prototyping, Sketch, Typography, CSS, HTML. This is a hybrid full-time position focused on delivering high-quality design work."
Junior Interaction Designer,Design,After Effects; Usability Testing; User Research; Wireframing; Design Systems; Figma,Junior,"Contract · On-site. We are hiring a Junior Interaction Designer for our Healthcare team. The ideal candidate has 1-3 years of experience and is proficient in After Effects, Usability Testing, User Research, Wireframing, Design Systems, Figma. This is a on-site contract position focused on delivering high-quality design work."
Junior Graphic Designer,Design,Adobe XD; Print Design; Illustrator; Branding; InDesign,Junior,"Internship · Remote. We are hiring a Junior Graphic Designer for our E-commerce team. The ideal candidate has 1-3 years of experience and is proficient in Adobe XD, Print Design, Illustrator, Branding, InDesign. This is a remote internship position focused on delivering high-quality design work."
Lead Product Designer,Design,Usability Testing; User Research; Wireframing; UI Design; Design Systems; UX Design,Lead,"Contract · Remote. We are hiring a Lead Product Designer for our E-commerce team. The ideal candidate has 8-14 years of experience and is proficient in Usability Testing, User Research, Wireframing, UI Design, Design Systems, UX Design. This is a remote contract position focused on delivering high-quality design work."
Principal Graphic Designer,Design,Creativity; Illustrator; Adobe XD; Branding; Print Design; Layout Design,Principal,"Full-time · On-site. We are hiring a Principal Graphic Designer for our Enterprise team. The ideal candidate has 12-20 years of experience and is proficient in Creativity, Illustrator, Adobe XD, Branding, Print Design, Layout Design. This is a on-site full-time position focused on delivering high-quality design work."
Principal Product Designer,Design,UX Design; UI Design; Design Systems; Usability Testing; Sketch; Prototyping,Principal,"Full-time · Hybrid. We are hiring a Principal Product Designer for our Enterprise team. The ideal candidate has 12-20 years of experience and is proficient in UX Design, UI Design, Design Systems, Usability Testing, Sketch, Prototyping. This is a hybrid full-time position focused on delivering high-quality design work."
Junior UX Designer,Design,Wireframing; Journey Mapping; Usability Testing; Information Architecture; Accessibility,Junior,"Internship · Remote. We are hiring a Junior UX Designer for our EdTech team. The ideal candidate has 1-3 years of experience and is proficient in Wireframing, Journey Mapping, Usability Testing, Information Architecture, Accessibility. This is a remote internship position focused on delivering high-quality design work."
Junior Graphic Designer,Design,Branding; Color Theory; Typography; Layout Design; Photoshop,Junior,"Full-time · Hybrid. We are hiring a Junior Graphic Designer for our Startup team. The ideal candidate has 1-3 years of experience and is proficient in Branding, Color Theory, Typography, Layout Design, Photoshop. This is a hybrid full-time position focused on delivering high-quality design work."
Lead Graphic Designer,Design,Creativity; Adobe XD; Photoshop; InDesign; Layout Design; Branding,Lead,"Full-time · Remote. We are hiring a Lead Graphic Designer for our Fintech team. The ideal candidate has 8-14 years of experience and is proficient in Creativity, Adobe XD, Photoshop, InDesign, Layout Design, Branding. This is a remote full-time position focused on delivering high-quality design work."
Lead Product Designer,Design,User Research; Figma; UX Design; Prototyping; Interaction Design; UI Design; Wireframing,Lead,"Contract · Hybrid. We are hiring a Lead Product Designer for our Enterprise team. The ideal candidate has 8-14 years of experience and is proficient in User Research, Figma, UX Design, Prototyping, Interaction Design, UI Design, Wireframing. This is a hybrid contract position focused on delivering high-quality design work."
Lead Graphic Designer,Design,InDesign; Branding; Illustrator; Layout Design; Color Theory; Photoshop; Print Design,Lead,"Full-time · Hybrid. We are hiring a Lead Graphic Designer for our Startup team. The ideal candidate has 8-14 years of experience and is proficient in InDesign, Branding, Illustrator, Layout Design, Color Theory, Photoshop, Print Design. This is a hybrid full-time position focused on delivering high-quality design work."
Principal Graphic Designer,Design,InDesign; Illustrator; Print Design; Typography; Branding; Adobe XD; Photoshop,Principal,"Contract · On-site. We are hiring a Principal Graphic Designer for our Startup team. The ideal candidate has 12-20 years of experience and is proficient in InDesign, Illustrator, Print Design, Typography, Branding, Adobe XD, Photoshop. This is a on-site contract position focused on delivering high-quality design work."
Intern Product Designer,Design,Figma; Interaction Design; User Research; Sketch; UX Design; UI Design,Intern,"Full-time · Remote. We are hiring a Intern Product Designer for our SaaS team. The ideal candidate has 0-1 years of experience and is proficient in Figma, Interaction Design, User Research, Sketch, UX Design, UI Design. This is a remote full-time position focused on delivering high-quality design work."
Mid-level Interaction Designer,Design,Figma; User Research; After Effects; Motion Design; Usability Testing,Mid-level,"Contract · Remote. We are hiring a Mid-level Interaction Designer for our Enterprise team. The ideal candidate has 3-6 years of experience and is proficient in Figma, User Research, After Effects, Motion Design, Usability Testing. This is a remote contract position focused on delivering high-quality design work."
Intern UX Designer,Design,Accessibility; Design Thinking; Personas; Usability Testing; Wireframing; Figma; Information Architecture,Intern,"Full-time · Hybrid. We are hiring a Intern UX Designer for our Healthcare team. The ideal candidate has 0-1 years of experience and is proficient in Accessibility, Design Thinking, Personas, Usability Testing, Wireframing, Figma, Information Architecture. This is a hybrid full-time position focused on delivering high-quality design work."
Intern Interaction Designer,Design,Prototyping; Motion Design; User Research; After Effects; Interaction Design,Intern,"Full-time · Remote. We are hiring a Intern Interaction Designer for our Gaming team. The ideal candidate has 0-1 years of experience and is proficient in Prototyping, Motion Design, User Research, After Effects, Interaction Design. This is a remote full-time position focused on delivering high-quality design work."
Mid-level Interaction Designer,Design,User Research; Design Systems; Wireframing; UX Design; Motion Design; After Effects,Mid-level,"Contract · On-site. We are hiring a Mid-level Interaction Designer for our Healthcare team. The ideal candidate has 3-6 years of experience and is proficient in User Research, Design Systems, Wireframing, UX Design, Motion Design, After Effects. This is a on-site contract position focused on delivering high-quality design work."
Mid-level Graphic Designer,Design,Creativity; Adobe XD; Print Design; Layout Design; InDesign; Photoshop,Mid-level,"Contract · On-site. We are hiring a Mid-level Graphic Designer for our Gaming team. The ideal candidate has 3-6 years of experience and is proficient in Creativity, Adobe XD, Print Design, Layout Design, InDesign, Photoshop. This is a on-site contract position focused on delivering high-quality design work."
Senior UI Designer,Design,Typography; HTML; Wireframing; Design Systems; Figma,Senior,"Contract · Remote. We are hiring a Senior UI Designer for our EdTech team. The ideal candidate has 6-10 years of experience and is proficient in Typography, HTML, Wireframing, Design Systems, Figma. This is a remote contract position focused on delivering high-quality design work."
Principal Graphic Designer,Design,Adobe XD; Illustrator; InDesign; Color Theory; Branding; Typography; Creativity,Principal,"Contract · Remote. We are hiring a Principal Graphic Designer for our E-commerce team. The ideal candidate has 12-20 years of experience and is proficient in Adobe XD, Illustrator, InDesign, Color Theory, Branding, Typography, Creativity. This is a remote contract position focused on delivering high-quality design work."
Principal Product Designer,Design,UX Design; Design Systems; UI Design; Sketch; User Research,Principal,"Contract · Hybrid. We are hiring a Principal Product Designer for our Fintech team. The ideal candidate has 12-20 years of experience and is proficient in UX Design, Design Systems, UI Design, Sketch, User Research. This is a hybrid contract position focused on delivering high-quality design work."
Principal Graphic Designer,Design,Photoshop; InDesign; Print Design; Layout Design; Typography; Adobe XD,Principal,"Internship · Hybrid. We are hiring a Principal Graphic Designer for our EdTech team. The ideal candidate has 12-20 years of experience and is proficient in Photoshop, InDesign, Print Design, Layout Design, Typography, Adobe XD. This is a hybrid internship position focused on delivering high-quality design work."
Mid-level UX Designer,Design,Wireframing; Figma; Design Thinking; Information Architecture; Accessibility; Usability Testing,Mid-level,"Internship · Remote. We are hiring a Mid-level UX Designer for our EdTech team. The ideal candidate has 3-6 years of experience and is proficient in Wireframing, Figma, Design Thinking, Information Architecture, Accessibility, Usability Testing. This is a remote internship position focused on delivering high-quality design work."
Senior Interaction Designer,Design,UX Design; Prototyping; Usability Testing; User Research; Figma,Senior,"Full-time · Hybrid. We are hiring a Senior Interaction Designer for our Fintech team. The ideal candidate has 6-10 years of experience and is proficient in UX Design, Prototyping, Usability Testing, User Research, Figma. This is a hybrid full-time position focused on delivering high-quality design work."
Mid-level UX Designer,Design,Prototyping; Design Thinking; Usability Testing; Personas; Accessibility,Mid-level,"Full-time · Remote. We are hiring a Mid-level UX Designer for our Startup team. The ideal candidate has 3-6 years of experience and is proficient in Prototyping, Design Thinking, Usability Testing, Personas, Accessibility. This is a remote full-time position focused on delivering high-quality design work."
Lead UI Designer,Design,Adobe XD; Typography; Prototyping; Color Theory; Sketch; HTML,Lead,"Contract · On-site. We are hiring a Lead UI Designer for our Startup team. The ideal candidate has 8-14 years of experience and is proficient in Adobe XD, Typography, Prototyping, Color Theory, Sketch, HTML. This is a on-site contract position focused on delivering high-quality design work."
Senior Product Designer,Design,UI Design; Sketch; Design Systems; Prototyping; UX Design,Senior,"Internship · Hybrid. We are hiring a Senior Product Designer for our Startup team. The ideal candidate has 6-10 years of experience and is proficient in UI Design, Sketch, Design Systems, Prototyping, UX Design. This is a hybrid internship position focused on delivering high-quality design work."
Mid-level Product Designer,Design,Sketch; Usability Testing; Design Systems; Prototyping; UI Design,Mid-level,"Internship · Remote. We are hiring a Mid-level Product Designer for our E-commerce team. The ideal candidate has 3-6 years of experience and is proficient in Sketch, Usability Testing, Design Systems, Prototyping, UI Design. This is a remote internship position focused on delivering high-quality design work."
Lead Interaction Designer,Design,Design Systems; Wireframing; Prototyping; Motion Design; User Research; After Effects,Lead,"Full-time · Hybrid. We are hiring a Lead Interaction Designer for our Healthcare team. The ideal candidate has 8-14 years of experience and is proficient in Design Systems, Wireframing, Prototyping, Motion Design, User Research, After Effects. This is a hybrid full-time position focused on delivering high-quality design work."
Senior UX Designer,Design,User Research; Information Architecture; Design Thinking; Figma; Accessibility; Prototyping; Personas,Senior,"Internship · Remote. We are hiring a Senior UX Designer for our Enterprise team. The ideal candidate has 6-10 years of experience and is proficient in User Research, Information Architecture, Design Thinking, Figma, Accessibility, Prototyping, Personas. This is a remote internship position focused on delivering high-quality design work."
Junior UI Designer,Design,HTML; Typography; Figma; Design Systems; CSS; Color Theory,Junior,"Contract · On-site. We are hiring a Junior UI Designer for our Gaming team. The ideal candidate has 1-3 years of experience and is proficient in HTML, Typography, Figma, Design Systems, CSS, Color Theory. This is a on-site contract position focused on delivering high-quality design work."
Principal UI Designer,Design,Wireframing; CSS; Sketch; HTML; Color Theory; Figma,Principal,"Contract · Remote. We are hiring a Principal UI Designer for our Gaming team. The ideal candidate has 12-20 years of experience and is proficient in Wireframing, CSS, Sketch, HTML, Color Theory, Figma. This is a remote contract position focused on delivering high-quality design work."
Lead UX Designer,Design,User Research; Personas; Prototyping; Design Thinking; Journey Mapping; Figma,Lead,"Contract · Hybrid. We are hiring a Lead UX Designer for our E-commerce team. The ideal candidate has 8-14 years of experience and is proficient in User Research, Personas, Prototyping, Design Thinking, Journey Mapping, Figma. This is a hybrid contract position focused on delivering high-quality design work."
Intern Graphic Designer,Design,Typography; Adobe XD; InDesign; Print Design; Layout Design,Intern,"Contract · Hybrid. We are hiring a Intern Graphic Designer for our Gaming team. The ideal candidate has 0-1 years of experience and is proficient in Typography, Adobe XD, InDesign, Print Design, Layout Design. This is a hybrid contract position focused on delivering high-quality design work."
Junior UX Designer,Design,User Research; Prototyping; Wireframing; Design Thinking; Usability Testing; Journey Mapping; Information Architecture,Junior,"Contract · Hybrid. We are hiring a Junior UX Designer for our SaaS team. The ideal candidate has 1-3 years of experience and is proficient in User Research, Prototyping, Wireframing, Design Thinking, Usability Testing, Journey Mapping, Information Architecture. This is a hybrid contract position focused on delivering high-quality design work."
Senior Product Designer,Design,Sketch; Interaction Design; UX Design; Figma; Design Systems,Senior,"Full-time · Remote. We are hiring a Senior Product Designer for our Fintech team. The ideal candidate has 6-10 years of experience and is proficient in Sketch, Interaction Design, UX Design, Figma, Design Systems. This is a remote full-time position focused on delivering high-quality design work."
Senior Product Designer,Design,UI Design; Figma; Interaction Design; Sketch; Wireframing; User Research,Senior,"Contract · On-site. We are hiring a Senior Product Designer for our Enterprise team. The ideal candidate has 6-10 years of experience and is proficient in UI Design, Figma, Interaction Design, Sketch, Wireframing, User Research. This is a on-site contract position focused on delivering high-quality design work."
Junior UI Designer,Design,HTML; Adobe XD; Color Theory; CSS; Figma; Sketch,Junior,"Internship · Remote. We are hiring a Junior UI Designer for our Fintech team. The ideal candidate has 1-3 years of experience and is proficient in HTML, Adobe XD, Color Theory, CSS, Figma, Sketch. This is a remote internship position focused on delivering high-quality design work."
Senior UI Designer,Design,Adobe XD; Wireframing; Design Systems; Figma; HTML; Sketch,Senior,"Internship · On-site. We are hiring a Senior UI Designer for our EdTech team. The ideal candidate has 6-10 years of experience and is proficient in Adobe XD, Wireframing, Design Systems, Figma, HTML, Sketch. This is a on-site internship position focused on delivering high-quality design work."
Principal Product Designer,Design,Design Systems; UI Design; Usability Testing; UX Design; Sketch,Principal,"Full-time · Remote. We are hiring a Principal Product Designer for our Startup team. The ideal candidate has 12-20 years of experience and is proficient in Design Systems, UI Design, Usability Testing, UX Design, Sketch. This is a remote full-time position focused on delivering high-quality design work."
Mid-level Graphic Designer,Design,Adobe XD; Typography; Illustrator; Photoshop; Color Theory,Mid-level,"Contract · Remote. We are hiring a Mid-level Graphic Designer for our Enterprise team. The ideal candidate has 3-6 years of experience and is proficient in Adobe XD, Typography, Illustrator, Photoshop, Color Theory. This is a remote contract position focused on delivering high-quality design work."
Intern UX Designer,Design,Accessibility; User Research; Prototyping; Figma; Personas,Intern,"Internship · On-site. We are hiring a Intern UX Designer for our Fintech team. The ideal candidate has 0-1 years of experience and is proficient in Accessibility, User Research, Prototyping, Figma, Personas. This is a on-site internship position focused on delivering high-quality design work."
Senior Product Designer,Design,User Research; Prototyping; Interaction Design; Design Systems; Figma; UX Design; Wireframing,Senior,"Internship · Remote. We are hiring a Senior Product Designer for our Enterprise team. The ideal candidate has 6-10 years of experience and is proficient in User Research, Prototyping, Interaction Design, Design Systems, Figma, UX Design, Wireframing. This is a remote internship position focused on delivering high-quality design work."
Lead UI Designer,Design,Figma; Adobe XD; Sketch; Color Theory; Wireframing,Lead,"Internship · Remote. We are hiring a Lead UI Designer for our Healthcare team. The ideal candidate has 8-14 years of experience and is proficient in Figma, Adobe XD, Sketch, Color Theory, Wireframing. This is a remote internship position focused on delivering high-quality design work."
Mid-level Product Designer,Design,Interaction Design; UX Design; User Research; Prototyping; UI Design; Wireframing; Usability Testing,Mid-level,"Contract · Remote. We are hiring a Mid-level Product Designer for our Healthcare team. The ideal candidate has 3-6 years of experience and is proficient in Interaction Design, UX Design, User Research, Prototyping, UI Design, Wireframing, Usability Testing. This is a remote contract position focused on delivering high-quality design work."
Lead UX Designer,Design,Information Architecture; Wireframing; Prototyping; Usability Testing; Figma; Design Thinking; Accessibility,Lead,"Contract · On-site. We are hiring a Lead UX Designer for our E-commerce team. The ideal candidate has 8-14 years of experience and is proficient in Information Architecture, Wireframing, Prototyping, Usability Testing, Figma, Design Thinking, Accessibility. This is a on-site contract position focused on delivering high-quality design work."
Mid-level Graphic Designer,Design,Photoshop; Adobe XD; Print Design; Illustrator; Creativity,Mid-level,"Contract · On-site. We are hiring a Mid-level Graphic Designer for our Fintech team. The ideal candidate has 3-6 years of experience and is proficient in Photoshop, Adobe XD, Print Design, Illustrator, Creativity. This is a on-site contract position focused on delivering high-quality design work."
Lead Interaction Designer,Design,Usability Testing; Wireframing; Design Systems; User Research; Prototyping; After Effects,Lead,"Full-time · Hybrid. We are hiring a Lead Interaction Designer for our Fintech team. The ideal candidate has 8-14 years of experience and is proficient in Usability Testing, Wireframing, Design Systems, User Research, Prototyping, After Effects. This is a hybrid full-time position focused on delivering high-quality design work."
Senior Interaction Designer,Design,Interaction Design; Wireframing; Prototyping; UX Design; Motion Design,Senior,"Full-time · Hybrid. We are hiring a Senior Interaction Designer for our E-commerce team. The ideal candidate has 6-10 years of experience and is proficient in Interaction Design, Wireframing, Prototyping, UX Design, Motion Design. This is a hybrid full-time position focused on delivering high-quality design work."
Principal UI Designer,Design,Typography; Figma; Wireframing; Design Systems; Color Theory; Sketch; Adobe XD,Principal,"Internship · Hybrid. We are hiring a Principal UI Designer for our EdTech team. The ideal candidate has 12-20 years of experience and is proficient in Typography, Figma, Wireframing, Design Systems, Color Theory, Sketch, Adobe XD. This is a hybrid internship position focused on delivering high-quality design work."
Senior Interaction Designer,Design,Design Systems; After Effects; Wireframing; Figma; UX Design; User Research; Interaction Design,Senior,"Contract · On-site. We are hiring a Senior Interaction Designer for our Enterprise team. The ideal candidate has 6-10 years of experience and is proficient in Design Systems, After Effects, Wireframing, Figma, UX Design, User Research, Interaction Design. This is a on-site contract position focused on delivering high-quality design work."
Mid-level Product Designer,Design,Wireframing; UI Design; Figma; Design Systems; Usability Testing; Prototyping; UX Design,Mid-level,"Internship · Hybrid. We are hiring a Mid-level Product Designer for our Gaming team. The ideal candidate has 3-6 years of experience and is proficient in Wireframing, UI Design, Figma, Design Systems, Usability Testing, Prototyping, UX Design. This is a hybrid internship position focused on delivering high-quality design work."
Principal UX Designer,Design,Accessibility; Journey Mapping; Wireframing; Usability Testing; Personas; Figma; Information Architecture,Principal,"Full-time · Hybrid. We are hiring a Principal UX Designer for our Enterprise team. The ideal candidate has 12-20 years of experience and is proficient in Accessibility, Journey Mapping, Wireframing, Usability Testing, Personas, Figma, Information Architecture. This is a hybrid full-time position focused on delivering high-quality design work."
Senior UX Designer,Design,Prototyping; Journey Mapping; Design Thinking; Personas; Information Architecture; Figma; Wireframing,Senior,"Contract · Remote. We are hiring a Senior UX Designer for our Gaming team. The ideal candidate has 6-10 years of experience and is proficient in Prototyping, Journey Mapping, Design Thinking, Personas, Information Architecture, Figma, Wireframing. This is a remote contract position focused on delivering high-quality design work."
Principal Product Designer,Design,UI Design; Design Systems; Interaction Design; Figma; Wireframing; User Research,Principal,"Full-time · On-site. We are hiring a Principal Product Designer for our Enterprise team. The ideal candidate has 12-20 years of experience and is proficient in UI Design, Design Systems, Interaction Design, Figma, Wireframing, User Research. This is a on-site full-time position focused on delivering high-quality design work."
Intern Product Designer,Design,Design Systems; UX Design; UI Design; Sketch; Wireframing,Intern,"Internship · On-site. We are hiring a Intern Product Designer for our SaaS team. The ideal candidate has 0-1 years of experience and is proficient in Design Systems, UX Design, UI Design, Sketch, Wireframing. This is a on-site internship position focused on delivering high-quality design work."
Junior UI Designer,Design,Color Theory; Design Systems; Sketch; Wireframing; Figma,Junior,"Contract · On-site. We are hiring a Junior UI Designer for our Healthcare team. The ideal candidate has 1-3 years of experience and is proficient in Color Theory, Design Systems, Sketch, Wireframing, Figma. This is a on-site contract position focused on delivering high-quality design work."
Junior UI Designer,Design,Prototyping; CSS; Color Theory; Adobe XD; Figma; Sketch; Typography,Junior,"Internship · On-site. We are hiring a Junior UI Designer for our Fintech team. The ideal candidate has 1-3 years of experience and is proficient in Prototyping, CSS, Color Theory, Adobe XD, Figma, Sketch, Typography. This is a on-site internship position focused on delivering high-quality design work."
Lead Product Designer,Design,Design Systems; User Research; Prototyping; Wireframing; Sketch; Usability Testing; UX Design,Lead,"Internship · Hybrid. We are hiring a Lead Product Designer for our Healthcare team. The ideal candidate has 8-14 years of experience and is proficient in Design Systems, User Research, Prototyping, Wireframing, Sketch, Usability Testing, UX Design. This is a hybrid internship position focused on delivering high-quality design work."
Lead UI Designer,Design,HTML; Figma; Wireframing; Sketch; Typography; CSS; Color Theory,Lead,"Full-time · Hybrid. We are hiring a Lead UI Designer for our Healthcare team. The ideal candidate has 8-14 years of experience and is proficient in HTML, Figma, Wireframing, Sketch, Typography, CSS, Color Theory. This is a hybrid full-time position focused on delivering high-quality design work."
Mid-level Interaction Designer,Design,Figma; Usability Testing; Motion Design; Prototyping; After Effects,Mid-level,"Full-time · On-site. We are hiring a Mid-level Interaction Designer for our Startup team. The ideal candidate has 3-6 years of experience and is proficient in Figma, Usability Testing, Motion Design, Prototyping, After Effects. This is a on-site full-time position focused on delivering high-quality design work."
Senior UI Designer,Design,Adobe XD; Typography; Figma; CSS; Wireframing; Color Theory; Sketch,Senior,"Internship · On-site. We are hiring a Senior UI Designer for our Healthcare team. The ideal candidate has 6-10 years of experience and is proficient in Adobe XD, Typography, Figma, CSS, Wireframing, Color Theory, Sketch. This is a on-site internship position focused on delivering high-quality design work."
Principal Product Designer,Design,Usability Testing; User Research; Figma; Wireframing; Sketch,Principal,"Full-time · Remote. We are hiring a Principal Product Designer for our Gaming team. The ideal candidate has 12-20 years of experience and is proficient in Usability Testing, User Research, Figma, Wireframing, Sketch. This is a remote full-time position focused on delivering high-quality design work."
Lead UI Designer,Design,Color Theory; Adobe XD; Typography; Figma; Sketch,Lead,"Full-time · Hybrid. We are hiring a Lead UI Designer for our E-commerce team. The ideal candidate has 8-14 years of experience and is proficient in Color Theory, Adobe XD, Typography, Figma, Sketch. This is a hybrid full-time position focused on delivering high-quality design work."
Junior UX Designer,Design,Design Thinking; Accessibility; Wireframing; Usability Testing; Journey Mapping; Figma,Junior,"Full-time · Hybrid. We are hiring a Junior UX Designer for our EdTech team. The ideal candidate has 1-3 years of experience and is proficient in Design Thinking, Accessibility, Wireframing, Usability Testing, Journey Mapping, Figma. This is a hybrid full-time position focused on delivering high-quality design work."
Mid-level Interaction Designer,Design,Design Systems; Prototyping; User Research; Motion Design; Usability Testing,Mid-level,"Internship · Hybrid. We are hiring a Mid-level Interaction Designer for our Fintech team. The ideal candidate has 3-6 years of experience and is proficient in Design Systems, Prototyping, User Research, Motion Design, Usability Testing. This is a hybrid internship position focused on delivering high-quality design work."
Intern UX Designer,Design,Figma; Accessibility; Prototyping; Personas; Wireframing; Usability Testing,Intern,"Internship · Remote. We are hiring a Intern UX Designer for our Startup team. The ideal candidate has 0-1 years of experience and is proficient in Figma, Accessibility, Prototyping, Personas, Wireframing, Usability Testing. This is a remote internship position focused on delivering high-quality design work."
Intern Product Designer,Design,UI Design; UX Design; User Research; Sketch; Prototyping; Wireframing; Figma,Intern,"Contract · Hybrid. We are hiring a Intern Product Designer for our Healthcare team. The ideal candidate has 0-1 years of experience and is proficient in UI Design, UX Design, User Research, Sketch, Prototyping, Wireframing, Figma. This is a hybrid contract position focused on delivering high-quality design work."
Intern Product Designer,Design,Usability Testing; User Research; Prototyping; Wireframing; UX Design; Figma; Interaction Design,Intern,"Full-time · Hybrid. We are hiring a Intern Product Designer for our Enterprise team. The ideal candidate has 0-1 years of experience and is proficient in Usability Testing, User Research, Prototyping, Wireframing, UX Design, Figma, Interaction Design. This is a hybrid full-time position focused on delivering high-quality design work."
Junior UI Designer,Design,Design Systems; Prototyping; Typography; Wireframing; CSS; Color Theory; Sketch,Junior,"Full-time · Remote. We are hiring a Junior UI Designer for our SaaS team. The ideal candidate has 1-3 years of experience and is proficient in Design Systems, Prototyping, Typography, Wireframing, CSS, Color Theory, Sketch. This is a remote full-time position focused on delivering high-quality design work."
Senior Graphic Designer,Design,Layout Design; Adobe XD; InDesign; Branding; Photoshop; Color Theory,Senior,"Contract · Remote. We are hiring a Senior Graphic Designer for our Fintech team. The ideal candidate has 6-10 years of experience and is proficient in Layout Design, Adobe XD, InDesign, Branding, Photoshop, Color Theory. This is a remote contract position focused on delivering high-quality design work."
Intern UI Designer,Design,CSS; Typography; Figma; Adobe XD; Sketch; Design Systems,Intern,"Contract · Hybrid. We are hiring a Intern UI Designer for our Startup team. The ideal candidate has 0-1 years of experience and is proficient in CSS, Typography, Figma, Adobe XD, Sketch, Design Systems. This is a hybrid contract position focused on delivering high-quality design work."
Intern UX Designer,Design,User Research; Figma; Personas; Journey Mapping; Design Thinking; Usability Testing; Information Architecture,Intern,"Full-time · On-site. We are hiring a Intern UX Designer for our Healthcare team. The ideal candidate has 0-1 years of experience and is proficient in User Research, Figma, Personas, Journey Mapping, Design Thinking, Usability Testing, Information Architecture. This is a on-site full-time position focused on delivering high-quality design work."
Intern Product Designer,Design,Figma; Interaction Design; Usability Testing; UI Design; Sketch,Intern,"Internship · On-site. We are hiring a Intern Product Designer for our Startup team. The ideal candidate has 0-1 years of experience and is proficient in Figma, Interaction Design, Usability Testing, UI Design, Sketch. This is a on-site internship position focused on delivering high-quality design work."
Mid-level UX Designer,Design,Wireframing; Design Thinking; Personas; User Research; Figma; Prototyping; Accessibility,Mid-level,"Internship · Hybrid. We are hiring a Mid-level UX Designer for our Gaming team. The ideal candidate has 3-6 years of experience and is proficient in Wireframing, Design Thinking, Personas, User Research, Figma, Prototyping, Accessibility. This is a hybrid internship position focused on delivering high-quality design work."
Lead UI Designer,Design,Wireframing; Figma; CSS; Sketch; Adobe XD; Design Systems,Lead,"Contract · On-site. We are hiring a Lead UI Designer for our Gaming team. The ideal candidate has 8-14 years of experience and is proficient in Wireframing, Figma, CSS, Sketch, Adobe XD, Design Systems. This is a on-site contract position focused on delivering high-quality design work."
Senior UI Designer,Design,Sketch; CSS; Typography; Design Systems; Wireframing; Color Theory; Figma,Senior,"Full-time · Remote. We are hiring a Senior UI Designer for our EdTech team. The ideal candidate has 6-10 years of experience and is proficient in Sketch, CSS, Typography, Design Systems, Wireframing, Color Theory, Figma. This is a remote full-time position focused on delivering high-quality design work."
Principal Product Designer,Design,Sketch; Wireframing; Figma; User Research; Interaction Design,Principal,"Internship · Remote. We are hiring a Principal Product Designer for our Enterprise team. The ideal candidate has 12-20 years of experience and is proficient in Sketch, Wireframing, Figma, User Research, Interaction Design. This is a remote internship position focused on delivering high-quality design work."
Mid-level Product Designer,Design,Prototyping; Usability Testing; UI Design; Interaction Design; User Research; Wireframing,Mid-level,"Internship · Remote. We are hiring a Mid-level Product Designer for our SaaS team. The ideal candidate has 3-6 years of experience and is proficient in Prototyping, Usability Testing, UI Design, Interaction Design, User Research, Wireframing. This is a remote internship position focused on delivering high-quality design work."
Mid-level UI Designer,Design,Typography; Design Systems; HTML; Wireframing; Sketch; Figma,Mid-level,"Internship · Remote. We are hiring a Mid-level UI Designer for our Enterprise team. The ideal candidate has 3-6 years of experience and is proficient in Typography, Design Systems, HTML, Wireframing, Sketch, Figma. This is a remote internship position focused on delivering high-quality design work."
Intern UX Designer,Design,Design Thinking; Figma; Accessibility; Information Architecture; Prototyping,Intern,"Full-time · On-site. We are hiring a Intern UX Designer for our SaaS team. The ideal candidate has 0-1 years of experience and is proficient in Design Thinking, Figma, Accessibility, Information Architecture, Prototyping. This is a on-site full-time position focused on delivering high-quality design work."
Lead Graphic Designer,Design,Creativity; Color Theory; Typography; Adobe XD; InDesign; Print Design; Layout Design,Lead,"Contract · On-site. We are hiring a Lead Graphic Designer for our Fintech team. The ideal candidate has 8-14 years of experience and is proficient in Creativity, Color Theory, Typography, Adobe XD, InDesign, Print Design, Layout Design. This is a on-site contract position focused on delivering high-quality design work."
Principal Product Designer,Design,Design Systems; Interaction Design; Prototyping; UI Design; Wireframing; Sketch; UX Design,Principal,"Full-time · Hybrid. We are hiring a Principal Product Designer for our Startup team. The ideal candidate has 12-20 years of experience and is proficient in Design Systems, Interaction Design, Prototyping, UI Design, Wireframing, Sketch, UX Design. This is a hybrid full-time position focused on delivering high-quality design work."
Junior UI Designer,Design,Prototyping; HTML; Sketch; Design Systems; Figma; CSS,Junior,"Contract · On-site. We are hiring a Junior UI Designer for our E-commerce team. The ideal candidate has 1-3 years of experience and is proficient in Prototyping, HTML, Sketch, Design Systems, Figma, CSS. This is a on-site contract position focused on delivering high-quality design work."
Principal Interaction Designer,Design,Motion Design; Usability Testing; UX Design; User Research; Wireframing,Principal,"Full-time · On-site. We are hiring a Principal Interaction Designer for our Fintech team. The ideal candidate has 12-20 years of experience and is proficient in Motion Design, Usability Testing, UX Design, User Research, Wireframing. This is a on-site full-time position focused on delivering high-quality design work."
Principal UI Designer,Design,Typography; Design Systems; HTML; Prototyping; Adobe XD; CSS,Principal,"Internship · On-site. We are hiring a Principal UI Designer for our Enterprise team. The ideal candidate has 12-20 years of experience and is proficient in Typography, Design Systems, HTML, Prototyping, Adobe XD, CSS. This is a on-site internship position focused on delivering high-quality design work."
Intern UI Designer,Design,HTML; CSS; Prototyping; Design Systems; Color Theory,Intern,"Contract · Hybrid. We are hiring a Intern UI Designer for our Enterprise team. The ideal candidate has 0-1 years of experience and is proficient in HTML, CSS, Prototyping, Design Systems, Color Theory. This is a hybrid contract position focused on delivering high-quality design work."
Mid-level Interaction Designer,Design,Motion Design; Figma; Prototyping; Design Systems; User Research; UX Design,Mid-level,"Internship · Remote. We are hiring a Mid-level Interaction Designer for our EdTech team. The ideal candidate has 3-6 years of experience and is proficient in Motion Design, Figma, Prototyping, Design Systems, User Research, UX Design. This is a remote internship position focused on delivering high-quality design work."
Junior UI Designer,Design,Typography; Sketch; Wireframing; HTML; Design Systems,Junior,"Contract · On-site. We are hiring a Junior UI Designer for our EdTech team. The ideal candidate has 1-3 years of experience and is proficient in Typography, Sketch, Wireframing, HTML, Design Systems. This is a on-site contract position focused on delivering high-quality design work."
Principal Graphic Designer,Design,Layout Design; Photoshop; Color Theory; Illustrator; Print Design,Principal,"Full-time · Remote. We are hiring a Principal Graphic Designer for our Fintech team. The ideal candidate has 12-20 years of experience and is proficient in Layout Design, Photoshop, Color Theory, Illustrator, Print Design. This is a remote full-time position focused on delivering high-quality design work."
Intern UI Designer,Design,HTML; Color Theory; Adobe XD; Figma; CSS; Design Systems,Intern,"Internship · Hybrid. We are hiring a Intern UI Designer for our Fintech team. The ideal candidate has 0-1 years of experience and is proficient in HTML, Color Theory, Adobe XD, Figma, CSS, Design Systems. This is a hybrid internship position focused on delivering high-quality design work."
Intern Product Designer,Design,UI Design; UX Design; Interaction Design; Design Systems; Usability Testing; Wireframing; Sketch,Intern,"Full-time · Hybrid. We are hiring a Intern Product Designer for our Healthcare team. The ideal candidate has 0-1 years of experience and is proficient in UI Design, UX Design, Interaction Design, Design Systems, Usability Testing, Wireframing, Sketch. This is a hybrid full-time position focused on delivering high-quality design work."
Mid-level Product Designer,Design,UI Design; Sketch; User Research; UX Design; Figma; Wireframing; Prototyping,Mid-level,"Full-time · On-site. We are hiring a Mid-level Product Designer for our Gaming team. The ideal candidate has 3-6 years of experience and is proficient in UI Design, Sketch, User Research, UX Design, Figma, Wireframing, Prototyping. This is a on-site full-time position focused on delivering high-quality design work."
Mid-level UX Designer,Design,Information Architecture; Wireframing; Personas; Usability Testing; Accessibility; Figma,Mid-level,"Contract · On-site. We are hiring a Mid-level UX Designer for our Enterprise team. The ideal candidate has 3-6 years of experience and is proficient in Information Architecture, Wireframing, Personas, Usability Testing, Accessibility, Figma. This is a on-site contract position focused on delivering high-quality design work."
Mid-level UI Designer,Design,Wireframing; Color Theory; CSS; Adobe XD; Figma; Design Systems; HTML,Mid-level,"Internship · Remote. We are hiring a Mid-level UI Designer for our Startup team. The ideal candidate has 3-6 years of experience and is proficient in Wireframing, Color Theory, CSS, Adobe XD, Figma, Design Systems, HTML. This is a remote internship position focused on delivering high-quality design work."
Lead UX Designer,Design,Figma; Journey Mapping; Prototyping; Information Architecture; Personas; Usability Testing; Design Thinking,Lead,"Internship · Remote. We are hiring a Lead UX Designer for our Enterprise team. The ideal candidate has 8-14 years of experience and is proficient in Figma, Journey Mapping, Prototyping, Information Architecture, Personas, Usability Testing, Design Thinking. This is a remote internship position focused on delivering high-quality design work."
Lead UI Designer,Design,Color Theory; Figma; Adobe XD; HTML; Typography; Prototyping; Wireframing,Lead,"Internship · Remote. We are hiring a Lead UI Designer for our Enterprise team. The ideal candidate has 8-14 years of experience and is proficient in Color Theory, Figma, Adobe XD, HTML, Typography, Prototyping, Wireframing. This is a remote internship position focused on delivering high-quality design work."
Principal Interaction Designer,Design,Motion Design; User Research; Prototyping; UX Design; Wireframing; Design Systems,Principal,"Contract · On-site. We are hiring a Principal Interaction Designer for our Healthcare team. The ideal candidate has 12-20 years of experience and is proficient in Motion Design, User Research, Prototyping, UX Design, Wireframing, Design Systems. This is a on-site contract position focused on delivering high-quality design work."
Lead Product Designer,Design,Figma; Usability Testing; Design Systems; User Research; Prototyping; UI Design,Lead,"Contract · Remote. We are hiring a Lead Product Designer for our Fintech team. The ideal candidate has 8-14 years of experience and is proficient in Figma, Usability Testing, Design Systems, User Research, Prototyping, UI Design. This is a remote contract position focused on delivering high-quality design work."
Mid-level Graphic Designer,Design,Color Theory; Layout Design; Illustrator; Adobe XD; InDesign,Mid-level,"Internship · Hybrid. We are hiring a Mid-level Graphic Designer for our Healthcare team. The ideal candidate has 3-6 years of experience and is proficient in Color Theory, Layout Design, Illustrator, Adobe XD, InDesign. This is a hybrid internship position focused on delivering high-quality design work."
Senior Product Designer,Design,Sketch; Design Systems; Usability Testing; Interaction Design; Prototyping; UX Design,Senior,"Internship · On-site. We are hiring a Senior Product Designer for our Fintech team. The ideal candidate has 6-10 years of experience and is proficient in Sketch, Design Systems, Usability Testing, Interaction Design, Prototyping, UX Design. This is a on-site internship position focused on delivering high-quality design work."
Junior UI Designer,Design,Wireframing; CSS; Sketch; Color Theory; Figma; HTML; Design Systems,Junior,"Contract · Remote. We are hiring a Junior UI Designer for our E-commerce team. The ideal candidate has 1-3 years of experience and is proficient in Wireframing, CSS, Sketch, Color Theory, Figma, HTML, Design Systems. This is a remote contract position focused on delivering high-quality design work."
Principal UI Designer,Design,Prototyping; CSS; HTML; Wireframing; Color Theory,Principal,"Internship · On-site. We are hiring a Principal UI Designer for our Gaming team. The ideal candidate has 12-20 years of experience and is proficient in Prototyping, CSS, HTML, Wireframing, Color Theory. This is a on-site internship position focused on delivering high-quality design work."
Lead Product Designer,Design,Interaction Design; UI Design; Design Systems; Usability Testing; Sketch; Prototyping; UX Design,Lead,"Contract · Hybrid. We are hiring a Lead Product Designer for our Healthcare team. The ideal candidate has 8-14 years of experience and is proficient in Interaction Design, UI Design, Design Systems, Usability Testing, Sketch, Prototyping, UX Design. This is a hybrid contract position focused on delivering high-quality design work."
Senior Product Designer,Design,Wireframing; UX Design; Prototyping; Design Systems; Usability Testing,Senior,"Full-time · On-site. We are hiring a Senior Product Designer for our Fintech team. The ideal candidate has 6-10 years of experience and is proficient in Wireframing, UX Design, Prototyping, Design Systems, Usability Testing. This is a on-site full-time position focused on delivering high-quality design work."
Lead Interaction Designer,Design,Figma; Motion Design; Wireframing; Usability Testing; After Effects,Lead,"Contract · On-site. We are hiring a Lead Interaction Designer for our Enterprise team. The ideal candidate has 8-14 years of experience and is proficient in Figma, Motion Design, Wireframing, Usability Testing, After Effects. This is a on-site contract position focused on delivering high-quality design work."
Junior Product Designer,Design,Usability Testing; UX Design; Figma; User Research; Wireframing; UI Design,Junior,"Internship · On-site. We are hiring a Junior Product Designer for our E-commerce team. The ideal candidate has 1-3 years of experience and is proficient in Usability Testing, UX Design, Figma, User Research, Wireframing, UI Design. This is a on-site internship position focused on delivering high-quality design work."
Mid-level UX Designer,Design,User Research; Figma; Information Architecture; Prototyping; Personas; Accessibility; Journey Mapping,Mid-level,"Full-time · Remote. We are hiring a Mid-level UX Designer for our Healthcare team. The ideal candidate has 3-6 years of experience and is proficient in User Research, Figma, Information Architecture, Prototyping, Personas, Accessibility, Journey Mapping. This is a remote full-time position focused on delivering high-quality design work."
Junior Interaction Designer,Design,After Effects; UX Design; Wireframing; Figma; Usability Testing,Junior,"Internship · On-site. We are hiring a Junior Interaction Designer for our E-commerce team. The ideal candidate has 1-3 years of experience and is proficient in After Effects, UX Design, Wireframing, Figma, Usability Testing. This is a on-site internship position focused on delivering high-quality design work."
Mid-level Product Designer,Design,Design Systems; Wireframing; UX Design; Prototyping; Usability Testing,Mid-level,"Contract · Hybrid. We are hiring a Mid-level Product Designer for our Healthcare team. The ideal candidate has 3-6 years of experience and is proficient in Design Systems, Wireframing, UX Design, Prototyping, Usability Testing. This is a hybrid contract position focused on delivering high-quality design work."
Principal UI Designer,Design,Figma; Typography; Sketch; Design Systems; Adobe XD; HTML,Principal,"Internship · Remote. We are hiring a Principal UI Designer for our Healthcare team. The ideal candidate has 12-20 years of experience and is proficient in Figma, Typography, Sketch, Design Systems, Adobe XD, HTML. This is a remote internship position focused on delivering high-quality design work."
Lead Product Designer,Design,UX Design; Design Systems; User Research; Prototyping; Usability Testing,Lead,"Full-time · Remote. We are hiring a Lead Product Designer for our EdTech team. The ideal candidate has 8-14 years of experience and is proficient in UX Design, Design Systems, User Research, Prototyping, Usability Testing. This is a remote full-time position focused on delivering high-quality design work."
Principal UX Designer,Design,Journey Mapping; Accessibility; Prototyping; Wireframing; Information Architecture,Principal,"Full-time · Hybrid. We are hiring a Principal UX Designer for our Startup team. The ideal candidate has 12-20 years of experience and is proficient in Journey Mapping, Accessibility, Prototyping, Wireframing, Information Architecture. This is a hybrid full-time position focused on delivering high-quality design work."
Senior UX Designer,Design,User Research; Wireframing; Information Architecture; Accessibility; Design Thinking; Usability Testing,Senior,"Internship · On-site. We are hiring a Senior UX Designer for our Enterprise team. The ideal candidate has 6-10 years of experience and is proficient in User Research, Wireframing, Information Architecture, Accessibility, Design Thinking, Usability Testing. This is a on-site internship position focused on delivering high-quality design work."
Senior UX Designer,Design,Figma; Design Thinking; User Research; Usability Testing; Personas,Senior,"Contract · Hybrid. We are hiring a Senior UX Designer for our Startup team. The ideal candidate has 6-10 years of experience and is proficient in Figma, Design Thinking, User Research, Usability Testing, Personas. This is a hybrid contract position focused on delivering high-quality design work."
Principal UI Designer,Design,Figma; HTML; Color Theory; Sketch; CSS; Adobe XD; Prototyping,Principal,"Contract · Hybrid. We are hiring a Principal UI Designer for our Startup team. The ideal candidate has 12-20 years of experience and is proficient in Figma, HTML, Color Theory, Sketch, CSS, Adobe XD, Prototyping. This is a hybrid contract position focused on delivering high-quality design work."
Junior UI Designer,Design,Figma; CSS; Typography; Adobe XD; Sketch,Junior,"Internship · Hybrid. We are hiring a Junior UI Designer for our EdTech team. The ideal candidate has 1-3 years of experience and is proficient in Figma, CSS, Typography, Adobe XD, Sketch. This is a hybrid internship position focused on delivering high-quality design work."
Senior Graphic Designer,Design,Illustrator; Layout Design; Photoshop; Color Theory; Branding; Creativity,Senior,"Contract · Remote. We are hiring a Senior Graphic Designer for our EdTech team. The ideal candidate has 6-10 years of experience and is proficient in Illustrator, Layout Design, Photoshop, Color Theory, Branding, Creativity. This is a remote contract position focused on delivering high-quality design work."
Intern UX Designer,Design,Journey Mapping; Information Architecture; Design Thinking; Prototyping; Accessibility; Figma,Intern,"Contract · Hybrid. We are hiring a Intern UX Designer for our EdTech team. The ideal candidate has 0-1 years of experience and is proficient in Journey Mapping, Information Architecture, Design Thinking, Prototyping, Accessibility, Figma. This is a hybrid contract position focused on delivering high-quality design work."
Intern UI Designer,Design,Adobe XD; HTML; Typography; Design Systems; Prototyping; Sketch; Figma,Intern,"Internship · Hybrid. We are hiring a Intern UI Designer for our Gaming team. The ideal candidate has 0-1 years of experience and is proficient in Adobe XD, HTML, Typography, Design Systems, Prototyping, Sketch, Figma. This is a hybrid internship position focused on delivering high-quality design work."
Principal UX Designer,Design,Prototyping; User Research; Figma; Wireframing; Journey Mapping; Information Architecture; Accessibility,Principal,"Contract · Hybrid. We are hiring a Principal UX Designer for our E-commerce team. The ideal candidate has 12-20 years of experience and is proficient in Prototyping, User Research, Figma, Wireframing, Journey Mapping, Information Architecture, Accessibility. This is a hybrid contract position focused on delivering high-quality design work."
Mid-level Product Designer,Design,Wireframing; Sketch; Interaction Design; User Research; Design Systems; UI Design,Mid-level,"Contract · Hybrid. We are hiring a Mid-level Product Designer for our Startup team. The ideal candidate has 3-6 years of experience and is proficient in Wireframing, Sketch, Interaction Design, User Research, Design Systems, UI Design. This is a hybrid contract position focused on delivering high-quality design work."
Principal Product Designer,Design,Sketch; UX Design; Design Systems; Figma; Wireframing; Prototyping; Usability Testing,Principal,"Internship · On-site. We are hiring a Principal Product Designer for our EdTech team. The ideal candidate has 12-20 years of experience and is proficient in Sketch, UX Design, Design Systems, Figma, Wireframing, Prototyping, Usability Testing. This is a on-site internship position focused on delivering high-quality design work."
Principal UI Designer,Design,Prototyping; Figma; Design Systems; Adobe XD; Wireframing; Color Theory; Typography,Principal,"Contract · On-site. We are hiring a Principal UI Designer for our EdTech team. The ideal candidate has 12-20 years of experience and is proficient in Prototyping, Figma, Design Systems, Adobe XD, Wireframing, Color Theory, Typography. This is a on-site contract position focused on delivering high-quality design work."
Lead Interaction Designer,Design,Usability Testing; Design Systems; User Research; Figma; Prototyping; Wireframing; Interaction Design,Lead,"Internship · On-site. We are hiring a Lead Interaction Designer for our SaaS team. The ideal candidate has 8-14 years of experience and is proficient in Usability Testing, Design Systems, User Research, Figma, Prototyping, Wireframing, Interaction Design. This is a on-site internship position focused on delivering high-quality design work."
Principal Graphic Designer,Design,Adobe XD; Layout Design; Print Design; Photoshop; InDesign,Principal,"Contract · Remote. We are hiring a Principal Graphic Designer for our EdTech team. The ideal candidate has 12-20 years of experience and is proficient in Adobe XD, Layout Design, Print Design, Photoshop, InDesign. This is a remote contract position focused on delivering high-quality design work."
Principal Product Designer,Design,Wireframing; User Research; Figma; UX Design; Usability Testing; Design Systems,Principal,"Contract · Hybrid. We are hiring a Principal Product Designer for our E-commerce team. The ideal candidate has 12-20 years of experience and is proficient in Wireframing, User Research, Figma, UX Design, Usability Testing, Design Systems. This is a hybrid contract position focused on delivering high-quality design work."
Intern Interaction Designer,Design,Wireframing; UX Design; Interaction Design; Motion Design; Figma,Intern,"Internship · On-site. We are hiring a Intern Interaction Designer for our Gaming team. The ideal candidate has 0-1 years of experience and is proficient in Wireframing, UX Design, Interaction Design, Motion Design, Figma. This is a on-site internship position focused on delivering high-quality design work."
Principal Graphic Designer,Design,InDesign; Photoshop; Color Theory; Print Design; Illustrator; Adobe XD,Principal,"Full-time · On-site. We are hiring a Principal Graphic Designer for our EdTech team. The ideal candidate has 12-20 years of experience and is proficient in InDesign, Photoshop, Color Theory, Print Design, Illustrator, Adobe XD. This is a on-site full-time position focused on delivering high-quality design work."
Mid-level UI Designer,Design,CSS; Wireframing; Figma; Prototyping; HTML; Typography; Color Theory,Mid-level,"Contract · Remote. We are hiring a Mid-level UI Designer for our SaaS team. The ideal candidate has 3-6 years of experience and is proficient in CSS, Wireframing, Figma, Prototyping, HTML, Typography, Color Theory. This is a remote contract position focused on delivering high-quality design work."
Principal UX Designer,Design,Prototyping; Information Architecture; Design Thinking; Wireframing; Personas; Journey Mapping; User Research,Principal,"Internship · Hybrid. We are hiring a Principal UX Designer for our EdTech team. The ideal candidate has 12-20 years of experience and is proficient in Prototyping, Information Architecture, Design Thinking, Wireframing, Personas, Journey Mapping, User Research. This is a hybrid internship position focused on delivering high-quality design work."
Intern UI Designer,Design,Wireframing; Figma; Adobe XD; HTML; Typography; CSS; Prototyping,Intern,"Full-time · Remote. We are hiring a Intern UI Designer for our SaaS team. The ideal candidate has 0-1 years of experience and is proficient in Wireframing, Figma, Adobe XD, HTML, Typography, CSS, Prototyping. This is a remote full-time position focused on delivering high-quality design work."
Junior UI Designer,Design,Adobe XD; Wireframing; Color Theory; CSS; Design Systems; Figma; Prototyping,Junior,"Internship · On-site. We are hiring a Junior UI Designer for our Healthcare team. The ideal candidate has 1-3 years of experience and is proficient in Adobe XD, Wireframing, Color Theory, CSS, Design Systems, Figma, Prototyping. This is a on-site internship position focused on delivering high-quality design work."
Lead Graphic Designer,Design,Color Theory; Creativity; Photoshop; InDesign; Adobe XD; Branding,Lead,"Full-time · On-site. We are hiring a Lead Graphic Designer for our Startup team. The ideal candidate has 8-14 years of experience and is proficient in Color Theory, Creativity, Photoshop, InDesign, Adobe XD, Branding. This is a on-site full-time position focused on delivering high-quality design work."
Principal UI Designer,Design,Adobe XD; Typography; Wireframing; Design Systems; CSS,Principal,"Internship · Remote. We are hiring a Principal UI Designer for our Startup team. The ideal candidate has 12-20 years of experience and is proficient in Adobe XD, Typography, Wireframing, Design Systems, CSS. This is a remote internship position focused on delivering high-quality design work."
Senior UI Designer,Design,Wireframing; Prototyping; Adobe XD; HTML; Typography,Senior,"Full-time · Remote. We are hiring a Senior UI Designer for our Enterprise team. The ideal candidate has 6-10 years of experience and is proficient in Wireframing, Prototyping, Adobe XD, HTML, Typography. This is a remote full-time position focused on delivering high-quality design work."
Principal UX Designer,Design,Personas; Journey Mapping; Information Architecture; Accessibility; Wireframing; Prototyping; Usability Testing,Principal,"Internship · Hybrid. We are hiring a Principal UX Designer for our SaaS team. The ideal candidate has 12-20 years of experience and is proficient in Personas, Journey Mapping, Information Architecture, Accessibility, Wireframing, Prototyping, Usability Testing. This is a hybrid internship position focused on delivering high-quality design work."
Lead Graphic Designer,Design,Branding; Layout Design; Print Design; Photoshop; Typography; Creativity,Lead,"Internship · Remote. We are hiring a Lead Graphic Designer for our Healthcare team. The ideal candidate has 8-14 years of experience and is proficient in Branding, Layout Design, Print Design, Photoshop, Typography, Creativity. This is a remote internship position focused on delivering high-quality design work."
Senior Graphic Designer,Design,Illustrator; Print Design; Layout Design; Typography; Creativity; Photoshop; InDesign,Senior,"Internship · On-site. We are hiring a Senior Graphic Designer for our Gaming team. The ideal candidate has 6-10 years of experience and is proficient in Illustrator, Print Design, Layout Design, Typography, Creativity, Photoshop, InDesign. This is a on-site internship position focused on delivering high-quality design work."
Senior Interaction Designer,Design,User Research; Usability Testing; Wireframing; After Effects; Design Systems,Senior,"Full-time · Hybrid. We are hiring a Senior Interaction Designer for our EdTech team. The ideal candidate has 6-10 years of experience and is proficient in User Research, Usability Testing, Wireframing, After Effects, Design Systems. This is a hybrid full-time position focused on delivering high-quality design work."
Junior Interaction Designer,Design,User Research; Prototyping; After Effects; Usability Testing; Motion Design; Interaction Design,Junior,"Full-time · On-site. We are hiring a Junior Interaction Designer for our Enterprise team. The ideal candidate has 1-3 years of experience and is proficient in User Research, Prototyping, After Effects, Usability Testing, Motion Design, Interaction Design. This is a on-site full-time position focused on delivering high-quality design work."
Lead Graphic Designer,Design,Adobe XD; Photoshop; Typography; Branding; Illustrator,Lead,"Full-time · Hybrid. We are hiring a Lead Graphic Designer for our Fintech team. The ideal candidate has 8-14 years of experience and is proficient in Adobe XD, Photoshop, Typography, Branding, Illustrator. This is a hybrid full-time position focused on delivering high-quality design work."
Mid-level Interaction Designer,Design,User Research; Figma; Usability Testing; Design Systems; Interaction Design; Wireframing,Mid-level,"Internship · Hybrid. We are hiring a Mid-level Interaction Designer for our SaaS team. The ideal candidate has 3-6 years of experience and is proficient in User Research, Figma, Usability Testing, Design Systems, Interaction Design, Wireframing. This is a hybrid internship position focused on delivering high-quality design work."
Principal Interaction Designer,Design,Figma; Interaction Design; UX Design; Prototyping; Usability Testing; After Effects,Principal,"Internship · On-site. We are hiring a Principal Interaction Designer for our Enterprise team. The ideal candidate has 12-20 years of experience and is proficient in Figma, Interaction Design, UX Design, Prototyping, Usability Testing, After Effects. This is a on-site internship position focused on delivering high-quality design work."
Senior Graphic Designer,Design,Photoshop; Layout Design; Adobe XD; Print Design; InDesign; Illustrator,Senior,"Internship · Remote. We are hiring a Senior Graphic Designer for our SaaS team. The ideal candidate has 6-10 years of experience and is proficient in Photoshop, Layout Design, Adobe XD, Print Design, InDesign, Illustrator. This is a remote internship position focused on delivering high-quality design work."
Junior Product Designer,Design,Wireframing; Figma; Prototyping; Usability Testing; UX Design; Design Systems; User Research,Junior,"Internship · On-site. We are hiring a Junior Product Designer for our SaaS team. The ideal candidate has 1-3 years of experience and is proficient in Wireframing, Figma, Prototyping, Usability Testing, UX Design, Design Systems, User Research. This is a on-site internship position focused on delivering high-quality design work."
Senior UX Designer,Design,Design Thinking; Journey Mapping; Figma; Accessibility; User Research; Usability Testing; Wireframing,Senior,"Contract · On-site. We are hiring a Senior UX Designer for our Gaming team. The ideal candidate has 6-10 years of experience and is proficient in Design Thinking, Journey Mapping, Figma, Accessibility, User Research, Usability Testing, Wireframing. This is a on-site contract position focused on delivering high-quality design work."
Junior Graphic Designer,Design,Layout Design; Adobe XD; Creativity; Branding; Print Design,Junior,"Internship · Remote. We are hiring a Junior Graphic Designer for our Enterprise team. The ideal candidate has 1-3 years of experience and is proficient in Layout Design, Adobe XD, Creativity, Branding, Print Design. This is a remote internship position focused on delivering high-quality design work."
Principal UX Designer,Design,Usability Testing; Journey Mapping; Personas; Information Architecture; Design Thinking; Figma; Prototyping,Principal,"Internship · Remote. We are hiring a Principal UX Designer for our Gaming team. The ideal candidate has 12-20 years of experience and is proficient in Usability Testing, Journey Mapping, Personas, Information Architecture, Design Thinking, Figma, Prototyping. This is a remote internship position focused on delivering high-quality design work."
Principal Interaction Designer,Design,User Research; Figma; Prototyping; Usability Testing; Design Systems,Principal,"Full-time · On-site. We are hiring a Principal Interaction Designer for our Gaming team. The ideal candidate has 12-20 years of experience and is proficient in User Research, Figma, Prototyping, Usability Testing, Design Systems. This is a on-site full-time position focused on delivering high-quality design work."
Intern Interaction Designer,Design,After Effects; Interaction Design; Prototyping; User Research; Design Systems; Usability Testing; UX Design,Intern,"Contract · On-site. We are hiring a Intern Interaction Designer for our EdTech team. The ideal candidate has 0-1 years of experience and is proficient in After Effects, Interaction Design, Prototyping, User Research, Design Systems, Usability Testing, UX Design. This is a on-site contract position focused on delivering high-quality design work."
Mid-level Product Designer,Design,Interaction Design; Prototyping; Figma; User Research; UI Design; Usability Testing,Mid-level,"Contract · Remote. We are hiring a Mid-level Product Designer for our Startup team. The ideal candidate has 3-6 years of experience and is proficient in Interaction Design, Prototyping, Figma, User Research, UI Design, Usability Testing. This is a remote contract position focused on delivering high-quality design work."
Principal Interaction Designer,Design,Interaction Design; UX Design; Usability Testing; Design Systems; Wireframing; User Research,Principal,"Internship · On-site. We are hiring a Principal Interaction Designer for our Gaming team. The ideal candidate has 12-20 years of experience and is proficient in Interaction Design, UX Design, Usability Testing, Design Systems, Wireframing, User Research. This is a on-site internship position focused on delivering high-quality design work."
Intern Graphic Designer,Design,Color Theory; Photoshop; Print Design; Branding; Creativity,Intern,"Full-time · On-site. We are hiring a Intern Graphic Designer for our EdTech team. The ideal candidate has 0-1 years of experience and is proficient in Color Theory, Photoshop, Print Design, Branding, Creativity. This is a on-site full-time position focused on delivering high-quality design work."
Principal Graphic Designer,Design,Typography; Illustrator; Photoshop; Color Theory; Print Design; Branding,Principal,"Contract · Remote. We are hiring a Principal Graphic Designer for our Enterprise team. The ideal candidate has 12-20 years of experience and is proficient in Typography, Illustrator, Photoshop, Color Theory, Print Design, Branding. This is a remote contract position focused on delivering high-quality design work."
Mid-level UI Designer,Design,Figma; Adobe XD; HTML; Design Systems; Wireframing,Mid-level,"Internship · Hybrid. We are hiring a Mid-level UI Designer for our Startup team. The ideal candidate has 3-6 years of experience and is proficient in Figma, Adobe XD, HTML, Design Systems, Wireframing. This is a hybrid internship position focused on delivering high-quality design work."
Mid-level Product Designer,Design,Interaction Design; Prototyping; UX Design; Figma; Design Systems; UI Design,Mid-level,"Internship · Hybrid. We are hiring a Mid-level Product Designer for our E-commerce team. The ideal candidate has 3-6 years of experience and is proficient in Interaction Design, Prototyping, UX Design, Figma, Design Systems, UI Design. This is a hybrid internship position focused on delivering high-quality design work."
Intern Graphic Designer,Design,Photoshop; Branding; Layout Design; Illustrator; InDesign,Intern,"Contract · Remote. We are hiring a Intern Graphic Designer for our E-commerce team. The ideal candidate has 0-1 years of experience and is proficient in Photoshop, Branding, Layout Design, Illustrator, InDesign. This is a remote contract position focused on delivering high-quality design work."
Mid-level UI Designer,Design,Design Systems; CSS; Adobe XD; Sketch; Wireframing; Color Theory; Figma,Mid-level,"Contract · Remote. We are hiring a Mid-level UI Designer for our E-commerce team. The ideal candidate has 3-6 years of experience and is proficient in Design Systems, CSS, Adobe XD, Sketch, Wireframing, Color Theory, Figma. This is a remote contract position focused on delivering high-quality design work."
Principal UX Designer,Design,User Research; Wireframing; Figma; Journey Mapping; Prototyping,Principal,"Full-time · Hybrid. We are hiring a Principal UX Designer for our Healthcare team. The ideal candidate has 12-20 years of experience and is proficient in User Research, Wireframing, Figma, Journey Mapping, Prototyping. This is a hybrid full-time position focused on delivering high-quality design work."
Mid-level UI Designer,Design,Adobe XD; Prototyping; Wireframing; HTML; Typography,Mid-level,"Full-time · On-site. We are hiring a Mid-level UI Designer for our Healthcare team. The ideal candidate has 3-6 years of experience and is proficient in Adobe XD, Prototyping, Wireframing, HTML, Typography. This is a on-site full-time position focused on delivering high-quality design work."
Senior Interaction Designer,Design,Usability Testing; Design Systems; Prototyping; User Research; Wireframing,Senior,"Full-time · On-site. We are hiring a Senior Interaction Designer for our SaaS team. The ideal candidate has 6-10 years of experience and is proficient in Usability Testing, Design Systems, Prototyping, User Research, Wireframing. This is a on-site full-time position focused on delivering high-quality design work."
Mid-level Product Designer,Design,Usability Testing; Interaction Design; Design Systems; Figma; UX Design,Mid-level,"Internship · On-site. We are hiring a Mid-level Product Designer for our Enterprise team. The ideal candidate has 3-6 years of experience and is proficient in Usability Testing, Interaction Design, Design Systems, Figma, UX Design. This is a on-site internship position focused on delivering high-quality design work."
Senior Product Designer,Design,UI Design; Interaction Design; User Research; Prototyping; Usability Testing; Sketch,Senior,"Internship · Remote. We are hiring a Senior Product Designer for our Healthcare team. The ideal candidate has 6-10 years of experience and is proficient in UI Design, Interaction Design, User Research, Prototyping, Usability Testing, Sketch. This is a remote internship position focused on delivering high-quality design work."
Principal Graphic Designer,Design,Layout Design; Creativity; InDesign; Branding; Adobe XD; Photoshop; Illustrator,Principal,"Contract · On-site. We are hiring a Principal Graphic Designer for our Enterprise team. The ideal candidate has 12-20 years of experience and is proficient in Layout Design, Creativity, InDesign, Branding, Adobe XD, Photoshop, Illustrator. This is a on-site contract position focused on delivering high-quality design work."
Intern Graphic Designer,Design,Creativity; Photoshop; Print Design; Color Theory; Layout Design; Branding,Intern,"Contract · On-site. We are hiring a Intern Graphic Designer for our SaaS team. The ideal candidate has 0-1 years of experience and is proficient in Creativity, Photoshop, Print Design, Color Theory, Layout Design, Branding. This is a on-site contract position focused on delivering high-quality design work."
Senior Graphic Designer,Design,Typography; Color Theory; Layout Design; Branding; Illustrator; Creativity,Senior,"Internship · Remote. We are hiring a Senior Graphic Designer for our Healthcare team. The ideal candidate has 6-10 years of experience and is proficient in Typography, Color Theory, Layout Design, Branding, Illustrator, Creativity. This is a remote internship position focused on delivering high-quality design work."
Mid-level UX Designer,Design,Accessibility; Usability Testing; Wireframing; User Research; Personas,Mid-level,"Contract · Remote. We are hiring a Mid-level UX Designer for our Gaming team. The ideal candidate has 3-6 years of experience and is proficient in Accessibility, Usability Testing, Wireframing, User Research, Personas. This is a remote contract position focused on delivering high-quality design work."
Mid-level UI Designer,Design,HTML; Figma; CSS; Adobe XD; Prototyping; Typography; Wireframing,Mid-level,"Full-time · Remote. We are hiring a Mid-level UI Designer for our Gaming team. The ideal candidate has 3-6 years of experience and is proficient in HTML, Figma, CSS, Adobe XD, Prototyping, Typography, Wireframing. This is a remote full-time position focused on delivering high-quality design work."
Mid-level Product Designer,Design,Prototyping; UI Design; Usability Testing; UX Design; Design Systems,Mid-level,"Full-time · On-site. We are hiring a Mid-level Product Designer for our Enterprise team. The ideal candidate has 3-6 years of experience and is proficient in Prototyping, UI Design, Usability Testing, UX Design, Design Systems. This is a on-site full-time position focused on delivering high-quality design work."
Lead UI Designer,Design,Prototyping; Wireframing; Design Systems; Typography; Sketch; HTML,Lead,"Contract · Hybrid. We are hiring a Lead UI Designer for our Startup team. The ideal candidate has 8-14 years of experience and is proficient in Prototyping, Wireframing, Design Systems, Typography, Sketch, HTML. This is a hybrid contract position focused on delivering high-quality design work."
Lead Product Designer,Design,Design Systems; User Research; UI Design; Sketch; Figma; Interaction Design; UX Design,Lead,"Contract · Hybrid. We are hiring a Lead Product Designer for our Gaming team. The ideal candidate has 8-14 years of experience and is proficient in Design Systems, User Research, UI Design, Sketch, Figma, Interaction Design, UX Design. This is a hybrid contract position focused on delivering high-quality design work."
Principal UX Designer,Design,Accessibility; Information Architecture; Personas; Usability Testing; Journey Mapping,Principal,"Contract · Hybrid. We are hiring a Principal UX Designer for our Fintech team. The ideal candidate has 12-20 years of experience and is proficient in Accessibility, Information Architecture, Personas, Usability Testing, Journey Mapping. This is a hybrid contract position focused on delivering high-quality design work."
Principal Graphic Designer,Design,Branding; Creativity; Photoshop; Layout Design; Illustrator; Print Design; Typography,Principal,"Full-time · On-site. We are hiring a Principal Graphic Designer for our Healthcare team. The ideal candidate has 12-20 years of experience and is proficient in Branding, Creativity, Photoshop, Layout Design, Illustrator, Print Design, Typography. This is a on-site full-time position focused on delivering high-quality design work."
Intern Product Designer,Design,Design Systems; Wireframing; User Research; Sketch; Usability Testing,Intern,"Contract · On-site. We are hiring a Intern Product Designer for our E-commerce team. The ideal candidate has 0-1 years of experience and is proficient in Design Systems, Wireframing, User Research, Sketch, Usability Testing. This is a on-site contract position focused on delivering high-quality design work."
Lead UX Designer,Design,Information Architecture; Journey Mapping; Personas; Usability Testing; User Research,Lead,"Internship · Hybrid. We are hiring a Lead UX Designer for our Enterprise team. The ideal candidate has 8-14 years of experience and is proficient in Information Architecture, Journey Mapping, Personas, Usability Testing, User Research. This is a hybrid internship position focused on delivering high-quality design work."
Principal Product Designer,Design,Wireframing; Usability Testing; Prototyping; UI Design; Interaction Design; Figma,Principal,"Internship · Remote. We are hiring a Principal Product Designer for our Healthcare team. The ideal candidate has 12-20 years of experience and is proficient in Wireframing, Usability Testing, Prototyping, UI Design, Interaction Design, Figma. This is a remote internship position focused on delivering high-quality design work."
Junior UI Designer,Design,Sketch; Color Theory; HTML; Figma; Prototyping; Design Systems,Junior,"Full-time · Hybrid. We are hiring a Junior UI Designer for our Healthcare team. The ideal candidate has 1-3 years of experience and is proficient in Sketch, Color Theory, HTML, Figma, Prototyping, Design Systems. This is a hybrid full-time position focused on delivering high-quality design work."
Principal Interaction Designer,Design,Usability Testing; Motion Design; Wireframing; UX Design; Prototyping,Principal,"Full-time · Hybrid. We are hiring a Principal Interaction Designer for our Enterprise team. The ideal candidate has 12-20 years of experience and is proficient in Usability Testing, Motion Design, Wireframing, UX Design, Prototyping. This is a hybrid full-time position focused on delivering high-quality design work."
Principal Interaction Designer,Design,User Research; Wireframing; Design Systems; Motion Design; Prototyping; Usability Testing,Principal,"Contract · On-site. We are hiring a Principal Interaction Designer for our Startup team. The ideal candidate has 12-20 years of experience and is proficient in User Research, Wireframing, Design Systems, Motion Design, Prototyping, Usability Testing. This is a on-site contract position focused on delivering high-quality design work."
Intern Graphic Designer,Design,Layout Design; Adobe XD; Illustrator; Typography; InDesign,Intern,"Contract · Remote. We are hiring a Intern Graphic Designer for our Startup team. The ideal candidate has 0-1 years of experience and is proficient in Layout Design, Adobe XD, Illustrator, Typography, InDesign. This is a remote contract position focused on delivering high-quality design work."
Lead Interaction Designer,Design,User Research; Motion Design; Design Systems; Interaction Design; After Effects; Figma; Prototyping,Lead,"Full-time · On-site. We are hiring a Lead Interaction Designer for our Gaming team. The ideal candidate has 8-14 years of experience and is proficient in User Research, Motion Design, Design Systems, Interaction Design, After Effects, Figma, Prototyping. This is a on-site full-time position focused on delivering high-quality design work."
Intern Product Designer,Design,Wireframing; Design Systems; UX Design; User Research; Sketch,Intern,"Internship · Remote. We are hiring a Intern Product Designer for our Healthcare team. The ideal candidate has 0-1 years of experience and is proficient in Wireframing, Design Systems, UX Design, User Research, Sketch. This is a remote internship position focused on delivering high-quality design work."
Mid-level Interaction Designer,Design,Usability Testing; Motion Design; Prototyping; After Effects; Design Systems; Interaction Design; User Research,Mid-level,"Internship · Hybrid. We are hiring a Mid-level Interaction Designer for our Healthcare team. The ideal candidate has 3-6 years of experience and is proficient in Usability Testing, Motion Design, Prototyping, After Effects, Design Systems, Interaction Design, User Research. This is a hybrid internship position focused on delivering high-quality design work."
Junior Graphic Designer,Design,InDesign; Adobe XD; Branding; Illustrator; Creativity; Print Design,Junior,"Internship · Remote. We are hiring a Junior Graphic Designer for our Fintech team. The ideal candidate has 1-3 years of experience and is proficient in InDesign, Adobe XD, Branding, Illustrator, Creativity, Print Design. This is a remote internship position focused on delivering high-quality design work."
Lead Product Designer,Design,UI Design; UX Design; Sketch; Figma; Design Systems; Prototyping,Lead,"Full-time · Remote. We are hiring a Lead Product Designer for our Gaming team. The ideal candidate has 8-14 years of experience and is proficient in UI Design, UX Design, Sketch, Figma, Design Systems, Prototyping. This is a remote full-time position focused on delivering high-quality design work."
Lead UX Designer,Design,Information Architecture; Design Thinking; Figma; Personas; Journey Mapping; User Research; Wireframing,Lead,"Contract · On-site. We are hiring a Lead UX Designer for our Healthcare team. The ideal candidate has 8-14 years of experience and is proficient in Information Architecture, Design Thinking, Figma, Personas, Journey Mapping, User Research, Wireframing. This is a on-site contract position focused on delivering high-quality design work."
Intern Interaction Designer,Design,Prototyping; After Effects; Design Systems; UX Design; Interaction Design; Motion Design,Intern,"Full-time · Hybrid. We are hiring a Intern Interaction Designer for our Healthcare team. The ideal candidate has 0-1 years of experience and is proficient in Prototyping, After Effects, Design Systems, UX Design, Interaction Design, Motion Design. This is a hybrid full-time position focused on delivering high-quality design work."
Mid-level Interaction Designer,Design,Figma; After Effects; Prototyping; Interaction Design; Wireframing; Motion Design,Mid-level,"Internship · On-site. We are hiring a Mid-level Interaction Designer for our Healthcare team. The ideal candidate has 3-6 years of experience and is proficient in Figma, After Effects, Prototyping, Interaction Design, Wireframing, Motion Design. This is a on-site internship position focused on delivering high-quality design work."
Intern UI Designer,Design,HTML; Sketch; Wireframing; Adobe XD; Color Theory; Design Systems; Prototyping,Intern,"Full-time · Hybrid. We are hiring a Intern UI Designer for our SaaS team. The ideal candidate has 0-1 years of experience and is proficient in HTML, Sketch, Wireframing, Adobe XD, Color Theory, Design Systems, Prototyping. This is a hybrid full-time position focused on delivering high-quality design work."
Lead Interaction Designer,Design,Wireframing; Interaction Design; After Effects; User Research; Motion Design,Lead,"Contract · Remote. We are hiring a Lead Interaction Designer for our Fintech team. The ideal candidate has 8-14 years of experience and is proficient in Wireframing, Interaction Design, After Effects, User Research, Motion Design. This is a remote contract position focused on delivering high-quality design work."
Mid-level UI Designer,Design,Figma; Typography; Wireframing; Adobe XD; Prototyping,Mid-level,"Full-time · Hybrid. We are hiring a Mid-level UI Designer for our EdTech team. The ideal candidate has 3-6 years of experience and is proficient in Figma, Typography, Wireframing, Adobe XD, Prototyping. This is a hybrid full-time position focused on delivering high-quality design work."
Mid-level Product Designer,Design,UI Design; Design Systems; Interaction Design; Figma; Wireframing; Usability Testing; User Research,Mid-level,"Internship · On-site. We are hiring a Mid-level Product Designer for our E-commerce team. The ideal candidate has 3-6 years of experience and is proficient in UI Design, Design Systems, Interaction Design, Figma, Wireframing, Usability Testing, User Research. This is a on-site internship position focused on delivering high-quality design work."
Principal Product Designer,Design,Prototyping; Usability Testing; Design Systems; Interaction Design; Sketch; Figma; User Research,Principal,"Contract · Remote. We are hiring a Principal Product Designer for our EdTech team. The ideal candidate has 12-20 years of experience and is proficient in Prototyping, Usability Testing, Design Systems, Interaction Design, Sketch, Figma, User Research. This is a remote contract position focused on delivering high-quality design work."
Lead UI Designer,Design,Sketch; Typography; Figma; Adobe XD; Wireframing,Lead,"Contract · On-site. We are hiring a Lead UI Designer for our Healthcare team. The ideal candidate has 8-14 years of experience and is proficient in Sketch, Typography, Figma, Adobe XD, Wireframing. This is a on-site contract position focused on delivering high-quality design work."
Senior Product Designer,Design,Wireframing; Usability Testing; UI Design; Prototyping; Sketch; UX Design,Senior,"Contract · Remote. We are hiring a Senior Product Designer for our Healthcare team. The ideal candidate has 6-10 years of experience and is proficient in Wireframing, Usability Testing, UI Design, Prototyping, Sketch, UX Design. This is a remote contract position focused on delivering high-quality design work."
Mid-level UX Designer,Design,User Research; Journey Mapping; Design Thinking; Prototyping; Information Architecture,Mid-level,"Internship · Remote. We are hiring a Mid-level UX Designer for our Healthcare team. The ideal candidate has 3-6 years of experience and is proficient in User Research, Journey Mapping, Design Thinking, Prototyping, Information Architecture. This is a remote internship position focused on delivering high-quality design work."
Principal Graphic Designer,Design,Branding; Typography; Color Theory; Photoshop; Illustrator,Principal,"Internship · On-site. We are hiring a Principal Graphic Designer for our E-commerce team. The ideal candidate has 12-20 years of experience and is proficient in Branding, Typography, Color Theory, Photoshop, Illustrator. This is a on-site internship position focused on delivering high-quality design work."
Junior Interaction Designer,Design,User Research; Wireframing; Prototyping; Design Systems; UX Design; After Effects; Figma,Junior,"Internship · Hybrid. We are hiring a Junior Interaction Designer for our Fintech team. The ideal candidate has 1-3 years of experience and is proficient in User Research, Wireframing, Prototyping, Design Systems, UX Design, After Effects, Figma. This is a hybrid internship position focused on delivering high-quality design work."
Lead UI Designer,Design,Sketch; Wireframing; CSS; Design Systems; Prototyping; Figma; Color Theory,Lead,"Internship · Remote. We are hiring a Lead UI Designer for our Fintech team. The ideal candidate has 8-14 years of experience and is proficient in Sketch, Wireframing, CSS, Design Systems, Prototyping, Figma, Color Theory. This is a remote internship position focused on delivering high-quality design work."
Senior UX Designer,Design,Personas; Information Architecture; Design Thinking; Prototyping; Usability Testing; Wireframing; Journey Mapping,Senior,"Contract · On-site. We are hiring a Senior UX Designer for our E-commerce team. The ideal candidate has 6-10 years of experience and is proficient in Personas, Information Architecture, Design Thinking, Prototyping, Usability Testing, Wireframing, Journey Mapping. This is a on-site contract position focused on delivering high-quality design work."
Senior UI Designer,Design,Wireframing; Prototyping; Color Theory; Adobe XD; HTML; Sketch,Senior,"Contract · Remote. We are hiring a Senior UI Designer for our E-commerce team. The ideal candidate has 6-10 years of experience and is proficient in Wireframing, Prototyping, Color Theory, Adobe XD, HTML, Sketch. This is a remote contract position focused on delivering high-quality design work."
Senior Graphic Designer,Design,Adobe XD; Branding; Creativity; Typography; Photoshop; Illustrator; Color Theory,Senior,"Full-time · Remote. We are hiring a Senior Graphic Designer for our Enterprise team. The ideal candidate has 6-10 years of experience and is proficient in Adobe XD, Branding, Creativity, Typography, Photoshop, Illustrator, Color Theory. This is a remote full-time position focused on delivering high-quality design work."
Intern UI Designer,Design,Prototyping; Design Systems; HTML; Figma; CSS; Sketch; Adobe XD,Intern,"Internship · On-site. We are hiring a Intern UI Designer for our Enterprise team. The ideal candidate has 0-1 years of experience and is proficient in Prototyping, Design Systems, HTML, Figma, CSS, Sketch, Adobe XD. This is a on-site internship position focused on delivering high-quality design work."
Principal Interaction Designer,Design,Usability Testing; Motion Design; Figma; User Research; Wireframing,Principal,"Contract · Remote. We are hiring a Principal Interaction Designer for our Enterprise team. The ideal candidate has 12-20 years of experience and is proficient in Usability Testing, Motion Design, Figma, User Research, Wireframing. This is a remote contract position focused on delivering high-quality design work."
Junior Interaction Designer,Design,User Research; UX Design; Figma; Usability Testing; After Effects; Wireframing,Junior,"Full-time · Remote. We are hiring a Junior Interaction Designer for our SaaS team. The ideal candidate has 1-3 years of experience and is proficient in User Research, UX Design, Figma, Usability Testing, After Effects, Wireframing. This is a remote full-time position focused on delivering high-quality design work."
Lead Interaction Designer,Design,Motion Design; User Research; Interaction Design; Figma; Usability Testing,Lead,"Full-time · On-site. We are hiring a Lead Interaction Designer for our Fintech team. The ideal candidate has 8-14 years of experience and is proficient in Motion Design, User Research, Interaction Design, Figma, Usability Testing. This is a on-site full-time position focused on delivering high-quality design work."
Intern UX Designer,Design,Figma; Accessibility; Wireframing; Personas; Design Thinking,Intern,"Internship · Hybrid. We are hiring a Intern UX Designer for our Startup team. The ideal candidate has 0-1 years of experience and is proficient in Figma, Accessibility, Wireframing, Personas, Design Thinking. This is a hybrid internship position focused on delivering high-quality design work."
Junior Product Designer,Design,UX Design; Sketch; Usability Testing; Wireframing; Design Systems; UI Design; User Research,Junior,"Internship · Hybrid. We are hiring a Junior Product Designer for our EdTech team. The ideal candidate has 1-3 years of experience and is proficient in UX Design, Sketch, Usability Testing, Wireframing, Design Systems, UI Design, User Research. This is a hybrid internship position focused on delivering high-quality design work."
Intern UX Designer,Design,Accessibility; Personas; Journey Mapping; Figma; Design Thinking,Intern,"Full-time · Hybrid. We are hiring a Intern UX Designer for our Enterprise team. The ideal candidate has 0-1 years of experience and is proficient in Accessibility, Personas, Journey Mapping, Figma, Design Thinking. This is a hybrid full-time position focused on delivering high-quality design work."
Senior UX Designer,Design,Personas; Accessibility; Usability Testing; Figma; User Research,Senior,"Full-time · Hybrid. We are hiring a Senior UX Designer for our SaaS team. The ideal candidate has 6-10 years of experience and is proficient in Personas, Accessibility, Usability Testing, Figma, User Research. This is a hybrid full-time position focused on delivering high-quality design work."
Junior Graphic Designer,Design,Print Design; Typography; Illustrator; Layout Design; Branding,Junior,"Contract · Remote. We are hiring a Junior Graphic Designer for our Startup team. The ideal candidate has 1-3 years of experience and is proficient in Print Design, Typography, Illustrator, Layout Design, Branding. This is a remote contract position focused on delivering high-quality design work."
Senior Product Designer,Design,Prototyping; UI Design; UX Design; Wireframing; Interaction Design; Design Systems,Senior,"Internship · On-site. We are hiring a Senior Product Designer for our Healthcare team. The ideal candidate has 6-10 years of experience and is proficient in Prototyping, UI Design, UX Design, Wireframing, Interaction Design, Design Systems. This is a on-site internship position focused on delivering high-quality design work."
Senior Graphic Designer,Design,Typography; InDesign; Branding; Print Design; Photoshop; Layout Design; Illustrator,Senior,"Contract · On-site. We are hiring a Senior Graphic Designer for our Startup team. The ideal candidate has 6-10 years of experience and is proficient in Typography, InDesign, Branding, Print Design, Photoshop, Layout Design, Illustrator. This is a on-site contract position focused on delivering high-quality design work."
Intern Product Designer,Design,UX Design; Figma; Sketch; Design Systems; Interaction Design; Usability Testing,Intern,"Full-time · Hybrid. We are hiring a Intern Product Designer for our E-commerce team. The ideal candidate has 0-1 years of experience and is proficient in UX Design, Figma, Sketch, Design Systems, Interaction Design, Usability Testing. This is a hybrid full-time position focused on delivering high-quality design work."
Junior Graphic Designer,Design,Illustrator; Layout Design; Typography; InDesign; Creativity; Branding; Photoshop,Junior,"Internship · Remote. We are hiring a Junior Graphic Designer for our Startup team. The ideal candidate has 1-3 years of experience and is proficient in Illustrator, Layout Design, Typography, InDesign, Creativity, Branding, Photoshop. This is a remote internship position focused on delivering high-quality design work."
Junior Graphic Designer,Design,InDesign; Adobe XD; Color Theory; Illustrator; Layout Design; Photoshop,Junior,"Full-time · Hybrid. We are hiring a Junior Graphic Designer for our EdTech team. The ideal candidate has 1-3 years of experience and is proficient in InDesign, Adobe XD, Color Theory, Illustrator, Layout Design, Photoshop. This is a hybrid full-time position focused on delivering high-quality design work."
Junior UI Designer,Design,Typography; CSS; Prototyping; Figma; Wireframing; Sketch; HTML,Junior,"Full-time · On-site. We are hiring a Junior UI Designer for our Startup team. The ideal candidate has 1-3 years of experience and is proficient in Typography, CSS, Prototyping, Figma, Wireframing, Sketch, HTML. This is a on-site full-time position focused on delivering high-quality design work."
Principal UI Designer,Design,Prototyping; Color Theory; Design Systems; Wireframing; Adobe XD,Principal,"Full-time · Remote. We are hiring a Principal UI Designer for our SaaS team. The ideal candidate has 12-20 years of experience and is proficient in Prototyping, Color Theory, Design Systems, Wireframing, Adobe XD. This is a remote full-time position focused on delivering high-quality design work."
Lead Interaction Designer,Design,User Research; Interaction Design; Prototyping; Design Systems; Figma,Lead,"Full-time · Remote. We are hiring a Lead Interaction Designer for our Healthcare team. The ideal candidate has 8-14 years of experience and is proficient in User Research, Interaction Design, Prototyping, Design Systems, Figma. This is a remote full-time position focused on delivering high-quality design work."
Junior Product Designer,Design,Prototyping; Design Systems; Wireframing; Figma; User Research,Junior,"Internship · On-site. We are hiring a Junior Product Designer for our EdTech team. The ideal candidate has 1-3 years of experience and is proficient in Prototyping, Design Systems, Wireframing, Figma, User Research. This is a on-site internship position focused on delivering high-quality design work."
Principal UI Designer,Design,Color Theory; Design Systems; CSS; Wireframing; Adobe XD; Sketch; Prototyping,Principal,"Contract · Remote. We are hiring a Principal UI Designer for our Enterprise team. The ideal candidate has 12-20 years of experience and is proficient in Color Theory, Design Systems, CSS, Wireframing, Adobe XD, Sketch, Prototyping. This is a remote contract position focused on delivering high-quality design work."
Junior Interaction Designer,Design,Motion Design; Usability Testing; Interaction Design; UX Design; After Effects,Junior,"Contract · Remote. We are hiring a Junior Interaction Designer for our Fintech team. The ideal candidate has 1-3 years of experience and is proficient in Motion Design, Usability Testing, Interaction Design, UX Design, After Effects. This is a remote contract position focused on delivering high-quality design work."
Lead Interaction Designer,Design,UX Design; User Research; After Effects; Motion Design; Prototyping,Lead,"Contract · Remote. We are hiring a Lead Interaction Designer for our Enterprise team. The ideal candidate has 8-14 years of experience and is proficient in UX Design, User Research, After Effects, Motion Design, Prototyping. This is a remote contract position focused on delivering high-quality design work."
Senior UX Designer,Design,Wireframing; Information Architecture; User Research; Figma; Design Thinking; Personas,Senior,"Full-time · Remote. We are hiring a Senior UX Designer for our Startup team. The ideal candidate has 6-10 years of experience and is proficient in Wireframing, Information Architecture, User Research, Figma, Design Thinking, Personas. This is a remote full-time position focused on delivering high-quality design work."
Senior Graphic Designer,Design,Branding; Typography; Illustrator; Print Design; Photoshop; Color Theory; Adobe XD,Senior,"Contract · On-site. We are hiring a Senior Graphic Designer for our Enterprise team. The ideal candidate has 6-10 years of experience and is proficient in Branding, Typography, Illustrator, Print Design, Photoshop, Color Theory, Adobe XD. This is a on-site contract position focused on delivering high-quality design work."
Senior Product Designer,Design,Figma; UI Design; User Research; Interaction Design; Wireframing,Senior,"Full-time · Remote. We are hiring a Senior Product Designer for our EdTech team. The ideal candidate has 6-10 years of experience and is proficient in Figma, UI Design, User Research, Interaction Design, Wireframing. This is a remote full-time position focused on delivering high-quality design work."
Lead Graphic Designer,Design,InDesign; Branding; Print Design; Photoshop; Typography; Creativity,Lead,"Full-time · Remote. We are hiring a Lead Graphic Designer for our Startup team. The ideal candidate has 8-14 years of experience and is proficient in InDesign, Branding, Print Design, Photoshop, Typography, Creativity. This is a remote full-time position focused on delivering high-quality design work."
Lead UI Designer,Design,Prototyping; Sketch; Wireframing; Design Systems; Adobe XD; HTML,Lead,"Contract · Hybrid. We are hiring a Lead UI Designer for our Fintech team. The ideal candidate has 8-14 years of experience and is proficient in Prototyping, Sketch, Wireframing, Design Systems, Adobe XD, HTML. This is a hybrid contract position focused on delivering high-quality design work."
Senior Interaction Designer,Design,UX Design; User Research; Motion Design; Figma; Prototyping; Interaction Design,Senior,"Contract · Hybrid. We are hiring a Senior Interaction Designer for our Startup team. The ideal candidate has 6-10 years of experience and is proficient in UX Design, User Research, Motion Design, Figma, Prototyping, Interaction Design. This is a hybrid contract position focused on delivering high-quality design work."
Lead UX Designer,Design,Personas; Prototyping; Accessibility; Figma; Information Architecture,Lead,"Contract · Remote. We are hiring a Lead UX Designer for our SaaS team. The ideal candidate has 8-14 years of experience and is proficient in Personas, Prototyping, Accessibility, Figma, Information Architecture. This is a remote contract position focused on delivering high-quality design work."
Principal UI Designer,Design,Wireframing; CSS; Prototyping; Figma; Typography; HTML,Principal,"Contract · On-site. We are hiring a Principal UI Designer for our Startup team. The ideal candidate has 12-20 years of experience and is proficient in Wireframing, CSS, Prototyping, Figma, Typography, HTML. This is a on-site contract position focused on delivering high-quality design work."
Lead Product Designer,Design,Figma; UI Design; Prototyping; Sketch; UX Design; Interaction Design,Lead,"Internship · Hybrid. We are hiring a Lead Product Designer for our SaaS team. The ideal candidate has 8-14 years of experience and is proficient in Figma, UI Design, Prototyping, Sketch, UX Design, Interaction Design. This is a hybrid internship position focused on delivering high-quality design work."
Principal UI Designer,Design,Sketch; Prototyping; HTML; Typography; Adobe XD; Wireframing; Color Theory,Principal,"Internship · Hybrid. We are hiring a Principal UI Designer for our Enterprise team. The ideal candidate has 12-20 years of experience and is proficient in Sketch, Prototyping, HTML, Typography, Adobe XD, Wireframing, Color Theory. This is a hybrid internship position focused on delivering high-quality design work."
Mid-level Graphic Designer,Design,InDesign; Illustrator; Branding; Photoshop; Layout Design,Mid-level,"Full-time · On-site. We are hiring a Mid-level Graphic Designer for our Startup team. The ideal candidate has 3-6 years of experience and is proficient in InDesign, Illustrator, Branding, Photoshop, Layout Design. This is a on-site full-time position focused on delivering high-quality design work."
Junior UX Designer,Design,Information Architecture; Design Thinking; Prototyping; Personas; Wireframing; Figma; User Research,Junior,"Full-time · On-site. We are hiring a Junior UX Designer for our EdTech team. The ideal candidate has 1-3 years of experience and is proficient in Information Architecture, Design Thinking, Prototyping, Personas, Wireframing, Figma, User Research. This is a on-site full-time position focused on delivering high-quality design work."
Senior Interaction Designer,Design,User Research; Motion Design; Interaction Design; UX Design; Wireframing; Usability Testing; After Effects,Senior,"Internship · Remote. We are hiring a Senior Interaction Designer for our Healthcare team. The ideal candidate has 6-10 years of experience and is proficient in User Research, Motion Design, Interaction Design, UX Design, Wireframing, Usability Testing, After Effects. This is a remote internship position focused on delivering high-quality design work."
Intern Product Designer,Design,UX Design; Sketch; Interaction Design; User Research; UI Design,Intern,"Contract · Remote. We are hiring a Intern Product Designer for our Enterprise team. The ideal candidate has 0-1 years of experience and is proficient in UX Design, Sketch, Interaction Design, User Research, UI Design. This is a remote contract position focused on delivering high-quality design work."
Junior Interaction Designer,Design,User Research; Figma; Design Systems; Interaction Design; Usability Testing,Junior,"Contract · Remote. We are hiring a Junior Interaction Designer for our Healthcare team. The ideal candidate has 1-3 years of experience and is proficient in User Research, Figma, Design Systems, Interaction Design, Usability Testing. This is a remote contract position focused on delivering high-quality design work."
Intern Interaction Designer,Design,Interaction Design; Wireframing; Usability Testing; User Research; Figma; Prototyping; Design Systems,Intern,"Internship · Hybrid. We are hiring a Intern Interaction Designer for our Gaming team. The ideal candidate has 0-1 years of experience and is proficient in Interaction Design, Wireframing, Usability Testing, User Research, Figma, Prototyping, Design Systems. This is a hybrid internship position focused on delivering high-quality design work."
Lead Product Designer,Design,Usability Testing; Prototyping; Design Systems; UI Design; Sketch; UX Design; Interaction Design,Lead,"Full-time · Remote. We are hiring a Lead Product Designer for our E-commerce team. The ideal candidate has 8-14 years of experience and is proficient in Usability Testing, Prototyping, Design Systems, UI Design, Sketch, UX Design, Interaction Design. This is a remote full-time position focused on delivering high-quality design work."
Mid-level UI Designer,Design,CSS; Color Theory; Typography; Wireframing; Prototyping,Mid-level,"Contract · Remote. We are hiring a Mid-level UI Designer for our Enterprise team. The ideal candidate has 3-6 years of experience and is proficient in CSS, Color Theory, Typography, Wireframing, Prototyping. This is a remote contract position focused on delivering high-quality design work."
Senior Interaction Designer,Design,Motion Design; User Research; UX Design; Usability Testing; After Effects,Senior,"Contract · Hybrid. We are hiring a Senior Interaction Designer for our EdTech team. The ideal candidate has 6-10 years of experience and is proficient in Motion Design, User Research, UX Design, Usability Testing, After Effects. This is a hybrid contract position focused on delivering high-quality design work."
Mid-level UI Designer,Design,Color Theory; Typography; Design Systems; Prototyping; Adobe XD,Mid-level,"Contract · Hybrid. We are hiring a Mid-level UI Designer for our E-commerce team. The ideal candidate has 3-6 years of experience and is proficient in Color Theory, Typography, Design Systems, Prototyping, Adobe XD. This is a hybrid contract position focused on delivering high-quality design work."
Intern Interaction Designer,Design,Design Systems; Prototyping; Wireframing; Motion Design; User Research; UX Design,Intern,"Contract · On-site. We are hiring a Intern Interaction Designer for our SaaS team. The ideal candidate has 0-1 years of experience and is proficient in Design Systems, Prototyping, Wireframing, Motion Design, User Research, UX Design. This is a on-site contract position focused on delivering high-quality design work."
Lead UX Designer,Design,Figma; Prototyping; Accessibility; Usability Testing; Journey Mapping; Information Architecture,Lead,"Full-time · Hybrid. We are hiring a Lead UX Designer for our E-commerce team. The ideal candidate has 8-14 years of experience and is proficient in Figma, Prototyping, Accessibility, Usability Testing, Journey Mapping, Information Architecture. This is a hybrid full-time position focused on delivering high-quality design work."
Mid-level Product Designer,Design,Interaction Design; User Research; UX Design; Design Systems; UI Design; Usability Testing; Figma,Mid-level,"Full-time · On-site. We are hiring a Mid-level Product Designer for our E-commerce team. The ideal candidate has 3-6 years of experience and is proficient in Interaction Design, User Research, UX Design, Design Systems, UI Design, Usability Testing, Figma. This is a on-site full-time position focused on delivering high-quality design work."
Senior UX Designer,Design,Wireframing; Information Architecture; User Research; Journey Mapping; Personas; Design Thinking; Prototyping,Senior,"Internship · Remote. We are hiring a Senior UX Designer for our EdTech team. The ideal candidate has 6-10 years of experience and is proficient in Wireframing, Information Architecture, User Research, Journey Mapping, Personas, Design Thinking, Prototyping. This is a remote internship position focused on delivering high-quality design work."
Junior UI Designer,Design,Wireframing; Adobe XD; Design Systems; Typography; Color Theory; Sketch; Prototyping,Junior,"Full-time · Hybrid. We are hiring a Junior UI Designer for our Fintech team. The ideal candidate has 1-3 years of experience and is proficient in Wireframing, Adobe XD, Design Systems, Typography, Color Theory, Sketch, Prototyping. This is a hybrid full-time position focused on delivering high-quality design work."
Lead Graphic Designer,Design,Photoshop; Adobe XD; Layout Design; Branding; Color Theory,Lead,"Internship · Hybrid. We are hiring a Lead Graphic Designer for our Fintech team. The ideal candidate has 8-14 years of experience and is proficient in Photoshop, Adobe XD, Layout Design, Branding, Color Theory. This is a hybrid internship position focused on delivering high-quality design work."
Senior UI Designer,Design,HTML; Color Theory; Wireframing; Adobe XD; Figma,Senior,"Contract · On-site. We are hiring a Senior UI Designer for our E-commerce team. The ideal candidate has 6-10 years of experience and is proficient in HTML, Color Theory, Wireframing, Adobe XD, Figma. This is a on-site contract position focused on delivering high-quality design work."
Junior UX Designer,Design,Design Thinking; User Research; Information Architecture; Usability Testing; Personas,Junior,"Full-time · Hybrid. We are hiring a Junior UX Designer for our Startup team. The ideal candidate has 1-3 years of experience and is proficient in Design Thinking, User Research, Information Architecture, Usability Testing, Personas. This is a hybrid full-time position focused on delivering high-quality design work."
Intern UX Designer,Design,Information Architecture; Design Thinking; Accessibility; Prototyping; User Research; Usability Testing,Intern,"Full-time · On-site. We are hiring a Intern UX Designer for our EdTech team. The ideal candidate has 0-1 years of experience and is proficient in Information Architecture, Design Thinking, Accessibility, Prototyping, User Research, Usability Testing. This is a on-site full-time position focused on delivering high-quality design work."
Principal Graphic Designer,Design,Branding; Color Theory; InDesign; Illustrator; Layout Design; Creativity,Principal,"Internship · Remote. We are hiring a Principal Graphic Designer for our EdTech team. The ideal candidate has 12-20 years of experience and is proficient in Branding, Color Theory, InDesign, Illustrator, Layout Design, Creativity. This is a remote internship position focused on delivering high-quality design work."
Lead Graphic Designer,Design,Adobe XD; Color Theory; Print Design; InDesign; Illustrator; Typography,Lead,"Internship · On-site. We are hiring a Lead Graphic Designer for our SaaS team. The ideal candidate has 8-14 years of experience and is proficient in Adobe XD, Color Theory, Print Design, InDesign, Illustrator, Typography. This is a on-site internship position focused on delivering high-quality design work."
Intern UI Designer,Design,Color Theory; HTML; Prototyping; Figma; Adobe XD; Wireframing,Intern,"Contract · Hybrid. We are hiring a Intern UI Designer for our SaaS team. The ideal candidate has 0-1 years of experience and is proficient in Color Theory, HTML, Prototyping, Figma, Adobe XD, Wireframing. This is a hybrid contract position focused on delivering high-quality design work."
Intern UI Designer,Design,Typography; Wireframing; Color Theory; CSS; Sketch; Figma,Intern,"Full-time · On-site. We are hiring a Intern UI Designer for our Healthcare team. The ideal candidate has 0-1 years of experience and is proficient in Typography, Wireframing, Color Theory, CSS, Sketch, Figma. This is a on-site full-time position focused on delivering high-quality design work."
Intern UX Designer,Design,Prototyping; Personas; Wireframing; Design Thinking; Journey Mapping; Usability Testing; User Research,Intern,"Contract · On-site. We are hiring a Intern UX Designer for our EdTech team. The ideal candidate has 0-1 years of experience and is proficient in Prototyping, Personas, Wireframing, Design Thinking, Journey Mapping, Usability Testing, User Research. This is a on-site contract position focused on delivering high-quality design work."
Principal UI Designer,Design,Sketch; Prototyping; CSS; Figma; Wireframing; Design Systems,Principal,"Full-time · Remote. We are hiring a Principal UI Designer for our Fintech team. The ideal candidate has 12-20 years of experience and is proficient in Sketch, Prototyping, CSS, Figma, Wireframing, Design Systems. This is a remote full-time position focused on delivering high-quality design work."
Mid-level Product Designer,Design,Prototyping; Interaction Design; Figma; Design Systems; UI Design,Mid-level,"Full-time · Remote. We are hiring a Mid-level Product Designer for our Gaming team. The ideal candidate has 3-6 years of experience and is proficient in Prototyping, Interaction Design, Figma, Design Systems, UI Design. This is a remote full-time position focused on delivering high-quality design work."
Lead Interaction Designer,Design,Figma; Wireframing; Usability Testing; Prototyping; Design Systems,Lead,"Contract · On-site. We are hiring a Lead Interaction Designer for our Gaming team. The ideal candidate has 8-14 years of experience and is proficient in Figma, Wireframing, Usability Testing, Prototyping, Design Systems. This is a on-site contract position focused on delivering high-quality design work."
Junior Product Designer,Design,Design Systems; Prototyping; UI Design; Figma; Wireframing,Junior,"Full-time · On-site. We are hiring a Junior Product Designer for our Fintech team. The ideal candidate has 1-3 years of experience and is proficient in Design Systems, Prototyping, UI Design, Figma, Wireframing. This is a on-site full-time position focused on delivering high-quality design work."
Intern Interaction Designer,Design,User Research; Interaction Design; After Effects; UX Design; Figma,Intern,"Full-time · Hybrid. We are hiring a Intern Interaction Designer for our SaaS team. The ideal candidate has 0-1 years of experience and is proficient in User Research, Interaction Design, After Effects, UX Design, Figma. This is a hybrid full-time position focused on delivering high-quality design work."
Senior Interaction Designer,Design,After Effects; Figma; UX Design; Wireframing; Usability Testing; User Research,Senior,"Contract · Remote. We are hiring a Senior Interaction Designer for our Healthcare team. The ideal candidate has 6-10 years of experience and is proficient in After Effects, Figma, UX Design, Wireframing, Usability Testing, User Research. This is a remote contract position focused on delivering high-quality design work."
Intern Interaction Designer,Design,After Effects; User Research; UX Design; Figma; Motion Design; Interaction Design,Intern,"Internship · On-site. We are hiring a Intern Interaction Designer for our EdTech team. The ideal candidate has 0-1 years of experience and is proficient in After Effects, User Research, UX Design, Figma, Motion Design, Interaction Design. This is a on-site internship position focused on delivering high-quality design work."
Lead UI Designer,Design,Wireframing; Adobe XD; HTML; CSS; Typography,Lead,"Internship · Remote. We are hiring a Lead UI Designer for our EdTech team. The ideal candidate has 8-14 years of experience and is proficient in Wireframing, Adobe XD, HTML, CSS, Typography. This is a remote internship position focused on delivering high-quality design work."
Mid-level UX Designer,Design,Usability Testing; Journey Mapping; Personas; Information Architecture; Figma; User Research,Mid-level,"Contract · Hybrid. We are hiring a Mid-level UX Designer for our EdTech team. The ideal candidate has 3-6 years of experience and is proficient in Usability Testing, Journey Mapping, Personas, Information Architecture, Figma, User Research. This is a hybrid contract position focused on delivering high-quality design work."
Lead Graphic Designer,Design,InDesign; Illustrator; Color Theory; Creativity; Layout Design,Lead,"Contract · On-site. We are hiring a Lead Graphic Designer for our Startup team. The ideal candidate has 8-14 years of experience and is proficient in InDesign, Illustrator, Color Theory, Creativity, Layout Design. This is a on-site contract position focused on delivering high-quality design work."
Senior UX Designer,Design,Information Architecture; Accessibility; Usability Testing; Design Thinking; Figma; Personas; Journey Mapping,Senior,"Internship · Hybrid. We are hiring a Senior UX Designer for our Enterprise team. The ideal candidate has 6-10 years of experience and is proficient in Information Architecture, Accessibility, Usability Testing, Design Thinking, Figma, Personas, Journey Mapping. This is a hybrid internship position focused on delivering high-quality design work."
Junior Graphic Designer,Design,Photoshop; Illustrator; Adobe XD; Typography; Print Design; InDesign,Junior,"Full-time · Remote. We are hiring a Junior Graphic Designer for our Gaming team. The ideal candidate has 1-3 years of experience and is proficient in Photoshop, Illustrator, Adobe XD, Typography, Print Design, InDesign. This is a remote full-time position focused on delivering high-quality design work."
Junior Interaction Designer,Design,Prototyping; Interaction Design; User Research; Design Systems; Wireframing; Figma; Usability Testing,Junior,"Full-time · Remote. We are hiring a Junior Interaction Designer for our Gaming team. The ideal candidate has 1-3 years of experience and is proficient in Prototyping, Interaction Design, User Research, Design Systems, Wireframing, Figma, Usability Testing. This is a remote full-time position focused on delivering high-quality design work."
Lead Product Designer,Design,UI Design; UX Design; Prototyping; Sketch; User Research,Lead,"Internship · On-site. We are hiring a Lead Product Designer for our Startup team. The ideal candidate has 8-14 years of experience and is proficient in UI Design, UX Design, Prototyping, Sketch, User Research. This is a on-site internship position focused on delivering high-quality design work."
Principal Graphic Designer,Design,InDesign; Color Theory; Layout Design; Print Design; Illustrator; Adobe XD,Principal,"Contract · On-site. We are hiring a Principal Graphic Designer for our Fintech team. The ideal candidate has 12-20 years of experience and is proficient in InDesign, Color Theory, Layout Design, Print Design, Illustrator, Adobe XD. This is a on-site contract position focused on delivering high-quality design work."
Lead Product Designer,Design,UX Design; User Research; Usability Testing; UI Design; Prototyping,Lead,"Full-time · On-site. We are hiring a Lead Product Designer for our Healthcare team. The ideal candidate has 8-14 years of experience and is proficient in UX Design, User Research, Usability Testing, UI Design, Prototyping. This is a on-site full-time position focused on delivering high-quality design work."
Senior UI Designer,Design,Color Theory; Design Systems; Figma; Typography; Adobe XD; CSS; Prototyping,Senior,"Full-time · On-site. We are hiring a Senior UI Designer for our Healthcare team. The ideal candidate has 6-10 years of experience and is proficient in Color Theory, Design Systems, Figma, Typography, Adobe XD, CSS, Prototyping. This is a on-site full-time position focused on delivering high-quality design work."
Intern UX Designer,Design,Information Architecture; Wireframing; Design Thinking; Usability Testing; Prototyping; Accessibility; Personas,Intern,"Contract · On-site. We are hiring a Intern UX Designer for our Healthcare team. The ideal candidate has 0-1 years of experience and is proficient in Information Architecture, Wireframing, Design Thinking, Usability Testing, Prototyping, Accessibility, Personas. This is a on-site contract position focused on delivering high-quality design work."
Mid-level UI Designer,Design,Design Systems; Prototyping; HTML; Wireframing; Color Theory; Adobe XD; CSS,Mid-level,"Contract · On-site. We are hiring a Mid-level UI Designer for our EdTech team. The ideal candidate has 3-6 years of experience and is proficient in Design Systems, Prototyping, HTML, Wireframing, Color Theory, Adobe XD, CSS. This is a on-site contract position focused on delivering high-quality design work."
Lead Interaction Designer,Design,Wireframing; Figma; UX Design; Design Systems; Prototyping; After Effects; User Research,Lead,"Internship · Hybrid. We are hiring a Lead Interaction Designer for our Gaming team. The ideal candidate has 8-14 years of experience and is proficient in Wireframing, Figma, UX Design, Design Systems, Prototyping, After Effects, User Research. This is a hybrid internship position focused on delivering high-quality design work."
Principal Interaction Designer,Design,Prototyping; Wireframing; Motion Design; Usability Testing; User Research; Figma; UX Design,Principal,"Contract · Remote. We are hiring a Principal Interaction Designer for our E-commerce team. The ideal candidate has 12-20 years of experience and is proficient in Prototyping, Wireframing, Motion Design, Usability Testing, User Research, Figma, UX Design. This is a remote contract position focused on delivering high-quality design work."
Mid-level Graphic Designer,Design,Photoshop; Creativity; InDesign; Color Theory; Layout Design,Mid-level,"Full-time · Hybrid. We are hiring a Mid-level Graphic Designer for our EdTech team. The ideal candidate has 3-6 years of experience and is proficient in Photoshop, Creativity, InDesign, Color Theory, Layout Design. This is a hybrid full-time position focused on delivering high-quality design work."
Lead UX Designer,Design,Accessibility; Design Thinking; Figma; Usability Testing; Information Architecture,Lead,"Full-time · Remote. We are hiring a Lead UX Designer for our SaaS team. The ideal candidate has 8-14 years of experience and is proficient in Accessibility, Design Thinking, Figma, Usability Testing, Information Architecture. This is a remote full-time position focused on delivering high-quality design work."
Junior UX Designer,Design,Usability Testing; Journey Mapping; Information Architecture; Prototyping; Personas; Accessibility; Figma,Junior,"Full-time · Remote. We are hiring a Junior UX Designer for our Startup team. The ideal candidate has 1-3 years of experience and is proficient in Usability Testing, Journey Mapping, Information Architecture, Prototyping, Personas, Accessibility, Figma. This is a remote full-time position focused on delivering high-quality design work."
Senior UI Designer,Design,Color Theory; Wireframing; HTML; Figma; Design Systems,Senior,"Contract · Remote. We are hiring a Senior UI Designer for our Enterprise team. The ideal candidate has 6-10 years of experience and is proficient in Color Theory, Wireframing, HTML, Figma, Design Systems. This is a remote contract position focused on delivering high-quality design work."
Lead Interaction Designer,Design,After Effects; Usability Testing; Interaction Design; Wireframing; Motion Design; Design Systems,Lead,"Contract · On-site. We are hiring a Lead Interaction Designer for our E-commerce team. The ideal candidate has 8-14 years of experience and is proficient in After Effects, Usability Testing, Interaction Design, Wireframing, Motion Design, Design Systems. This is a on-site contract position focused on delivering high-quality design work."
Junior Interaction Designer,Design,After Effects; Design Systems; Usability Testing; Wireframing; Interaction Design; User Research; Motion Design,Junior,"Contract · Remote. We are hiring a Junior Interaction Designer for our Startup team. The ideal candidate has 1-3 years of experience and is proficient in After Effects, Design Systems, Usability Testing, Wireframing, Interaction Design, User Research, Motion Design. This is a remote contract position focused on delivering high-quality design work."
Lead Interaction Designer,Design,Motion Design; Usability Testing; Prototyping; User Research; After Effects; Design Systems,Lead,"Internship · On-site. We are hiring a Lead Interaction Designer for our E-commerce team. The ideal candidate has 8-14 years of experience and is proficient in Motion Design, Usability Testing, Prototyping, User Research, After Effects, Design Systems. This is a on-site internship position focused on delivering high-quality design work."
Principal Graphic Designer,Design,Photoshop; InDesign; Typography; Layout Design; Color Theory; Print Design; Branding,Principal,"Contract · Hybrid. We are hiring a Principal Graphic Designer for our Healthcare team. The ideal candidate has 12-20 years of experience and is proficient in Photoshop, InDesign, Typography, Layout Design, Color Theory, Print Design, Branding. This is a hybrid contract position focused on delivering high-quality design work."
Lead Graphic Designer,Design,Print Design; InDesign; Creativity; Color Theory; Photoshop; Illustrator; Typography,Lead,"Contract · Remote. We are hiring a Lead Graphic Designer for our EdTech team. The ideal candidate has 8-14 years of experience and is proficient in Print Design, InDesign, Creativity, Color Theory, Photoshop, Illustrator, Typography. This is a remote contract position focused on delivering high-quality design work."
Junior Product Designer,Design,Wireframing; Usability Testing; Prototyping; Sketch; Figma; User Research,Junior,"Internship · Remote. We are hiring a Junior Product Designer for our SaaS team. The ideal candidate has 1-3 years of experience and is proficient in Wireframing, Usability Testing, Prototyping, Sketch, Figma, User Research. This is a remote internship position focused on delivering high-quality design work."
Senior Graphic Designer,Design,Color Theory; Layout Design; Photoshop; Print Design; InDesign; Adobe XD; Illustrator,Senior,"Internship · Hybrid. We are hiring a Senior Graphic Designer for our Startup team. The ideal candidate has 6-10 years of experience and is proficient in Color Theory, Layout Design, Photoshop, Print Design, InDesign, Adobe XD, Illustrator. This is a hybrid internship position focused on delivering high-quality design work."
Lead Graphic Designer,Design,Typography; Adobe XD; InDesign; Layout Design; Color Theory,Lead,"Contract · Remote. We are hiring a Lead Graphic Designer for our Startup team. The ideal candidate has 8-14 years of experience and is proficient in Typography, Adobe XD, InDesign, Layout Design, Color Theory. This is a remote contract position focused on delivering high-quality design work."
Mid-level Product Designer,Design,Figma; Prototyping; Design Systems; UI Design; UX Design,Mid-level,"Full-time · On-site. We are hiring a Mid-level Product Designer for our EdTech team. The ideal candidate has 3-6 years of experience and is proficient in Figma, Prototyping, Design Systems, UI Design, UX Design. This is a on-site full-time position focused on delivering high-quality design work."
Principal Graphic Designer,Design,Illustrator; Print Design; Layout Design; Photoshop; Adobe XD; Creativity; Color Theory,Principal,"Internship · Hybrid. We are hiring a Principal Graphic Designer for our Gaming team. The ideal candidate has 12-20 years of experience and is proficient in Illustrator, Print Design, Layout Design, Photoshop, Adobe XD, Creativity, Color Theory. This is a hybrid internship position focused on delivering high-quality design work."
Senior UI Designer,Design,CSS; Prototyping; Figma; Typography; HTML; Wireframing; Sketch,Senior,"Internship · On-site. We are hiring a Senior UI Designer for our SaaS team. The ideal candidate has 6-10 years of experience and is proficient in CSS, Prototyping, Figma, Typography, HTML, Wireframing, Sketch. This is a on-site internship position focused on delivering high-quality design work."
Mid-level Product Designer,Design,Sketch; Prototyping; Figma; Wireframing; Interaction Design; UI Design,Mid-level,"Full-time · Hybrid. We are hiring a Mid-level Product Designer for our Gaming team. The ideal candidate has 3-6 years of experience and is proficient in Sketch, Prototyping, Figma, Wireframing, Interaction Design, UI Design. This is a hybrid full-time position focused on delivering high-quality design work."
Lead Interaction Designer,Design,Prototyping; UX Design; Usability Testing; Interaction Design; User Research; Design Systems; Figma,Lead,"Full-time · On-site. We are hiring a Lead Interaction Designer for our Healthcare team. The ideal candidate has 8-14 years of experience and is proficient in Prototyping, UX Design, Usability Testing, Interaction Design, User Research, Design Systems, Figma. This is a on-site full-time position focused on delivering high-quality design work."
Intern Graphic Designer,Design,Photoshop; Creativity; InDesign; Illustrator; Print Design,Intern,"Full-time · On-site. We are hiring a Intern Graphic Designer for our SaaS team. The ideal candidate has 0-1 years of experience and is proficient in Photoshop, Creativity, InDesign, Illustrator, Print Design. This is a on-site full-time position focused on delivering high-quality design work."
Junior Interaction Designer,Design,UX Design; Design Systems; Usability Testing; After Effects; Interaction Design,Junior,"Contract · On-site. We are hiring a Junior Interaction Designer for our Fintech team. The ideal candidate has 1-3 years of experience and is proficient in UX Design, Design Systems, Usability Testing, After Effects, Interaction Design. This is a on-site contract position focused on delivering high-quality design work."
Senior Product Designer,Design,Usability Testing; Figma; UX Design; UI Design; User Research; Sketch; Wireframing,Senior,"Full-time · On-site. We are hiring a Senior Product Designer for our SaaS team. The ideal candidate has 6-10 years of experience and is proficient in Usability Testing, Figma, UX Design, UI Design, User Research, Sketch, Wireframing. This is a on-site full-time position focused on delivering high-quality design work."
Principal Interaction Designer,Design,Interaction Design; UX Design; Figma; User Research; After Effects; Wireframing; Usability Testing,Principal,"Contract · Hybrid. We are hiring a Principal Interaction Designer for our Healthcare team. The ideal candidate has 12-20 years of experience and is proficient in Interaction Design, UX Design, Figma, User Research, After Effects, Wireframing, Usability Testing. This is a hybrid contract position focused on delivering high-quality design work."
Mid-level Interaction Designer,Design,UX Design; Wireframing; Figma; User Research; Motion Design; Prototyping; Interaction Design,Mid-level,"Internship · On-site. We are hiring a Mid-level Interaction Designer for our Fintech team. The ideal candidate has 3-6 years of experience and is proficient in UX Design, Wireframing, Figma, User Research, Motion Design, Prototyping, Interaction Design. This is a on-site internship position focused on delivering high-quality design work."
Junior Product Designer,Design,Figma; Usability Testing; UX Design; Interaction Design; UI Design; Wireframing; Sketch,Junior,"Contract · Hybrid. We are hiring a Junior Product Designer for our Startup team. The ideal candidate has 1-3 years of experience and is proficient in Figma, Usability Testing, UX Design, Interaction Design, UI Design, Wireframing, Sketch. This is a hybrid contract position focused on delivering high-quality design work."
Principal UX Designer,Design,Prototyping; Accessibility; Figma; User Research; Personas; Journey Mapping; Usability Testing,Principal,"Full-time · On-site. We are hiring a Principal UX Designer for our Gaming team. The ideal candidate has 12-20 years of experience and is proficient in Prototyping, Accessibility, Figma, User Research, Personas, Journey Mapping, Usability Testing. This is a on-site full-time position focused on delivering high-quality design work."
Principal UX Designer,Design,Personas; Wireframing; Journey Mapping; Prototyping; Usability Testing; Accessibility,Principal,"Contract · Hybrid. We are hiring a Principal UX Designer for our Enterprise team. The ideal candidate has 12-20 years of experience and is proficient in Personas, Wireframing, Journey Mapping, Prototyping, Usability Testing, Accessibility. This is a hybrid contract position focused on delivering high-quality design work."
Mid-level Interaction Designer,Design,Figma; Prototyping; Wireframing; Design Systems; Usability Testing,Mid-level,"Contract · Remote. We are hiring a Mid-level Interaction Designer for our SaaS team. The ideal candidate has 3-6 years of experience and is proficient in Figma, Prototyping, Wireframing, Design Systems, Usability Testing. This is a remote contract position focused on delivering high-quality design work."
Senior Product Designer,Design,Sketch; UX Design; Interaction Design; User Research; Prototyping,Senior,"Full-time · On-site. We are hiring a Senior Product Designer for our Enterprise team. The ideal candidate has 6-10 years of experience and is proficient in Sketch, UX Design, Interaction Design, User Research, Prototyping. This is a on-site full-time position focused on delivering high-quality design work."
Intern Graphic Designer,Design,Color Theory; Typography; Illustrator; Adobe XD; Layout Design,Intern,"Internship · Hybrid. We are hiring a Intern Graphic Designer for our Healthcare team. The ideal candidate has 0-1 years of experience and is proficient in Color Theory, Typography, Illustrator, Adobe XD, Layout Design. This is a hybrid internship position focused on delivering high-quality design work."
Principal UX Designer,Design,Design Thinking; Wireframing; User Research; Journey Mapping; Prototyping; Figma; Accessibility,Principal,"Internship · Hybrid. We are hiring a Principal UX Designer for our Startup team. The ideal candidate has 12-20 years of experience and is proficient in Design Thinking, Wireframing, User Research, Journey Mapping, Prototyping, Figma, Accessibility. This is a hybrid internship position focused on delivering high-quality design work."
Junior Product Designer,Design,Usability Testing; User Research; Figma; Interaction Design; Design Systems; UI Design; UX Design,Junior,"Internship · Remote. We are hiring a Junior Product Designer for our Startup team. The ideal candidate has 1-3 years of experience and is proficient in Usability Testing, User Research, Figma, Interaction Design, Design Systems, UI Design, UX Design. This is a remote internship position focused on delivering high-quality design work."
Junior Product Designer,Design,Design Systems; Sketch; UX Design; Prototyping; Wireframing; Interaction Design; UI Design,Junior,"Full-time · Remote. We are hiring a Junior Product Designer for our SaaS team. The ideal candidate has 1-3 years of experience and is proficient in Design Systems, Sketch, UX Design, Prototyping, Wireframing, Interaction Design, UI Design. This is a remote full-time position focused on delivering high-quality design work."
Mid-level UX Designer,Design,Prototyping; Accessibility; Figma; Wireframing; Information Architecture,Mid-level,"Internship · Remote. We are hiring a Mid-level UX Designer for our Fintech team. The ideal candidate has 3-6 years of experience and is proficient in Prototyping, Accessibility, Figma, Wireframing, Information Architecture. This is a remote internship position focused on delivering high-quality design work."
Intern Graphic Designer,Design,Color Theory; Creativity; Illustrator; Layout Design; Adobe XD; Print Design,Intern,"Internship · Hybrid. We are hiring a Intern Graphic Designer for our E-commerce team. The ideal candidate has 0-1 years of experience and is proficient in Color Theory, Creativity, Illustrator, Layout Design, Adobe XD, Print Design. This is a hybrid internship position focused on delivering high-quality design work."
Mid-level Product Designer,Design,Sketch; User Research; Interaction Design; Usability Testing; UI Design; UX Design,Mid-level,"Internship · Remote. We are hiring a Mid-level Product Designer for our Gaming team. The ideal candidate has 3-6 years of experience and is proficient in Sketch, User Research, Interaction Design, Usability Testing, UI Design, UX Design. This is a remote internship position focused on delivering high-quality design work."
Principal Interaction Designer,Design,Design Systems; UX Design; Figma; Prototyping; Motion Design,Principal,"Contract · Hybrid. We are hiring a Principal Interaction Designer for our E-commerce team. The ideal candidate has 12-20 years of experience and is proficient in Design Systems, UX Design, Figma, Prototyping, Motion Design. This is a hybrid contract position focused on delivering high-quality design work."
Principal UX Designer,Design,Information Architecture; Usability Testing; Journey Mapping; Accessibility; Wireframing; Prototyping; Personas,Principal,"Internship · Remote. We are hiring a Principal UX Designer for our SaaS team. The ideal candidate has 12-20 years of experience and is proficient in Information Architecture, Usability Testing, Journey Mapping, Accessibility, Wireframing, Prototyping, Personas. This is a remote internship position focused on delivering high-quality design work."
Mid-level UX Designer,Design,Figma; Accessibility; User Research; Personas; Design Thinking,Mid-level,"Contract · Remote. We are hiring a Mid-level UX Designer for our SaaS team. The ideal candidate has 3-6 years of experience and is proficient in Figma, Accessibility, User Research, Personas, Design Thinking. This is a remote contract position focused on delivering high-quality design work."
Principal UI Designer,Design,Design Systems; Figma; Prototyping; Wireframing; Color Theory; Typography,Principal,"Full-time · On-site. We are hiring a Principal UI Designer for our Healthcare team. The ideal candidate has 12-20 years of experience and is proficient in Design Systems, Figma, Prototyping, Wireframing, Color Theory, Typography. This is a on-site full-time position focused on delivering high-quality design work."
Principal Interaction Designer,Design,After Effects; Design Systems; Prototyping; Interaction Design; UX Design,Principal,"Contract · Remote. We are hiring a Principal Interaction Designer for our Startup team. The ideal candidate has 12-20 years of experience and is proficient in After Effects, Design Systems, Prototyping, Interaction Design, UX Design. This is a remote contract position focused on delivering high-quality design work."
Mid-level UI Designer,Design,Typography; Sketch; Design Systems; Figma; HTML; Prototyping; Wireframing,Mid-level,"Internship · On-site. We are hiring a Mid-level UI Designer for our E-commerce team. The ideal candidate has 3-6 years of experience and is proficient in Typography, Sketch, Design Systems, Figma, HTML, Prototyping, Wireframing. This is a on-site internship position focused on delivering high-quality design work."
Principal UI Designer,Design,Figma; Sketch; HTML; Color Theory; Design Systems,Principal,"Full-time · Hybrid. We are hiring a Principal UI Designer for our Healthcare team. The ideal candidate has 12-20 years of experience and is proficient in Figma, Sketch, HTML, Color Theory, Design Systems. This is a hybrid full-time position focused on delivering high-quality design work."
Principal Product Designer,Design,Usability Testing; Figma; Prototyping; Sketch; Design Systems,Principal,"Internship · Hybrid. We are hiring a Principal Product Designer for our EdTech team. The ideal candidate has 12-20 years of experience and is proficient in Usability Testing, Figma, Prototyping, Sketch, Design Systems. This is a hybrid internship position focused on delivering high-quality design work."
Principal UI Designer,Design,Wireframing; Color Theory; Sketch; Design Systems; Typography; Adobe XD; Figma,Principal,"Full-time · Hybrid. We are hiring a Principal UI Designer for our Gaming team. The ideal candidate has 12-20 years of experience and is proficient in Wireframing, Color Theory, Sketch, Design Systems, Typography, Adobe XD, Figma. This is a hybrid full-time position focused on delivering high-quality design work."
Principal Graphic Designer,Design,Color Theory; Illustrator; Layout Design; Adobe XD; InDesign,Principal,"Internship · On-site. We are hiring a Principal Graphic Designer for our SaaS team. The ideal candidate has 12-20 years of experience and is proficient in Color Theory, Illustrator, Layout Design, Adobe XD, InDesign. This is a on-site internship position focused on delivering high-quality design work."
Senior Graphic Designer,Design,Layout Design; InDesign; Print Design; Creativity; Adobe XD,Senior,"Full-time · On-site. We are hiring a Senior Graphic Designer for our Startup team. The ideal candidate has 6-10 years of experience and is proficient in Layout Design, InDesign, Print Design, Creativity, Adobe XD. This is a on-site full-time position focused on delivering high-quality design work."
Junior Graphic Designer,Design,Illustrator; Print Design; Creativity; Layout Design; Adobe XD; Typography; Photoshop,Junior,"Contract · Remote. We are hiring a Junior Graphic Designer for our Enterprise team. The ideal candidate has 1-3 years of experience and is proficient in Illustrator, Print Design, Creativity, Layout Design, Adobe XD, Typography, Photoshop. This is a remote contract position focused on delivering high-quality design work."
Lead UI Designer,Design,Sketch; Color Theory; HTML; Prototyping; CSS,Lead,"Internship · Remote. We are hiring a Lead UI Designer for our Startup team. The ideal candidate has 8-14 years of experience and is proficient in Sketch, Color Theory, HTML, Prototyping, CSS. This is a remote internship position focused on delivering high-quality design work."
Intern Graphic Designer,Design,InDesign; Print Design; Layout Design; Branding; Color Theory; Photoshop,Intern,"Internship · On-site. We are hiring a Intern Graphic Designer for our Enterprise team. The ideal candidate has 0-1 years of experience and is proficient in InDesign, Print Design, Layout Design, Branding, Color Theory, Photoshop. This is a on-site internship position focused on delivering high-quality design work."
Lead UX Designer,Design,Figma; Information Architecture; Wireframing; Personas; Accessibility,Lead,"Internship · On-site. We are hiring a Lead UX Designer for our Gaming team. The ideal candidate has 8-14 years of experience and is proficient in Figma, Information Architecture, Wireframing, Personas, Accessibility. This is a on-site internship position focused on delivering high-quality design work."
Principal UI Designer,Design,HTML; Wireframing; Figma; Adobe XD; Prototyping; Design Systems,Principal,"Full-time · Remote. We are hiring a Principal UI Designer for our Gaming team. The ideal candidate has 12-20 years of experience and is proficient in HTML, Wireframing, Figma, Adobe XD, Prototyping, Design Systems. This is a remote full-time position focused on delivering high-quality design work."
Principal Product Designer,Design,User Research; UX Design; Interaction Design; Sketch; Wireframing; UI Design,Principal,"Internship · On-site. We are hiring a Principal Product Designer for our E-commerce team. The ideal candidate has 12-20 years of experience and is proficient in User Research, UX Design, Interaction Design, Sketch, Wireframing, UI Design. This is a on-site internship position focused on delivering high-quality design work."
Senior Interaction Designer,Design,Usability Testing; Wireframing; Interaction Design; User Research; UX Design; After Effects,Senior,"Internship · Remote. We are hiring a Senior Interaction Designer for our Gaming team. The ideal candidate has 6-10 years of experience and is proficient in Usability Testing, Wireframing, Interaction Design, User Research, UX Design, After Effects. This is a remote internship position focused on delivering high-quality design work."
Mid-level Product Designer,Design,Usability Testing; Design Systems; Figma; Prototyping; Wireframing; Sketch,Mid-level,"Internship · Hybrid. We are hiring a Mid-level Product Designer for our Startup team. The ideal candidate has 3-6 years of experience and is proficient in Usability Testing, Design Systems, Figma, Prototyping, Wireframing, Sketch. This is a hybrid internship position focused on delivering high-quality design work."
Mid-level UX Designer,Design,Accessibility; Journey Mapping; Information Architecture; Prototyping; Figma; Wireframing,Mid-level,"Full-time · On-site. We are hiring a Mid-level UX Designer for our Fintech team. The ideal candidate has 3-6 years of experience and is proficient in Accessibility, Journey Mapping, Information Architecture, Prototyping, Figma, Wireframing. This is a on-site full-time position focused on delivering high-quality design work."
Junior Interaction Designer,Design,After Effects; Prototyping; Wireframing; Figma; Interaction Design; Design Systems; User Research,Junior,"Contract · On-site. We are hiring a Junior Interaction Designer for our E-commerce team. The ideal candidate has 1-3 years of experience and is proficient in After Effects, Prototyping, Wireframing, Figma, Interaction Design, Design Systems, User Research. This is a on-site contract position focused on delivering high-quality design work."
Intern Graphic Designer,Design,Layout Design; Typography; Adobe XD; Photoshop; Branding; Creativity,Intern,"Internship · Remote. We are hiring a Intern Graphic Designer for our Gaming team. The ideal candidate has 0-1 years of experience and is proficient in Layout Design, Typography, Adobe XD, Photoshop, Branding, Creativity. This is a remote internship position focused on delivering high-quality design work."
Principal Interaction Designer,Design,Design Systems; User Research; Usability Testing; Interaction Design; Wireframing,Principal,"Contract · Hybrid. We are hiring a Principal Interaction Designer for our Enterprise team. The ideal candidate has 12-20 years of experience and is proficient in Design Systems, User Research, Usability Testing, Interaction Design, Wireframing. This is a hybrid contract position focused on delivering high-quality design work."
Junior Interaction Designer,Design,User Research; Wireframing; After Effects; Prototyping; Motion Design; Design Systems,Junior,"Internship · Remote. We are hiring a Junior Interaction Designer for our Healthcare team. The ideal candidate has 1-3 years of experience and is proficient in User Research, Wireframing, After Effects, Prototyping, Motion Design, Design Systems. This is a remote internship position focused on delivering high-quality design work."
Principal UX Designer,Design,Personas; Wireframing; Information Architecture; User Research; Accessibility,Principal,"Full-time · Hybrid. We are hiring a Principal UX Designer for our Gaming team. The ideal candidate has 12-20 years of experience and is proficient in Personas, Wireframing, Information Architecture, User Research, Accessibility. This is a hybrid full-time position focused on delivering high-quality design work."
Lead Interaction Designer,Design,Usability Testing; User Research; Motion Design; Design Systems; Wireframing,Lead,"Full-time · Remote. We are hiring a Lead Interaction Designer for our EdTech team. The ideal candidate has 8-14 years of experience and is proficient in Usability Testing, User Research, Motion Design, Design Systems, Wireframing. This is a remote full-time position focused on delivering high-quality design work."
Intern Interaction Designer,Design,Usability Testing; Prototyping; Wireframing; Motion Design; Interaction Design; User Research; Figma,Intern,"Contract · On-site. We are hiring a Intern Interaction Designer for our Healthcare team. The ideal candidate has 0-1 years of experience and is proficient in Usability Testing, Prototyping, Wireframing, Motion Design, Interaction Design, User Research, Figma. This is a on-site contract position focused on delivering high-quality design work."
Principal UI Designer,Design,Color Theory; HTML; Adobe XD; Design Systems; Figma,Principal,"Internship · Hybrid. We are hiring a Principal UI Designer for our Startup team. The ideal candidate has 12-20 years of experience and is proficient in Color Theory, HTML, Adobe XD, Design Systems, Figma. This is a hybrid internship position focused on delivering high-quality design work."
Mid-level UI Designer,Design,Design Systems; Color Theory; Wireframing; Typography; Sketch; CSS,Mid-level,"Full-time · Remote. We are hiring a Mid-level UI Designer for our EdTech team. The ideal candidate has 3-6 years of experience and is proficient in Design Systems, Color Theory, Wireframing, Typography, Sketch, CSS. This is a remote full-time position focused on delivering high-quality design work."
Senior Product Designer,Design,UI Design; UX Design; Design Systems; Usability Testing; Prototyping; Interaction Design; Figma,Senior,"Internship · Hybrid. We are hiring a Senior Product Designer for our Fintech team. The ideal candidate has 6-10 years of experience and is proficient in UI Design, UX Design, Design Systems, Usability Testing, Prototyping, Interaction Design, Figma. This is a hybrid internship position focused on delivering high-quality design work."
Intern Product Designer,Design,Interaction Design; Sketch; UX Design; Figma; Design Systems; Usability Testing,Intern,"Contract · On-site. We are hiring a Intern Product Designer for our Startup team. The ideal candidate has 0-1 years of experience and is proficient in Interaction Design, Sketch, UX Design, Figma, Design Systems, Usability Testing. This is a on-site contract position focused on delivering high-quality design work."
Principal UX Designer,Design,Wireframing; Accessibility; Journey Mapping; Figma; Design Thinking; Information Architecture,Principal,"Full-time · Hybrid. We are hiring a Principal UX Designer for our E-commerce team. The ideal candidate has 12-20 years of experience and is proficient in Wireframing, Accessibility, Journey Mapping, Figma, Design Thinking, Information Architecture. This is a hybrid full-time position focused on delivering high-quality design work."
Senior Product Designer,Design,User Research; Prototyping; Usability Testing; UX Design; Figma; UI Design,Senior,"Full-time · Remote. We are hiring a Senior Product Designer for our Healthcare team. The ideal candidate has 6-10 years of experience and is proficient in User Research, Prototyping, Usability Testing, UX Design, Figma, UI Design. This is a remote full-time position focused on delivering high-quality design work."
Intern UX Designer,Design,Usability Testing; Journey Mapping; User Research; Design Thinking; Information Architecture; Personas,Intern,"Full-time · Hybrid. We are hiring a Intern UX Designer for our E-commerce team. The ideal candidate has 0-1 years of experience and is proficient in Usability Testing, Journey Mapping, User Research, Design Thinking, Information Architecture, Personas. This is a hybrid full-time position focused on delivering high-quality design work."
Junior UI Designer,Design,Color Theory; Design Systems; Prototyping; Adobe XD; Sketch; CSS,Junior,"Internship · Remote. We are hiring a Junior UI Designer for our Startup team. The ideal candidate has 1-3 years of experience and is proficient in Color Theory, Design Systems, Prototyping, Adobe XD, Sketch, CSS. This is a remote internship position focused on delivering high-quality design work."
Senior UI Designer,Design,Color Theory; HTML; Adobe XD; Wireframing; Prototyping; Figma,Senior,"Internship · Hybrid. We are hiring a Senior UI Designer for our Gaming team. The ideal candidate has 6-10 years of experience and is proficient in Color Theory, HTML, Adobe XD, Wireframing, Prototyping, Figma. This is a hybrid internship position focused on delivering high-quality design work."
Lead Interaction Designer,Design,Motion Design; Wireframing; Usability Testing; Figma; Design Systems,Lead,"Full-time · Hybrid. We are hiring a Lead Interaction Designer for our SaaS team. The ideal candidate has 8-14 years of experience and is proficient in Motion Design, Wireframing, Usability Testing, Figma, Design Systems. This is a hybrid full-time position focused on delivering high-quality design work."
Lead Graphic Designer,Design,Branding; Print Design; Creativity; Color Theory; InDesign,Lead,"Internship · Remote. We are hiring a Lead Graphic Designer for our SaaS team. The ideal candidate has 8-14 years of experience and is proficient in Branding, Print Design, Creativity, Color Theory, InDesign. This is a remote internship position focused on delivering high-quality design work."
Intern UI Designer,Design,Prototyping; Design Systems; Typography; Sketch; Figma; HTML,Intern,"Contract · Remote. We are hiring a Intern UI Designer for our Fintech team. The ideal candidate has 0-1 years of experience and is proficient in Prototyping, Design Systems, Typography, Sketch, Figma, HTML. This is a remote contract position focused on delivering high-quality design work."
Lead UI Designer,Design,HTML; Typography; Figma; Wireframing; CSS; Design Systems,Lead,"Full-time · On-site. We are hiring a Lead UI Designer for our Startup team. The ideal candidate has 8-14 years of experience and is proficient in HTML, Typography, Figma, Wireframing, CSS, Design Systems. This is a on-site full-time position focused on delivering high-quality design work."
Principal Interaction Designer,Design,Interaction Design; Design Systems; After Effects; Wireframing; Usability Testing; Prototyping; Figma,Principal,"Internship · Hybrid. We are hiring a Principal Interaction Designer for our E-commerce team. The ideal candidate has 12-20 years of experience and is proficient in Interaction Design, Design Systems, After Effects, Wireframing, Usability Testing, Prototyping, Figma. This is a hybrid internship position focused on delivering high-quality design work."
Intern Graphic Designer,Design,Print Design; Creativity; Adobe XD; Illustrator; Color Theory; Layout Design,Intern,"Internship · Hybrid. We are hiring a Intern Graphic Designer for our Startup team. The ideal candidate has 0-1 years of experience and is proficient in Print Design, Creativity, Adobe XD, Illustrator, Color Theory, Layout Design. This is a hybrid internship position focused on delivering high-quality design work."
Lead Graphic Designer,Design,Illustrator; Photoshop; Color Theory; Adobe XD; Print Design; Typography; Creativity,Lead,"Contract · Hybrid. We are hiring a Lead Graphic Designer for our Startup team. The ideal candidate has 8-14 years of experience and is proficient in Illustrator, Photoshop, Color Theory, Adobe XD, Print Design, Typography, Creativity. This is a hybrid contract position focused on delivering high-quality design work."
Lead UI Designer,Design,CSS; Prototyping; HTML; Sketch; Figma; Adobe XD; Typography,Lead,"Contract · Hybrid. We are hiring a Lead UI Designer for our Healthcare team. The ideal candidate has 8-14 years of experience and is proficient in CSS, Prototyping, HTML, Sketch, Figma, Adobe XD, Typography. This is a hybrid contract position focused on delivering high-quality design work."
Intern Interaction Designer,Design,UX Design; User Research; Figma; After Effects; Prototyping; Usability Testing; Interaction Design,Intern,"Full-time · Remote. We are hiring a Intern Interaction Designer for our E-commerce team. The ideal candidate has 0-1 years of experience and is proficient in UX Design, User Research, Figma, After Effects, Prototyping, Usability Testing, Interaction Design. This is a remote full-time position focused on delivering high-quality design work."
Senior UI Designer,Design,Wireframing; Figma; Color Theory; Prototyping; Adobe XD; Typography,Senior,"Contract · On-site. We are hiring a Senior UI Designer for our Fintech team. The ideal candidate has 6-10 years of experience and is proficient in Wireframing, Figma, Color Theory, Prototyping, Adobe XD, Typography. This is a on-site contract position focused on delivering high-quality design work."
Mid-level UX Designer,Design,Wireframing; Usability Testing; Prototyping; Design Thinking; Information Architecture,Mid-level,"Internship · On-site. We are hiring a Mid-level UX Designer for our Gaming team. The ideal candidate has 3-6 years of experience and is proficient in Wireframing, Usability Testing, Prototyping, Design Thinking, Information Architecture. This is a on-site internship position focused on delivering high-quality design work."
Lead Product Designer,Design,User Research; Prototyping; Interaction Design; Sketch; Figma,Lead,"Internship · On-site. We are hiring a Lead Product Designer for our Fintech team. The ideal candidate has 8-14 years of experience and is proficient in User Research, Prototyping, Interaction Design, Sketch, Figma. This is a on-site internship position focused on delivering high-quality design work."
Mid-level Graphic Designer,Design,Illustrator; Layout Design; Typography; Color Theory; InDesign,Mid-level,"Contract · On-site. We are hiring a Mid-level Graphic Designer for our Startup team. The ideal candidate has 3-6 years of experience and is proficient in Illustrator, Layout Design, Typography, Color Theory, InDesign. This is a on-site contract position focused on delivering high-quality design work."
Senior Product Designer,Design,User Research; Sketch; Interaction Design; Usability Testing; Figma,Senior,"Internship · Remote. We are hiring a Senior Product Designer for our Fintech team. The ideal candidate has 6-10 years of experience and is proficient in User Research, Sketch, Interaction Design, Usability Testing, Figma. This is a remote internship position focused on delivering high-quality design work."
Lead UI Designer,Design,HTML; Sketch; Design Systems; Prototyping; Color Theory; Figma,Lead,"Full-time · Remote. We are hiring a Lead UI Designer for our E-commerce team. The ideal candidate has 8-14 years of experience and is proficient in HTML, Sketch, Design Systems, Prototyping, Color Theory, Figma. This is a remote full-time position focused on delivering high-quality design work."
Mid-level Graphic Designer,Design,Branding; Illustrator; Creativity; Typography; Photoshop; Layout Design,Mid-level,"Full-time · Remote. We are hiring a Mid-level Graphic Designer for our Gaming team. The ideal candidate has 3-6 years of experience and is proficient in Branding, Illustrator, Creativity, Typography, Photoshop, Layout Design. This is a remote full-time position focused on delivering high-quality design work."
Lead UX Designer,Design,Personas; Figma; Prototyping; Accessibility; Information Architecture,Lead,"Internship · Hybrid. We are hiring a Lead UX Designer for our Healthcare team. The ideal candidate has 8-14 years of experience and is proficient in Personas, Figma, Prototyping, Accessibility, Information Architecture. This is a hybrid internship position focused on delivering high-quality design work."
Principal Interaction Designer,Design,Interaction Design; Figma; After Effects; User Research; Motion Design; Prototyping; UX Design,Principal,"Contract · Remote. We are hiring a Principal Interaction Designer for our Gaming team. The ideal candidate has 12-20 years of experience and is proficient in Interaction Design, Figma, After Effects, User Research, Motion Design, Prototyping, UX Design. This is a remote contract position focused on delivering high-quality design work."
Intern Graphic Designer,Design,InDesign; Illustrator; Branding; Creativity; Color Theory,Intern,"Contract · On-site. We are hiring a Intern Graphic Designer for our Gaming team. The ideal candidate has 0-1 years of experience and is proficient in InDesign, Illustrator, Branding, Creativity, Color Theory. This is a on-site contract position focused on delivering high-quality design work."
Junior UI Designer,Design,Color Theory; Sketch; Typography; Adobe XD; Wireframing; Figma,Junior,"Contract · On-site. We are hiring a Junior UI Designer for our SaaS team. The ideal candidate has 1-3 years of experience and is proficient in Color Theory, Sketch, Typography, Adobe XD, Wireframing, Figma. This is a on-site contract position focused on delivering high-quality design work."
Mid-level UI Designer,Design,Design Systems; HTML; Prototyping; Figma; Wireframing; CSS,Mid-level,"Full-time · On-site. We are hiring a Mid-level UI Designer for our SaaS team. The ideal candidate has 3-6 years of experience and is proficient in Design Systems, HTML, Prototyping, Figma, Wireframing, CSS. This is a on-site full-time position focused on delivering high-quality design work."
Senior UI Designer,Design,Figma; HTML; CSS; Sketch; Color Theory; Adobe XD; Prototyping,Senior,"Internship · Remote. We are hiring a Senior UI Designer for our E-commerce team. The ideal candidate has 6-10 years of experience and is proficient in Figma, HTML, CSS, Sketch, Color Theory, Adobe XD, Prototyping. This is a remote internship position focused on delivering high-quality design work."
Mid-level UI Designer,Design,Color Theory; Prototyping; Figma; CSS; Design Systems,Mid-level,"Contract · On-site. We are hiring a Mid-level UI Designer for our SaaS team. The ideal candidate has 3-6 years of experience and is proficient in Color Theory, Prototyping, Figma, CSS, Design Systems. This is a on-site contract position focused on delivering high-quality design work."
Principal UI Designer,Design,Wireframing; Design Systems; Figma; HTML; Adobe XD,Principal,"Full-time · Remote. We are hiring a Principal UI Designer for our Enterprise team. The ideal candidate has 12-20 years of experience and is proficient in Wireframing, Design Systems, Figma, HTML, Adobe XD. This is a remote full-time position focused on delivering high-quality design work."
Senior UI Designer,Design,Wireframing; Adobe XD; CSS; Design Systems; Prototyping; Figma; Sketch,Senior,"Full-time · On-site. We are hiring a Senior UI Designer for our EdTech team. The ideal candidate has 6-10 years of experience and is proficient in Wireframing, Adobe XD, CSS, Design Systems, Prototyping, Figma, Sketch. This is a on-site full-time position focused on delivering high-quality design work."
Senior UX Designer,Design,Information Architecture; Figma; Accessibility; Personas; Usability Testing; Wireframing; Design Thinking,Senior,"Full-time · On-site. We are hiring a Senior UX Designer for our Gaming team. The ideal candidate has 6-10 years of experience and is proficient in Information Architecture, Figma, Accessibility, Personas, Usability Testing, Wireframing, Design Thinking. This is a on-site full-time position focused on delivering high-quality design work."
Junior Product Designer,Design,Figma; UX Design; Design Systems; Sketch; UI Design,Junior,"Internship · On-site. We are hiring a Junior Product Designer for our Startup team. The ideal candidate has 1-3 years of experience and is proficient in Figma, UX Design, Design Systems, Sketch, UI Design. This is a on-site internship position focused on delivering high-quality design work."
Intern Interaction Designer,Design,Design Systems; Interaction Design; Usability Testing; UX Design; Wireframing,Intern,"Contract · Hybrid. We are hiring a Intern Interaction Designer for our Gaming team. The ideal candidate has 0-1 years of experience and is proficient in Design Systems, Interaction Design, Usability Testing, UX Design, Wireframing. This is a hybrid contract position focused on delivering high-quality design work."
Lead UI Designer,Design,Figma; Sketch; HTML; Color Theory; Adobe XD,Lead,"Full-time · Remote. We are hiring a Lead UI Designer for our Healthcare team. The ideal candidate has 8-14 years of experience and is proficient in Figma, Sketch, HTML, Color Theory, Adobe XD. This is a remote full-time position focused on delivering high-quality design work."
Principal UX Designer,Design,Journey Mapping; User Research; Accessibility; Figma; Prototyping; Information Architecture; Design Thinking,Principal,"Contract · On-site. We are hiring a Principal UX Designer for our Startup team. The ideal candidate has 12-20 years of experience and is proficient in Journey Mapping, User Research, Accessibility, Figma, Prototyping, Information Architecture, Design Thinking. This is a on-site contract position focused on delivering high-quality design work."
Junior UX Designer,Design,Accessibility; User Research; Personas; Wireframing; Information Architecture; Figma,Junior,"Full-time · On-site. We are hiring a Junior UX Designer for our Gaming team. The ideal candidate has 1-3 years of experience and is proficient in Accessibility, User Research, Personas, Wireframing, Information Architecture, Figma. This is a on-site full-time position focused on delivering high-quality design work."
Lead UI Designer,Design,Color Theory; Wireframing; Typography; Figma; CSS,Lead,"Contract · On-site. We are hiring a Lead UI Designer for our EdTech team. The ideal candidate has 8-14 years of experience and is proficient in Color Theory, Wireframing, Typography, Figma, CSS. This is a on-site contract position focused on delivering high-quality design work."
Senior UX Designer,Design,Prototyping; Figma; Design Thinking; Accessibility; Journey Mapping,Senior,"Internship · Hybrid. We are hiring a Senior UX Designer for our Startup team. The ideal candidate has 6-10 years of experience and is proficient in Prototyping, Figma, Design Thinking, Accessibility, Journey Mapping. This is a hybrid internship position focused on delivering high-quality design work."
Mid-level Interaction Designer,Design,Prototyping; Interaction Design; Wireframing; Design Systems; User Research; Motion Design,Mid-level,"Internship · Hybrid. We are hiring a Mid-level Interaction Designer for our E-commerce team. The ideal candidate has 3-6 years of experience and is proficient in Prototyping, Interaction Design, Wireframing, Design Systems, User Research, Motion Design. This is a hybrid internship position focused on delivering high-quality design work."
Principal Interaction Designer,Design,Design Systems; UX Design; Prototyping; User Research; Figma; After Effects; Wireframing,Principal,"Full-time · Remote. We are hiring a Principal Interaction Designer for our Startup team. The ideal candidate has 12-20 years of experience and is proficient in Design Systems, UX Design, Prototyping, User Research, Figma, After Effects, Wireframing. This is a remote full-time position focused on delivering high-quality design work."
Principal Interaction Designer,Design,Usability Testing; Figma; After Effects; Interaction Design; User Research; Design Systems,Principal,"Contract · On-site. We are hiring a Principal Interaction Designer for our EdTech team. The ideal candidate has 12-20 years of experience and is proficient in Usability Testing, Figma, After Effects, Interaction Design, User Research, Design Systems. This is a on-site contract position focused on delivering high-quality design work."
Junior Graphic Designer,Design,Illustrator; Adobe XD; Photoshop; Branding; InDesign; Creativity; Color Theory,Junior,"Contract · Hybrid. We are hiring a Junior Graphic Designer for our Gaming team. The ideal candidate has 1-3 years of experience and is proficient in Illustrator, Adobe XD, Photoshop, Branding, InDesign, Creativity, Color Theory. This is a hybrid contract position focused on delivering high-quality design work."
Junior Graphic Designer,Design,Branding; Print Design; Adobe XD; Creativity; Color Theory,Junior,"Internship · On-site. We are hiring a Junior Graphic Designer for our Healthcare team. The ideal candidate has 1-3 years of experience and is proficient in Branding, Print Design, Adobe XD, Creativity, Color Theory. This is a on-site internship position focused on delivering high-quality design work."
Junior Product Designer,Design,Wireframing; UX Design; Design Systems; Sketch; User Research; Prototyping,Junior,"Full-time · Remote. We are hiring a Junior Product Designer for our E-commerce team. The ideal candidate has 1-3 years of experience and is proficient in Wireframing, UX Design, Design Systems, Sketch, User Research, Prototyping. This is a remote full-time position focused on delivering high-quality design work."
Principal Interaction Designer,Design,Usability Testing; Interaction Design; UX Design; Design Systems; Motion Design; After Effects; Prototyping,Principal,"Contract · Hybrid. We are hiring a Principal Interaction Designer for our Startup team. The ideal candidate has 12-20 years of experience and is proficient in Usability Testing, Interaction Design, UX Design, Design Systems, Motion Design, After Effects, Prototyping. This is a hybrid contract position focused on delivering high-quality design work."
Junior UI Designer,Design,Typography; Color Theory; Sketch; Prototyping; Wireframing; Adobe XD,Junior,"Internship · Hybrid. We are hiring a Junior UI Designer for our SaaS team. The ideal candidate has 1-3 years of experience and is proficient in Typography, Color Theory, Sketch, Prototyping, Wireframing, Adobe XD. This is a hybrid internship position focused on delivering high-quality design work."
Lead Interaction Designer,Design,Usability Testing; After Effects; Design Systems; User Research; Figma; Motion Design,Lead,"Contract · Hybrid. We are hiring a Lead Interaction Designer for our EdTech team. The ideal candidate has 8-14 years of experience and is proficient in Usability Testing, After Effects, Design Systems, User Research, Figma, Motion Design. This is a hybrid contract position focused on delivering high-quality design work."
Intern Graphic Designer,Design,Branding; Typography; Layout Design; Print Design; Creativity; Adobe XD; Photoshop,Intern,"Full-time · Hybrid. We are hiring a Intern Graphic Designer for our E-commerce team. The ideal candidate has 0-1 years of experience and is proficient in Branding, Typography, Layout Design, Print Design, Creativity, Adobe XD, Photoshop. This is a hybrid full-time position focused on delivering high-quality design work."
Principal UX Designer,Design,Usability Testing; Journey Mapping; Figma; User Research; Prototyping; Personas; Information Architecture,Principal,"Internship · Hybrid. We are hiring a Principal UX Designer for our E-commerce team. The ideal candidate has 12-20 years of experience and is proficient in Usability Testing, Journey Mapping, Figma, User Research, Prototyping, Personas, Information Architecture. This is a hybrid internship position focused on delivering high-quality design work."
Senior UX Designer,Design,Information Architecture; Accessibility; Figma; Usability Testing; Journey Mapping,Senior,"Internship · On-site. We are hiring a Senior UX Designer for our EdTech team. The ideal candidate has 6-10 years of experience and is proficient in Information Architecture, Accessibility, Figma, Usability Testing, Journey Mapping. This is a on-site internship position focused on delivering high-quality design work."
Junior Graphic Designer,Design,Creativity; Typography; Color Theory; InDesign; Layout Design; Photoshop,Junior,"Full-time · On-site. We are hiring a Junior Graphic Designer for our Enterprise team. The ideal candidate has 1-3 years of experience and is proficient in Creativity, Typography, Color Theory, InDesign, Layout Design, Photoshop. This is a on-site full-time position focused on delivering high-quality design work."
Senior UI Designer,Design,CSS; Sketch; Typography; HTML; Design Systems; Prototyping; Wireframing,Senior,"Full-time · Hybrid. We are hiring a Senior UI Designer for our E-commerce team. The ideal candidate has 6-10 years of experience and is proficient in CSS, Sketch, Typography, HTML, Design Systems, Prototyping, Wireframing. This is a hybrid full-time position focused on delivering high-quality design work."
Junior UI Designer,Design,Color Theory; Adobe XD; Wireframing; Design Systems; Typography,Junior,"Contract · Hybrid. We are hiring a Junior UI Designer for our E-commerce team. The ideal candidate has 1-3 years of experience and is proficient in Color Theory, Adobe XD, Wireframing, Design Systems, Typography. This is a hybrid contract position focused on delivering high-quality design work."
Senior UX Designer,Design,Information Architecture; Usability Testing; User Research; Design Thinking; Journey Mapping,Senior,"Contract · On-site. We are hiring a Senior UX Designer for our EdTech team. The ideal candidate has 6-10 years of experience and is proficient in Information Architecture, Usability Testing, User Research, Design Thinking, Journey Mapping. This is a on-site contract position focused on delivering high-quality design work."
Senior UI Designer,Design,Typography; Sketch; Wireframing; Adobe XD; HTML,Senior,"Contract · Remote. We are hiring a Senior UI Designer for our Healthcare team. The ideal candidate has 6-10 years of experience and is proficient in Typography, Sketch, Wireframing, Adobe XD, HTML. This is a remote contract position focused on delivering high-quality design work."
Lead Product Designer,Design,Wireframing; Prototyping; UX Design; Design Systems; UI Design; Figma; Sketch,Lead,"Contract · Remote. We are hiring a Lead Product Designer for our Healthcare team. The ideal candidate has 8-14 years of experience and is proficient in Wireframing, Prototyping, UX Design, Design Systems, UI Design, Figma, Sketch. This is a remote contract position focused on delivering high-quality design work."
Senior Product Designer,Design,Wireframing; Sketch; Prototyping; User Research; Design Systems; UX Design,Senior,"Contract · Hybrid. We are hiring a Senior Product Designer for our Startup team. The ideal candidate has 6-10 years of experience and is proficient in Wireframing, Sketch, Prototyping, User Research, Design Systems, UX Design. This is a hybrid contract position focused on delivering high-quality design work."
Intern UX Designer,Design,Information Architecture; Design Thinking; Accessibility; Wireframing; Personas; Journey Mapping; User Research,Intern,"Internship · On-site. We are hiring a Intern UX Designer for our SaaS team. The ideal candidate has 0-1 years of experience and is proficient in Information Architecture, Design Thinking, Accessibility, Wireframing, Personas, Journey Mapping, User Research. This is a on-site internship position focused on delivering high-quality design work."
Junior UI Designer,Design,Adobe XD; Typography; Prototyping; Color Theory; Figma,Junior,"Full-time · On-site. We are hiring a Junior UI Designer for our Healthcare team. The ideal candidate has 1-3 years of experience and is proficient in Adobe XD, Typography, Prototyping, Color Theory, Figma. This is a on-site full-time position focused on delivering high-quality design work."
Lead Interaction Designer,Design,Wireframing; Prototyping; After Effects; Design Systems; Interaction Design; Motion Design; Usability Testing,Lead,"Full-time · Hybrid. We are hiring a Lead Interaction Designer for our E-commerce team. The ideal candidate has 8-14 years of experience and is proficient in Wireframing, Prototyping, After Effects, Design Systems, Interaction Design, Motion Design, Usability Testing. This is a hybrid full-time position focused on delivering high-quality design work."
Junior UX Designer,Design,Figma; Information Architecture; Journey Mapping; Personas; Accessibility,Junior,"Contract · On-site. We are hiring a Junior UX Designer for our Startup team. The ideal candidate has 1-3 years of experience and is proficient in Figma, Information Architecture, Journey Mapping, Personas, Accessibility. This is a on-site contract position focused on delivering high-quality design work."
Junior Product Designer,Design,User Research; UX Design; UI Design; Interaction Design; Design Systems,Junior,"Internship · On-site. We are hiring a Junior Product Designer for our Enterprise team. The ideal candidate has 1-3 years of experience and is proficient in User Research, UX Design, UI Design, Interaction Design, Design Systems. This is a on-site internship position focused on delivering high-quality design work."
Junior Product Designer,Design,Usability Testing; Sketch; Prototyping; Wireframing; Design Systems,Junior,"Contract · On-site. We are hiring a Junior Product Designer for our E-commerce team. The ideal candidate has 1-3 years of experience and is proficient in Usability Testing, Sketch, Prototyping, Wireframing, Design Systems. This is a on-site contract position focused on delivering high-quality design work."
Intern UI Designer,Design,Adobe XD; Color Theory; Wireframing; Sketch; Design Systems; CSS,Intern,"Contract · Remote. We are hiring a Intern UI Designer for our Healthcare team. The ideal candidate has 0-1 years of experience and is proficient in Adobe XD, Color Theory, Wireframing, Sketch, Design Systems, CSS. This is a remote contract position focused on delivering high-quality design work."
Junior Interaction Designer,Design,UX Design; User Research; Interaction Design; Figma; After Effects; Design Systems,Junior,"Full-time · On-site. We are hiring a Junior Interaction Designer for our Fintech team. The ideal candidate has 1-3 years of experience and is proficient in UX Design, User Research, Interaction Design, Figma, After Effects, Design Systems. This is a on-site full-time position focused on delivering high-quality design work."
Senior UI Designer,Design,Sketch; Figma; Wireframing; Design Systems; Prototyping,Senior,"Contract · On-site. We are hiring a Senior UI Designer for our Gaming team. The ideal candidate has 6-10 years of experience and is proficient in Sketch, Figma, Wireframing, Design Systems, Prototyping. This is a on-site contract position focused on delivering high-quality design work."
Senior Interaction Designer,Design,Usability Testing; Interaction Design; Prototyping; Motion Design; User Research,Senior,"Internship · Hybrid. We are hiring a Senior Interaction Designer for our EdTech team. The ideal candidate has 6-10 years of experience and is proficient in Usability Testing, Interaction Design, Prototyping, Motion Design, User Research. This is a hybrid internship position focused on delivering high-quality design work."
Principal Product Designer,Design,Figma; Wireframing; Sketch; User Research; Design Systems; UX Design; UI Design,Principal,"Contract · Hybrid. We are hiring a Principal Product Designer for our Gaming team. The ideal candidate has 12-20 years of experience and is proficient in Figma, Wireframing, Sketch, User Research, Design Systems, UX Design, UI Design. This is a hybrid contract position focused on delivering high-quality design work."
Senior Interaction Designer,Design,Usability Testing; UX Design; Interaction Design; Design Systems; After Effects; User Research,Senior,"Contract · On-site. We are hiring a Senior Interaction Designer for our SaaS team. The ideal candidate has 6-10 years of experience and is proficient in Usability Testing, UX Design, Interaction Design, Design Systems, After Effects, User Research. This is a on-site contract position focused on delivering high-quality design work."
Principal UI Designer,Design,Wireframing; CSS; Color Theory; Prototyping; Design Systems; Typography,Principal,"Contract · On-site. We are hiring a Principal UI Designer for our E-commerce team. The ideal candidate has 12-20 years of experience and is proficient in Wireframing, CSS, Color Theory, Prototyping, Design Systems, Typography. This is a on-site contract position focused on delivering high-quality design work."
Senior Graphic Designer,Design,Typography; Creativity; Branding; Print Design; Photoshop; Adobe XD,Senior,"Contract · On-site. We are hiring a Senior Graphic Designer for our EdTech team. The ideal candidate has 6-10 years of experience and is proficient in Typography, Creativity, Branding, Print Design, Photoshop, Adobe XD. This is a on-site contract position focused on delivering high-quality design work."
Senior UX Designer,Design,Information Architecture; User Research; Journey Mapping; Wireframing; Usability Testing,Senior,"Internship · Hybrid. We are hiring a Senior UX Designer for our Fintech team. The ideal candidate has 6-10 years of experience and is proficient in Information Architecture, User Research, Journey Mapping, Wireframing, Usability Testing. This is a hybrid internship position focused on delivering high-quality design work."
Mid-level Interaction Designer,Design,Interaction Design; Figma; User Research; Wireframing; UX Design; Prototyping,Mid-level,"Contract · Hybrid. We are hiring a Mid-level Interaction Designer for our Enterprise team. The ideal candidate has 3-6 years of experience and is proficient in Interaction Design, Figma, User Research, Wireframing, UX Design, Prototyping. This is a hybrid contract position focused on delivering high-quality design work."
Senior UI Designer,Design,Typography; Color Theory; Sketch; Design Systems; Adobe XD,Senior,"Contract · Remote. We are hiring a Senior UI Designer for our SaaS team. The ideal candidate has 6-10 years of experience and is proficient in Typography, Color Theory, Sketch, Design Systems, Adobe XD. This is a remote contract position focused on delivering high-quality design work."
Lead UX Designer,Design,Design Thinking; Information Architecture; Accessibility; Usability Testing; Prototyping; Figma; Journey Mapping,Lead,"Contract · Hybrid. We are hiring a Lead UX Designer for our Healthcare team. The ideal candidate has 8-14 years of experience and is proficient in Design Thinking, Information Architecture, Accessibility, Usability Testing, Prototyping, Figma, Journey Mapping. This is a hybrid contract position focused on delivering high-quality design work."
Principal UX Designer,Design,Wireframing; Information Architecture; Figma; Journey Mapping; Prototyping,Principal,"Full-time · On-site. We are hiring a Principal UX Designer for our SaaS team. The ideal candidate has 12-20 years of experience and is proficient in Wireframing, Information Architecture, Figma, Journey Mapping, Prototyping. This is a on-site full-time position focused on delivering high-quality design work."
Principal UX Designer,Design,Design Thinking; Wireframing; User Research; Accessibility; Usability Testing,Principal,"Internship · Hybrid. We are hiring a Principal UX Designer for our Gaming team. The ideal candidate has 12-20 years of experience and is proficient in Design Thinking, Wireframing, User Research, Accessibility, Usability Testing. This is a hybrid internship position focused on delivering high-quality design work."
Senior Interaction Designer,Design,Prototyping; Figma; Wireframing; User Research; Motion Design; UX Design; Design Systems,Senior,"Internship · Hybrid. We are hiring a Senior Interaction Designer for our Healthcare team. The ideal candidate has 6-10 years of experience and is proficient in Prototyping, Figma, Wireframing, User Research, Motion Design, UX Design, Design Systems. This is a hybrid internship position focused on delivering high-quality design work."
Mid-level UI Designer,Design,Sketch; Figma; Color Theory; Prototyping; Design Systems; Adobe XD,Mid-level,"Internship · Hybrid. We are hiring a Mid-level UI Designer for our SaaS team. The ideal candidate has 3-6 years of experience and is proficient in Sketch, Figma, Color Theory, Prototyping, Design Systems, Adobe XD. This is a hybrid internship position focused on delivering high-quality design work."
Junior UX Designer,Design,Prototyping; Accessibility; Usability Testing; Figma; User Research; Journey Mapping; Information Architecture,Junior,"Internship · Remote. We are hiring a Junior UX Designer for our Startup team. The ideal candidate has 1-3 years of experience and is proficient in Prototyping, Accessibility, Usability Testing, Figma, User Research, Journey Mapping, Information Architecture. This is a remote internship position focused on delivering high-quality design work."
Principal UX Designer,Design,Prototyping; User Research; Wireframing; Personas; Information Architecture,Principal,"Full-time · On-site. We are hiring a Principal UX Designer for our Enterprise team. The ideal candidate has 12-20 years of experience and is proficient in Prototyping, User Research, Wireframing, Personas, Information Architecture. This is a on-site full-time position focused on delivering high-quality design work."
Intern UI Designer,Design,Sketch; Typography; Color Theory; CSS; HTML,Intern,"Contract · Remote. We are hiring a Intern UI Designer for our EdTech team. The ideal candidate has 0-1 years of experience and is proficient in Sketch, Typography, Color Theory, CSS, HTML. This is a remote contract position focused on delivering high-quality design work."
Principal Graphic Designer,Design,Adobe XD; InDesign; Creativity; Illustrator; Color Theory; Layout Design; Print Design,Principal,"Contract · On-site. We are hiring a Principal Graphic Designer for our Gaming team. The ideal candidate has 12-20 years of experience and is proficient in Adobe XD, InDesign, Creativity, Illustrator, Color Theory, Layout Design, Print Design. This is a on-site contract position focused on delivering high-quality design work."
Junior Product Designer,Design,Design Systems; User Research; Interaction Design; Prototyping; UX Design,Junior,"Full-time · On-site. We are hiring a Junior Product Designer for our Startup team. The ideal candidate has 1-3 years of experience and is proficient in Design Systems, User Research, Interaction Design, Prototyping, UX Design. This is a on-site full-time position focused on delivering high-quality design work."
Junior Interaction Designer,Design,Interaction Design; User Research; Design Systems; Motion Design; After Effects,Junior,"Full-time · Hybrid. We are hiring a Junior Interaction Designer for our Fintech team. The ideal candidate has 1-3 years of experience and is proficient in Interaction Design, User Research, Design Systems, Motion Design, After Effects. This is a hybrid full-time position focused on delivering high-quality design work."
Mid-level Graphic Designer,Design,Branding; Illustrator; Print Design; InDesign; Adobe XD; Typography; Creativity,Mid-level,"Contract · On-site. We are hiring a Mid-level Graphic Designer for our EdTech team. The ideal candidate has 3-6 years of experience and is proficient in Branding, Illustrator, Print Design, InDesign, Adobe XD, Typography, Creativity. This is a on-site contract position focused on delivering high-quality design work."
Senior Graphic Designer,Design,Photoshop; Branding; InDesign; Adobe XD; Illustrator; Layout Design; Print Design,Senior,"Contract · Remote. We are hiring a Senior Graphic Designer for our Healthcare team. The ideal candidate has 6-10 years of experience and is proficient in Photoshop, Branding, InDesign, Adobe XD, Illustrator, Layout Design, Print Design. This is a remote contract position focused on delivering high-quality design work."
Senior Interaction Designer,Design,Interaction Design; User Research; Wireframing; Motion Design; Figma,Senior,"Contract · Remote. We are hiring a Senior Interaction Designer for our Gaming team. The ideal candidate has 6-10 years of experience and is proficient in Interaction Design, User Research, Wireframing, Motion Design, Figma. This is a remote contract position focused on delivering high-quality design work."
Principal UI Designer,Design,Sketch; Figma; Typography; Prototyping; CSS,Principal,"Internship · Remote. We are hiring a Principal UI Designer for our E-commerce team. The ideal candidate has 12-20 years of experience and is proficient in Sketch, Figma, Typography, Prototyping, CSS. This is a remote internship position focused on delivering high-quality design work."
Junior Product Designer,Design,Prototyping; UI Design; Sketch; Figma; Interaction Design; Wireframing; Design Systems,Junior,"Full-time · Remote. We are hiring a Junior Product Designer for our EdTech team. The ideal candidate has 1-3 years of experience and is proficient in Prototyping, UI Design, Sketch, Figma, Interaction Design, Wireframing, Design Systems. This is a remote full-time position focused on delivering high-quality design work."
Intern UX Designer,Design,Personas; Design Thinking; Information Architecture; Journey Mapping; Figma,Intern,"Contract · Remote. We are hiring a Intern UX Designer for our Enterprise team. The ideal candidate has 0-1 years of experience and is proficient in Personas, Design Thinking, Information Architecture, Journey Mapping, Figma. This is a remote contract position focused on delivering high-quality design work."
Intern UX Designer,Design,User Research; Figma; Information Architecture; Prototyping; Usability Testing; Accessibility; Journey Mapping,Intern,"Internship · On-site. We are hiring a Intern UX Designer for our Startup team. The ideal candidate has 0-1 years of experience and is proficient in User Research, Figma, Information Architecture, Prototyping, Usability Testing, Accessibility, Journey Mapping. This is a on-site internship position focused on delivering high-quality design work."
Intern UI Designer,Design,Typography; Prototyping; Adobe XD; CSS; Color Theory; Wireframing,Intern,"Full-time · On-site. We are hiring a Intern UI Designer for our E-commerce team. The ideal candidate has 0-1 years of experience and is proficient in Typography, Prototyping, Adobe XD, CSS, Color Theory, Wireframing. This is a on-site full-time position focused on delivering high-quality design work."
Lead UI Designer,Design,Typography; Figma; HTML; Design Systems; Sketch,Lead,"Internship · On-site. We are hiring a Lead UI Designer for our Enterprise team. The ideal candidate has 8-14 years of experience and is proficient in Typography, Figma, HTML, Design Systems, Sketch. This is a on-site internship position focused on delivering high-quality design work."
Senior Interaction Designer,Design,User Research; Interaction Design; After Effects; Wireframing; Figma; UX Design,Senior,"Full-time · Remote. We are hiring a Senior Interaction Designer for our Gaming team. The ideal candidate has 6-10 years of experience and is proficient in User Research, Interaction Design, After Effects, Wireframing, Figma, UX Design. This is a remote full-time position focused on delivering high-quality design work."
Principal Interaction Designer,Design,Figma; Interaction Design; Design Systems; Motion Design; Prototyping,Principal,"Internship · Remote. We are hiring a Principal Interaction Designer for our EdTech team. The ideal candidate has 12-20 years of experience and is proficient in Figma, Interaction Design, Design Systems, Motion Design, Prototyping. This is a remote internship position focused on delivering high-quality design work."
Lead Interaction Designer,Design,Usability Testing; Motion Design; Prototyping; Wireframing; Design Systems,Lead,"Full-time · On-site. We are hiring a Lead Interaction Designer for our Startup team. The ideal candidate has 8-14 years of experience and is proficient in Usability Testing, Motion Design, Prototyping, Wireframing, Design Systems. This is a on-site full-time position focused on delivering high-quality design work."
Intern Interaction Designer,Design,Usability Testing; User Research; Design Systems; Interaction Design; After Effects; Prototyping,Intern,"Full-time · On-site. We are hiring a Intern Interaction Designer for our Healthcare team. The ideal candidate has 0-1 years of experience and is proficient in Usability Testing, User Research, Design Systems, Interaction Design, After Effects, Prototyping. This is a on-site full-time position focused on delivering high-quality design work."
Mid-level Product Designer,Design,UX Design; Prototyping; Wireframing; Design Systems; Figma; Sketch,Mid-level,"Internship · Hybrid. We are hiring a Mid-level Product Designer for our Fintech team. The ideal candidate has 3-6 years of experience and is proficient in UX Design, Prototyping, Wireframing, Design Systems, Figma, Sketch. This is a hybrid internship position focused on delivering high-quality design work."
Mid-level Product Designer,Design,Interaction Design; Figma; Sketch; Prototyping; Design Systems; UI Design; UX Design,Mid-level,"Full-time · Remote. We are hiring a Mid-level Product Designer for our E-commerce team. The ideal candidate has 3-6 years of experience and is proficient in Interaction Design, Figma, Sketch, Prototyping, Design Systems, UI Design, UX Design. This is a remote full-time position focused on delivering high-quality design work."
Junior Product Designer,Design,Figma; Prototyping; UX Design; Wireframing; UI Design,Junior,"Internship · On-site. We are hiring a Junior Product Designer for our Fintech team. The ideal candidate has 1-3 years of experience and is proficient in Figma, Prototyping, UX Design, Wireframing, UI Design. This is a on-site internship position focused on delivering high-quality design work."
Junior Product Designer,Design,UX Design; Interaction Design; UI Design; Figma; Usability Testing; Sketch; Prototyping,Junior,"Full-time · Hybrid. We are hiring a Junior Product Designer for our Startup team. The ideal candidate has 1-3 years of experience and is proficient in UX Design, Interaction Design, UI Design, Figma, Usability Testing, Sketch, Prototyping. This is a hybrid full-time position focused on delivering high-quality design work."
Mid-level UI Designer,Design,Typography; Sketch; Figma; CSS; Wireframing,Mid-level,"Full-time · Hybrid. We are hiring a Mid-level UI Designer for our Healthcare team. The ideal candidate has 3-6 years of experience and is proficient in Typography, Sketch, Figma, CSS, Wireframing. This is a hybrid full-time position focused on delivering high-quality design work."
Senior UI Designer,Design,Prototyping; HTML; Design Systems; CSS; Sketch; Typography; Wireframing,Senior,"Contract · Hybrid. We are hiring a Senior UI Designer for our Startup team. The ideal candidate has 6-10 years of experience and is proficient in Prototyping, HTML, Design Systems, CSS, Sketch, Typography, Wireframing. This is a hybrid contract position focused on delivering high-quality design work."
Mid-level UX Designer,Design,Prototyping; Usability Testing; Information Architecture; Wireframing; Accessibility; Figma; User Research,Mid-level,"Contract · Remote. We are hiring a Mid-level UX Designer for our Enterprise team. The ideal candidate has 3-6 years of experience and is proficient in Prototyping, Usability Testing, Information Architecture, Wireframing, Accessibility, Figma, User Research. This is a remote contract position focused on delivering high-quality design work."
Lead UI Designer,Design,HTML; Adobe XD; Prototyping; Typography; Design Systems; Figma; Color Theory,Lead,"Internship · Hybrid. We are hiring a Lead UI Designer for our Startup team. The ideal candidate has 8-14 years of experience and is proficient in HTML, Adobe XD, Prototyping, Typography, Design Systems, Figma, Color Theory. This is a hybrid internship position focused on delivering high-quality design work."
Intern Product Designer,Design,Sketch; UI Design; Interaction Design; User Research; Design Systems,Intern,"Contract · On-site. We are hiring a Intern Product Designer for our Gaming team. The ideal candidate has 0-1 years of experience and is proficient in Sketch, UI Design, Interaction Design, User Research, Design Systems. This is a on-site contract position focused on delivering high-quality design work."
Lead Product Designer,Design,Wireframing; UI Design; Prototyping; Interaction Design; UX Design; Sketch; Figma,Lead,"Internship · Hybrid. We are hiring a Lead Product Designer for our Fintech team. The ideal candidate has 8-14 years of experience and is proficient in Wireframing, UI Design, Prototyping, Interaction Design, UX Design, Sketch, Figma. This is a hybrid internship position focused on delivering high-quality design work."
Intern Graphic Designer,Design,Print Design; Creativity; Adobe XD; Layout Design; Branding; InDesign; Typography,Intern,"Full-time · Hybrid. We are hiring a Intern Graphic Designer for our SaaS team. The ideal candidate has 0-1 years of experience and is proficient in Print Design, Creativity, Adobe XD, Layout Design, Branding, InDesign, Typography. This is a hybrid full-time position focused on delivering high-quality design work."
Senior UI Designer,Design,HTML; CSS; Sketch; Typography; Figma; Color Theory,Senior,"Full-time · Hybrid. We are hiring a Senior UI Designer for our Gaming team. The ideal candidate has 6-10 years of experience and is proficient in HTML, CSS, Sketch, Typography, Figma, Color Theory. This is a hybrid full-time position focused on delivering high-quality design work."
Intern Interaction Designer,Design,Wireframing; Figma; Interaction Design; User Research; Prototyping; Design Systems,Intern,"Internship · Hybrid. We are hiring a Intern Interaction Designer for our Startup team. The ideal candidate has 0-1 years of experience and is proficient in Wireframing, Figma, Interaction Design, User Research, Prototyping, Design Systems. This is a hybrid internship position focused on delivering high-quality design work."
Junior Interaction Designer,Design,Usability Testing; User Research; After Effects; Wireframing; Motion Design,Junior,"Contract · Hybrid. We are hiring a Junior Interaction Designer for our Healthcare team. The ideal candidate has 1-3 years of experience and is proficient in Usability Testing, User Research, After Effects, Wireframing, Motion Design. This is a hybrid contract position focused on delivering high-quality design work."
Mid-level UI Designer,Design,CSS; Design Systems; HTML; Prototyping; Color Theory,Mid-level,"Internship · Hybrid. We are hiring a Mid-level UI Designer for our E-commerce team. The ideal candidate has 3-6 years of experience and is proficient in CSS, Design Systems, HTML, Prototyping, Color Theory. This is a hybrid internship position focused on delivering high-quality design work."
Mid-level UX Designer,Design,Figma; Prototyping; Wireframing; User Research; Design Thinking; Information Architecture; Personas,Mid-level,"Internship · Hybrid. We are hiring a Mid-level UX Designer for our Fintech team. The ideal candidate has 3-6 years of experience and is proficient in Figma, Prototyping, Wireframing, User Research, Design Thinking, Information Architecture, Personas. This is a hybrid internship position focused on delivering high-quality design work."
Senior Interaction Designer,Design,Usability Testing; After Effects; Motion Design; Figma; Prototyping; Interaction Design; Wireframing,Senior,"Full-time · On-site. We are hiring a Senior Interaction Designer for our Gaming team. The ideal candidate has 6-10 years of experience and is proficient in Usability Testing, After Effects, Motion Design, Figma, Prototyping, Interaction Design, Wireframing. This is a on-site full-time position focused on delivering high-quality design work."
Principal Interaction Designer,Design,Wireframing; Design Systems; Usability Testing; User Research; After Effects; Figma; Motion Design,Principal,"Full-time · Hybrid. We are hiring a Principal Interaction Designer for our Startup team. The ideal candidate has 12-20 years of experience and is proficient in Wireframing, Design Systems, Usability Testing, User Research, After Effects, Figma, Motion Design. This is a hybrid full-time position focused on delivering high-quality design work."
Intern UI Designer,Design,Adobe XD; CSS; Wireframing; Sketch; HTML; Figma,Intern,"Contract · On-site. We are hiring a Intern UI Designer for our Healthcare team. The ideal candidate has 0-1 years of experience and is proficient in Adobe XD, CSS, Wireframing, Sketch, HTML, Figma. This is a on-site contract position focused on delivering high-quality design work."
Principal Product Designer,Design,UX Design; UI Design; Design Systems; Wireframing; Figma; Interaction Design,Principal,"Full-time · On-site. We are hiring a Principal Product Designer for our EdTech team. The ideal candidate has 12-20 years of experience and is proficient in UX Design, UI Design, Design Systems, Wireframing, Figma, Interaction Design. This is a on-site full-time position focused on delivering high-quality design work."
Lead Graphic Designer,Design,Branding; Typography; Layout Design; Illustrator; InDesign,Lead,"Full-time · Hybrid. We are hiring a Lead Graphic Designer for our Healthcare team. The ideal candidate has 8-14 years of experience and is proficient in Branding, Typography, Layout Design, Illustrator, InDesign. This is a hybrid full-time position focused on delivering high-quality design work."
Mid-level UI Designer,Design,Sketch; Design Systems; Typography; Prototyping; Wireframing,Mid-level,"Internship · Hybrid. We are hiring a Mid-level UI Designer for our EdTech team. The ideal candidate has 3-6 years of experience and is proficient in Sketch, Design Systems, Typography, Prototyping, Wireframing. This is a hybrid internship position focused on delivering high-quality design work."
Junior Graphic Designer,Design,Color Theory; Typography; Illustrator; Branding; Adobe XD,Junior,"Internship · Hybrid. We are hiring a Junior Graphic Designer for our Fintech team. The ideal candidate has 1-3 years of experience and is proficient in Color Theory, Typography, Illustrator, Branding, Adobe XD. This is a hybrid internship position focused on delivering high-quality design work."
Senior Interaction Designer,Design,Wireframing; Usability Testing; UX Design; After Effects; User Research; Design Systems,Senior,"Internship · Remote. We are hiring a Senior Interaction Designer for our E-commerce team. The ideal candidate has 6-10 years of experience and is proficient in Wireframing, Usability Testing, UX Design, After Effects, User Research, Design Systems. This is a remote internship position focused on delivering high-quality design work."
Lead UI Designer,Design,Sketch; CSS; Wireframing; Figma; Prototyping; HTML,Lead,"Internship · Remote. We are hiring a Lead UI Designer for our E-commerce team. The ideal candidate has 8-14 years of experience and is proficient in Sketch, CSS, Wireframing, Figma, Prototyping, HTML. This is a remote internship position focused on delivering high-quality design work."
Mid-level Interaction Designer,Design,User Research; Design Systems; Wireframing; Figma; Prototyping; After Effects,Mid-level,"Contract · Hybrid. We are hiring a Mid-level Interaction Designer for our E-commerce team. The ideal candidate has 3-6 years of experience and is proficient in User Research, Design Systems, Wireframing, Figma, Prototyping, After Effects. This is a hybrid contract position focused on delivering high-quality design work."
Senior UI Designer,Design,Wireframing; Prototyping; Typography; Design Systems; CSS; Adobe XD; HTML,Senior,"Internship · On-site. We are hiring a Senior UI Designer for our Gaming team. The ideal candidate has 6-10 years of experience and is proficient in Wireframing, Prototyping, Typography, Design Systems, CSS, Adobe XD, HTML. This is a on-site internship position focused on delivering high-quality design work."
Senior Product Designer,Design,UX Design; Sketch; Interaction Design; UI Design; Prototyping; User Research,Senior,"Contract · Remote. We are hiring a Senior Product Designer for our SaaS team. The ideal candidate has 6-10 years of experience and is proficient in UX Design, Sketch, Interaction Design, UI Design, Prototyping, User Research. This is a remote contract position focused on delivering high-quality design work."
Intern Graphic Designer,Design,InDesign; Illustrator; Branding; Photoshop; Print Design; Layout Design; Color Theory,Intern,"Internship · Hybrid. We are hiring a Intern Graphic Designer for our Gaming team. The ideal candidate has 0-1 years of experience and is proficient in InDesign, Illustrator, Branding, Photoshop, Print Design, Layout Design, Color Theory. This is a hybrid internship position focused on delivering high-quality design work."
Lead Graphic Designer,Design,Typography; Creativity; Layout Design; Adobe XD; Illustrator,Lead,"Contract · Remote. We are hiring a Lead Graphic Designer for our E-commerce team. The ideal candidate has 8-14 years of experience and is proficient in Typography, Creativity, Layout Design, Adobe XD, Illustrator. This is a remote contract position focused on delivering high-quality design work."
Intern Product Designer,Design,Wireframing; Interaction Design; Figma; Design Systems; UI Design; User Research,Intern,"Contract · Hybrid. We are hiring a Intern Product Designer for our E-commerce team. The ideal candidate has 0-1 years of experience and is proficient in Wireframing, Interaction Design, Figma, Design Systems, UI Design, User Research. This is a hybrid contract position focused on delivering high-quality design work."
Senior Graphic Designer,Design,Creativity; Adobe XD; Color Theory; Typography; Layout Design; Photoshop,Senior,"Contract · Remote. We are hiring a Senior Graphic Designer for our Startup team. The ideal candidate has 6-10 years of experience and is proficient in Creativity, Adobe XD, Color Theory, Typography, Layout Design, Photoshop. This is a remote contract position focused on delivering high-quality design work."
Junior Product Designer,Design,UI Design; Usability Testing; Prototyping; User Research; Interaction Design; Figma,Junior,"Full-time · Hybrid. We are hiring a Junior Product Designer for our SaaS team. The ideal candidate has 1-3 years of experience and is proficient in UI Design, Usability Testing, Prototyping, User Research, Interaction Design, Figma. This is a hybrid full-time position focused on delivering high-quality design work."
Junior Product Designer,Design,Prototyping; UI Design; Wireframing; User Research; Sketch; Design Systems; Interaction Design,Junior,"Full-time · Remote. We are hiring a Junior Product Designer for our Healthcare team. The ideal candidate has 1-3 years of experience and is proficient in Prototyping, UI Design, Wireframing, User Research, Sketch, Design Systems, Interaction Design. This is a remote full-time position focused on delivering high-quality design work."
Intern Product Designer,Design,Figma; Sketch; Wireframing; UX Design; UI Design; Prototyping; User Research,Intern,"Contract · Remote. We are hiring a Intern Product Designer for our Startup team. The ideal candidate has 0-1 years of experience and is proficient in Figma, Sketch, Wireframing, UX Design, UI Design, Prototyping, User Research. This is a remote contract position focused on delivering high-quality design work."
Senior UI Designer,Design,Adobe XD; Prototyping; Figma; CSS; Sketch; HTML,Senior,"Internship · Remote. We are hiring a Senior UI Designer for our Healthcare team. The ideal candidate has 6-10 years of experience and is proficient in Adobe XD, Prototyping, Figma, CSS, Sketch, HTML. This is a remote internship position focused on delivering high-quality design work."
Mid-level Interaction Designer,Design,Figma; Interaction Design; Prototyping; User Research; Wireframing; Design Systems; Usability Testing,Mid-level,"Contract · Remote. We are hiring a Mid-level Interaction Designer for our EdTech team. The ideal candidate has 3-6 years of experience and is proficient in Figma, Interaction Design, Prototyping, User Research, Wireframing, Design Systems, Usability Testing. This is a remote contract position focused on delivering high-quality design work."
Intern Product Designer,Design,Interaction Design; Figma; User Research; Sketch; Design Systems; Wireframing; Usability Testing,Intern,"Full-time · On-site. We are hiring a Intern Product Designer for our Fintech team. The ideal candidate has 0-1 years of experience and is proficient in Interaction Design, Figma, User Research, Sketch, Design Systems, Wireframing, Usability Testing. This is a on-site full-time position focused on delivering high-quality design work."
Principal Product Designer,Design,Figma; Design Systems; User Research; Sketch; Usability Testing; Prototyping,Principal,"Contract · Remote. We are hiring a Principal Product Designer for our Startup team. The ideal candidate has 12-20 years of experience and is proficient in Figma, Design Systems, User Research, Sketch, Usability Testing, Prototyping. This is a remote contract position focused on delivering high-quality design work."
Senior UI Designer,Design,Typography; Sketch; Wireframing; Figma; Adobe XD; Prototyping; Design Systems,Senior,"Internship · Remote. We are hiring a Senior UI Designer for our Gaming team. The ideal candidate has 6-10 years of experience and is proficient in Typography, Sketch, Wireframing, Figma, Adobe XD, Prototyping, Design Systems. This is a remote internship position focused on delivering high-quality design work."
Intern Interaction Designer,Design,Usability Testing; Wireframing; Prototyping; Interaction Design; After Effects,Intern,"Internship · On-site. We are hiring a Intern Interaction Designer for our E-commerce team. The ideal candidate has 0-1 years of experience and is proficient in Usability Testing, Wireframing, Prototyping, Interaction Design, After Effects. This is a on-site internship position focused on delivering high-quality design work."
Senior UX Designer,Design,Figma; Usability Testing; Information Architecture; Prototyping; Personas,Senior,"Full-time · On-site. We are hiring a Senior UX Designer for our Startup team. The ideal candidate has 6-10 years of experience and is proficient in Figma, Usability Testing, Information Architecture, Prototyping, Personas. This is a on-site full-time position focused on delivering high-quality design work."
Junior Graphic Designer,Design,Branding; Adobe XD; InDesign; Print Design; Creativity; Color Theory,Junior,"Contract · On-site. We are hiring a Junior Graphic Designer for our SaaS team. The ideal candidate has 1-3 years of experience and is proficient in Branding, Adobe XD, InDesign, Print Design, Creativity, Color Theory. This is a on-site contract position focused on delivering high-quality design work."
Mid-level UX Designer,Design,Design Thinking; Wireframing; Personas; Prototyping; Usability Testing; Journey Mapping,Mid-level,"Internship · Hybrid. We are hiring a Mid-level UX Designer for our Healthcare team. The ideal candidate has 3-6 years of experience and is proficient in Design Thinking, Wireframing, Personas, Prototyping, Usability Testing, Journey Mapping. This is a hybrid internship position focused on delivering high-quality design work."
Mid-level Interaction Designer,Design,Design Systems; Usability Testing; UX Design; Wireframing; Motion Design; User Research,Mid-level,"Full-time · Remote. We are hiring a Mid-level Interaction Designer for our EdTech team. The ideal candidate has 3-6 years of experience and is proficient in Design Systems, Usability Testing, UX Design, Wireframing, Motion Design, User Research. This is a remote full-time position focused on delivering high-quality design work."
Junior UX Designer,Design,Figma; Design Thinking; Personas; Information Architecture; Usability Testing; Accessibility,Junior,"Internship · On-site. We are hiring a Junior UX Designer for our Startup team. The ideal candidate has 1-3 years of experience and is proficient in Figma, Design Thinking, Personas, Information Architecture, Usability Testing, Accessibility. This is a on-site internship position focused on delivering high-quality design work."
Mid-level UX Designer,Design,Figma; Journey Mapping; Design Thinking; Accessibility; Information Architecture,Mid-level,"Contract · On-site. We are hiring a Mid-level UX Designer for our Fintech team. The ideal candidate has 3-6 years of experience and is proficient in Figma, Journey Mapping, Design Thinking, Accessibility, Information Architecture. This is a on-site contract position focused on delivering high-quality design work."
Lead Product Designer,Design,Design Systems; Prototyping; User Research; Sketch; Wireframing; Figma; UI Design,Lead,"Contract · Remote. We are hiring a Lead Product Designer for our EdTech team. The ideal candidate has 8-14 years of experience and is proficient in Design Systems, Prototyping, User Research, Sketch, Wireframing, Figma, UI Design. This is a remote contract position focused on delivering high-quality design work."
Senior Graphic Designer,Design,Layout Design; Illustrator; Print Design; Color Theory; Adobe XD; Branding; Creativity,Senior,"Full-time · On-site. We are hiring a Senior Graphic Designer for our EdTech team. The ideal candidate has 6-10 years of experience and is proficient in Layout Design, Illustrator, Print Design, Color Theory, Adobe XD, Branding, Creativity. This is a on-site full-time position focused on delivering high-quality design work."
Principal UX Designer,Design,Information Architecture; Usability Testing; Figma; Wireframing; Personas; Prototyping; Design Thinking,Principal,"Contract · Remote. We are hiring a Principal UX Designer for our Healthcare team. The ideal candidate has 12-20 years of experience and is proficient in Information Architecture, Usability Testing, Figma, Wireframing, Personas, Prototyping, Design Thinking. This is a remote contract position focused on delivering high-quality design work."
Senior Interaction Designer,Design,Prototyping; Interaction Design; Figma; Wireframing; UX Design,Senior,"Full-time · Hybrid. We are hiring a Senior Interaction Designer for our Startup team. The ideal candidate has 6-10 years of experience and is proficient in Prototyping, Interaction Design, Figma, Wireframing, UX Design. This is a hybrid full-time position focused on delivering high-quality design work."
Intern UI Designer,Design,Adobe XD; Figma; HTML; Typography; Prototyping; Wireframing,Intern,"Full-time · Remote. We are hiring a Intern UI Designer for our Gaming team. The ideal candidate has 0-1 years of experience and is proficient in Adobe XD, Figma, HTML, Typography, Prototyping, Wireframing. This is a remote full-time position focused on delivering high-quality design work."
Junior UX Designer,Design,User Research; Personas; Prototyping; Information Architecture; Wireframing; Figma; Journey Mapping,Junior,"Internship · Remote. We are hiring a Junior UX Designer for our Enterprise team. The ideal candidate has 1-3 years of experience and is proficient in User Research, Personas, Prototyping, Information Architecture, Wireframing, Figma, Journey Mapping. This is a remote internship position focused on delivering high-quality design work."
Principal UX Designer,Design,Information Architecture; Prototyping; Figma; Design Thinking; Usability Testing; Personas; Accessibility,Principal,"Full-time · Remote. We are hiring a Principal UX Designer for our SaaS team. The ideal candidate has 12-20 years of experience and is proficient in Information Architecture, Prototyping, Figma, Design Thinking, Usability Testing, Personas, Accessibility. This is a remote full-time position focused on delivering high-quality design work."
Mid-level UX Designer,Design,Journey Mapping; User Research; Information Architecture; Accessibility; Prototyping; Personas; Figma,Mid-level,"Contract · On-site. We are hiring a Mid-level UX Designer for our Gaming team. The ideal candidate has 3-6 years of experience and is proficient in Journey Mapping, User Research, Information Architecture, Accessibility, Prototyping, Personas, Figma. This is a on-site contract position focused on delivering high-quality design work."
Lead Product Designer,Design,UX Design; User Research; Interaction Design; Design Systems; Usability Testing,Lead,"Contract · Remote. We are hiring a Lead Product Designer for our SaaS team. The ideal candidate has 8-14 years of experience and is proficient in UX Design, User Research, Interaction Design, Design Systems, Usability Testing. This is a remote contract position focused on delivering high-quality design work."
Lead Product Designer,Design,Sketch; Prototyping; UI Design; Wireframing; User Research; Figma,Lead,"Full-time · Remote. We are hiring a Lead Product Designer for our Enterprise team. The ideal candidate has 8-14 years of experience and is proficient in Sketch, Prototyping, UI Design, Wireframing, User Research, Figma. This is a remote full-time position focused on delivering high-quality design work."
Intern UX Designer,Design,Prototyping; Personas; Wireframing; Design Thinking; User Research; Journey Mapping,Intern,"Contract · Hybrid. We are hiring a Intern UX Designer for our Startup team. The ideal candidate has 0-1 years of experience and is proficient in Prototyping, Personas, Wireframing, Design Thinking, User Research, Journey Mapping. This is a hybrid contract position focused on delivering high-quality design work."
Senior Graphic Designer,Design,Layout Design; Photoshop; Color Theory; InDesign; Illustrator,Senior,"Full-time · On-site. We are hiring a Senior Graphic Designer for our SaaS team. The ideal candidate has 6-10 years of experience and is proficient in Layout Design, Photoshop, Color Theory, InDesign, Illustrator. This is a on-site full-time position focused on delivering high-quality design work."
Lead Graphic Designer,Design,InDesign; Branding; Photoshop; Color Theory; Illustrator,Lead,"Internship · Remote. We are hiring a Lead Graphic Designer for our Enterprise team. The ideal candidate has 8-14 years of experience and is proficient in InDesign, Branding, Photoshop, Color Theory, Illustrator. This is a remote internship position focused on delivering high-quality design work."
Lead UX Designer,Design,Prototyping; Personas; Figma; Information Architecture; Wireframing,Lead,"Contract · Remote. We are hiring a Lead UX Designer for our Gaming team. The ideal candidate has 8-14 years of experience and is proficient in Prototyping, Personas, Figma, Information Architecture, Wireframing. This is a remote contract position focused on delivering high-quality design work."
Lead UX Designer,Design,Wireframing; Design Thinking; Accessibility; Prototyping; Usability Testing; Information Architecture; Figma,Lead,"Full-time · Remote. We are hiring a Lead UX Designer for our Healthcare team. The ideal candidate has 8-14 years of experience and is proficient in Wireframing, Design Thinking, Accessibility, Prototyping, Usability Testing, Information Architecture, Figma. This is a remote full-time position focused on delivering high-quality design work."
Intern UI Designer,Design,Sketch; Prototyping; Design Systems; HTML; Color Theory; Typography,Intern,"Internship · Remote. We are hiring a Intern UI Designer for our Startup team. The ideal candidate has 0-1 years of experience and is proficient in Sketch, Prototyping, Design Systems, HTML, Color Theory, Typography. This is a remote internship position focused on delivering high-quality design work."
Junior Product Designer,Design,Prototyping; Figma; Wireframing; Design Systems; UX Design,Junior,"Full-time · Hybrid. We are hiring a Junior Product Designer for our Healthcare team. The ideal candidate has 1-3 years of experience and is proficient in Prototyping, Figma, Wireframing, Design Systems, UX Design. This is a hybrid full-time position focused on delivering high-quality design work."
Mid-level UI Designer,Design,HTML; Design Systems; Adobe XD; Sketch; Prototyping; Wireframing; CSS,Mid-level,"Full-time · Remote. We are hiring a Mid-level UI Designer for our Startup team. The ideal candidate has 3-6 years of experience and is proficient in HTML, Design Systems, Adobe XD, Sketch, Prototyping, Wireframing, CSS. This is a remote full-time position focused on delivering high-quality design work."
Principal UX Designer,Design,Journey Mapping; Wireframing; Personas; Accessibility; Design Thinking; Prototyping,Principal,"Internship · Remote. We are hiring a Principal UX Designer for our E-commerce team. The ideal candidate has 12-20 years of experience and is proficient in Journey Mapping, Wireframing, Personas, Accessibility, Design Thinking, Prototyping. This is a remote internship position focused on delivering high-quality design work."
Mid-level Graphic Designer,Design,Creativity; Print Design; Photoshop; Adobe XD; Color Theory; Branding,Mid-level,"Contract · Remote. We are hiring a Mid-level Graphic Designer for our Startup team. The ideal candidate has 3-6 years of experience and is proficient in Creativity, Print Design, Photoshop, Adobe XD, Color Theory, Branding. This is a remote contract position focused on delivering high-quality design work."
Principal Graphic Designer,Design,InDesign; Adobe XD; Creativity; Illustrator; Color Theory,Principal,"Full-time · Remote. We are hiring a Principal Graphic Designer for our Healthcare team. The ideal candidate has 12-20 years of experience and is proficient in InDesign, Adobe XD, Creativity, Illustrator, Color Theory. This is a remote full-time position focused on delivering high-quality design work."
Principal Graphic Designer,Design,Typography; InDesign; Adobe XD; Illustrator; Layout Design; Print Design; Branding,Principal,"Internship · On-site. We are hiring a Principal Graphic Designer for our Startup team. The ideal candidate has 12-20 years of experience and is proficient in Typography, InDesign, Adobe XD, Illustrator, Layout Design, Print Design, Branding. This is a on-site internship position focused on delivering high-quality design work."
Lead Interaction Designer,Design,Usability Testing; Wireframing; Figma; Motion Design; Prototyping; UX Design,Lead,"Contract · Remote. We are hiring a Lead Interaction Designer for our E-commerce team. The ideal candidate has 8-14 years of experience and is proficient in Usability Testing, Wireframing, Figma, Motion Design, Prototyping, UX Design. This is a remote contract position focused on delivering high-quality design work."
Junior UI Designer,Design,Adobe XD; Design Systems; Figma; Sketch; CSS,Junior,"Full-time · Remote. We are hiring a Junior UI Designer for our Healthcare team. The ideal candidate has 1-3 years of experience and is proficient in Adobe XD, Design Systems, Figma, Sketch, CSS. This is a remote full-time position focused on delivering high-quality design work."
Principal Interaction Designer,Design,Usability Testing; Wireframing; User Research; Design Systems; Motion Design,Principal,"Contract · On-site. We are hiring a Principal Interaction Designer for our E-commerce team. The ideal candidate has 12-20 years of experience and is proficient in Usability Testing, Wireframing, User Research, Design Systems, Motion Design. This is a on-site contract position focused on delivering high-quality design work."
Principal UI Designer,Design,CSS; Figma; Color Theory; Wireframing; Design Systems; Adobe XD,Principal,"Internship · Remote. We are hiring a Principal UI Designer for our EdTech team. The ideal candidate has 12-20 years of experience and is proficient in CSS, Figma, Color Theory, Wireframing, Design Systems, Adobe XD. This is a remote internship position focused on delivering high-quality design work."
Principal Product Designer,Design,Prototyping; Usability Testing; Sketch; Figma; Wireframing,Principal,"Full-time · On-site. We are hiring a Principal Product Designer for our E-commerce team. The ideal candidate has 12-20 years of experience and is proficient in Prototyping, Usability Testing, Sketch, Figma, Wireframing. This is a on-site full-time position focused on delivering high-quality design work."
Senior Interaction Designer,Design,Prototyping; Wireframing; Figma; Usability Testing; UX Design; User Research,Senior,"Contract · Remote. We are hiring a Senior Interaction Designer for our SaaS team. The ideal candidate has 6-10 years of experience and is proficient in Prototyping, Wireframing, Figma, Usability Testing, UX Design, User Research. This is a remote contract position focused on delivering high-quality design work."
Mid-level Graphic Designer,Design,Branding; Creativity; Photoshop; Print Design; Layout Design,Mid-level,"Full-time · Remote. We are hiring a Mid-level Graphic Designer for our EdTech team. The ideal candidate has 3-6 years of experience and is proficient in Branding, Creativity, Photoshop, Print Design, Layout Design. This is a remote full-time position focused on delivering high-quality design work."
Senior Graphic Designer,Design,Print Design; Layout Design; Creativity; Adobe XD; Illustrator,Senior,"Internship · Hybrid. We are hiring a Senior Graphic Designer for our SaaS team. The ideal candidate has 6-10 years of experience and is proficient in Print Design, Layout Design, Creativity, Adobe XD, Illustrator. This is a hybrid internship position focused on delivering high-quality design work."
Junior UX Designer,Design,User Research; Design Thinking; Figma; Accessibility; Prototyping,Junior,"Contract · Remote. We are hiring a Junior UX Designer for our Healthcare team. The ideal candidate has 1-3 years of experience and is proficient in User Research, Design Thinking, Figma, Accessibility, Prototyping. This is a remote contract position focused on delivering high-quality design work."
Principal Interaction Designer,Design,Figma; Wireframing; User Research; Interaction Design; Motion Design; Prototyping; Usability Testing,Principal,"Internship · Hybrid. We are hiring a Principal Interaction Designer for our EdTech team. The ideal candidate has 12-20 years of experience and is proficient in Figma, Wireframing, User Research, Interaction Design, Motion Design, Prototyping, Usability Testing. This is a hybrid internship position focused on delivering high-quality design work."
Mid-level Graphic Designer,Design,Illustrator; Typography; Layout Design; Creativity; InDesign; Branding; Color Theory,Mid-level,"Contract · On-site. We are hiring a Mid-level Graphic Designer for our Enterprise team. The ideal candidate has 3-6 years of experience and is proficient in Illustrator, Typography, Layout Design, Creativity, InDesign, Branding, Color Theory. This is a on-site contract position focused on delivering high-quality design work."
Junior UI Designer,Design,CSS; HTML; Wireframing; Color Theory; Sketch,Junior,"Full-time · Hybrid. We are hiring a Junior UI Designer for our SaaS team. The ideal candidate has 1-3 years of experience and is proficient in CSS, HTML, Wireframing, Color Theory, Sketch. This is a hybrid full-time position focused on delivering high-quality design work."
Mid-level Graphic Designer,Design,Photoshop; Adobe XD; Creativity; InDesign; Layout Design,Mid-level,"Full-time · On-site. We are hiring a Mid-level Graphic Designer for our SaaS team. The ideal candidate has 3-6 years of experience and is proficient in Photoshop, Adobe XD, Creativity, InDesign, Layout Design. This is a on-site full-time position focused on delivering high-quality design work."
Senior Product Designer,Design,Prototyping; UI Design; Usability Testing; Interaction Design; Sketch,Senior,"Internship · On-site. We are hiring a Senior Product Designer for our Enterprise team. The ideal candidate has 6-10 years of experience and is proficient in Prototyping, UI Design, Usability Testing, Interaction Design, Sketch. This is a on-site internship position focused on delivering high-quality design work."
Mid-level UI Designer,Design,Adobe XD; HTML; Design Systems; CSS; Color Theory,Mid-level,"Contract · On-site. We are hiring a Mid-level UI Designer for our Healthcare team. The ideal candidate has 3-6 years of experience and is proficient in Adobe XD, HTML, Design Systems, CSS, Color Theory. This is a on-site contract position focused on delivering high-quality design work."
Lead Product Designer,Design,Design Systems; Figma; Prototyping; User Research; Interaction Design,Lead,"Internship · On-site. We are hiring a Lead Product Designer for our Gaming team. The ideal candidate has 8-14 years of experience and is proficient in Design Systems, Figma, Prototyping, User Research, Interaction Design. This is a on-site internship position focused on delivering high-quality design work."
Senior Interaction Designer,Design,Usability Testing; Wireframing; User Research; Design Systems; Motion Design; Prototyping,Senior,"Full-time · On-site. We are hiring a Senior Interaction Designer for our EdTech team. The ideal candidate has 6-10 years of experience and is proficient in Usability Testing, Wireframing, User Research, Design Systems, Motion Design, Prototyping. This is a on-site full-time position focused on delivering high-quality design work."
Principal Interaction Designer,Design,Wireframing; Motion Design; Prototyping; UX Design; Design Systems; User Research,Principal,"Internship · On-site. We are hiring a Principal Interaction Designer for our EdTech team. The ideal candidate has 12-20 years of experience and is proficient in Wireframing, Motion Design, Prototyping, UX Design, Design Systems, User Research. This is a on-site internship position focused on delivering high-quality design work."
Principal Graphic Designer,Design,Layout Design; InDesign; Print Design; Creativity; Illustrator; Photoshop,Principal,"Full-time · Hybrid. We are hiring a Principal Graphic Designer for our E-commerce team. The ideal candidate has 12-20 years of experience and is proficient in Layout Design, InDesign, Print Design, Creativity, Illustrator, Photoshop. This is a hybrid full-time position focused on delivering high-quality design work."
Lead Interaction Designer,Design,Usability Testing; UX Design; Interaction Design; Design Systems; Motion Design; Figma; After Effects,Lead,"Contract · Hybrid. We are hiring a Lead Interaction Designer for our Gaming team. The ideal candidate has 8-14 years of experience and is proficient in Usability Testing, UX Design, Interaction Design, Design Systems, Motion Design, Figma, After Effects. This is a hybrid contract position focused on delivering high-quality design work."
Mid-level Interaction Designer,Design,UX Design; Usability Testing; Figma; Interaction Design; After Effects,Mid-level,"Full-time · Hybrid. We are hiring a Mid-level Interaction Designer for our E-commerce team. The ideal candidate has 3-6 years of experience and is proficient in UX Design, Usability Testing, Figma, Interaction Design, After Effects. This is a hybrid full-time position focused on delivering high-quality design work."
Intern Interaction Designer,Design,Interaction Design; User Research; Usability Testing; Wireframing; Design Systems,Intern,"Internship · Hybrid. We are hiring a Intern Interaction Designer for our Enterprise team. The ideal candidate has 0-1 years of experience and is proficient in Interaction Design, User Research, Usability Testing, Wireframing, Design Systems. This is a hybrid internship position focused on delivering high-quality design work."
Junior UX Designer,Design,Figma; Wireframing; Personas; User Research; Information Architecture,Junior,"Contract · On-site. We are hiring a Junior UX Designer for our Healthcare team. The ideal candidate has 1-3 years of experience and is proficient in Figma, Wireframing, Personas, User Research, Information Architecture. This is a on-site contract position focused on delivering high-quality design work."
Principal Graphic Designer,Design,InDesign; Illustrator; Photoshop; Layout Design; Creativity; Adobe XD,Principal,"Contract · Remote. We are hiring a Principal Graphic Designer for our Fintech team. The ideal candidate has 12-20 years of experience and is proficient in InDesign, Illustrator, Photoshop, Layout Design, Creativity, Adobe XD. This is a remote contract position focused on delivering high-quality design work."
Junior UX Designer,Design,Design Thinking; Information Architecture; Wireframing; User Research; Figma; Journey Mapping,Junior,"Contract · Hybrid. We are hiring a Junior UX Designer for our EdTech team. The ideal candidate has 1-3 years of experience and is proficient in Design Thinking, Information Architecture, Wireframing, User Research, Figma, Journey Mapping. This is a hybrid contract position focused on delivering high-quality design work."
Principal Product Designer,Design,Usability Testing; UI Design; User Research; Sketch; Wireframing; Prototyping; UX Design,Principal,"Contract · Hybrid. We are hiring a Principal Product Designer for our EdTech team. The ideal candidate has 12-20 years of experience and is proficient in Usability Testing, UI Design, User Research, Sketch, Wireframing, Prototyping, UX Design. This is a hybrid contract position focused on delivering high-quality design work."
Intern UI Designer,Design,Sketch; Wireframing; Figma; Typography; Prototyping; Adobe XD,Intern,"Contract · On-site. We are hiring a Intern UI Designer for our E-commerce team. The ideal candidate has 0-1 years of experience and is proficient in Sketch, Wireframing, Figma, Typography, Prototyping, Adobe XD. This is a on-site contract position focused on delivering high-quality design work."
Lead UX Designer,Design,Wireframing; Prototyping; Figma; User Research; Journey Mapping; Information Architecture,Lead,"Internship · Remote. We are hiring a Lead UX Designer for our Startup team. The ideal candidate has 8-14 years of experience and is proficient in Wireframing, Prototyping, Figma, User Research, Journey Mapping, Information Architecture. This is a remote internship position focused on delivering high-quality design work."
Senior Interaction Designer,Design,Wireframing; UX Design; Usability Testing; Prototyping; Design Systems; After Effects; User Research,Senior,"Internship · On-site. We are hiring a Senior Interaction Designer for our EdTech team. The ideal candidate has 6-10 years of experience and is proficient in Wireframing, UX Design, Usability Testing, Prototyping, Design Systems, After Effects, User Research. This is a on-site internship position focused on delivering high-quality design work."
Intern Graphic Designer,Design,Branding; Photoshop; Color Theory; Creativity; Print Design,Intern,"Contract · Hybrid. We are hiring a Intern Graphic Designer for our EdTech team. The ideal candidate has 0-1 years of experience and is proficient in Branding, Photoshop, Color Theory, Creativity, Print Design. This is a hybrid contract position focused on delivering high-quality design work."
Lead Graphic Designer,Design,Typography; Color Theory; Adobe XD; Layout Design; InDesign; Photoshop,Lead,"Contract · Remote. We are hiring a Lead Graphic Designer for our Gaming team. The ideal candidate has 8-14 years of experience and is proficient in Typography, Color Theory, Adobe XD, Layout Design, InDesign, Photoshop. This is a remote contract position focused on delivering high-quality design work."
Intern Product Designer,Design,Prototyping; UX Design; Wireframing; Usability Testing; Interaction Design; Figma; Sketch,Intern,"Contract · On-site. We are hiring a Intern Product Designer for our EdTech team. The ideal candidate has 0-1 years of experience and is proficient in Prototyping, UX Design, Wireframing, Usability Testing, Interaction Design, Figma, Sketch. This is a on-site contract position focused on delivering high-quality design work."
Mid-level UX Designer,Design,Information Architecture; User Research; Journey Mapping; Design Thinking; Figma; Usability Testing; Personas,Mid-level,"Full-time · On-site. We are hiring a Mid-level UX Designer for our Healthcare team. The ideal candidate has 3-6 years of experience and is proficient in Information Architecture, User Research, Journey Mapping, Design Thinking, Figma, Usability Testing, Personas. This is a on-site full-time position focused on delivering high-quality design work."
Junior Product Designer,Design,UX Design; Sketch; Design Systems; Wireframing; Usability Testing,Junior,"Internship · Hybrid. We are hiring a Junior Product Designer for our Fintech team. The ideal candidate has 1-3 years of experience and is proficient in UX Design, Sketch, Design Systems, Wireframing, Usability Testing. This is a hybrid internship position focused on delivering high-quality design work."
Junior Graphic Designer,Design,Layout Design; Photoshop; Creativity; InDesign; Adobe XD; Branding,Junior,"Contract · On-site. We are hiring a Junior Graphic Designer for our EdTech team. The ideal candidate has 1-3 years of experience and is proficient in Layout Design, Photoshop, Creativity, InDesign, Adobe XD, Branding. This is a on-site contract position focused on delivering high-quality design work."
Lead UI Designer,Design,Adobe XD; Prototyping; CSS; Color Theory; Figma,Lead,"Internship · Hybrid. We are hiring a Lead UI Designer for our SaaS team. The ideal candidate has 8-14 years of experience and is proficient in Adobe XD, Prototyping, CSS, Color Theory, Figma. This is a hybrid internship position focused on delivering high-quality design work."
Lead Interaction Designer,Design,Motion Design; Usability Testing; After Effects; User Research; Interaction Design; Design Systems,Lead,"Internship · On-site. We are hiring a Lead Interaction Designer for our Startup team. The ideal candidate has 8-14 years of experience and is proficient in Motion Design, Usability Testing, After Effects, User Research, Interaction Design, Design Systems. This is a on-site internship position focused on delivering high-quality design work."
Lead Product Designer,Design,Prototyping; UI Design; User Research; Usability Testing; Interaction Design; UX Design,Lead,"Full-time · On-site. We are hiring a Lead Product Designer for our SaaS team. The ideal candidate has 8-14 years of experience and is proficient in Prototyping, UI Design, User Research, Usability Testing, Interaction Design, UX Design. This is a on-site full-time position focused on delivering high-quality design work."
Lead Graphic Designer,Design,Branding; Illustrator; Photoshop; Adobe XD; InDesign,Lead,"Contract · On-site. We are hiring a Lead Graphic Designer for our E-commerce team. The ideal candidate has 8-14 years of experience and is proficient in Branding, Illustrator, Photoshop, Adobe XD, InDesign. This is a on-site contract position focused on delivering high-quality design work."
Lead Interaction Designer,Design,Usability Testing; Interaction Design; User Research; Motion Design; Figma,Lead,"Internship · On-site. We are hiring a Lead Interaction Designer for our Healthcare team. The ideal candidate has 8-14 years of experience and is proficient in Usability Testing, Interaction Design, User Research, Motion Design, Figma. This is a on-site internship position focused on delivering high-quality design work."
Junior UX Designer,Design,Wireframing; User Research; Design Thinking; Prototyping; Usability Testing; Journey Mapping; Figma,Junior,"Full-time · Remote. We are hiring a Junior UX Designer for our Healthcare team. The ideal candidate has 1-3 years of experience and is proficient in Wireframing, User Research, Design Thinking, Prototyping, Usability Testing, Journey Mapping, Figma. This is a remote full-time position focused on delivering high-quality design work."
Mid-level Graphic Designer,Design,Adobe XD; Color Theory; InDesign; Illustrator; Print Design; Creativity; Photoshop,Mid-level,"Internship · Hybrid. We are hiring a Mid-level Graphic Designer for our Enterprise team. The ideal candidate has 3-6 years of experience and is proficient in Adobe XD, Color Theory, InDesign, Illustrator, Print Design, Creativity, Photoshop. This is a hybrid internship position focused on delivering high-quality design work."
Principal Interaction Designer,Design,User Research; Wireframing; Figma; Prototyping; Design Systems; UX Design; Motion Design,Principal,"Internship · Remote. We are hiring a Principal Interaction Designer for our Healthcare team. The ideal candidate has 12-20 years of experience and is proficient in User Research, Wireframing, Figma, Prototyping, Design Systems, UX Design, Motion Design. This is a remote internship position focused on delivering high-quality design work."
Intern UX Designer,Design,Personas; Wireframing; Usability Testing; Design Thinking; Journey Mapping,Intern,"Full-time · Remote. We are hiring a Intern UX Designer for our Enterprise team. The ideal candidate has 0-1 years of experience and is proficient in Personas, Wireframing, Usability Testing, Design Thinking, Journey Mapping. This is a remote full-time position focused on delivering high-quality design work."
Intern UX Designer,Design,Figma; Usability Testing; Wireframing; Accessibility; Design Thinking,Intern,"Contract · Hybrid. We are hiring a Intern UX Designer for our Enterprise team. The ideal candidate has 0-1 years of experience and is proficient in Figma, Usability Testing, Wireframing, Accessibility, Design Thinking. This is a hybrid contract position focused on delivering high-quality design work."
Senior Product Designer,Design,Sketch; UI Design; Prototyping; Interaction Design; UX Design; Wireframing; Figma,Senior,"Full-time · Hybrid. We are hiring a Senior Product Designer for our EdTech team. The ideal candidate has 6-10 years of experience and is proficient in Sketch, UI Design, Prototyping, Interaction Design, UX Design, Wireframing, Figma. This is a hybrid full-time position focused on delivering high-quality design work."
Mid-level Graphic Designer,Design,Branding; Illustrator; Typography; Adobe XD; Layout Design; InDesign,Mid-level,"Contract · On-site. We are hiring a Mid-level Graphic Designer for our E-commerce team. The ideal candidate has 3-6 years of experience and is proficient in Branding, Illustrator, Typography, Adobe XD, Layout Design, InDesign. This is a on-site contract position focused on delivering high-quality design work."
Junior Interaction Designer,Design,UX Design; After Effects; Usability Testing; User Research; Motion Design; Figma; Design Systems,Junior,"Full-time · Remote. We are hiring a Junior Interaction Designer for our EdTech team. The ideal candidate has 1-3 years of experience and is proficient in UX Design, After Effects, Usability Testing, User Research, Motion Design, Figma, Design Systems. This is a remote full-time position focused on delivering high-quality design work."
Mid-level UI Designer,Design,Design Systems; Color Theory; Prototyping; Typography; Adobe XD; Figma,Mid-level,"Contract · Remote. We are hiring a Mid-level UI Designer for our Startup team. The ideal candidate has 3-6 years of experience and is proficient in Design Systems, Color Theory, Prototyping, Typography, Adobe XD, Figma. This is a remote contract position focused on delivering high-quality design work."
Lead UX Designer,Design,Journey Mapping; Personas; User Research; Figma; Information Architecture; Prototyping; Design Thinking,Lead,"Full-time · On-site. We are hiring a Lead UX Designer for our EdTech team. The ideal candidate has 8-14 years of experience and is proficient in Journey Mapping, Personas, User Research, Figma, Information Architecture, Prototyping, Design Thinking. This is a on-site full-time position focused on delivering high-quality design work."
Junior Product Designer,Design,Wireframing; Usability Testing; Sketch; Interaction Design; Prototyping,Junior,"Internship · Remote. We are hiring a Junior Product Designer for our Healthcare team. The ideal candidate has 1-3 years of experience and is proficient in Wireframing, Usability Testing, Sketch, Interaction Design, Prototyping. This is a remote internship position focused on delivering high-quality design work."
Junior UI Designer,Design,Prototyping; Sketch; Adobe XD; Color Theory; HTML; Typography; Figma,Junior,"Contract · On-site. We are hiring a Junior UI Designer for our Fintech team. The ideal candidate has 1-3 years of experience and is proficient in Prototyping, Sketch, Adobe XD, Color Theory, HTML, Typography, Figma. This is a on-site contract position focused on delivering high-quality design work."
Lead UX Designer,Design,User Research; Accessibility; Wireframing; Information Architecture; Personas; Usability Testing; Design Thinking,Lead,"Full-time · Remote. We are hiring a Lead UX Designer for our Gaming team. The ideal candidate has 8-14 years of experience and is proficient in User Research, Accessibility, Wireframing, Information Architecture, Personas, Usability Testing, Design Thinking. This is a remote full-time position focused on delivering high-quality design work."
Intern Graphic Designer,Design,Illustrator; Color Theory; Print Design; Branding; InDesign,Intern,"Internship · Remote. We are hiring a Intern Graphic Designer for our Healthcare team. The ideal candidate has 0-1 years of experience and is proficient in Illustrator, Color Theory, Print Design, Branding, InDesign. This is a remote internship position focused on delivering high-quality design work."
Mid-level Graphic Designer,Design,Illustrator; Typography; InDesign; Color Theory; Photoshop,Mid-level,"Contract · Hybrid. We are hiring a Mid-level Graphic Designer for our Healthcare team. The ideal candidate has 3-6 years of experience and is proficient in Illustrator, Typography, InDesign, Color Theory, Photoshop. This is a hybrid contract position focused on delivering high-quality design work."
Mid-level Product Designer,Design,User Research; Design Systems; Sketch; Figma; Usability Testing; UI Design,Mid-level,"Full-time · Remote. We are hiring a Mid-level Product Designer for our Healthcare team. The ideal candidate has 3-6 years of experience and is proficient in User Research, Design Systems, Sketch, Figma, Usability Testing, UI Design. This is a remote full-time position focused on delivering high-quality design work."
Junior UI Designer,Design,Wireframing; Prototyping; Typography; Design Systems; Adobe XD; Color Theory; Sketch,Junior,"Contract · Remote. We are hiring a Junior UI Designer for our EdTech team. The ideal candidate has 1-3 years of experience and is proficient in Wireframing, Prototyping, Typography, Design Systems, Adobe XD, Color Theory, Sketch. This is a remote contract position focused on delivering high-quality design work."
Junior Graphic Designer,Design,Illustrator; Branding; Color Theory; Creativity; InDesign,Junior,"Contract · Remote. We are hiring a Junior Graphic Designer for our SaaS team. The ideal candidate has 1-3 years of experience and is proficient in Illustrator, Branding, Color Theory, Creativity, InDesign. This is a remote contract position focused on delivering high-quality design work."
Senior Graphic Designer,Design,Photoshop; Illustrator; Layout Design; InDesign; Creativity; Print Design; Branding,Senior,"Contract · On-site. We are hiring a Senior Graphic Designer for our Healthcare team. The ideal candidate has 6-10 years of experience and is proficient in Photoshop, Illustrator, Layout Design, InDesign, Creativity, Print Design, Branding. This is a on-site contract position focused on delivering high-quality design work."
Senior Graphic Designer,Design,Branding; Color Theory; InDesign; Layout Design; Adobe XD; Illustrator,Senior,"Internship · On-site. We are hiring a Senior Graphic Designer for our SaaS team. The ideal candidate has 6-10 years of experience and is proficient in Branding, Color Theory, InDesign, Layout Design, Adobe XD, Illustrator. This is a on-site internship position focused on delivering high-quality design work."
Intern Interaction Designer,Design,UX Design; Interaction Design; After Effects; Wireframing; Design Systems; Motion Design; Usability Testing,Intern,"Full-time · Remote. We are hiring a Intern Interaction Designer for our Healthcare team. The ideal candidate has 0-1 years of experience and is proficient in UX Design, Interaction Design, After Effects, Wireframing, Design Systems, Motion Design, Usability Testing. This is a remote full-time position focused on delivering high-quality design work."
Intern UI Designer,Design,HTML; Color Theory; CSS; Design Systems; Adobe XD,Intern,"Contract · Hybrid. We are hiring a Intern UI Designer for our Gaming team. The ideal candidate has 0-1 years of experience and is proficient in HTML, Color Theory, CSS, Design Systems, Adobe XD. This is a hybrid contract position focused on delivering high-quality design work."
Junior Interaction Designer,Design,Motion Design; Interaction Design; Wireframing; User Research; Design Systems,Junior,"Internship · Hybrid. We are hiring a Junior Interaction Designer for our EdTech team. The ideal candidate has 1-3 years of experience and is proficient in Motion Design, Interaction Design, Wireframing, User Research, Design Systems. This is a hybrid internship position focused on delivering high-quality design work."
Senior Interaction Designer,Design,Usability Testing; Interaction Design; Motion Design; Figma; Wireframing; After Effects; Design Systems,Senior,"Full-time · Hybrid. We are hiring a Senior Interaction Designer for our Healthcare team. The ideal candidate has 6-10 years of experience and is proficient in Usability Testing, Interaction Design, Motion Design, Figma, Wireframing, After Effects, Design Systems. This is a hybrid full-time position focused on delivering high-quality design work."
Senior UX Designer,Design,Journey Mapping; Design Thinking; Wireframing; Figma; Information Architecture; Usability Testing,Senior,"Internship · Remote. We are hiring a Senior UX Designer for our Fintech team. The ideal candidate has 6-10 years of experience and is proficient in Journey Mapping, Design Thinking, Wireframing, Figma, Information Architecture, Usability Testing. This is a remote internship position focused on delivering high-quality design work."
Mid-level Interaction Designer,Design,Motion Design; After Effects; Interaction Design; Wireframing; UX Design; Usability Testing,Mid-level,"Internship · Hybrid. We are hiring a Mid-level Interaction Designer for our Gaming team. The ideal candidate has 3-6 years of experience and is proficient in Motion Design, After Effects, Interaction Design, Wireframing, UX Design, Usability Testing. This is a hybrid internship position focused on delivering high-quality design work."
Intern Product Designer,Design,Interaction Design; UX Design; Figma; Usability Testing; Sketch,Intern,"Internship · Hybrid. We are hiring a Intern Product Designer for our Gaming team. The ideal candidate has 0-1 years of experience and is proficient in Interaction Design, UX Design, Figma, Usability Testing, Sketch. This is a hybrid internship position focused on delivering high-quality design work."
Junior Product Designer,Design,Sketch; Interaction Design; Figma; Prototyping; UX Design; Design Systems; Usability Testing,Junior,"Contract · On-site. We are hiring a Junior Product Designer for our Healthcare team. The ideal candidate has 1-3 years of experience and is proficient in Sketch, Interaction Design, Figma, Prototyping, UX Design, Design Systems, Usability Testing. This is a on-site contract position focused on delivering high-quality design work."
Principal UX Designer,Design,Journey Mapping; Information Architecture; User Research; Usability Testing; Prototyping; Wireframing,Principal,"Full-time · Remote. We are hiring a Principal UX Designer for our Enterprise team. The ideal candidate has 12-20 years of experience and is proficient in Journey Mapping, Information Architecture, User Research, Usability Testing, Prototyping, Wireframing. This is a remote full-time position focused on delivering high-quality design work."
Mid-level UX Designer,Design,Journey Mapping; Prototyping; Figma; Design Thinking; Information Architecture; Accessibility; Usability Testing,Mid-level,"Internship · On-site. We are hiring a Mid-level UX Designer for our Healthcare team. The ideal candidate has 3-6 years of experience and is proficient in Journey Mapping, Prototyping, Figma, Design Thinking, Information Architecture, Accessibility, Usability Testing. This is a on-site internship position focused on delivering high-quality design work."
Senior UI Designer,Design,Wireframing; Color Theory; Prototyping; Adobe XD; Sketch; CSS; Figma,Senior,"Contract · Hybrid. We are hiring a Senior UI Designer for our SaaS team. The ideal candidate has 6-10 years of experience and is proficient in Wireframing, Color Theory, Prototyping, Adobe XD, Sketch, CSS, Figma. This is a hybrid contract position focused on delivering high-quality design work."
Intern Graphic Designer,Design,Photoshop; Branding; Print Design; InDesign; Adobe XD,Intern,"Contract · Hybrid. We are hiring a Intern Graphic Designer for our Fintech team. The ideal candidate has 0-1 years of experience and is proficient in Photoshop, Branding, Print Design, InDesign, Adobe XD. This is a hybrid contract position focused on delivering high-quality design work."
Intern UX Designer,Design,Personas; Wireframing; Prototyping; Design Thinking; Accessibility; Usability Testing; Journey Mapping,Intern,"Internship · Hybrid. We are hiring a Intern UX Designer for our Fintech team. The ideal candidate has 0-1 years of experience and is proficient in Personas, Wireframing, Prototyping, Design Thinking, Accessibility, Usability Testing, Journey Mapping. This is a hybrid internship position focused on delivering high-quality design work."
Principal Graphic Designer,Design,InDesign; Branding; Typography; Photoshop; Adobe XD,Principal,"Internship · On-site. We are hiring a Principal Graphic Designer for our Fintech team. The ideal candidate has 12-20 years of experience and is proficient in InDesign, Branding, Typography, Photoshop, Adobe XD. This is a on-site internship position focused on delivering high-quality design work."
Lead UX Designer,Design,Information Architecture; User Research; Figma; Accessibility; Wireframing; Design Thinking,Lead,"Internship · On-site. We are hiring a Lead UX Designer for our Fintech team. The ideal candidate has 8-14 years of experience and is proficient in Information Architecture, User Research, Figma, Accessibility, Wireframing, Design Thinking. This is a on-site internship position focused on delivering high-quality design work."
Principal UI Designer,Design,CSS; Design Systems; Wireframing; HTML; Prototyping; Color Theory; Sketch,Principal,"Contract · Hybrid. We are hiring a Principal UI Designer for our Gaming team. The ideal candidate has 12-20 years of experience and is proficient in CSS, Design Systems, Wireframing, HTML, Prototyping, Color Theory, Sketch. This is a hybrid contract position focused on delivering high-quality design work."
Senior Interaction Designer,Design,Figma; Interaction Design; After Effects; Motion Design; Usability Testing; UX Design; User Research,Senior,"Internship · Hybrid. We are hiring a Senior Interaction Designer for our Startup team. The ideal candidate has 6-10 years of experience and is proficient in Figma, Interaction Design, After Effects, Motion Design, Usability Testing, UX Design, User Research. This is a hybrid internship position focused on delivering high-quality design work."
Principal Product Designer,Design,Design Systems; Interaction Design; UI Design; Sketch; User Research; Prototyping; UX Design,Principal,"Full-time · Remote. We are hiring a Principal Product Designer for our E-commerce team. The ideal candidate has 12-20 years of experience and is proficient in Design Systems, Interaction Design, UI Design, Sketch, User Research, Prototyping, UX Design. This is a remote full-time position focused on delivering high-quality design work."
Lead UX Designer,Design,Personas; Design Thinking; Accessibility; Wireframing; User Research; Prototyping,Lead,"Full-time · On-site. We are hiring a Lead UX Designer for our Startup team. The ideal candidate has 8-14 years of experience and is proficient in Personas, Design Thinking, Accessibility, Wireframing, User Research, Prototyping. This is a on-site full-time position focused on delivering high-quality design work."
Lead UI Designer,Design,Prototyping; Design Systems; Typography; CSS; Sketch; Figma,Lead,"Internship · On-site. We are hiring a Lead UI Designer for our Startup team. The ideal candidate has 8-14 years of experience and is proficient in Prototyping, Design Systems, Typography, CSS, Sketch, Figma. This is a on-site internship position focused on delivering high-quality design work."
Principal UX Designer,Design,Prototyping; Information Architecture; User Research; Figma; Journey Mapping,Principal,"Full-time · On-site. We are hiring a Principal UX Designer for our Fintech team. The ideal candidate has 12-20 years of experience and is proficient in Prototyping, Information Architecture, User Research, Figma, Journey Mapping. This is a on-site full-time position focused on delivering high-quality design work."
Principal UI Designer,Design,Sketch; Wireframing; Adobe XD; HTML; Color Theory; Design Systems,Principal,"Contract · Hybrid. We are hiring a Principal UI Designer for our EdTech team. The ideal candidate has 12-20 years of experience and is proficient in Sketch, Wireframing, Adobe XD, HTML, Color Theory, Design Systems. This is a hybrid contract position focused on delivering high-quality design work."
Intern Graphic Designer,Design,Branding; Layout Design; Color Theory; Typography; Print Design; Photoshop,Intern,"Full-time · Hybrid. We are hiring a Intern Graphic Designer for our EdTech team. The ideal candidate has 0-1 years of experience and is proficient in Branding, Layout Design, Color Theory, Typography, Print Design, Photoshop. This is a hybrid full-time position focused on delivering high-quality design work."
Senior UX Designer,Design,Personas; Information Architecture; User Research; Wireframing; Prototyping; Design Thinking,Senior,"Internship · On-site. We are hiring a Senior UX Designer for our Healthcare team. The ideal candidate has 6-10 years of experience and is proficient in Personas, Information Architecture, User Research, Wireframing, Prototyping, Design Thinking. This is a on-site internship position focused on delivering high-quality design work."
Mid-level Graphic Designer,Design,Print Design; Branding; Creativity; Illustrator; Typography,Mid-level,"Full-time · Hybrid. We are hiring a Mid-level Graphic Designer for our Startup team. The ideal candidate has 3-6 years of experience and is proficient in Print Design, Branding, Creativity, Illustrator, Typography. This is a hybrid full-time position focused on delivering high-quality design work."
Senior Product Designer,Design,Usability Testing; Prototyping; UI Design; Wireframing; Sketch; Design Systems; UX Design,Senior,"Contract · Hybrid. We are hiring a Senior Product Designer for our SaaS team. The ideal candidate has 6-10 years of experience and is proficient in Usability Testing, Prototyping, UI Design, Wireframing, Sketch, Design Systems, UX Design. This is a hybrid contract position focused on delivering high-quality design work."
Lead Interaction Designer,Design,Usability Testing; Design Systems; Prototyping; User Research; Figma,Lead,"Internship · Remote. We are hiring a Lead Interaction Designer for our Enterprise team. The ideal candidate has 8-14 years of experience and is proficient in Usability Testing, Design Systems, Prototyping, User Research, Figma. This is a remote internship position focused on delivering high-quality design work."
Principal Interaction Designer,Design,Motion Design; Prototyping; User Research; Interaction Design; Usability Testing; Figma,Principal,"Internship · Hybrid. We are hiring a Principal Interaction Designer for our Startup team. The ideal candidate has 12-20 years of experience and is proficient in Motion Design, Prototyping, User Research, Interaction Design, Usability Testing, Figma. This is a hybrid internship position focused on delivering high-quality design work."
Principal Product Designer,Design,Wireframing; Figma; Interaction Design; User Research; Prototyping; Design Systems,Principal,"Contract · On-site. We are hiring a Principal Product Designer for our Gaming team. The ideal candidate has 12-20 years of experience and is proficient in Wireframing, Figma, Interaction Design, User Research, Prototyping, Design Systems. This is a on-site contract position focused on delivering high-quality design work."
Mid-level Product Designer,Design,Interaction Design; Wireframing; UI Design; User Research; Usability Testing; Figma,Mid-level,"Contract · Remote. We are hiring a Mid-level Product Designer for our Gaming team. The ideal candidate has 3-6 years of experience and is proficient in Interaction Design, Wireframing, UI Design, User Research, Usability Testing, Figma. This is a remote contract position focused on delivering high-quality design work."
Intern Graphic Designer,Design,Illustrator; Branding; Print Design; Color Theory; Layout Design; Photoshop,Intern,"Contract · Remote. We are hiring a Intern Graphic Designer for our Gaming team. The ideal candidate has 0-1 years of experience and is proficient in Illustrator, Branding, Print Design, Color Theory, Layout Design, Photoshop. This is a remote contract position focused on delivering high-quality design work."
Senior Product Designer,Design,Prototyping; User Research; Sketch; Wireframing; Usability Testing; Design Systems; Figma,Senior,"Internship · Remote. We are hiring a Senior Product Designer for our Startup team. The ideal candidate has 6-10 years of experience and is proficient in Prototyping, User Research, Sketch, Wireframing, Usability Testing, Design Systems, Figma. This is a remote internship position focused on delivering high-quality design work."
Lead Interaction Designer,Design,Figma; UX Design; Prototyping; Interaction Design; User Research; Wireframing,Lead,"Full-time · Remote. We are hiring a Lead Interaction Designer for our Enterprise team. The ideal candidate has 8-14 years of experience and is proficient in Figma, UX Design, Prototyping, Interaction Design, User Research, Wireframing. This is a remote full-time position focused on delivering high-quality design work."
Junior Interaction Designer,Design,Motion Design; User Research; Usability Testing; Prototyping; UX Design; Design Systems; Interaction Design,Junior,"Contract · Remote. We are hiring a Junior Interaction Designer for our Enterprise team. The ideal candidate has 1-3 years of experience and is proficient in Motion Design, User Research, Usability Testing, Prototyping, UX Design, Design Systems, Interaction Design. This is a remote contract position focused on delivering high-quality design work."
Senior Interaction Designer,Design,Design Systems; Motion Design; Wireframing; Figma; After Effects; Usability Testing,Senior,"Contract · Remote. We are hiring a Senior Interaction Designer for our E-commerce team. The ideal candidate has 6-10 years of experience and is proficient in Design Systems, Motion Design, Wireframing, Figma, After Effects, Usability Testing. This is a remote contract position focused on delivering high-quality design work."
Senior Product Designer,Design,Prototyping; UI Design; UX Design; Design Systems; Wireframing; Usability Testing; Figma,Senior,"Full-time · Remote. We are hiring a Senior Product Designer for our Startup team. The ideal candidate has 6-10 years of experience and is proficient in Prototyping, UI Design, UX Design, Design Systems, Wireframing, Usability Testing, Figma. This is a remote full-time position focused on delivering high-quality design work."
Junior UX Designer,Design,Journey Mapping; Design Thinking; Prototyping; User Research; Personas; Figma; Usability Testing,Junior,"Full-time · Hybrid. We are hiring a Junior UX Designer for our Gaming team. The ideal candidate has 1-3 years of experience and is proficient in Journey Mapping, Design Thinking, Prototyping, User Research, Personas, Figma, Usability Testing. This is a hybrid full-time position focused on delivering high-quality design work."
Intern UX Designer,Design,Design Thinking; Personas; User Research; Wireframing; Journey Mapping; Information Architecture; Usability Testing,Intern,"Full-time · Hybrid. We are hiring a Intern UX Designer for our SaaS team. The ideal candidate has 0-1 years of experience and is proficient in Design Thinking, Personas, User Research, Wireframing, Journey Mapping, Information Architecture, Usability Testing. This is a hybrid full-time position focused on delivering high-quality design work."
Mid-level Interaction Designer,Design,Motion Design; User Research; Wireframing; Interaction Design; Usability Testing,Mid-level,"Full-time · On-site. We are hiring a Mid-level Interaction Designer for our Healthcare team. The ideal candidate has 3-6 years of experience and is proficient in Motion Design, User Research, Wireframing, Interaction Design, Usability Testing. This is a on-site full-time position focused on delivering high-quality design work."
Principal Graphic Designer,Design,Layout Design; Creativity; Adobe XD; Typography; Print Design; Branding; InDesign,Principal,"Full-time · Hybrid. We are hiring a Principal Graphic Designer for our SaaS team. The ideal candidate has 12-20 years of experience and is proficient in Layout Design, Creativity, Adobe XD, Typography, Print Design, Branding, InDesign. This is a hybrid full-time position focused on delivering high-quality design work."
Mid-level Graphic Designer,Design,Typography; Photoshop; Layout Design; Branding; InDesign,Mid-level,"Internship · On-site. We are hiring a Mid-level Graphic Designer for our Gaming team. The ideal candidate has 3-6 years of experience and is proficient in Typography, Photoshop, Layout Design, Branding, InDesign. This is a on-site internship position focused on delivering high-quality design work."
Mid-level Product Designer,Design,User Research; Design Systems; Usability Testing; Interaction Design; Sketch,Mid-level,"Internship · Hybrid. We are hiring a Mid-level Product Designer for our SaaS team. The ideal candidate has 3-6 years of experience and is proficient in User Research, Design Systems, Usability Testing, Interaction Design, Sketch. This is a hybrid internship position focused on delivering high-quality design work."
Lead UI Designer,Design,CSS; Prototyping; Design Systems; Sketch; HTML; Figma; Typography,Lead,"Contract · Remote. We are hiring a Lead UI Designer for our EdTech team. The ideal candidate has 8-14 years of experience and is proficient in CSS, Prototyping, Design Systems, Sketch, HTML, Figma, Typography. This is a remote contract position focused on delivering high-quality design work."
Junior Graphic Designer,Design,Typography; Photoshop; Adobe XD; Print Design; Creativity; Layout Design,Junior,"Full-time · Remote. We are hiring a Junior Graphic Designer for our SaaS team. The ideal candidate has 1-3 years of experience and is proficient in Typography, Photoshop, Adobe XD, Print Design, Creativity, Layout Design. This is a remote full-time position focused on delivering high-quality design work."
Lead Product Designer,Design,UI Design; Usability Testing; UX Design; Sketch; Design Systems,Lead,"Full-time · Hybrid. We are hiring a Lead Product Designer for our Enterprise team. The ideal candidate has 8-14 years of experience and is proficient in UI Design, Usability Testing, UX Design, Sketch, Design Systems. This is a hybrid full-time position focused on delivering high-quality design work."
Mid-level Interaction Designer,Design,After Effects; Interaction Design; User Research; Prototyping; Wireframing,Mid-level,"Internship · On-site. We are hiring a Mid-level Interaction Designer for our E-commerce team. The ideal candidate has 3-6 years of experience and is proficient in After Effects, Interaction Design, User Research, Prototyping, Wireframing. This is a on-site internship position focused on delivering high-quality design work."
Principal Graphic Designer,Design,InDesign; Color Theory; Print Design; Branding; Typography; Adobe XD; Creativity,Principal,"Full-time · Hybrid. We are hiring a Principal Graphic Designer for our Enterprise team. The ideal candidate has 12-20 years of experience and is proficient in InDesign, Color Theory, Print Design, Branding, Typography, Adobe XD, Creativity. This is a hybrid full-time position focused on delivering high-quality design work."
Lead Product Designer,Design,Interaction Design; Usability Testing; Prototyping; Figma; UI Design; Design Systems,Lead,"Contract · On-site. We are hiring a Lead Product Designer for our SaaS team. The ideal candidate has 8-14 years of experience and is proficient in Interaction Design, Usability Testing, Prototyping, Figma, UI Design, Design Systems. This is a on-site contract position focused on delivering high-quality design work."
Senior Interaction Designer,Design,Interaction Design; After Effects; Design Systems; User Research; Prototyping; Motion Design; Usability Testing,Senior,"Contract · Hybrid. We are hiring a Senior Interaction Designer for our Enterprise team. The ideal candidate has 6-10 years of experience and is proficient in Interaction Design, After Effects, Design Systems, User Research, Prototyping, Motion Design, Usability Testing. This is a hybrid contract position focused on delivering high-quality design work."
Principal UI Designer,Design,Design Systems; Wireframing; Adobe XD; Color Theory; Prototyping; CSS,Principal,"Internship · Hybrid. We are hiring a Principal UI Designer for our SaaS team. The ideal candidate has 12-20 years of experience and is proficient in Design Systems, Wireframing, Adobe XD, Color Theory, Prototyping, CSS. This is a hybrid internship position focused on delivering high-quality design work."
Principal Graphic Designer,Design,InDesign; Illustrator; Print Design; Typography; Creativity,Principal,"Internship · Remote. We are hiring a Principal Graphic Designer for our Healthcare team. The ideal candidate has 12-20 years of experience and is proficient in InDesign, Illustrator, Print Design, Typography, Creativity. This is a remote internship position focused on delivering high-quality design work."
Senior Graphic Designer,Design,Branding; Adobe XD; Illustrator; Layout Design; Color Theory; Photoshop,Senior,"Contract · On-site. We are hiring a Senior Graphic Designer for our Gaming team. The ideal candidate has 6-10 years of experience and is proficient in Branding, Adobe XD, Illustrator, Layout Design, Color Theory, Photoshop. This is a on-site contract position focused on delivering high-quality design work."
Principal Graphic Designer,Design,Branding; InDesign; Photoshop; Layout Design; Print Design; Typography,Principal,"Contract · On-site. We are hiring a Principal Graphic Designer for our E-commerce team. The ideal candidate has 12-20 years of experience and is proficient in Branding, InDesign, Photoshop, Layout Design, Print Design, Typography. This is a on-site contract position focused on delivering high-quality design work."
Lead UI Designer,Design,Sketch; Color Theory; Design Systems; Figma; CSS; Prototyping,Lead,"Internship · Remote. We are hiring a Lead UI Designer for our SaaS team. The ideal candidate has 8-14 years of experience and is proficient in Sketch, Color Theory, Design Systems, Figma, CSS, Prototyping. This is a remote internship position focused on delivering high-quality design work."
Intern Product Designer,Design,Sketch; User Research; Prototyping; Wireframing; Usability Testing; Figma,Intern,"Contract · On-site. We are hiring a Intern Product Designer for our Fintech team. The ideal candidate has 0-1 years of experience and is proficient in Sketch, User Research, Prototyping, Wireframing, Usability Testing, Figma. This is a on-site contract position focused on delivering high-quality design work."
Senior Graphic Designer,Design,Creativity; Layout Design; Illustrator; Color Theory; Print Design,Senior,"Full-time · Remote. We are hiring a Senior Graphic Designer for our Gaming team. The ideal candidate has 6-10 years of experience and is proficient in Creativity, Layout Design, Illustrator, Color Theory, Print Design. This is a remote full-time position focused on delivering high-quality design work."
Mid-level Graphic Designer,Design,Print Design; InDesign; Layout Design; Typography; Illustrator; Adobe XD,Mid-level,"Contract · Remote. We are hiring a Mid-level Graphic Designer for our E-commerce team. The ideal candidate has 3-6 years of experience and is proficient in Print Design, InDesign, Layout Design, Typography, Illustrator, Adobe XD. This is a remote contract position focused on delivering high-quality design work."
Intern UI Designer,Design,Color Theory; Typography; Wireframing; Design Systems; Adobe XD; Figma; CSS,Intern,"Contract · Remote. We are hiring a Intern UI Designer for our Gaming team. The ideal candidate has 0-1 years of experience and is proficient in Color Theory, Typography, Wireframing, Design Systems, Adobe XD, Figma, CSS. This is a remote contract position focused on delivering high-quality design work."
Senior Product Designer,Design,Wireframing; Sketch; User Research; Design Systems; Interaction Design,Senior,"Contract · Hybrid. We are hiring a Senior Product Designer for our E-commerce team. The ideal candidate has 6-10 years of experience and is proficient in Wireframing, Sketch, User Research, Design Systems, Interaction Design. This is a hybrid contract position focused on delivering high-quality design work."
Lead UI Designer,Design,Design Systems; Typography; Prototyping; Sketch; Wireframing; Color Theory; HTML,Lead,"Contract · Remote. We are hiring a Lead UI Designer for our Healthcare team. The ideal candidate has 8-14 years of experience and is proficient in Design Systems, Typography, Prototyping, Sketch, Wireframing, Color Theory, HTML. This is a remote contract position focused on delivering high-quality design work."
Mid-level UX Designer,Design,Information Architecture; Usability Testing; Accessibility; Figma; Personas; User Research; Journey Mapping,Mid-level,"Internship · On-site. We are hiring a Mid-level UX Designer for our Fintech team. The ideal candidate has 3-6 years of experience and is proficient in Information Architecture, Usability Testing, Accessibility, Figma, Personas, User Research, Journey Mapping. This is a on-site internship position focused on delivering high-quality design work."
Lead Graphic Designer,Design,Creativity; Typography; InDesign; Illustrator; Print Design; Adobe XD,Lead,"Internship · On-site. We are hiring a Lead Graphic Designer for our Fintech team. The ideal candidate has 8-14 years of experience and is proficient in Creativity, Typography, InDesign, Illustrator, Print Design, Adobe XD. This is a on-site internship position focused on delivering high-quality design work."
Lead Graphic Designer,Design,Creativity; Print Design; Typography; Layout Design; Photoshop; InDesign,Lead,"Contract · On-site. We are hiring a Lead Graphic Designer for our EdTech team. The ideal candidate has 8-14 years of experience and is proficient in Creativity, Print Design, Typography, Layout Design, Photoshop, InDesign. This is a on-site contract position focused on delivering high-quality design work."
Intern UX Designer,Design,Usability Testing; Information Architecture; Figma; Wireframing; Personas; Design Thinking; Journey Mapping,Intern,"Internship · Remote. We are hiring a Intern UX Designer for our SaaS team. The ideal candidate has 0-1 years of experience and is proficient in Usability Testing, Information Architecture, Figma, Wireframing, Personas, Design Thinking, Journey Mapping. This is a remote internship position focused on delivering high-quality design work."
Junior Interaction Designer,Design,Wireframing; Design Systems; UX Design; User Research; Prototyping,Junior,"Full-time · Hybrid. We are hiring a Junior Interaction Designer for our Startup team. The ideal candidate has 1-3 years of experience and is proficient in Wireframing, Design Systems, UX Design, User Research, Prototyping. This is a hybrid full-time position focused on delivering high-quality design work."
Mid-level UX Designer,Design,Accessibility; Usability Testing; Wireframing; Personas; User Research; Prototyping,Mid-level,"Internship · Remote. We are hiring a Mid-level UX Designer for our Enterprise team. The ideal candidate has 3-6 years of experience and is proficient in Accessibility, Usability Testing, Wireframing, Personas, User Research, Prototyping. This is a remote internship position focused on delivering high-quality design work."
Principal UI Designer,Design,CSS; HTML; Color Theory; Figma; Sketch; Prototyping; Wireframing,Principal,"Full-time · On-site. We are hiring a Principal UI Designer for our EdTech team. The ideal candidate has 12-20 years of experience and is proficient in CSS, HTML, Color Theory, Figma, Sketch, Prototyping, Wireframing. This is a on-site full-time position focused on delivering high-quality design work."
Intern Graphic Designer,Design,Print Design; Typography; InDesign; Photoshop; Creativity; Illustrator; Color Theory,Intern,"Internship · Remote. We are hiring a Intern Graphic Designer for our Enterprise team. The ideal candidate has 0-1 years of experience and is proficient in Print Design, Typography, InDesign, Photoshop, Creativity, Illustrator, Color Theory. This is a remote internship position focused on delivering high-quality design work."
Senior Graphic Designer,Design,Photoshop; Print Design; Typography; Illustrator; Branding; Color Theory; InDesign,Senior,"Full-time · Remote. We are hiring a Senior Graphic Designer for our E-commerce team. The ideal candidate has 6-10 years of experience and is proficient in Photoshop, Print Design, Typography, Illustrator, Branding, Color Theory, InDesign. This is a remote full-time position focused on delivering high-quality design work."
Intern Product Designer,Design,UI Design; Interaction Design; UX Design; Prototyping; Design Systems; User Research,Intern,"Internship · Remote. We are hiring a Intern Product Designer for our EdTech team. The ideal candidate has 0-1 years of experience and is proficient in UI Design, Interaction Design, UX Design, Prototyping, Design Systems, User Research. This is a remote internship position focused on delivering high-quality design work."
Intern UX Designer,Design,Design Thinking; Usability Testing; Journey Mapping; User Research; Figma; Wireframing,Intern,"Contract · Remote. We are hiring a Intern UX Designer for our EdTech team. The ideal candidate has 0-1 years of experience and is proficient in Design Thinking, Usability Testing, Journey Mapping, User Research, Figma, Wireframing. This is a remote contract position focused on delivering high-quality design work."
Principal UX Designer,Design,Journey Mapping; Personas; Usability Testing; Prototyping; Wireframing; Design Thinking,Principal,"Contract · Hybrid. We are hiring a Principal UX Designer for our SaaS team. The ideal candidate has 12-20 years of experience and is proficient in Journey Mapping, Personas, Usability Testing, Prototyping, Wireframing, Design Thinking. This is a hybrid contract position focused on delivering high-quality design work."
Senior UI Designer,Design,Typography; Figma; Wireframing; Prototyping; Adobe XD,Senior,"Full-time · Remote. We are hiring a Senior UI Designer for our Healthcare team. The ideal candidate has 6-10 years of experience and is proficient in Typography, Figma, Wireframing, Prototyping, Adobe XD. This is a remote full-time position focused on delivering high-quality design work."
Senior Product Designer,Design,Figma; Interaction Design; Design Systems; Sketch; Prototyping; User Research,Senior,"Internship · Hybrid. We are hiring a Senior Product Designer for our Gaming team. The ideal candidate has 6-10 years of experience and is proficient in Figma, Interaction Design, Design Systems, Sketch, Prototyping, User Research. This is a hybrid internship position focused on delivering high-quality design work."
Intern Graphic Designer,Design,Layout Design; Typography; Color Theory; InDesign; Illustrator; Adobe XD,Intern,"Internship · Remote. We are hiring a Intern Graphic Designer for our E-commerce team. The ideal candidate has 0-1 years of experience and is proficient in Layout Design, Typography, Color Theory, InDesign, Illustrator, Adobe XD. This is a remote internship position focused on delivering high-quality design work."
Senior UX Designer,Design,Wireframing; Personas; Prototyping; Journey Mapping; Figma; Information Architecture; Design Thinking,Senior,"Internship · Hybrid. We are hiring a Senior UX Designer for our E-commerce team. The ideal candidate has 6-10 years of experience and is proficient in Wireframing, Personas, Prototyping, Journey Mapping, Figma, Information Architecture, Design Thinking. This is a hybrid internship position focused on delivering high-quality design work."
Junior Interaction Designer,Design,Wireframing; Prototyping; Interaction Design; Design Systems; Motion Design,Junior,"Internship · Hybrid. We are hiring a Junior Interaction Designer for our Gaming team. The ideal candidate has 1-3 years of experience and is proficient in Wireframing, Prototyping, Interaction Design, Design Systems, Motion Design. This is a hybrid internship position focused on delivering high-quality design work."
Principal Product Designer,Design,Usability Testing; Design Systems; Sketch; Wireframing; Prototyping; Figma; Interaction Design,Principal,"Internship · Hybrid. We are hiring a Principal Product Designer for our Startup team. The ideal candidate has 12-20 years of experience and is proficient in Usability Testing, Design Systems, Sketch, Wireframing, Prototyping, Figma, Interaction Design. This is a hybrid internship position focused on delivering high-quality design work."
Senior UX Designer,Design,Journey Mapping; Information Architecture; Wireframing; Usability Testing; Design Thinking; Personas; Figma,Senior,"Full-time · On-site. We are hiring a Senior UX Designer for our Enterprise team. The ideal candidate has 6-10 years of experience and is proficient in Journey Mapping, Information Architecture, Wireframing, Usability Testing, Design Thinking, Personas, Figma. This is a on-site full-time position focused on delivering high-quality design work."
Junior Interaction Designer,Design,Prototyping; UX Design; Motion Design; Interaction Design; Usability Testing; User Research; Design Systems,Junior,"Internship · On-site. We are hiring a Junior Interaction Designer for our Gaming team. The ideal candidate has 1-3 years of experience and is proficient in Prototyping, UX Design, Motion Design, Interaction Design, Usability Testing, User Research, Design Systems. This is a on-site internship position focused on delivering high-quality design work."
Junior Product Designer,Design,UX Design; Usability Testing; Sketch; UI Design; Figma,Junior,"Internship · Remote. We are hiring a Junior Product Designer for our E-commerce team. The ideal candidate has 1-3 years of experience and is proficient in UX Design, Usability Testing, Sketch, UI Design, Figma. This is a remote internship position focused on delivering high-quality design work."
Lead Product Designer,Design,UI Design; Prototyping; Wireframing; Usability Testing; UX Design,Lead,"Contract · Hybrid. We are hiring a Lead Product Designer for our Fintech team. The ideal candidate has 8-14 years of experience and is proficient in UI Design, Prototyping, Wireframing, Usability Testing, UX Design. This is a hybrid contract position focused on delivering high-quality design work."
Junior Product Designer,Design,Prototyping; Sketch; User Research; Wireframing; UX Design; Figma,Junior,"Internship · On-site. We are hiring a Junior Product Designer for our Gaming team. The ideal candidate has 1-3 years of experience and is proficient in Prototyping, Sketch, User Research, Wireframing, UX Design, Figma. This is a on-site internship position focused on delivering high-quality design work."
Intern Graphic Designer,Design,Photoshop; Typography; InDesign; Layout Design; Creativity; Adobe XD; Color Theory,Intern,"Internship · Remote. We are hiring a Intern Graphic Designer for our Startup team. The ideal candidate has 0-1 years of experience and is proficient in Photoshop, Typography, InDesign, Layout Design, Creativity, Adobe XD, Color Theory. This is a remote internship position focused on delivering high-quality design work."
Senior Product Designer,Design,Design Systems; UX Design; Wireframing; User Research; Figma; Interaction Design,Senior,"Internship · On-site. We are hiring a Senior Product Designer for our Gaming team. The ideal candidate has 6-10 years of experience and is proficient in Design Systems, UX Design, Wireframing, User Research, Figma, Interaction Design. This is a on-site internship position focused on delivering high-quality design work."
Principal UI Designer,Design,Color Theory; Figma; Prototyping; CSS; Design Systems; HTML,Principal,"Full-time · Remote. We are hiring a Principal UI Designer for our E-commerce team. The ideal candidate has 12-20 years of experience and is proficient in Color Theory, Figma, Prototyping, CSS, Design Systems, HTML. This is a remote full-time position focused on delivering high-quality design work."
Senior UX Designer,Design,Prototyping; Figma; Wireframing; Usability Testing; Information Architecture; Journey Mapping,Senior,"Contract · On-site. We are hiring a Senior UX Designer for our Startup team. The ideal candidate has 6-10 years of experience and is proficient in Prototyping, Figma, Wireframing, Usability Testing, Information Architecture, Journey Mapping. This is a on-site contract position focused on delivering high-quality design work."
Intern Product Designer,Design,User Research; UX Design; UI Design; Prototyping; Sketch; Interaction Design; Figma,Intern,"Contract · Hybrid. We are hiring a Intern Product Designer for our EdTech team. The ideal candidate has 0-1 years of experience and is proficient in User Research, UX Design, UI Design, Prototyping, Sketch, Interaction Design, Figma. This is a hybrid contract position focused on delivering high-quality design work."
Principal Interaction Designer,Design,Interaction Design; UX Design; Usability Testing; Prototyping; Wireframing,Principal,"Internship · Hybrid. We are hiring a Principal Interaction Designer for our Gaming team. The ideal candidate has 12-20 years of experience and is proficient in Interaction Design, UX Design, Usability Testing, Prototyping, Wireframing. This is a hybrid internship position focused on delivering high-quality design work."
Intern Interaction Designer,Design,Usability Testing; UX Design; Interaction Design; After Effects; Figma; Design Systems,Intern,"Full-time · Hybrid. We are hiring a Intern Interaction Designer for our Fintech team. The ideal candidate has 0-1 years of experience and is proficient in Usability Testing, UX Design, Interaction Design, After Effects, Figma, Design Systems. This is a hybrid full-time position focused on delivering high-quality design work."
Lead UI Designer,Design,CSS; Sketch; Wireframing; Typography; Color Theory; Adobe XD,Lead,"Contract · Remote. We are hiring a Lead UI Designer for our Gaming team. The ideal candidate has 8-14 years of experience and is proficient in CSS, Sketch, Wireframing, Typography, Color Theory, Adobe XD. This is a remote contract position focused on delivering high-quality design work."
Mid-level UI Designer,Design,HTML; Prototyping; Figma; Wireframing; Design Systems; Adobe XD,Mid-level,"Internship · Remote. We are hiring a Mid-level UI Designer for our SaaS team. The ideal candidate has 3-6 years of experience and is proficient in HTML, Prototyping, Figma, Wireframing, Design Systems, Adobe XD. This is a remote internship position focused on delivering high-quality design work."
Senior UX Designer,Design,Usability Testing; Design Thinking; Information Architecture; Figma; Wireframing; Journey Mapping,Senior,"Contract · Hybrid. We are hiring a Senior UX Designer for our Gaming team. The ideal candidate has 6-10 years of experience and is proficient in Usability Testing, Design Thinking, Information Architecture, Figma, Wireframing, Journey Mapping. This is a hybrid contract position focused on delivering high-quality design work."
Principal UX Designer,Design,Usability Testing; Personas; Wireframing; Journey Mapping; Accessibility; Prototyping; Figma,Principal,"Internship · On-site. We are hiring a Principal UX Designer for our Fintech team. The ideal candidate has 12-20 years of experience and is proficient in Usability Testing, Personas, Wireframing, Journey Mapping, Accessibility, Prototyping, Figma. This is a on-site internship position focused on delivering high-quality design work."
Junior Graphic Designer,Design,Photoshop; Typography; Creativity; Layout Design; Illustrator; InDesign,Junior,"Full-time · Hybrid. We are hiring a Junior Graphic Designer for our Fintech team. The ideal candidate has 1-3 years of experience and is proficient in Photoshop, Typography, Creativity, Layout Design, Illustrator, InDesign. This is a hybrid full-time position focused on delivering high-quality design work."
Junior Product Designer,Design,Wireframing; UI Design; Interaction Design; UX Design; Design Systems,Junior,"Full-time · Hybrid. We are hiring a Junior Product Designer for our EdTech team. The ideal candidate has 1-3 years of experience and is proficient in Wireframing, UI Design, Interaction Design, UX Design, Design Systems. This is a hybrid full-time position focused on delivering high-quality design work."
Junior Interaction Designer,Design,Prototyping; User Research; Design Systems; Interaction Design; Figma; After Effects; Wireframing,Junior,"Full-time · On-site. We are hiring a Junior Interaction Designer for our Gaming team. The ideal candidate has 1-3 years of experience and is proficient in Prototyping, User Research, Design Systems, Interaction Design, Figma, After Effects, Wireframing. This is a on-site full-time position focused on delivering high-quality design work."
Junior UX Designer,Design,Figma; Journey Mapping; Design Thinking; Wireframing; Personas; Usability Testing; Accessibility,Junior,"Full-time · Hybrid. We are hiring a Junior UX Designer for our Healthcare team. The ideal candidate has 1-3 years of experience and is proficient in Figma, Journey Mapping, Design Thinking, Wireframing, Personas, Usability Testing, Accessibility. This is a hybrid full-time position focused on delivering high-quality design work."
Junior UI Designer,Design,Figma; HTML; Adobe XD; Color Theory; Sketch; CSS; Wireframing,Junior,"Internship · Hybrid. We are hiring a Junior UI Designer for our E-commerce team. The ideal candidate has 1-3 years of experience and is proficient in Figma, HTML, Adobe XD, Color Theory, Sketch, CSS, Wireframing. This is a hybrid internship position focused on delivering high-quality design work."
Mid-level UX Designer,Design,Wireframing; Figma; Prototyping; Information Architecture; Accessibility; User Research,Mid-level,"Internship · Remote. We are hiring a Mid-level UX Designer for our E-commerce team. The ideal candidate has 3-6 years of experience and is proficient in Wireframing, Figma, Prototyping, Information Architecture, Accessibility, User Research. This is a remote internship position focused on delivering high-quality design work."
Senior UX Designer,Design,Journey Mapping; Prototyping; User Research; Personas; Design Thinking; Figma,Senior,"Full-time · Hybrid. We are hiring a Senior UX Designer for our Startup team. The ideal candidate has 6-10 years of experience and is proficient in Journey Mapping, Prototyping, User Research, Personas, Design Thinking, Figma. This is a hybrid full-time position focused on delivering high-quality design work."
Senior Product Designer,Design,Figma; UI Design; Design Systems; Interaction Design; Sketch; Wireframing; Prototyping,Senior,"Full-time · Remote. We are hiring a Senior Product Designer for our SaaS team. The ideal candidate has 6-10 years of experience and is proficient in Figma, UI Design, Design Systems, Interaction Design, Sketch, Wireframing, Prototyping. This is a remote full-time position focused on delivering high-quality design work."
Senior Interaction Designer,Design,UX Design; After Effects; Usability Testing; Prototyping; User Research; Interaction Design; Wireframing,Senior,"Contract · Hybrid. We are hiring a Senior Interaction Designer for our Gaming team. The ideal candidate has 6-10 years of experience and is proficient in UX Design, After Effects, Usability Testing, Prototyping, User Research, Interaction Design, Wireframing. This is a hybrid contract position focused on delivering high-quality design work."
Principal UI Designer,Design,Color Theory; Adobe XD; Typography; HTML; Design Systems; Prototyping; Figma,Principal,"Internship · Remote. We are hiring a Principal UI Designer for our Enterprise team. The ideal candidate has 12-20 years of experience and is proficient in Color Theory, Adobe XD, Typography, HTML, Design Systems, Prototyping, Figma. This is a remote internship position focused on delivering high-quality design work."
Lead UX Designer,Design,Wireframing; Journey Mapping; Accessibility; User Research; Usability Testing; Personas,Lead,"Contract · Hybrid. We are hiring a Lead UX Designer for our EdTech team. The ideal candidate has 8-14 years of experience and is proficient in Wireframing, Journey Mapping, Accessibility, User Research, Usability Testing, Personas. This is a hybrid contract position focused on delivering high-quality design work."
Lead Interaction Designer,Design,Prototyping; Usability Testing; User Research; After Effects; UX Design,Lead,"Full-time · On-site. We are hiring a Lead Interaction Designer for our SaaS team. The ideal candidate has 8-14 years of experience and is proficient in Prototyping, Usability Testing, User Research, After Effects, UX Design. This is a on-site full-time position focused on delivering high-quality design work."
Principal Interaction Designer,Design,Motion Design; After Effects; User Research; Interaction Design; Wireframing; Design Systems,Principal,"Internship · On-site. We are hiring a Principal Interaction Designer for our Fintech team. The ideal candidate has 12-20 years of experience and is proficient in Motion Design, After Effects, User Research, Interaction Design, Wireframing, Design Systems. This is a on-site internship position focused on delivering high-quality design work."
Lead UX Designer,Design,Prototyping; Personas; Figma; Information Architecture; Wireframing; User Research; Usability Testing,Lead,"Full-time · Remote. We are hiring a Lead UX Designer for our Fintech team. The ideal candidate has 8-14 years of experience and is proficient in Prototyping, Personas, Figma, Information Architecture, Wireframing, User Research, Usability Testing. This is a remote full-time position focused on delivering high-quality design work."
Mid-level Interaction Designer,Design,Prototyping; UX Design; Interaction Design; Motion Design; Usability Testing; After Effects,Mid-level,"Internship · Remote. We are hiring a Mid-level Interaction Designer for our Fintech team. The ideal candidate has 3-6 years of experience and is proficient in Prototyping, UX Design, Interaction Design, Motion Design, Usability Testing, After Effects. This is a remote internship position focused on delivering high-quality design work."
Lead UX Designer,Design,Information Architecture; Usability Testing; Prototyping; Personas; User Research,Lead,"Contract · Remote. We are hiring a Lead UX Designer for our EdTech team. The ideal candidate has 8-14 years of experience and is proficient in Information Architecture, Usability Testing, Prototyping, Personas, User Research. This is a remote contract position focused on delivering high-quality design work."
Lead Graphic Designer,Design,Branding; Print Design; Photoshop; InDesign; Creativity; Illustrator; Color Theory,Lead,"Full-time · On-site. We are hiring a Lead Graphic Designer for our Healthcare team. The ideal candidate has 8-14 years of experience and is proficient in Branding, Print Design, Photoshop, InDesign, Creativity, Illustrator, Color Theory. This is a on-site full-time position focused on delivering high-quality design work."
Junior Product Designer,Design,Prototyping; UX Design; Wireframing; Interaction Design; Design Systems; Usability Testing; Figma,Junior,"Contract · On-site. We are hiring a Junior Product Designer for our SaaS team. The ideal candidate has 1-3 years of experience and is proficient in Prototyping, UX Design, Wireframing, Interaction Design, Design Systems, Usability Testing, Figma. This is a on-site contract position focused on delivering high-quality design work."
Intern UX Designer,Design,Journey Mapping; Usability Testing; Accessibility; User Research; Information Architecture; Prototyping,Intern,"Full-time · Remote. We are hiring a Intern UX Designer for our Fintech team. The ideal candidate has 0-1 years of experience and is proficient in Journey Mapping, Usability Testing, Accessibility, User Research, Information Architecture, Prototyping. This is a remote full-time position focused on delivering high-quality design work."
Intern Interaction Designer,Design,Motion Design; Figma; Usability Testing; After Effects; Design Systems; UX Design,Intern,"Contract · Hybrid. We are hiring a Intern Interaction Designer for our Healthcare team. The ideal candidate has 0-1 years of experience and is proficient in Motion Design, Figma, Usability Testing, After Effects, Design Systems, UX Design. This is a hybrid contract position focused on delivering high-quality design work."
Mid-level Product Designer,Design,Interaction Design; Design Systems; Usability Testing; Prototyping; UI Design; Wireframing; Sketch,Mid-level,"Contract · Remote. We are hiring a Mid-level Product Designer for our E-commerce team. The ideal candidate has 3-6 years of experience and is proficient in Interaction Design, Design Systems, Usability Testing, Prototyping, UI Design, Wireframing, Sketch. This is a remote contract position focused on delivering high-quality design work."
Senior Product Designer,Design,Wireframing; UX Design; UI Design; Usability Testing; Sketch; Prototyping,Senior,"Full-time · Remote. We are hiring a Senior Product Designer for our E-commerce team. The ideal candidate has 6-10 years of experience and is proficient in Wireframing, UX Design, UI Design, Usability Testing, Sketch, Prototyping. This is a remote full-time position focused on delivering high-quality design work."
Mid-level Interaction Designer,Design,Figma; Motion Design; Usability Testing; Interaction Design; UX Design; Prototyping,Mid-level,"Contract · Remote. We are hiring a Mid-level Interaction Designer for our Startup team. The ideal candidate has 3-6 years of experience and is proficient in Figma, Motion Design, Usability Testing, Interaction Design, UX Design, Prototyping. This is a remote contract position focused on delivering high-quality design work."
Mid-level Product Designer,Design,Usability Testing; Wireframing; User Research; Figma; Prototyping; UX Design,Mid-level,"Contract · Hybrid. We are hiring a Mid-level Product Designer for our EdTech team. The ideal candidate has 3-6 years of experience and is proficient in Usability Testing, Wireframing, User Research, Figma, Prototyping, UX Design. This is a hybrid contract position focused on delivering high-quality design work."
Mid-level Graphic Designer,Design,Illustrator; Typography; Color Theory; Adobe XD; Creativity,Mid-level,"Internship · Remote. We are hiring a Mid-level Graphic Designer for our Startup team. The ideal candidate has 3-6 years of experience and is proficient in Illustrator, Typography, Color Theory, Adobe XD, Creativity. This is a remote internship position focused on delivering high-quality design work."
Lead Graphic Designer,Design,Photoshop; Adobe XD; Illustrator; Creativity; Color Theory; Layout Design; InDesign,Lead,"Full-time · Hybrid. We are hiring a Lead Graphic Designer for our EdTech team. The ideal candidate has 8-14 years of experience and is proficient in Photoshop, Adobe XD, Illustrator, Creativity, Color Theory, Layout Design, InDesign. This is a hybrid full-time position focused on delivering high-quality design work."
Intern UX Designer,Design,Usability Testing; Wireframing; Design Thinking; Personas; Information Architecture; User Research; Figma,Intern,"Contract · On-site. We are hiring a Intern UX Designer for our Enterprise team. The ideal candidate has 0-1 years of experience and is proficient in Usability Testing, Wireframing, Design Thinking, Personas, Information Architecture, User Research, Figma. This is a on-site contract position focused on delivering high-quality design work."
Lead UX Designer,Design,Design Thinking; Journey Mapping; Accessibility; Usability Testing; Personas,Lead,"Contract · On-site. We are hiring a Lead UX Designer for our Gaming team. The ideal candidate has 8-14 years of experience and is proficient in Design Thinking, Journey Mapping, Accessibility, Usability Testing, Personas. This is a on-site contract position focused on delivering high-quality design work."
Intern Interaction Designer,Design,After Effects; Prototyping; Usability Testing; UX Design; Figma; Wireframing,Intern,"Internship · Remote. We are hiring a Intern Interaction Designer for our EdTech team. The ideal candidate has 0-1 years of experience and is proficient in After Effects, Prototyping, Usability Testing, UX Design, Figma, Wireframing. This is a remote internship position focused on delivering high-quality design work."
Principal UX Designer,Design,Design Thinking; Figma; User Research; Personas; Prototyping,Principal,"Internship · Hybrid. We are hiring a Principal UX Designer for our Healthcare team. The ideal candidate has 12-20 years of experience and is proficient in Design Thinking, Figma, User Research, Personas, Prototyping. This is a hybrid internship position focused on delivering high-quality design work."
Senior Interaction Designer,Design,Usability Testing; Wireframing; Figma; User Research; After Effects; Prototyping,Senior,"Full-time · Remote. We are hiring a Senior Interaction Designer for our SaaS team. The ideal candidate has 6-10 years of experience and is proficient in Usability Testing, Wireframing, Figma, User Research, After Effects, Prototyping. This is a remote full-time position focused on delivering high-quality design work."
Lead Product Designer,Design,Interaction Design; Usability Testing; Prototyping; User Research; Figma; UX Design; UI Design,Lead,"Internship · Hybrid. We are hiring a Lead Product Designer for our Startup team. The ideal candidate has 8-14 years of experience and is proficient in Interaction Design, Usability Testing, Prototyping, User Research, Figma, UX Design, UI Design. This is a hybrid internship position focused on delivering high-quality design work."
Mid-level Interaction Designer,Design,After Effects; Figma; Usability Testing; Design Systems; Prototyping; Interaction Design; Motion Design,Mid-level,"Contract · Hybrid. We are hiring a Mid-level Interaction Designer for our EdTech team. The ideal candidate has 3-6 years of experience and is proficient in After Effects, Figma, Usability Testing, Design Systems, Prototyping, Interaction Design, Motion Design. This is a hybrid contract position focused on delivering high-quality design work."
Junior Interaction Designer,Design,Usability Testing; Interaction Design; User Research; Figma; Design Systems,Junior,"Contract · On-site. We are hiring a Junior Interaction Designer for our SaaS team. The ideal candidate has 1-3 years of experience and is proficient in Usability Testing, Interaction Design, User Research, Figma, Design Systems. This is a on-site contract position focused on delivering high-quality design work."
Lead UX Designer,Design,Figma; Personas; Usability Testing; Journey Mapping; Prototyping,Lead,"Internship · Hybrid. We are hiring a Lead UX Designer for our E-commerce team. The ideal candidate has 8-14 years of experience and is proficient in Figma, Personas, Usability Testing, Journey Mapping, Prototyping. This is a hybrid internship position focused on delivering high-quality design work."
Lead Product Designer,Design,UX Design; Design Systems; User Research; Interaction Design; Wireframing,Lead,"Full-time · Hybrid. We are hiring a Lead Product Designer for our Healthcare team. The ideal candidate has 8-14 years of experience and is proficient in UX Design, Design Systems, User Research, Interaction Design, Wireframing. This is a hybrid full-time position focused on delivering high-quality design work."
Intern Product Designer,Design,Prototyping; UI Design; Wireframing; Figma; UX Design; Sketch,Intern,"Contract · On-site. We are hiring a Intern Product Designer for our SaaS team. The ideal candidate has 0-1 years of experience and is proficient in Prototyping, UI Design, Wireframing, Figma, UX Design, Sketch. This is a on-site contract position focused on delivering high-quality design work."
Lead UX Designer,Design,User Research; Journey Mapping; Information Architecture; Usability Testing; Design Thinking; Accessibility; Figma,Lead,"Contract · On-site. We are hiring a Lead UX Designer for our SaaS team. The ideal candidate has 8-14 years of experience and is proficient in User Research, Journey Mapping, Information Architecture, Usability Testing, Design Thinking, Accessibility, Figma. This is a on-site contract position focused on delivering high-quality design work."
Senior UI Designer,Design,Typography; Figma; HTML; Sketch; Design Systems; Prototyping; Wireframing,Senior,"Full-time · Remote. We are hiring a Senior UI Designer for our E-commerce team. The ideal candidate has 6-10 years of experience and is proficient in Typography, Figma, HTML, Sketch, Design Systems, Prototyping, Wireframing. This is a remote full-time position focused on delivering high-quality design work."
Principal Product Designer,Design,Interaction Design; Wireframing; User Research; Sketch; UI Design; Usability Testing; Design Systems,Principal,"Internship · Remote. We are hiring a Principal Product Designer for our Startup team. The ideal candidate has 12-20 years of experience and is proficient in Interaction Design, Wireframing, User Research, Sketch, UI Design, Usability Testing, Design Systems. This is a remote internship position focused on delivering high-quality design work."
Junior Product Designer,Design,Figma; UX Design; UI Design; Interaction Design; Sketch; Design Systems,Junior,"Contract · Remote. We are hiring a Junior Product Designer for our Gaming team. The ideal candidate has 1-3 years of experience and is proficient in Figma, UX Design, UI Design, Interaction Design, Sketch, Design Systems. This is a remote contract position focused on delivering high-quality design work."
Senior Product Designer,Design,UX Design; Figma; Prototyping; UI Design; Design Systems; Usability Testing; Sketch,Senior,"Contract · On-site. We are hiring a Senior Product Designer for our EdTech team. The ideal candidate has 6-10 years of experience and is proficient in UX Design, Figma, Prototyping, UI Design, Design Systems, Usability Testing, Sketch. This is a on-site contract position focused on delivering high-quality design work."
Junior UI Designer,Design,Figma; HTML; Prototyping; CSS; Typography; Sketch; Adobe XD,Junior,"Internship · Remote. We are hiring a Junior UI Designer for our SaaS team. The ideal candidate has 1-3 years of experience and is proficient in Figma, HTML, Prototyping, CSS, Typography, Sketch, Adobe XD. This is a remote internship position focused on delivering high-quality design work."
Intern Product Designer,Design,Interaction Design; UI Design; Sketch; UX Design; Design Systems; User Research; Prototyping,Intern,"Internship · On-site. We are hiring a Intern Product Designer for our Enterprise team. The ideal candidate has 0-1 years of experience and is proficient in Interaction Design, UI Design, Sketch, UX Design, Design Systems, User Research, Prototyping. This is a on-site internship position focused on delivering high-quality design work."
Junior Graphic Designer,Design,Illustrator; Typography; InDesign; Color Theory; Branding; Photoshop; Print Design,Junior,"Internship · Hybrid. We are hiring a Junior Graphic Designer for our Healthcare team. The ideal candidate has 1-3 years of experience and is proficient in Illustrator, Typography, InDesign, Color Theory, Branding, Photoshop, Print Design. This is a hybrid internship position focused on delivering high-quality design work."
Principal Graphic Designer,Design,Layout Design; InDesign; Branding; Adobe XD; Photoshop; Creativity,Principal,"Internship · Remote. We are hiring a Principal Graphic Designer for our Enterprise team. The ideal candidate has 12-20 years of experience and is proficient in Layout Design, InDesign, Branding, Adobe XD, Photoshop, Creativity. This is a remote internship position focused on delivering high-quality design work."
Lead Graphic Designer,Design,Color Theory; Photoshop; Print Design; Creativity; Adobe XD; InDesign,Lead,"Internship · On-site. We are hiring a Lead Graphic Designer for our Startup team. The ideal candidate has 8-14 years of experience and is proficient in Color Theory, Photoshop, Print Design, Creativity, Adobe XD, InDesign. This is a on-site internship position focused on delivering high-quality design work."
Mid-level UI Designer,Design,Design Systems; Typography; Adobe XD; Prototyping; HTML; Wireframing; Figma,Mid-level,"Internship · On-site. We are hiring a Mid-level UI Designer for our SaaS team. The ideal candidate has 3-6 years of experience and is proficient in Design Systems, Typography, Adobe XD, Prototyping, HTML, Wireframing, Figma. This is a on-site internship position focused on delivering high-quality design work."
Mid-level Interaction Designer,Design,After Effects; Usability Testing; Wireframing; User Research; Motion Design; UX Design; Design Systems,Mid-level,"Internship · On-site. We are hiring a Mid-level Interaction Designer for our SaaS team. The ideal candidate has 3-6 years of experience and is proficient in After Effects, Usability Testing, Wireframing, User Research, Motion Design, UX Design, Design Systems. This is a on-site internship position focused on delivering high-quality design work."
Intern Product Designer,Design,Interaction Design; User Research; UX Design; Figma; Prototyping,Intern,"Full-time · On-site. We are hiring a Intern Product Designer for our EdTech team. The ideal candidate has 0-1 years of experience and is proficient in Interaction Design, User Research, UX Design, Figma, Prototyping. This is a on-site full-time position focused on delivering high-quality design work."
Principal UI Designer,Design,HTML; Sketch; Typography; Color Theory; Wireframing; Adobe XD; Design Systems,Principal,"Full-time · Remote. We are hiring a Principal UI Designer for our Healthcare team. The ideal candidate has 12-20 years of experience and is proficient in HTML, Sketch, Typography, Color Theory, Wireframing, Adobe XD, Design Systems. This is a remote full-time position focused on delivering high-quality design work."
Mid-level Interaction Designer,Design,Wireframing; Figma; After Effects; UX Design; Motion Design; Usability Testing; Prototyping,Mid-level,"Full-time · Remote. We are hiring a Mid-level Interaction Designer for our Startup team. The ideal candidate has 3-6 years of experience and is proficient in Wireframing, Figma, After Effects, UX Design, Motion Design, Usability Testing, Prototyping. This is a remote full-time position focused on delivering high-quality design work."
Intern UI Designer,Design,Design Systems; Adobe XD; Wireframing; HTML; CSS,Intern,"Full-time · Remote. We are hiring a Intern UI Designer for our EdTech team. The ideal candidate has 0-1 years of experience and is proficient in Design Systems, Adobe XD, Wireframing, HTML, CSS. This is a remote full-time position focused on delivering high-quality design work."
Principal Graphic Designer,Design,Layout Design; Typography; Color Theory; Print Design; InDesign; Photoshop,Principal,"Contract · Remote. We are hiring a Principal Graphic Designer for our Healthcare team. The ideal candidate has 12-20 years of experience and is proficient in Layout Design, Typography, Color Theory, Print Design, InDesign, Photoshop. This is a remote contract position focused on delivering high-quality design work."
Lead Product Designer,Design,Prototyping; Usability Testing; Sketch; Design Systems; UX Design,Lead,"Contract · On-site. We are hiring a Lead Product Designer for our Healthcare team. The ideal candidate has 8-14 years of experience and is proficient in Prototyping, Usability Testing, Sketch, Design Systems, UX Design. This is a on-site contract position focused on delivering high-quality design work."
Junior UI Designer,Design,Adobe XD; HTML; Wireframing; CSS; Typography; Design Systems; Prototyping,Junior,"Internship · On-site. We are hiring a Junior UI Designer for our SaaS team. The ideal candidate has 1-3 years of experience and is proficient in Adobe XD, HTML, Wireframing, CSS, Typography, Design Systems, Prototyping. This is a on-site internship position focused on delivering high-quality design work."
Lead Graphic Designer,Design,Adobe XD; Print Design; InDesign; Branding; Color Theory,Lead,"Contract · On-site. We are hiring a Lead Graphic Designer for our Gaming team. The ideal candidate has 8-14 years of experience and is proficient in Adobe XD, Print Design, InDesign, Branding, Color Theory. This is a on-site contract position focused on delivering high-quality design work."
Junior Product Designer,Design,UX Design; Sketch; User Research; Prototyping; UI Design; Interaction Design,Junior,"Internship · Remote. We are hiring a Junior Product Designer for our EdTech team. The ideal candidate has 1-3 years of experience and is proficient in UX Design, Sketch, User Research, Prototyping, UI Design, Interaction Design. This is a remote internship position focused on delivering high-quality design work."
Lead UI Designer,Design,Design Systems; Prototyping; Adobe XD; Wireframing; Typography; Sketch,Lead,"Internship · Hybrid. We are hiring a Lead UI Designer for our Enterprise team. The ideal candidate has 8-14 years of experience and is proficient in Design Systems, Prototyping, Adobe XD, Wireframing, Typography, Sketch. This is a hybrid internship position focused on delivering high-quality design work."
Principal Product Designer,Design,Prototyping; UX Design; Interaction Design; UI Design; User Research; Usability Testing; Figma,Principal,"Full-time · Hybrid. We are hiring a Principal Product Designer for our EdTech team. The ideal candidate has 12-20 years of experience and is proficient in Prototyping, UX Design, Interaction Design, UI Design, User Research, Usability Testing, Figma. This is a hybrid full-time position focused on delivering high-quality design work."
Junior Graphic Designer,Design,Illustrator; Print Design; Branding; Photoshop; Adobe XD; InDesign,Junior,"Full-time · On-site. We are hiring a Junior Graphic Designer for our Fintech team. The ideal candidate has 1-3 years of experience and is proficient in Illustrator, Print Design, Branding, Photoshop, Adobe XD, InDesign. This is a on-site full-time position focused on delivering high-quality design work."
Junior UX Designer,Design,Journey Mapping; Information Architecture; Wireframing; Accessibility; User Research,Junior,"Internship · Remote. We are hiring a Junior UX Designer for our E-commerce team. The ideal candidate has 1-3 years of experience and is proficient in Journey Mapping, Information Architecture, Wireframing, Accessibility, User Research. This is a remote internship position focused on delivering high-quality design work."
Junior UI Designer,Design,Prototyping; Adobe XD; Typography; Color Theory; CSS; Sketch; Figma,Junior,"Contract · Remote. We are hiring a Junior UI Designer for our SaaS team. The ideal candidate has 1-3 years of experience and is proficient in Prototyping, Adobe XD, Typography, Color Theory, CSS, Sketch, Figma. This is a remote contract position focused on delivering high-quality design work."
Principal UX Designer,Design,Usability Testing; Wireframing; Figma; Information Architecture; Personas; User Research; Design Thinking,Principal,"Contract · On-site. We are hiring a Principal UX Designer for our E-commerce team. The ideal candidate has 12-20 years of experience and is proficient in Usability Testing, Wireframing, Figma, Information Architecture, Personas, User Research, Design Thinking. This is a on-site contract position focused on delivering high-quality design work."
Senior UI Designer,Design,HTML; Wireframing; Sketch; CSS; Adobe XD; Color Theory,Senior,"Internship · On-site. We are hiring a Senior UI Designer for our Enterprise team. The ideal candidate has 6-10 years of experience and is proficient in HTML, Wireframing, Sketch, CSS, Adobe XD, Color Theory. This is a on-site internship position focused on delivering high-quality design work."
Senior UX Designer,Design,Information Architecture; Wireframing; Personas; Usability Testing; Accessibility; Figma; Design Thinking,Senior,"Full-time · Remote. We are hiring a Senior UX Designer for our E-commerce team. The ideal candidate has 6-10 years of experience and is proficient in Information Architecture, Wireframing, Personas, Usability Testing, Accessibility, Figma, Design Thinking. This is a remote full-time position focused on delivering high-quality design work."
Intern UI Designer,Design,Adobe XD; HTML; Typography; Wireframing; Design Systems,Intern,"Full-time · Hybrid. We are hiring a Intern UI Designer for our Enterprise team. The ideal candidate has 0-1 years of experience and is proficient in Adobe XD, HTML, Typography, Wireframing, Design Systems. This is a hybrid full-time position focused on delivering high-quality design work."
Senior UX Designer,Design,Usability Testing; Wireframing; Journey Mapping; User Research; Accessibility; Design Thinking,Senior,"Internship · Hybrid. We are hiring a Senior UX Designer for our SaaS team. The ideal candidate has 6-10 years of experience and is proficient in Usability Testing, Wireframing, Journey Mapping, User Research, Accessibility, Design Thinking. This is a hybrid internship position focused on delivering high-quality design work."
Intern UI Designer,Design,Figma; Adobe XD; HTML; Prototyping; CSS; Color Theory,Intern,"Internship · Hybrid. We are hiring a Intern UI Designer for our Enterprise team. The ideal candidate has 0-1 years of experience and is proficient in Figma, Adobe XD, HTML, Prototyping, CSS, Color Theory. This is a hybrid internship position focused on delivering high-quality design work."
Lead Interaction Designer,Design,Interaction Design; After Effects; Prototyping; UX Design; Figma; User Research; Design Systems,Lead,"Contract · Remote. We are hiring a Lead Interaction Designer for our Gaming team. The ideal candidate has 8-14 years of experience and is proficient in Interaction Design, After Effects, Prototyping, UX Design, Figma, User Research, Design Systems. This is a remote contract position focused on delivering high-quality design work."
Lead UX Designer,Design,Personas; Prototyping; Usability Testing; Journey Mapping; Information Architecture; User Research; Figma,Lead,"Contract · On-site. We are hiring a Lead UX Designer for our Enterprise team. The ideal candidate has 8-14 years of experience and is proficient in Personas, Prototyping, Usability Testing, Journey Mapping, Information Architecture, User Research, Figma. This is a on-site contract position focused on delivering high-quality design work."
Senior UI Designer,Design,HTML; Design Systems; CSS; Figma; Typography; Prototyping,Senior,"Internship · Remote. We are hiring a Senior UI Designer for our Startup team. The ideal candidate has 6-10 years of experience and is proficient in HTML, Design Systems, CSS, Figma, Typography, Prototyping. This is a remote internship position focused on delivering high-quality design work."
Intern Interaction Designer,Design,Usability Testing; User Research; UX Design; Wireframing; Motion Design; Figma,Intern,"Contract · Remote. We are hiring a Intern Interaction Designer for our E-commerce team. The ideal candidate has 0-1 years of experience and is proficient in Usability Testing, User Research, UX Design, Wireframing, Motion Design, Figma. This is a remote contract position focused on delivering high-quality design work."
Intern Graphic Designer,Design,InDesign; Illustrator; Branding; Creativity; Photoshop; Typography,Intern,"Internship · Hybrid. We are hiring a Intern Graphic Designer for our Enterprise team. The ideal candidate has 0-1 years of experience and is proficient in InDesign, Illustrator, Branding, Creativity, Photoshop, Typography. This is a hybrid internship position focused on delivering high-quality design work."
Principal Graphic Designer,Design,Typography; Layout Design; Photoshop; Print Design; Adobe XD; Creativity; InDesign,Principal,"Internship · Remote. We are hiring a Principal Graphic Designer for our Gaming team. The ideal candidate has 12-20 years of experience and is proficient in Typography, Layout Design, Photoshop, Print Design, Adobe XD, Creativity, InDesign. This is a remote internship position focused on delivering high-quality design work."
Mid-level UI Designer,Design,CSS; Design Systems; Figma; Prototyping; Adobe XD; Color Theory,Mid-level,"Full-time · On-site. We are hiring a Mid-level UI Designer for our Gaming team. The ideal candidate has 3-6 years of experience and is proficient in CSS, Design Systems, Figma, Prototyping, Adobe XD, Color Theory. This is a on-site full-time position focused on delivering high-quality design work."
Senior Product Designer,Design,Prototyping; Figma; UI Design; Wireframing; Sketch; Usability Testing,Senior,"Contract · Hybrid. We are hiring a Senior Product Designer for our Fintech team. The ideal candidate has 6-10 years of experience and is proficient in Prototyping, Figma, UI Design, Wireframing, Sketch, Usability Testing. This is a hybrid contract position focused on delivering high-quality design work."
Junior UI Designer,Design,Wireframing; Design Systems; Sketch; Color Theory; HTML; Adobe XD,Junior,"Internship · Hybrid. We are hiring a Junior UI Designer for our Startup team. The ideal candidate has 1-3 years of experience and is proficient in Wireframing, Design Systems, Sketch, Color Theory, HTML, Adobe XD. This is a hybrid internship position focused on delivering high-quality design work."
Junior Graphic Designer,Design,Branding; Layout Design; Creativity; Print Design; Typography; Photoshop,Junior,"Contract · On-site. We are hiring a Junior Graphic Designer for our Enterprise team. The ideal candidate has 1-3 years of experience and is proficient in Branding, Layout Design, Creativity, Print Design, Typography, Photoshop. This is a on-site contract position focused on delivering high-quality design work."
Mid-level Product Designer,Design,Design Systems; Wireframing; Prototyping; User Research; Interaction Design,Mid-level,"Full-time · Remote. We are hiring a Mid-level Product Designer for our SaaS team. The ideal candidate has 3-6 years of experience and is proficient in Design Systems, Wireframing, Prototyping, User Research, Interaction Design. This is a remote full-time position focused on delivering high-quality design work."
Principal Graphic Designer,Design,InDesign; Typography; Illustrator; Print Design; Creativity,Principal,"Internship · Remote. We are hiring a Principal Graphic Designer for our E-commerce team. The ideal candidate has 12-20 years of experience and is proficient in InDesign, Typography, Illustrator, Print Design, Creativity. This is a remote internship position focused on delivering high-quality design work."
Principal UX Designer,Design,Accessibility; Journey Mapping; Prototyping; Design Thinking; Information Architecture; User Research; Figma,Principal,"Contract · Hybrid. We are hiring a Principal UX Designer for our Gaming team. The ideal candidate has 12-20 years of experience and is proficient in Accessibility, Journey Mapping, Prototyping, Design Thinking, Information Architecture, User Research, Figma. This is a hybrid contract position focused on delivering high-quality design work."
Senior UX Designer,Design,Design Thinking; Wireframing; Accessibility; User Research; Information Architecture,Senior,"Contract · Remote. We are hiring a Senior UX Designer for our E-commerce team. The ideal candidate has 6-10 years of experience and is proficient in Design Thinking, Wireframing, Accessibility, User Research, Information Architecture. This is a remote contract position focused on delivering high-quality design work."
Intern UI Designer,Design,HTML; CSS; Figma; Design Systems; Prototyping,Intern,"Full-time · Remote. We are hiring a Intern UI Designer for our Healthcare team. The ideal candidate has 0-1 years of experience and is proficient in HTML, CSS, Figma, Design Systems, Prototyping. This is a remote full-time position focused on delivering high-quality design work."
Senior Interaction Designer,Design,Usability Testing; Wireframing; Interaction Design; Motion Design; UX Design; After Effects; User Research,Senior,"Contract · Remote. We are hiring a Senior Interaction Designer for our Startup team. The ideal candidate has 6-10 years of experience and is proficient in Usability Testing, Wireframing, Interaction Design, Motion Design, UX Design, After Effects, User Research. This is a remote contract position focused on delivering high-quality design work."
Junior UI Designer,Design,Sketch; Color Theory; Figma; Adobe XD; Wireframing; Typography,Junior,"Internship · On-site. We are hiring a Junior UI Designer for our Gaming team. The ideal candidate has 1-3 years of experience and is proficient in Sketch, Color Theory, Figma, Adobe XD, Wireframing, Typography. This is a on-site internship position focused on delivering high-quality design work."
Lead UX Designer,Design,Figma; Journey Mapping; Usability Testing; Information Architecture; Accessibility; Design Thinking; Personas,Lead,"Internship · On-site. We are hiring a Lead UX Designer for our Enterprise team. The ideal candidate has 8-14 years of experience and is proficient in Figma, Journey Mapping, Usability Testing, Information Architecture, Accessibility, Design Thinking, Personas. This is a on-site internship position focused on delivering high-quality design work."
Lead Interaction Designer,Design,Interaction Design; Wireframing; UX Design; Figma; Design Systems; Prototyping,Lead,"Full-time · Hybrid. We are hiring a Lead Interaction Designer for our Gaming team. The ideal candidate has 8-14 years of experience and is proficient in Interaction Design, Wireframing, UX Design, Figma, Design Systems, Prototyping. This is a hybrid full-time position focused on delivering high-quality design work."
Mid-level Interaction Designer,Design,User Research; Design Systems; Prototyping; Wireframing; Motion Design; Interaction Design; Figma,Mid-level,"Internship · On-site. We are hiring a Mid-level Interaction Designer for our Startup team. The ideal candidate has 3-6 years of experience and is proficient in User Research, Design Systems, Prototyping, Wireframing, Motion Design, Interaction Design, Figma. This is a on-site internship position focused on delivering high-quality design work."
Mid-level Product Designer,Design,Figma; Sketch; Design Systems; User Research; Usability Testing,Mid-level,"Contract · On-site. We are hiring a Mid-level Product Designer for our Healthcare team. The ideal candidate has 3-6 years of experience and is proficient in Figma, Sketch, Design Systems, User Research, Usability Testing. This is a on-site contract position focused on delivering high-quality design work."
Junior UX Designer,Design,Information Architecture; Personas; Design Thinking; Figma; Usability Testing; Journey Mapping; Prototyping,Junior,"Internship · On-site. We are hiring a Junior UX Designer for our SaaS team. The ideal candidate has 1-3 years of experience and is proficient in Information Architecture, Personas, Design Thinking, Figma, Usability Testing, Journey Mapping, Prototyping. This is a on-site internship position focused on delivering high-quality design work."
Senior Interaction Designer,Design,Usability Testing; Design Systems; User Research; Wireframing; Prototyping; After Effects; Interaction Design,Senior,"Full-time · Remote. We are hiring a Senior Interaction Designer for our EdTech team. The ideal candidate has 6-10 years of experience and is proficient in Usability Testing, Design Systems, User Research, Wireframing, Prototyping, After Effects, Interaction Design. This is a remote full-time position focused on delivering high-quality design work."
Senior UX Designer,Design,Journey Mapping; User Research; Information Architecture; Design Thinking; Wireframing; Accessibility,Senior,"Internship · On-site. We are hiring a Senior UX Designer for our Fintech team. The ideal candidate has 6-10 years of experience and is proficient in Journey Mapping, User Research, Information Architecture, Design Thinking, Wireframing, Accessibility. This is a on-site internship position focused on delivering high-quality design work."
Principal Product Designer,Design,UX Design; UI Design; Sketch; User Research; Design Systems; Prototyping,Principal,"Contract · On-site. We are hiring a Principal Product Designer for our Healthcare team. The ideal candidate has 12-20 years of experience and is proficient in UX Design, UI Design, Sketch, User Research, Design Systems, Prototyping. This is a on-site contract position focused on delivering high-quality design work."
Mid-level Graphic Designer,Design,Color Theory; Layout Design; Print Design; Illustrator; Adobe XD,Mid-level,"Internship · Hybrid. We are hiring a Mid-level Graphic Designer for our Startup team. The ideal candidate has 3-6 years of experience and is proficient in Color Theory, Layout Design, Print Design, Illustrator, Adobe XD. This is a hybrid internship position focused on delivering high-quality design work."
Intern Interaction Designer,Design,After Effects; User Research; Interaction Design; Prototyping; Figma,Intern,"Internship · Remote. We are hiring a Intern Interaction Designer for our E-commerce team. The ideal candidate has 0-1 years of experience and is proficient in After Effects, User Research, Interaction Design, Prototyping, Figma. This is a remote internship position focused on delivering high-quality design work."
Lead Graphic Designer,Design,Creativity; Typography; Print Design; Branding; Illustrator; Adobe XD; Color Theory,Lead,"Full-time · Remote. We are hiring a Lead Graphic Designer for our SaaS team. The ideal candidate has 8-14 years of experience and is proficient in Creativity, Typography, Print Design, Branding, Illustrator, Adobe XD, Color Theory. This is a remote full-time position focused on delivering high-quality design work."
Lead Graphic Designer,Design,Print Design; Photoshop; Color Theory; Creativity; Layout Design; InDesign,Lead,"Full-time · Hybrid. We are hiring a Lead Graphic Designer for our SaaS team. The ideal candidate has 8-14 years of experience and is proficient in Print Design, Photoshop, Color Theory, Creativity, Layout Design, InDesign. This is a hybrid full-time position focused on delivering high-quality design work."
Senior Graphic Designer,Design,Layout Design; Color Theory; Photoshop; Illustrator; Print Design,Senior,"Internship · On-site. We are hiring a Senior Graphic Designer for our Enterprise team. The ideal candidate has 6-10 years of experience and is proficient in Layout Design, Color Theory, Photoshop, Illustrator, Print Design. This is a on-site internship position focused on delivering high-quality design work."
Principal Interaction Designer,Design,User Research; UX Design; Design Systems; Usability Testing; Prototyping,Principal,"Contract · Remote. We are hiring a Principal Interaction Designer for our Fintech team. The ideal candidate has 12-20 years of experience and is proficient in User Research, UX Design, Design Systems, Usability Testing, Prototyping. This is a remote contract position focused on delivering high-quality design work."
Intern Graphic Designer,Design,InDesign; Illustrator; Typography; Layout Design; Photoshop; Creativity,Intern,"Contract · On-site. We are hiring a Intern Graphic Designer for our Startup team. The ideal candidate has 0-1 years of experience and is proficient in InDesign, Illustrator, Typography, Layout Design, Photoshop, Creativity. This is a on-site contract position focused on delivering high-quality design work."
Intern Interaction Designer,Design,Prototyping; Design Systems; UX Design; Figma; Interaction Design; Wireframing,Intern,"Internship · Remote. We are hiring a Intern Interaction Designer for our Gaming team. The ideal candidate has 0-1 years of experience and is proficient in Prototyping, Design Systems, UX Design, Figma, Interaction Design, Wireframing. This is a remote internship position focused on delivering high-quality design work."
Senior Graphic Designer,Design,Typography; Adobe XD; Layout Design; Branding; InDesign,Senior,"Full-time · On-site. We are hiring a Senior Graphic Designer for our Healthcare team. The ideal candidate has 6-10 years of experience and is proficient in Typography, Adobe XD, Layout Design, Branding, InDesign. This is a on-site full-time position focused on delivering high-quality design work."
Intern Graphic Designer,Design,Branding; Illustrator; Typography; Color Theory; Creativity; Photoshop; Layout Design,Intern,"Contract · Remote. We are hiring a Intern Graphic Designer for our Healthcare team. The ideal candidate has 0-1 years of experience and is proficient in Branding, Illustrator, Typography, Color Theory, Creativity, Photoshop, Layout Design. This is a remote contract position focused on delivering high-quality design work."
Intern Graphic Designer,Design,Creativity; Color Theory; Layout Design; Typography; Adobe XD,Intern,"Contract · On-site. We are hiring a Intern Graphic Designer for our Enterprise team. The ideal candidate has 0-1 years of experience and is proficient in Creativity, Color Theory, Layout Design, Typography, Adobe XD. This is a on-site contract position focused on delivering high-quality design work."
Junior Graphic Designer,Design,Print Design; Branding; Photoshop; Layout Design; InDesign; Typography,Junior,"Full-time · Remote. We are hiring a Junior Graphic Designer for our E-commerce team. The ideal candidate has 1-3 years of experience and is proficient in Print Design, Branding, Photoshop, Layout Design, InDesign, Typography. This is a remote full-time position focused on delivering high-quality design work."
Senior Interaction Designer,Design,Usability Testing; Design Systems; After Effects; Motion Design; Figma; Prototyping; Interaction Design,Senior,"Contract · Remote. We are hiring a Senior Interaction Designer for our Enterprise team. The ideal candidate has 6-10 years of experience and is proficient in Usability Testing, Design Systems, After Effects, Motion Design, Figma, Prototyping, Interaction Design. This is a remote contract position focused on delivering high-quality design work."
Principal UI Designer,Design,Wireframing; Sketch; CSS; Typography; Color Theory,Principal,"Internship · Hybrid. We are hiring a Principal UI Designer for our Healthcare team. The ideal candidate has 12-20 years of experience and is proficient in Wireframing, Sketch, CSS, Typography, Color Theory. This is a hybrid internship position focused on delivering high-quality design work."
Junior UX Designer,Design,User Research; Usability Testing; Journey Mapping; Prototyping; Figma; Design Thinking; Personas,Junior,"Full-time · Remote. We are hiring a Junior UX Designer for our EdTech team. The ideal candidate has 1-3 years of experience and is proficient in User Research, Usability Testing, Journey Mapping, Prototyping, Figma, Design Thinking, Personas. This is a remote full-time position focused on delivering high-quality design work."
Intern Interaction Designer,Design,Motion Design; Design Systems; Figma; User Research; Interaction Design; After Effects; Usability Testing,Intern,"Full-time · On-site. We are hiring a Intern Interaction Designer for our Gaming team. The ideal candidate has 0-1 years of experience and is proficient in Motion Design, Design Systems, Figma, User Research, Interaction Design, After Effects, Usability Testing. This is a on-site full-time position focused on delivering high-quality design work."
Lead Interaction Designer,Design,Usability Testing; Wireframing; Interaction Design; Figma; After Effects; UX Design; Design Systems,Lead,"Internship · Remote. We are hiring a Lead Interaction Designer for our E-commerce team. The ideal candidate has 8-14 years of experience and is proficient in Usability Testing, Wireframing, Interaction Design, Figma, After Effects, UX Design, Design Systems. This is a remote internship position focused on delivering high-quality design work."
Junior Product Designer,Design,UX Design; UI Design; Design Systems; Sketch; Prototyping,Junior,"Internship · Remote. We are hiring a Junior Product Designer for our Enterprise team. The ideal candidate has 1-3 years of experience and is proficient in UX Design, UI Design, Design Systems, Sketch, Prototyping. This is a remote internship position focused on delivering high-quality design work."
Junior Interaction Designer,Design,After Effects; Prototyping; User Research; Design Systems; Wireframing; Motion Design; Interaction Design,Junior,"Full-time · Remote. We are hiring a Junior Interaction Designer for our Healthcare team. The ideal candidate has 1-3 years of experience and is proficient in After Effects, Prototyping, User Research, Design Systems, Wireframing, Motion Design, Interaction Design. This is a remote full-time position focused on delivering high-quality design work."
Senior Interaction Designer,Design,User Research; UX Design; Wireframing; Prototyping; Design Systems; Usability Testing,Senior,"Internship · Remote. We are hiring a Senior Interaction Designer for our Enterprise team. The ideal candidate has 6-10 years of experience and is proficient in User Research, UX Design, Wireframing, Prototyping, Design Systems, Usability Testing. This is a remote internship position focused on delivering high-quality design work."
Lead UI Designer,Design,Color Theory; Adobe XD; Figma; HTML; CSS; Wireframing; Typography,Lead,"Internship · Remote. We are hiring a Lead UI Designer for our Gaming team. The ideal candidate has 8-14 years of experience and is proficient in Color Theory, Adobe XD, Figma, HTML, CSS, Wireframing, Typography. This is a remote internship position focused on delivering high-quality design work."
Intern Product Designer,Design,UX Design; Design Systems; Usability Testing; Wireframing; UI Design; User Research,Intern,"Internship · On-site. We are hiring a Intern Product Designer for our Gaming team. The ideal candidate has 0-1 years of experience and is proficient in UX Design, Design Systems, Usability Testing, Wireframing, UI Design, User Research. This is a on-site internship position focused on delivering high-quality design work."
Junior Graphic Designer,Design,Layout Design; Color Theory; Adobe XD; Print Design; Branding; Typography; InDesign,Junior,"Internship · Hybrid. We are hiring a Junior Graphic Designer for our E-commerce team. The ideal candidate has 1-3 years of experience and is proficient in Layout Design, Color Theory, Adobe XD, Print Design, Branding, Typography, InDesign. This is a hybrid internship position focused on delivering high-quality design work."
Principal Product Designer,Design,UX Design; Prototyping; Sketch; Interaction Design; User Research; Usability Testing; Wireframing,Principal,"Contract · On-site. We are hiring a Principal Product Designer for our Fintech team. The ideal candidate has 12-20 years of experience and is proficient in UX Design, Prototyping, Sketch, Interaction Design, User Research, Usability Testing, Wireframing. This is a on-site contract position focused on delivering high-quality design work."
Lead UI Designer,Design,HTML; Adobe XD; Sketch; Figma; Prototyping; Color Theory; Design Systems,Lead,"Contract · Hybrid. We are hiring a Lead UI Designer for our SaaS team. The ideal candidate has 8-14 years of experience and is proficient in HTML, Adobe XD, Sketch, Figma, Prototyping, Color Theory, Design Systems. This is a hybrid contract position focused on delivering high-quality design work."
Senior Interaction Designer,Design,Figma; Interaction Design; Prototyping; Design Systems; After Effects; Wireframing; User Research,Senior,"Full-time · On-site. We are hiring a Senior Interaction Designer for our Fintech team. The ideal candidate has 6-10 years of experience and is proficient in Figma, Interaction Design, Prototyping, Design Systems, After Effects, Wireframing, User Research. This is a on-site full-time position focused on delivering high-quality design work."
Senior Graphic Designer,Design,InDesign; Photoshop; Print Design; Typography; Color Theory,Senior,"Contract · Remote. We are hiring a Senior Graphic Designer for our SaaS team. The ideal candidate has 6-10 years of experience and is proficient in InDesign, Photoshop, Print Design, Typography, Color Theory. This is a remote contract position focused on delivering high-quality design work."
Mid-level Interaction Designer,Design,Prototyping; Design Systems; After Effects; Wireframing; Motion Design; UX Design; User Research,Mid-level,"Full-time · On-site. We are hiring a Mid-level Interaction Designer for our Enterprise team. The ideal candidate has 3-6 years of experience and is proficient in Prototyping, Design Systems, After Effects, Wireframing, Motion Design, UX Design, User Research. This is a on-site full-time position focused on delivering high-quality design work."
Mid-level Interaction Designer,Design,Design Systems; After Effects; Motion Design; Prototyping; User Research,Mid-level,"Full-time · Remote. We are hiring a Mid-level Interaction Designer for our Healthcare team. The ideal candidate has 3-6 years of experience and is proficient in Design Systems, After Effects, Motion Design, Prototyping, User Research. This is a remote full-time position focused on delivering high-quality design work."
Lead UI Designer,Design,Prototyping; Sketch; Figma; Color Theory; HTML; Wireframing,Lead,"Full-time · Remote. We are hiring a Lead UI Designer for our SaaS team. The ideal candidate has 8-14 years of experience and is proficient in Prototyping, Sketch, Figma, Color Theory, HTML, Wireframing. This is a remote full-time position focused on delivering high-quality design work."
Principal Product Designer,Design,Usability Testing; Wireframing; User Research; Sketch; UI Design; UX Design,Principal,"Contract · Hybrid. We are hiring a Principal Product Designer for our Enterprise team. The ideal candidate has 12-20 years of experience and is proficient in Usability Testing, Wireframing, User Research, Sketch, UI Design, UX Design. This is a hybrid contract position focused on delivering high-quality design work."
Lead UX Designer,Design,Personas; Prototyping; Accessibility; Design Thinking; Usability Testing,Lead,"Full-time · Hybrid. We are hiring a Lead UX Designer for our Gaming team. The ideal candidate has 8-14 years of experience and is proficient in Personas, Prototyping, Accessibility, Design Thinking, Usability Testing. This is a hybrid full-time position focused on delivering high-quality design work."
Intern Interaction Designer,Design,Interaction Design; Prototyping; Usability Testing; Design Systems; After Effects; User Research; Motion Design,Intern,"Internship · Remote. We are hiring a Intern Interaction Designer for our Fintech team. The ideal candidate has 0-1 years of experience and is proficient in Interaction Design, Prototyping, Usability Testing, Design Systems, After Effects, User Research, Motion Design. This is a remote internship position focused on delivering high-quality design work."
Lead UX Designer,Design,Design Thinking; Usability Testing; Wireframing; Prototyping; Accessibility,Lead,"Full-time · Remote. We are hiring a Lead UX Designer for our Startup team. The ideal candidate has 8-14 years of experience and is proficient in Design Thinking, Usability Testing, Wireframing, Prototyping, Accessibility. This is a remote full-time position focused on delivering high-quality design work."
Lead UX Designer,Design,Accessibility; User Research; Personas; Design Thinking; Journey Mapping; Prototyping; Information Architecture,Lead,"Internship · Hybrid. We are hiring a Lead UX Designer for our SaaS team. The ideal candidate has 8-14 years of experience and is proficient in Accessibility, User Research, Personas, Design Thinking, Journey Mapping, Prototyping, Information Architecture. This is a hybrid internship position focused on delivering high-quality design work."
Senior Product Designer,Design,Wireframing; Design Systems; Usability Testing; UI Design; Sketch; Interaction Design; User Research,Senior,"Full-time · Hybrid. We are hiring a Senior Product Designer for our Gaming team. The ideal candidate has 6-10 years of experience and is proficient in Wireframing, Design Systems, Usability Testing, UI Design, Sketch, Interaction Design, User Research. This is a hybrid full-time position focused on delivering high-quality design work."
Mid-level Interaction Designer,Design,After Effects; Figma; Motion Design; User Research; UX Design; Prototyping,Mid-level,"Contract · On-site. We are hiring a Mid-level Interaction Designer for our SaaS team. The ideal candidate has 3-6 years of experience and is proficient in After Effects, Figma, Motion Design, User Research, UX Design, Prototyping. This is a on-site contract position focused on delivering high-quality design work."
Mid-level UX Designer,Design,Design Thinking; Prototyping; User Research; Information Architecture; Accessibility,Mid-level,"Internship · On-site. We are hiring a Mid-level UX Designer for our EdTech team. The ideal candidate has 3-6 years of experience and is proficient in Design Thinking, Prototyping, User Research, Information Architecture, Accessibility. This is a on-site internship position focused on delivering high-quality design work."
Lead Graphic Designer,Design,Creativity; Illustrator; Layout Design; Typography; Adobe XD; Photoshop; Branding,Lead,"Internship · Remote. We are hiring a Lead Graphic Designer for our EdTech team. The ideal candidate has 8-14 years of experience and is proficient in Creativity, Illustrator, Layout Design, Typography, Adobe XD, Photoshop, Branding. This is a remote internship position focused on delivering high-quality design work."
Lead Interaction Designer,Design,Design Systems; Prototyping; Wireframing; Figma; Interaction Design; UX Design,Lead,"Contract · Remote. We are hiring a Lead Interaction Designer for our Startup team. The ideal candidate has 8-14 years of experience and is proficient in Design Systems, Prototyping, Wireframing, Figma, Interaction Design, UX Design. This is a remote contract position focused on delivering high-quality design work."
Lead Interaction Designer,Design,UX Design; Wireframing; Motion Design; After Effects; Usability Testing,Lead,"Internship · Hybrid. We are hiring a Lead Interaction Designer for our E-commerce team. The ideal candidate has 8-14 years of experience and is proficient in UX Design, Wireframing, Motion Design, After Effects, Usability Testing. This is a hybrid internship position focused on delivering high-quality design work."
Junior UX Designer,Design,Figma; Information Architecture; Accessibility; Journey Mapping; Wireframing; Usability Testing; Prototyping,Junior,"Contract · Remote. We are hiring a Junior UX Designer for our Fintech team. The ideal candidate has 1-3 years of experience and is proficient in Figma, Information Architecture, Accessibility, Journey Mapping, Wireframing, Usability Testing, Prototyping. This is a remote contract position focused on delivering high-quality design work."
Mid-level Product Designer,Design,Prototyping; UX Design; Figma; Wireframing; Design Systems; Usability Testing; Interaction Design,Mid-level,"Full-time · On-site. We are hiring a Mid-level Product Designer for our Fintech team. The ideal candidate has 3-6 years of experience and is proficient in Prototyping, UX Design, Figma, Wireframing, Design Systems, Usability Testing, Interaction Design. This is a on-site full-time position focused on delivering high-quality design work."
Junior UX Designer,Design,Wireframing; Figma; Accessibility; Design Thinking; Journey Mapping; Information Architecture; Usability Testing,Junior,"Contract · On-site. We are hiring a Junior UX Designer for our Enterprise team. The ideal candidate has 1-3 years of experience and is proficient in Wireframing, Figma, Accessibility, Design Thinking, Journey Mapping, Information Architecture, Usability Testing. This is a on-site contract position focused on delivering high-quality design work."
Senior Graphic Designer,Design,Illustrator; InDesign; Layout Design; Print Design; Adobe XD,Senior,"Full-time · Hybrid. We are hiring a Senior Graphic Designer for our Startup team. The ideal candidate has 6-10 years of experience and is proficient in Illustrator, InDesign, Layout Design, Print Design, Adobe XD. This is a hybrid full-time position focused on delivering high-quality design work."
Junior Interaction Designer,Design,Usability Testing; Prototyping; Interaction Design; Figma; Design Systems; Motion Design; User Research,Junior,"Internship · Remote. We are hiring a Junior Interaction Designer for our Gaming team. The ideal candidate has 1-3 years of experience and is proficient in Usability Testing, Prototyping, Interaction Design, Figma, Design Systems, Motion Design, User Research. This is a remote internship position focused on delivering high-quality design work."
Mid-level Product Designer,Design,Prototyping; Wireframing; Figma; User Research; Usability Testing; UI Design,Mid-level,"Contract · On-site. We are hiring a Mid-level Product Designer for our Gaming team. The ideal candidate has 3-6 years of experience and is proficient in Prototyping, Wireframing, Figma, User Research, Usability Testing, UI Design. This is a on-site contract position focused on delivering high-quality design work."
Mid-level Product Designer,Design,User Research; Interaction Design; UX Design; UI Design; Design Systems; Wireframing; Usability Testing,Mid-level,"Contract · On-site. We are hiring a Mid-level Product Designer for our Enterprise team. The ideal candidate has 3-6 years of experience and is proficient in User Research, Interaction Design, UX Design, UI Design, Design Systems, Wireframing, Usability Testing. This is a on-site contract position focused on delivering high-quality design work."
Mid-level Product Designer,Design,Wireframing; Interaction Design; Figma; Prototyping; UX Design,Mid-level,"Full-time · Remote. We are hiring a Mid-level Product Designer for our Fintech team. The ideal candidate has 3-6 years of experience and is proficient in Wireframing, Interaction Design, Figma, Prototyping, UX Design. This is a remote full-time position focused on delivering high-quality design work."
Lead UI Designer,Design,Figma; CSS; HTML; Color Theory; Wireframing; Design Systems,Lead,"Internship · On-site. We are hiring a Lead UI Designer for our EdTech team. The ideal candidate has 8-14 years of experience and is proficient in Figma, CSS, HTML, Color Theory, Wireframing, Design Systems. This is a on-site internship position focused on delivering high-quality design work."
Principal Product Designer,Design,UX Design; Usability Testing; Figma; Interaction Design; Prototyping; Sketch,Principal,"Full-time · On-site. We are hiring a Principal Product Designer for our Healthcare team. The ideal candidate has 12-20 years of experience and is proficient in UX Design, Usability Testing, Figma, Interaction Design, Prototyping, Sketch. This is a on-site full-time position focused on delivering high-quality design work."
Lead Product Designer,Design,User Research; Prototyping; Figma; UX Design; Sketch,Lead,"Full-time · On-site. We are hiring a Lead Product Designer for our Fintech team. The ideal candidate has 8-14 years of experience and is proficient in User Research, Prototyping, Figma, UX Design, Sketch. This is a on-site full-time position focused on delivering high-quality design work."
Principal Graphic Designer,Design,InDesign; Print Design; Illustrator; Adobe XD; Branding; Color Theory; Photoshop,Principal,"Contract · Remote. We are hiring a Principal Graphic Designer for our Startup team. The ideal candidate has 12-20 years of experience and is proficient in InDesign, Print Design, Illustrator, Adobe XD, Branding, Color Theory, Photoshop. This is a remote contract position focused on delivering high-quality design work."
Mid-level Interaction Designer,Design,Interaction Design; UX Design; Motion Design; User Research; Usability Testing; After Effects,Mid-level,"Full-time · Hybrid. We are hiring a Mid-level Interaction Designer for our Enterprise team. The ideal candidate has 3-6 years of experience and is proficient in Interaction Design, UX Design, Motion Design, User Research, Usability Testing, After Effects. This is a hybrid full-time position focused on delivering high-quality design work."
Junior Graphic Designer,Design,Print Design; Color Theory; Illustrator; Adobe XD; Branding,Junior,"Full-time · Hybrid. We are hiring a Junior Graphic Designer for our SaaS team. The ideal candidate has 1-3 years of experience and is proficient in Print Design, Color Theory, Illustrator, Adobe XD, Branding. This is a hybrid full-time position focused on delivering high-quality design work."
Principal Interaction Designer,Design,Interaction Design; UX Design; After Effects; Prototyping; Usability Testing; User Research,Principal,"Full-time · Remote. We are hiring a Principal Interaction Designer for our SaaS team. The ideal candidate has 12-20 years of experience and is proficient in Interaction Design, UX Design, After Effects, Prototyping, Usability Testing, User Research. This is a remote full-time position focused on delivering high-quality design work."
Mid-level UX Designer,Design,Personas; User Research; Figma; Journey Mapping; Information Architecture; Wireframing; Prototyping,Mid-level,"Full-time · Hybrid. We are hiring a Mid-level UX Designer for our Gaming team. The ideal candidate has 3-6 years of experience and is proficient in Personas, User Research, Figma, Journey Mapping, Information Architecture, Wireframing, Prototyping. This is a hybrid full-time position focused on delivering high-quality design work."
Principal Interaction Designer,Design,Design Systems; Figma; Wireframing; After Effects; Usability Testing; Prototyping,Principal,"Contract · On-site. We are hiring a Principal Interaction Designer for our Gaming team. The ideal candidate has 12-20 years of experience and is proficient in Design Systems, Figma, Wireframing, After Effects, Usability Testing, Prototyping. This is a on-site contract position focused on delivering high-quality design work."
Intern UI Designer,Design,CSS; Figma; Wireframing; Typography; Design Systems; Color Theory; Prototyping,Intern,"Internship · Hybrid. We are hiring a Intern UI Designer for our EdTech team. The ideal candidate has 0-1 years of experience and is proficient in CSS, Figma, Wireframing, Typography, Design Systems, Color Theory, Prototyping. This is a hybrid internship position focused on delivering high-quality design work."
Lead Product Designer,Design,Interaction Design; Design Systems; Sketch; User Research; Prototyping; UI Design,Lead,"Internship · Remote. We are hiring a Lead Product Designer for our Fintech team. The ideal candidate has 8-14 years of experience and is proficient in Interaction Design, Design Systems, Sketch, User Research, Prototyping, UI Design. This is a remote internship position focused on delivering high-quality design work."
Mid-level Product Designer,Design,Sketch; User Research; Wireframing; Prototyping; Figma; Usability Testing; Design Systems,Mid-level,"Contract · Remote. We are hiring a Mid-level Product Designer for our SaaS team. The ideal candidate has 3-6 years of experience and is proficient in Sketch, User Research, Wireframing, Prototyping, Figma, Usability Testing, Design Systems. This is a remote contract position focused on delivering high-quality design work."
Lead Interaction Designer,Design,UX Design; Prototyping; Motion Design; Figma; User Research; Wireframing; Interaction Design,Lead,"Internship · On-site. We are hiring a Lead Interaction Designer for our EdTech team. The ideal candidate has 8-14 years of experience and is proficient in UX Design, Prototyping, Motion Design, Figma, User Research, Wireframing, Interaction Design. This is a on-site internship position focused on delivering high-quality design work."
Intern Interaction Designer,Design,After Effects; Prototyping; Motion Design; Design Systems; Figma; Wireframing; Interaction Design,Intern,"Full-time · On-site. We are hiring a Intern Interaction Designer for our EdTech team. The ideal candidate has 0-1 years of experience and is proficient in After Effects, Prototyping, Motion Design, Design Systems, Figma, Wireframing, Interaction Design. This is a on-site full-time position focused on delivering high-quality design work."
Principal Graphic Designer,Design,Adobe XD; Illustrator; Color Theory; InDesign; Typography,Principal,"Contract · Hybrid. We are hiring a Principal Graphic Designer for our SaaS team. The ideal candidate has 12-20 years of experience and is proficient in Adobe XD, Illustrator, Color Theory, InDesign, Typography. This is a hybrid contract position focused on delivering high-quality design work."
Senior Graphic Designer,Design,Creativity; Photoshop; Illustrator; Typography; InDesign; Adobe XD,Senior,"Internship · Hybrid. We are hiring a Senior Graphic Designer for our EdTech team. The ideal candidate has 6-10 years of experience and is proficient in Creativity, Photoshop, Illustrator, Typography, InDesign, Adobe XD. This is a hybrid internship position focused on delivering high-quality design work."
Principal UI Designer,Design,Wireframing; HTML; Figma; Design Systems; CSS; Color Theory; Sketch,Principal,"Contract · Remote. We are hiring a Principal UI Designer for our EdTech team. The ideal candidate has 12-20 years of experience and is proficient in Wireframing, HTML, Figma, Design Systems, CSS, Color Theory, Sketch. This is a remote contract position focused on delivering high-quality design work."
Intern Product Designer,Design,Design Systems; User Research; UX Design; Figma; Sketch; Usability Testing; Wireframing,Intern,"Contract · Hybrid. We are hiring a Intern Product Designer for our SaaS team. The ideal candidate has 0-1 years of experience and is proficient in Design Systems, User Research, UX Design, Figma, Sketch, Usability Testing, Wireframing. This is a hybrid contract position focused on delivering high-quality design work."
Lead UI Designer,Design,Color Theory; Figma; Wireframing; Sketch; CSS,Lead,"Contract · On-site. We are hiring a Lead UI Designer for our Fintech team. The ideal candidate has 8-14 years of experience and is proficient in Color Theory, Figma, Wireframing, Sketch, CSS. This is a on-site contract position focused on delivering high-quality design work."
Lead UX Designer,Design,Prototyping; Personas; Figma; User Research; Design Thinking; Information Architecture; Usability Testing,Lead,"Contract · Remote. We are hiring a Lead UX Designer for our Startup team. The ideal candidate has 8-14 years of experience and is proficient in Prototyping, Personas, Figma, User Research, Design Thinking, Information Architecture, Usability Testing. This is a remote contract position focused on delivering high-quality design work."
Intern Interaction Designer,Design,Figma; Prototyping; Wireframing; Motion Design; Interaction Design; After Effects,Intern,"Internship · On-site. We are hiring a Intern Interaction Designer for our Healthcare team. The ideal candidate has 0-1 years of experience and is proficient in Figma, Prototyping, Wireframing, Motion Design, Interaction Design, After Effects. This is a on-site internship position focused on delivering high-quality design work."
Senior Graphic Designer,Design,Illustrator; Color Theory; Creativity; Photoshop; Layout Design; Adobe XD; Print Design,Senior,"Internship · On-site. We are hiring a Senior Graphic Designer for our Fintech team. The ideal candidate has 6-10 years of experience and is proficient in Illustrator, Color Theory, Creativity, Photoshop, Layout Design, Adobe XD, Print Design. This is a on-site internship position focused on delivering high-quality design work."
Junior UX Designer,Design,Usability Testing; Wireframing; Journey Mapping; Prototyping; Figma; Personas; Design Thinking,Junior,"Internship · On-site. We are hiring a Junior UX Designer for our Enterprise team. The ideal candidate has 1-3 years of experience and is proficient in Usability Testing, Wireframing, Journey Mapping, Prototyping, Figma, Personas, Design Thinking. This is a on-site internship position focused on delivering high-quality design work."
Lead UX Designer,Design,Design Thinking; Usability Testing; Information Architecture; Wireframing; Journey Mapping; Prototyping,Lead,"Internship · On-site. We are hiring a Lead UX Designer for our Startup team. The ideal candidate has 8-14 years of experience and is proficient in Design Thinking, Usability Testing, Information Architecture, Wireframing, Journey Mapping, Prototyping. This is a on-site internship position focused on delivering high-quality design work."
Mid-level Product Designer,Design,Figma; Design Systems; User Research; Sketch; Interaction Design,Mid-level,"Internship · On-site. We are hiring a Mid-level Product Designer for our Gaming team. The ideal candidate has 3-6 years of experience and is proficient in Figma, Design Systems, User Research, Sketch, Interaction Design. This is a on-site internship position focused on delivering high-quality design work."
Senior Graphic Designer,Design,Color Theory; Branding; Creativity; Layout Design; Photoshop; Print Design,Senior,"Internship · Remote. We are hiring a Senior Graphic Designer for our Enterprise team. The ideal candidate has 6-10 years of experience and is proficient in Color Theory, Branding, Creativity, Layout Design, Photoshop, Print Design. This is a remote internship position focused on delivering high-quality design work."
Principal Product Designer,Design,Figma; UI Design; Sketch; Wireframing; User Research,Principal,"Internship · Remote. We are hiring a Principal Product Designer for our E-commerce team. The ideal candidate has 12-20 years of experience and is proficient in Figma, UI Design, Sketch, Wireframing, User Research. This is a remote internship position focused on delivering high-quality design work."
Junior Graphic Designer,Design,Creativity; InDesign; Photoshop; Branding; Layout Design,Junior,"Contract · Hybrid. We are hiring a Junior Graphic Designer for our E-commerce team. The ideal candidate has 1-3 years of experience and is proficient in Creativity, InDesign, Photoshop, Branding, Layout Design. This is a hybrid contract position focused on delivering high-quality design work."
Intern Graphic Designer,Design,Adobe XD; Layout Design; Creativity; Photoshop; Color Theory,Intern,"Internship · On-site. We are hiring a Intern Graphic Designer for our Fintech team. The ideal candidate has 0-1 years of experience and is proficient in Adobe XD, Layout Design, Creativity, Photoshop, Color Theory. This is a on-site internship position focused on delivering high-quality design work."
Mid-level Interaction Designer,Design,Interaction Design; Design Systems; After Effects; Usability Testing; UX Design; User Research; Figma,Mid-level,"Internship · On-site. We are hiring a Mid-level Interaction Designer for our Gaming team. The ideal candidate has 3-6 years of experience and is proficient in Interaction Design, Design Systems, After Effects, Usability Testing, UX Design, User Research, Figma. This is a on-site internship position focused on delivering high-quality design work."
Junior Graphic Designer,Design,Illustrator; Adobe XD; Print Design; Layout Design; Color Theory,Junior,"Internship · Hybrid. We are hiring a Junior Graphic Designer for our Enterprise team. The ideal candidate has 1-3 years of experience and is proficient in Illustrator, Adobe XD, Print Design, Layout Design, Color Theory. This is a hybrid internship position focused on delivering high-quality design work."
Senior UI Designer,Design,Prototyping; Adobe XD; HTML; Sketch; CSS,Senior,"Full-time · Remote. We are hiring a Senior UI Designer for our Startup team. The ideal candidate has 6-10 years of experience and is proficient in Prototyping, Adobe XD, HTML, Sketch, CSS. This is a remote full-time position focused on delivering high-quality design work."
Intern Product Designer,Design,Sketch; Wireframing; Figma; Prototyping; UX Design; User Research; Design Systems,Intern,"Full-time · On-site. We are hiring a Intern Product Designer for our E-commerce team. The ideal candidate has 0-1 years of experience and is proficient in Sketch, Wireframing, Figma, Prototyping, UX Design, User Research, Design Systems. This is a on-site full-time position focused on delivering high-quality design work."
Mid-level UX Designer,Design,User Research; Figma; Personas; Prototyping; Accessibility; Journey Mapping,Mid-level,"Internship · On-site. We are hiring a Mid-level UX Designer for our SaaS team. The ideal candidate has 3-6 years of experience and is proficient in User Research, Figma, Personas, Prototyping, Accessibility, Journey Mapping. This is a on-site internship position focused on delivering high-quality design work."
Senior UI Designer,Design,HTML; Design Systems; CSS; Wireframing; Prototyping; Adobe XD; Sketch,Senior,"Contract · Hybrid. We are hiring a Senior UI Designer for our Fintech team. The ideal candidate has 6-10 years of experience and is proficient in HTML, Design Systems, CSS, Wireframing, Prototyping, Adobe XD, Sketch. This is a hybrid contract position focused on delivering high-quality design work."
Junior Interaction Designer,Design,Motion Design; Figma; Usability Testing; Interaction Design; Design Systems,Junior,"Contract · Remote. We are hiring a Junior Interaction Designer for our EdTech team. The ideal candidate has 1-3 years of experience and is proficient in Motion Design, Figma, Usability Testing, Interaction Design, Design Systems. This is a remote contract position focused on delivering high-quality design work."
Lead UI Designer,Design,Typography; Wireframing; HTML; CSS; Adobe XD; Prototyping; Sketch,Lead,"Contract · On-site. We are hiring a Lead UI Designer for our Enterprise team. The ideal candidate has 8-14 years of experience and is proficient in Typography, Wireframing, HTML, CSS, Adobe XD, Prototyping, Sketch. This is a on-site contract position focused on delivering high-quality design work."
Junior Interaction Designer,Design,UX Design; Interaction Design; Usability Testing; Prototyping; Design Systems; Motion Design; Figma,Junior,"Full-time · On-site. We are hiring a Junior Interaction Designer for our Healthcare team. The ideal candidate has 1-3 years of experience and is proficient in UX Design, Interaction Design, Usability Testing, Prototyping, Design Systems, Motion Design, Figma. This is a on-site full-time position focused on delivering high-quality design work."
Principal UX Designer,Design,Prototyping; Wireframing; Design Thinking; Personas; Accessibility; Journey Mapping; Figma,Principal,"Contract · On-site. We are hiring a Principal UX Designer for our Enterprise team. The ideal candidate has 12-20 years of experience and is proficient in Prototyping, Wireframing, Design Thinking, Personas, Accessibility, Journey Mapping, Figma. This is a on-site contract position focused on delivering high-quality design work."
Mid-level Graphic Designer,Design,Print Design; InDesign; Illustrator; Creativity; Photoshop,Mid-level,"Internship · Remote. We are hiring a Mid-level Graphic Designer for our Healthcare team. The ideal candidate has 3-6 years of experience and is proficient in Print Design, InDesign, Illustrator, Creativity, Photoshop. This is a remote internship position focused on delivering high-quality design work."
Mid-level Graphic Designer,Design,Photoshop; Layout Design; Color Theory; InDesign; Typography; Creativity,Mid-level,"Internship · Hybrid. We are hiring a Mid-level Graphic Designer for our EdTech team. The ideal candidate has 3-6 years of experience and is proficient in Photoshop, Layout Design, Color Theory, InDesign, Typography, Creativity. This is a hybrid internship position focused on delivering high-quality design work."
Intern Product Designer,Design,Figma; Wireframing; Interaction Design; User Research; Usability Testing; UX Design; UI Design,Intern,"Internship · On-site. We are hiring a Intern Product Designer for our Fintech team. The ideal candidate has 0-1 years of experience and is proficient in Figma, Wireframing, Interaction Design, User Research, Usability Testing, UX Design, UI Design. This is a on-site internship position focused on delivering high-quality design work."
Mid-level Product Designer,Design,User Research; Design Systems; UX Design; Figma; Wireframing,Mid-level,"Contract · Remote. We are hiring a Mid-level Product Designer for our EdTech team. The ideal candidate has 3-6 years of experience and is proficient in User Research, Design Systems, UX Design, Figma, Wireframing. This is a remote contract position focused on delivering high-quality design work."
Lead Interaction Designer,Design,UX Design; Design Systems; Usability Testing; User Research; Motion Design; Figma; Interaction Design,Lead,"Contract · Hybrid. We are hiring a Lead Interaction Designer for our SaaS team. The ideal candidate has 8-14 years of experience and is proficient in UX Design, Design Systems, Usability Testing, User Research, Motion Design, Figma, Interaction Design. This is a hybrid contract position focused on delivering high-quality design work."
Principal Interaction Designer,Design,UX Design; Prototyping; User Research; Wireframing; Interaction Design,Principal,"Internship · On-site. We are hiring a Principal Interaction Designer for our E-commerce team. The ideal candidate has 12-20 years of experience and is proficient in UX Design, Prototyping, User Research, Wireframing, Interaction Design. This is a on-site internship position focused on delivering high-quality design work."
Senior UX Designer,Design,User Research; Accessibility; Information Architecture; Journey Mapping; Personas; Usability Testing,Senior,"Internship · Hybrid. We are hiring a Senior UX Designer for our Healthcare team. The ideal candidate has 6-10 years of experience and is proficient in User Research, Accessibility, Information Architecture, Journey Mapping, Personas, Usability Testing. This is a hybrid internship position focused on delivering high-quality design work."
Junior UI Designer,Design,Sketch; HTML; Design Systems; Color Theory; Prototyping,Junior,"Contract · Hybrid. We are hiring a Junior UI Designer for our EdTech team. The ideal candidate has 1-3 years of experience and is proficient in Sketch, HTML, Design Systems, Color Theory, Prototyping. This is a hybrid contract position focused on delivering high-quality design work."
Lead Product Designer,Design,Interaction Design; Figma; UI Design; Usability Testing; UX Design,Lead,"Internship · Remote. We are hiring a Lead Product Designer for our E-commerce team. The ideal candidate has 8-14 years of experience and is proficient in Interaction Design, Figma, UI Design, Usability Testing, UX Design. This is a remote internship position focused on delivering high-quality design work."
Lead UI Designer,Design,Wireframing; Typography; HTML; CSS; Design Systems,Lead,"Full-time · Remote. We are hiring a Lead UI Designer for our Enterprise team. The ideal candidate has 8-14 years of experience and is proficient in Wireframing, Typography, HTML, CSS, Design Systems. This is a remote full-time position focused on delivering high-quality design work."
Senior Product Designer,Design,Wireframing; Design Systems; UI Design; UX Design; Interaction Design; Figma,Senior,"Internship · Hybrid. We are hiring a Senior Product Designer for our EdTech team. The ideal candidate has 6-10 years of experience and is proficient in Wireframing, Design Systems, UI Design, UX Design, Interaction Design, Figma. This is a hybrid internship position focused on delivering high-quality design work."
Intern Product Designer,Design,Design Systems; Prototyping; Interaction Design; User Research; Sketch; Figma; Usability Testing,Intern,"Internship · Remote. We are hiring a Intern Product Designer for our E-commerce team. The ideal candidate has 0-1 years of experience and is proficient in Design Systems, Prototyping, Interaction Design, User Research, Sketch, Figma, Usability Testing. This is a remote internship position focused on delivering high-quality design work."
Mid-level UX Designer,Design,Prototyping; Figma; Information Architecture; Design Thinking; Personas; Journey Mapping; Wireframing,Mid-level,"Full-time · Hybrid. We are hiring a Mid-level UX Designer for our Fintech team. The ideal candidate has 3-6 years of experience and is proficient in Prototyping, Figma, Information Architecture, Design Thinking, Personas, Journey Mapping, Wireframing. This is a hybrid full-time position focused on delivering high-quality design work."
Intern Interaction Designer,Design,After Effects; User Research; Figma; Interaction Design; Prototyping; Design Systems,Intern,"Full-time · On-site. We are hiring a Intern Interaction Designer for our SaaS team. The ideal candidate has 0-1 years of experience and is proficient in After Effects, User Research, Figma, Interaction Design, Prototyping, Design Systems. This is a on-site full-time position focused on delivering high-quality design work."
Junior UX Designer,Design,Wireframing; Figma; User Research; Usability Testing; Information Architecture; Journey Mapping; Prototyping,Junior,"Contract · Hybrid. We are hiring a Junior UX Designer for our Fintech team. The ideal candidate has 1-3 years of experience and is proficient in Wireframing, Figma, User Research, Usability Testing, Information Architecture, Journey Mapping, Prototyping. This is a hybrid contract position focused on delivering high-quality design work."
Intern UX Designer,Design,User Research; Personas; Prototyping; Figma; Accessibility; Journey Mapping,Intern,"Full-time · On-site. We are hiring a Intern UX Designer for our Gaming team. The ideal candidate has 0-1 years of experience and is proficient in User Research, Personas, Prototyping, Figma, Accessibility, Journey Mapping. This is a on-site full-time position focused on delivering high-quality design work."
Principal UX Designer,Design,Design Thinking; Figma; Accessibility; Usability Testing; User Research; Personas,Principal,"Internship · Hybrid. We are hiring a Principal UX Designer for our Enterprise team. The ideal candidate has 12-20 years of experience and is proficient in Design Thinking, Figma, Accessibility, Usability Testing, User Research, Personas. This is a hybrid internship position focused on delivering high-quality design work."
Lead Product Designer,Design,Wireframing; Figma; Sketch; Interaction Design; User Research,Lead,"Full-time · Remote. We are hiring a Lead Product Designer for our SaaS team. The ideal candidate has 8-14 years of experience and is proficient in Wireframing, Figma, Sketch, Interaction Design, User Research. This is a remote full-time position focused on delivering high-quality design work."
Principal Interaction Designer,Design,Interaction Design; UX Design; User Research; Figma; Usability Testing,Principal,"Internship · Remote. We are hiring a Principal Interaction Designer for our E-commerce team. The ideal candidate has 12-20 years of experience and is proficient in Interaction Design, UX Design, User Research, Figma, Usability Testing. This is a remote internship position focused on delivering high-quality design work."
Junior UX Designer,Design,Information Architecture; Usability Testing; Accessibility; Prototyping; Journey Mapping,Junior,"Full-time · On-site. We are hiring a Junior UX Designer for our Fintech team. The ideal candidate has 1-3 years of experience and is proficient in Information Architecture, Usability Testing, Accessibility, Prototyping, Journey Mapping. This is a on-site full-time position focused on delivering high-quality design work."
Junior UI Designer,Design,Prototyping; Figma; Design Systems; Typography; Sketch; CSS; Adobe XD,Junior,"Full-time · On-site. We are hiring a Junior UI Designer for our SaaS team. The ideal candidate has 1-3 years of experience and is proficient in Prototyping, Figma, Design Systems, Typography, Sketch, CSS, Adobe XD. This is a on-site full-time position focused on delivering high-quality design work."
Intern UI Designer,Design,Typography; Wireframing; Color Theory; Figma; CSS; Sketch,Intern,"Contract · Hybrid. We are hiring a Intern UI Designer for our Fintech team. The ideal candidate has 0-1 years of experience and is proficient in Typography, Wireframing, Color Theory, Figma, CSS, Sketch. This is a hybrid contract position focused on delivering high-quality design work."
Junior UI Designer,Design,Typography; CSS; Wireframing; Figma; Sketch; Design Systems; Prototyping,Junior,"Full-time · On-site. We are hiring a Junior UI Designer for our Gaming team. The ideal candidate has 1-3 years of experience and is proficient in Typography, CSS, Wireframing, Figma, Sketch, Design Systems, Prototyping. This is a on-site full-time position focused on delivering high-quality design work."
Lead Graphic Designer,Design,Layout Design; InDesign; Color Theory; Print Design; Photoshop; Illustrator; Typography,Lead,"Internship · Hybrid. We are hiring a Lead Graphic Designer for our Startup team. The ideal candidate has 8-14 years of experience and is proficient in Layout Design, InDesign, Color Theory, Print Design, Photoshop, Illustrator, Typography. This is a hybrid internship position focused on delivering high-quality design work."
Principal Graphic Designer,Design,Photoshop; Creativity; Typography; InDesign; Color Theory,Principal,"Internship · On-site. We are hiring a Principal Graphic Designer for our Gaming team. The ideal candidate has 12-20 years of experience and is proficient in Photoshop, Creativity, Typography, InDesign, Color Theory. This is a on-site internship position focused on delivering high-quality design work."
Intern UX Designer,Design,Wireframing; Design Thinking; Personas; Information Architecture; Figma; Prototyping; User Research,Intern,"Contract · On-site. We are hiring a Intern UX Designer for our E-commerce team. The ideal candidate has 0-1 years of experience and is proficient in Wireframing, Design Thinking, Personas, Information Architecture, Figma, Prototyping, User Research. This is a on-site contract position focused on delivering high-quality design work."
Mid-level Graphic Designer,Design,Photoshop; Illustrator; Color Theory; Print Design; Branding; Adobe XD; Creativity,Mid-level,"Internship · Remote. We are hiring a Mid-level Graphic Designer for our Enterprise team. The ideal candidate has 3-6 years of experience and is proficient in Photoshop, Illustrator, Color Theory, Print Design, Branding, Adobe XD, Creativity. This is a remote internship position focused on delivering high-quality design work."
Lead Product Designer,Design,Wireframing; Design Systems; Usability Testing; Interaction Design; User Research,Lead,"Full-time · Hybrid. We are hiring a Lead Product Designer for our Gaming team. The ideal candidate has 8-14 years of experience and is proficient in Wireframing, Design Systems, Usability Testing, Interaction Design, User Research. This is a hybrid full-time position focused on delivering high-quality design work."
Principal Interaction Designer,Design,UX Design; Usability Testing; Interaction Design; Design Systems; Wireframing; After Effects; Figma,Principal,"Internship · Remote. We are hiring a Principal Interaction Designer for our Gaming team. The ideal candidate has 12-20 years of experience and is proficient in UX Design, Usability Testing, Interaction Design, Design Systems, Wireframing, After Effects, Figma. This is a remote internship position focused on delivering high-quality design work."
Junior UI Designer,Design,Color Theory; Wireframing; Figma; Sketch; CSS,Junior,"Full-time · Hybrid. We are hiring a Junior UI Designer for our EdTech team. The ideal candidate has 1-3 years of experience and is proficient in Color Theory, Wireframing, Figma, Sketch, CSS. This is a hybrid full-time position focused on delivering high-quality design work."
Senior Graphic Designer,Design,Adobe XD; Branding; Photoshop; Typography; Creativity; Illustrator; Layout Design,Senior,"Internship · Hybrid. We are hiring a Senior Graphic Designer for our Fintech team. The ideal candidate has 6-10 years of experience and is proficient in Adobe XD, Branding, Photoshop, Typography, Creativity, Illustrator, Layout Design. This is a hybrid internship position focused on delivering high-quality design work."
Lead Product Designer,Design,UX Design; UI Design; Figma; Prototyping; Usability Testing; Design Systems,Lead,"Internship · Hybrid. We are hiring a Lead Product Designer for our Enterprise team. The ideal candidate has 8-14 years of experience and is proficient in UX Design, UI Design, Figma, Prototyping, Usability Testing, Design Systems. This is a hybrid internship position focused on delivering high-quality design work."
Intern Product Designer,Design,User Research; Interaction Design; Usability Testing; Figma; UI Design; Sketch,Intern,"Full-time · Hybrid. We are hiring a Intern Product Designer for our Fintech team. The ideal candidate has 0-1 years of experience and is proficient in User Research, Interaction Design, Usability Testing, Figma, UI Design, Sketch. This is a hybrid full-time position focused on delivering high-quality design work."
Junior UX Designer,Design,Personas; Accessibility; Wireframing; Usability Testing; Design Thinking,Junior,"Full-time · Hybrid. We are hiring a Junior UX Designer for our SaaS team. The ideal candidate has 1-3 years of experience and is proficient in Personas, Accessibility, Wireframing, Usability Testing, Design Thinking. This is a hybrid full-time position focused on delivering high-quality design work."
Junior UX Designer,Design,Figma; User Research; Personas; Usability Testing; Wireframing,Junior,"Contract · Hybrid. We are hiring a Junior UX Designer for our Enterprise team. The ideal candidate has 1-3 years of experience and is proficient in Figma, User Research, Personas, Usability Testing, Wireframing. This is a hybrid contract position focused on delivering high-quality design work."
Senior Graphic Designer,Design,Layout Design; Adobe XD; Creativity; Print Design; InDesign,Senior,"Contract · Hybrid. We are hiring a Senior Graphic Designer for our Fintech team. The ideal candidate has 6-10 years of experience and is proficient in Layout Design, Adobe XD, Creativity, Print Design, InDesign. This is a hybrid contract position focused on delivering high-quality design work."
Junior Product Designer,Design,UI Design; Usability Testing; UX Design; Design Systems; Figma; Interaction Design; Sketch,Junior,"Full-time · Hybrid. We are hiring a Junior Product Designer for our Enterprise team. The ideal candidate has 1-3 years of experience and is proficient in UI Design, Usability Testing, UX Design, Design Systems, Figma, Interaction Design, Sketch. This is a hybrid full-time position focused on delivering high-quality design work."
Principal UI Designer,Design,Color Theory; CSS; Sketch; Wireframing; Design Systems; Figma,Principal,"Full-time · Hybrid. We are hiring a Principal UI Designer for our Enterprise team. The ideal candidate has 12-20 years of experience and is proficient in Color Theory, CSS, Sketch, Wireframing, Design Systems, Figma. This is a hybrid full-time position focused on delivering high-quality design work."
Senior Graphic Designer,Design,Illustrator; Layout Design; InDesign; Typography; Adobe XD; Photoshop; Creativity,Senior,"Internship · Hybrid. We are hiring a Senior Graphic Designer for our Gaming team. The ideal candidate has 6-10 years of experience and is proficient in Illustrator, Layout Design, InDesign, Typography, Adobe XD, Photoshop, Creativity. This is a hybrid internship position focused on delivering high-quality design work."
Principal Graphic Designer,Design,Print Design; Branding; Adobe XD; Photoshop; Color Theory; Creativity; Layout Design,Principal,"Full-time · Remote. We are hiring a Principal Graphic Designer for our E-commerce team. The ideal candidate has 12-20 years of experience and is proficient in Print Design, Branding, Adobe XD, Photoshop, Color Theory, Creativity, Layout Design. This is a remote full-time position focused on delivering high-quality design work."
Mid-level Interaction Designer,Design,Wireframing; Motion Design; Figma; After Effects; Usability Testing,Mid-level,"Full-time · Remote. We are hiring a Mid-level Interaction Designer for our E-commerce team. The ideal candidate has 3-6 years of experience and is proficient in Wireframing, Motion Design, Figma, After Effects, Usability Testing. This is a remote full-time position focused on delivering high-quality design work."
Lead UX Designer,Design,User Research; Accessibility; Design Thinking; Personas; Figma; Wireframing; Prototyping,Lead,"Contract · Hybrid. We are hiring a Lead UX Designer for our Startup team. The ideal candidate has 8-14 years of experience and is proficient in User Research, Accessibility, Design Thinking, Personas, Figma, Wireframing, Prototyping. This is a hybrid contract position focused on delivering high-quality design work."
Principal UI Designer,Design,Adobe XD; CSS; HTML; Sketch; Prototyping,Principal,"Full-time · On-site. We are hiring a Principal UI Designer for our Enterprise team. The ideal candidate has 12-20 years of experience and is proficient in Adobe XD, CSS, HTML, Sketch, Prototyping. This is a on-site full-time position focused on delivering high-quality design work."
Senior UX Designer,Design,Figma; Design Thinking; Journey Mapping; Information Architecture; User Research,Senior,"Full-time · Hybrid. We are hiring a Senior UX Designer for our Enterprise team. The ideal candidate has 6-10 years of experience and is proficient in Figma, Design Thinking, Journey Mapping, Information Architecture, User Research. This is a hybrid full-time position focused on delivering high-quality design work."
Mid-level UX Designer,Design,Figma; Design Thinking; Prototyping; Wireframing; User Research; Personas; Usability Testing,Mid-level,"Contract · Remote. We are hiring a Mid-level UX Designer for our EdTech team. The ideal candidate has 3-6 years of experience and is proficient in Figma, Design Thinking, Prototyping, Wireframing, User Research, Personas, Usability Testing. This is a remote contract position focused on delivering high-quality design work."
Junior Product Designer,Design,Interaction Design; UI Design; UX Design; Sketch; Usability Testing; Wireframing,Junior,"Contract · Remote. We are hiring a Junior Product Designer for our Fintech team. The ideal candidate has 1-3 years of experience and is proficient in Interaction Design, UI Design, UX Design, Sketch, Usability Testing, Wireframing. This is a remote contract position focused on delivering high-quality design work."
Junior Product Designer,Design,Prototyping; Wireframing; UX Design; Design Systems; Usability Testing; Figma,Junior,"Contract · Hybrid. We are hiring a Junior Product Designer for our Gaming team. The ideal candidate has 1-3 years of experience and is proficient in Prototyping, Wireframing, UX Design, Design Systems, Usability Testing, Figma. This is a hybrid contract position focused on delivering high-quality design work."
Mid-level UI Designer,Design,Prototyping; Sketch; Color Theory; Typography; Design Systems; Figma; CSS,Mid-level,"Full-time · Hybrid. We are hiring a Mid-level UI Designer for our SaaS team. The ideal candidate has 3-6 years of experience and is proficient in Prototyping, Sketch, Color Theory, Typography, Design Systems, Figma, CSS. This is a hybrid full-time position focused on delivering high-quality design work."
Junior Interaction Designer,Design,Wireframing; User Research; Interaction Design; Motion Design; Design Systems,Junior,"Full-time · On-site. We are hiring a Junior Interaction Designer for our E-commerce team. The ideal candidate has 1-3 years of experience and is proficient in Wireframing, User Research, Interaction Design, Motion Design, Design Systems. This is a on-site full-time position focused on delivering high-quality design work."
Lead UX Designer,Design,Figma; Personas; Prototyping; Journey Mapping; Design Thinking; Wireframing,Lead,"Internship · Remote. We are hiring a Lead UX Designer for our E-commerce team. The ideal candidate has 8-14 years of experience and is proficient in Figma, Personas, Prototyping, Journey Mapping, Design Thinking, Wireframing. This is a remote internship position focused on delivering high-quality design work."
Junior UI Designer,Design,Adobe XD; Figma; Color Theory; Typography; CSS; Sketch,Junior,"Internship · Remote. We are hiring a Junior UI Designer for our E-commerce team. The ideal candidate has 1-3 years of experience and is proficient in Adobe XD, Figma, Color Theory, Typography, CSS, Sketch. This is a remote internship position focused on delivering high-quality design work."
Intern Graphic Designer,Design,Photoshop; Layout Design; Typography; Print Design; Branding; Color Theory; Creativity,Intern,"Contract · On-site. We are hiring a Intern Graphic Designer for our E-commerce team. The ideal candidate has 0-1 years of experience and is proficient in Photoshop, Layout Design, Typography, Print Design, Branding, Color Theory, Creativity. This is a on-site contract position focused on delivering high-quality design work."
Principal Graphic Designer,Design,Creativity; Layout Design; Adobe XD; Print Design; Illustrator,Principal,"Contract · Hybrid. We are hiring a Principal Graphic Designer for our Gaming team. The ideal candidate has 12-20 years of experience and is proficient in Creativity, Layout Design, Adobe XD, Print Design, Illustrator. This is a hybrid contract position focused on delivering high-quality design work."
Principal Graphic Designer,Design,Adobe XD; Typography; Print Design; Photoshop; Branding,Principal,"Internship · Hybrid. We are hiring a Principal Graphic Designer for our Fintech team. The ideal candidate has 12-20 years of experience and is proficient in Adobe XD, Typography, Print Design, Photoshop, Branding. This is a hybrid internship position focused on delivering high-quality design work."
Principal Product Designer,Design,UI Design; User Research; Usability Testing; Design Systems; Figma; UX Design; Wireframing,Principal,"Internship · Remote. We are hiring a Principal Product Designer for our SaaS team. The ideal candidate has 12-20 years of experience and is proficient in UI Design, User Research, Usability Testing, Design Systems, Figma, UX Design, Wireframing. This is a remote internship position focused on delivering high-quality design work."
Principal Graphic Designer,Design,Illustrator; InDesign; Photoshop; Adobe XD; Layout Design; Color Theory; Branding,Principal,"Internship · On-site. We are hiring a Principal Graphic Designer for our Enterprise team. The ideal candidate has 12-20 years of experience and is proficient in Illustrator, InDesign, Photoshop, Adobe XD, Layout Design, Color Theory, Branding. This is a on-site internship position focused on delivering high-quality design work."
Mid-level Interaction Designer,Design,Design Systems; UX Design; After Effects; Wireframing; Figma; Prototyping,Mid-level,"Full-time · Hybrid. We are hiring a Mid-level Interaction Designer for our Fintech team. The ideal candidate has 3-6 years of experience and is proficient in Design Systems, UX Design, After Effects, Wireframing, Figma, Prototyping. This is a hybrid full-time position focused on delivering high-quality design work."
Senior UX Designer,Design,Journey Mapping; Information Architecture; Design Thinking; Prototyping; Usability Testing,Senior,"Full-time · On-site. We are hiring a Senior UX Designer for our E-commerce team. The ideal candidate has 6-10 years of experience and is proficient in Journey Mapping, Information Architecture, Design Thinking, Prototyping, Usability Testing. This is a on-site full-time position focused on delivering high-quality design work."
Intern UI Designer,Design,Prototyping; HTML; CSS; Adobe XD; Figma,Intern,"Full-time · Hybrid. We are hiring a Intern UI Designer for our E-commerce team. The ideal candidate has 0-1 years of experience and is proficient in Prototyping, HTML, CSS, Adobe XD, Figma. This is a hybrid full-time position focused on delivering high-quality design work."
Principal UI Designer,Design,CSS; Typography; Figma; Adobe XD; HTML,Principal,"Contract · Hybrid. We are hiring a Principal UI Designer for our E-commerce team. The ideal candidate has 12-20 years of experience and is proficient in CSS, Typography, Figma, Adobe XD, HTML. This is a hybrid contract position focused on delivering high-quality design work."
Intern Graphic Designer,Design,Layout Design; Creativity; InDesign; Typography; Print Design,Intern,"Internship · Remote. We are hiring a Intern Graphic Designer for our SaaS team. The ideal candidate has 0-1 years of experience and is proficient in Layout Design, Creativity, InDesign, Typography, Print Design. This is a remote internship position focused on delivering high-quality design work."
Intern UX Designer,Design,Figma; Wireframing; Information Architecture; Accessibility; Journey Mapping,Intern,"Internship · Remote. We are hiring a Intern UX Designer for our Healthcare team. The ideal candidate has 0-1 years of experience and is proficient in Figma, Wireframing, Information Architecture, Accessibility, Journey Mapping. This is a remote internship position focused on delivering high-quality design work."
Mid-level Graphic Designer,Design,Typography; Print Design; Adobe XD; Illustrator; Photoshop; Color Theory,Mid-level,"Internship · On-site. We are hiring a Mid-level Graphic Designer for our Healthcare team. The ideal candidate has 3-6 years of experience and is proficient in Typography, Print Design, Adobe XD, Illustrator, Photoshop, Color Theory. This is a on-site internship position focused on delivering high-quality design work."
Lead UI Designer,Design,Adobe XD; Prototyping; Color Theory; HTML; CSS,Lead,"Internship · On-site. We are hiring a Lead UI Designer for our Gaming team. The ideal candidate has 8-14 years of experience and is proficient in Adobe XD, Prototyping, Color Theory, HTML, CSS. This is a on-site internship position focused on delivering high-quality design work."
Senior UI Designer,Design,Prototyping; HTML; Design Systems; Typography; Color Theory; Adobe XD,Senior,"Internship · Hybrid. We are hiring a Senior UI Designer for our Enterprise team. The ideal candidate has 6-10 years of experience and is proficient in Prototyping, HTML, Design Systems, Typography, Color Theory, Adobe XD. This is a hybrid internship position focused on delivering high-quality design work."
Mid-level Product Designer,Design,Wireframing; Figma; UX Design; Interaction Design; User Research; Design Systems,Mid-level,"Internship · On-site. We are hiring a Mid-level Product Designer for our EdTech team. The ideal candidate has 3-6 years of experience and is proficient in Wireframing, Figma, UX Design, Interaction Design, User Research, Design Systems. This is a on-site internship position focused on delivering high-quality design work."
Junior Product Designer,Design,User Research; Prototyping; Interaction Design; Sketch; Design Systems; Figma,Junior,"Full-time · Remote. We are hiring a Junior Product Designer for our Fintech team. The ideal candidate has 1-3 years of experience and is proficient in User Research, Prototyping, Interaction Design, Sketch, Design Systems, Figma. This is a remote full-time position focused on delivering high-quality design work."
Senior Interaction Designer,Design,Wireframing; Motion Design; After Effects; Figma; UX Design,Senior,"Internship · Hybrid. We are hiring a Senior Interaction Designer for our SaaS team. The ideal candidate has 6-10 years of experience and is proficient in Wireframing, Motion Design, After Effects, Figma, UX Design. This is a hybrid internship position focused on delivering high-quality design work."
Principal UI Designer,Design,Sketch; Wireframing; HTML; Figma; Prototyping; Typography; CSS,Principal,"Contract · Hybrid. We are hiring a Principal UI Designer for our SaaS team. The ideal candidate has 12-20 years of experience and is proficient in Sketch, Wireframing, HTML, Figma, Prototyping, Typography, CSS. This is a hybrid contract position focused on delivering high-quality design work."
Principal Product Designer,Design,User Research; Design Systems; Interaction Design; Usability Testing; Wireframing; Figma,Principal,"Full-time · Hybrid. We are hiring a Principal Product Designer for our E-commerce team. The ideal candidate has 12-20 years of experience and is proficient in User Research, Design Systems, Interaction Design, Usability Testing, Wireframing, Figma. This is a hybrid full-time position focused on delivering high-quality design work."
Junior Product Designer,Design,UX Design; Figma; Prototyping; Sketch; Wireframing; Interaction Design; User Research,Junior,"Contract · On-site. We are hiring a Junior Product Designer for our Fintech team. The ideal candidate has 1-3 years of experience and is proficient in UX Design, Figma, Prototyping, Sketch, Wireframing, Interaction Design, User Research. This is a on-site contract position focused on delivering high-quality design work."
Intern Interaction Designer,Design,UX Design; User Research; Motion Design; Usability Testing; Interaction Design,Intern,"Full-time · Hybrid. We are hiring a Intern Interaction Designer for our EdTech team. The ideal candidate has 0-1 years of experience and is proficient in UX Design, User Research, Motion Design, Usability Testing, Interaction Design. This is a hybrid full-time position focused on delivering high-quality design work."
Lead Product Designer,Design,UX Design; Interaction Design; User Research; Wireframing; Figma; Design Systems; Usability Testing,Lead,"Full-time · Remote. We are hiring a Lead Product Designer for our Startup team. The ideal candidate has 8-14 years of experience and is proficient in UX Design, Interaction Design, User Research, Wireframing, Figma, Design Systems, Usability Testing. This is a remote full-time position focused on delivering high-quality design work."
Mid-level UX Designer,Design,Information Architecture; Usability Testing; Journey Mapping; Prototyping; Accessibility; Design Thinking,Mid-level,"Internship · On-site. We are hiring a Mid-level UX Designer for our Startup team. The ideal candidate has 3-6 years of experience and is proficient in Information Architecture, Usability Testing, Journey Mapping, Prototyping, Accessibility, Design Thinking. This is a on-site internship position focused on delivering high-quality design work."
Mid-level Graphic Designer,Design,Photoshop; Illustrator; InDesign; Print Design; Branding; Layout Design; Color Theory,Mid-level,"Internship · On-site. We are hiring a Mid-level Graphic Designer for our Fintech team. The ideal candidate has 3-6 years of experience and is proficient in Photoshop, Illustrator, InDesign, Print Design, Branding, Layout Design, Color Theory. This is a on-site internship position focused on delivering high-quality design work."
Mid-level UI Designer,Design,Sketch; Design Systems; HTML; Prototyping; Typography,Mid-level,"Contract · Remote. We are hiring a Mid-level UI Designer for our Fintech team. The ideal candidate has 3-6 years of experience and is proficient in Sketch, Design Systems, HTML, Prototyping, Typography. This is a remote contract position focused on delivering high-quality design work."
Junior UI Designer,Design,Typography; Adobe XD; CSS; Prototyping; Color Theory; Sketch; Figma,Junior,"Internship · On-site. We are hiring a Junior UI Designer for our EdTech team. The ideal candidate has 1-3 years of experience and is proficient in Typography, Adobe XD, CSS, Prototyping, Color Theory, Sketch, Figma. This is a on-site internship position focused on delivering high-quality design work."
Junior UI Designer,Design,Design Systems; Wireframing; Adobe XD; Sketch; HTML; Typography; Figma,Junior,"Full-time · On-site. We are hiring a Junior UI Designer for our E-commerce team. The ideal candidate has 1-3 years of experience and is proficient in Design Systems, Wireframing, Adobe XD, Sketch, HTML, Typography, Figma. This is a on-site full-time position focused on delivering high-quality design work."
Junior Product Designer,Design,User Research; Usability Testing; Interaction Design; Figma; UI Design; Prototyping,Junior,"Full-time · Hybrid. We are hiring a Junior Product Designer for our E-commerce team. The ideal candidate has 1-3 years of experience and is proficient in User Research, Usability Testing, Interaction Design, Figma, UI Design, Prototyping. This is a hybrid full-time position focused on delivering high-quality design work."
Lead Product Designer,Design,User Research; Interaction Design; Sketch; Design Systems; Prototyping,Lead,"Contract · On-site. We are hiring a Lead Product Designer for our Enterprise team. The ideal candidate has 8-14 years of experience and is proficient in User Research, Interaction Design, Sketch, Design Systems, Prototyping. This is a on-site contract position focused on delivering high-quality design work."
Lead UI Designer,Design,Sketch; CSS; Adobe XD; Color Theory; Figma; Prototyping; HTML,Lead,"Contract · Remote. We are hiring a Lead UI Designer for our Fintech team. The ideal candidate has 8-14 years of experience and is proficient in Sketch, CSS, Adobe XD, Color Theory, Figma, Prototyping, HTML. This is a remote contract position focused on delivering high-quality design work."
Lead Product Designer,Design,UI Design; Figma; User Research; Prototyping; UX Design,Lead,"Internship · On-site. We are hiring a Lead Product Designer for our Healthcare team. The ideal candidate has 8-14 years of experience and is proficient in UI Design, Figma, User Research, Prototyping, UX Design. This is a on-site internship position focused on delivering high-quality design work."
Lead Interaction Designer,Design,Usability Testing; Design Systems; Motion Design; Prototyping; After Effects,Lead,"Internship · Hybrid. We are hiring a Lead Interaction Designer for our Fintech team. The ideal candidate has 8-14 years of experience and is proficient in Usability Testing, Design Systems, Motion Design, Prototyping, After Effects. This is a hybrid internship position focused on delivering high-quality design work."
Intern Interaction Designer,Design,User Research; After Effects; Figma; Motion Design; Wireframing; Interaction Design,Intern,"Contract · Remote. We are hiring a Intern Interaction Designer for our Healthcare team. The ideal candidate has 0-1 years of experience and is proficient in User Research, After Effects, Figma, Motion Design, Wireframing, Interaction Design. This is a remote contract position focused on delivering high-quality design work."
Intern Interaction Designer,Design,UX Design; Usability Testing; Prototyping; After Effects; Wireframing,Intern,"Internship · Remote. We are hiring a Intern Interaction Designer for our Enterprise team. The ideal candidate has 0-1 years of experience and is proficient in UX Design, Usability Testing, Prototyping, After Effects, Wireframing. This is a remote internship position focused on delivering high-quality design work."
Intern UI Designer,Design,Color Theory; Figma; Wireframing; Typography; Adobe XD,Intern,"Contract · On-site. We are hiring a Intern UI Designer for our Startup team. The ideal candidate has 0-1 years of experience and is proficient in Color Theory, Figma, Wireframing, Typography, Adobe XD. This is a on-site contract position focused on delivering high-quality design work."
Mid-level Interaction Designer,Design,Prototyping; Design Systems; Usability Testing; User Research; UX Design,Mid-level,"Internship · Remote. We are hiring a Mid-level Interaction Designer for our Startup team. The ideal candidate has 3-6 years of experience and is proficient in Prototyping, Design Systems, Usability Testing, User Research, UX Design. This is a remote internship position focused on delivering high-quality design work."
Principal UI Designer,Design,Wireframing; Design Systems; HTML; CSS; Typography; Sketch; Figma,Principal,"Internship · On-site. We are hiring a Principal UI Designer for our Healthcare team. The ideal candidate has 12-20 years of experience and is proficient in Wireframing, Design Systems, HTML, CSS, Typography, Sketch, Figma. This is a on-site internship position focused on delivering high-quality design work."
Principal Interaction Designer,Design,Interaction Design; Wireframing; Design Systems; After Effects; Motion Design; Usability Testing,Principal,"Internship · Hybrid. We are hiring a Principal Interaction Designer for our Fintech team. The ideal candidate has 12-20 years of experience and is proficient in Interaction Design, Wireframing, Design Systems, After Effects, Motion Design, Usability Testing. This is a hybrid internship position focused on delivering high-quality design work."
Mid-level Graphic Designer,Design,InDesign; Illustrator; Photoshop; Layout Design; Color Theory,Mid-level,"Internship · Remote. We are hiring a Mid-level Graphic Designer for our Gaming team. The ideal candidate has 3-6 years of experience and is proficient in InDesign, Illustrator, Photoshop, Layout Design, Color Theory. This is a remote internship position focused on delivering high-quality design work."
Lead Interaction Designer,Design,Usability Testing; Design Systems; Motion Design; Interaction Design; User Research,Lead,"Contract · Hybrid. We are hiring a Lead Interaction Designer for our Healthcare team. The ideal candidate has 8-14 years of experience and is proficient in Usability Testing, Design Systems, Motion Design, Interaction Design, User Research. This is a hybrid contract position focused on delivering high-quality design work."
Junior Graphic Designer,Design,InDesign; Illustrator; Branding; Creativity; Layout Design,Junior,"Internship · Remote. We are hiring a Junior Graphic Designer for our SaaS team. The ideal candidate has 1-3 years of experience and is proficient in InDesign, Illustrator, Branding, Creativity, Layout Design. This is a remote internship position focused on delivering high-quality design work."
Junior UX Designer,Design,Design Thinking; Prototyping; Journey Mapping; Figma; Usability Testing; Accessibility,Junior,"Internship · Remote. We are hiring a Junior UX Designer for our Healthcare team. The ideal candidate has 1-3 years of experience and is proficient in Design Thinking, Prototyping, Journey Mapping, Figma, Usability Testing, Accessibility. This is a remote internship position focused on delivering high-quality design work."
Mid-level UI Designer,Design,Prototyping; Design Systems; Adobe XD; Figma; Typography; HTML,Mid-level,"Full-time · Hybrid. We are hiring a Mid-level UI Designer for our Gaming team. The ideal candidate has 3-6 years of experience and is proficient in Prototyping, Design Systems, Adobe XD, Figma, Typography, HTML. This is a hybrid full-time position focused on delivering high-quality design work."
Lead Interaction Designer,Design,Design Systems; Figma; UX Design; Prototyping; User Research; After Effects; Interaction Design,Lead,"Internship · On-site. We are hiring a Lead Interaction Designer for our Fintech team. The ideal candidate has 8-14 years of experience and is proficient in Design Systems, Figma, UX Design, Prototyping, User Research, After Effects, Interaction Design. This is a on-site internship position focused on delivering high-quality design work."
Intern Interaction Designer,Design,UX Design; Wireframing; Interaction Design; Figma; Prototyping; Motion Design,Intern,"Full-time · On-site. We are hiring a Intern Interaction Designer for our E-commerce team. The ideal candidate has 0-1 years of experience and is proficient in UX Design, Wireframing, Interaction Design, Figma, Prototyping, Motion Design. This is a on-site full-time position focused on delivering high-quality design work."
Senior Graphic Designer,Design,Photoshop; Adobe XD; Branding; Color Theory; Print Design; InDesign; Illustrator,Senior,"Contract · Hybrid. We are hiring a Senior Graphic Designer for our Gaming team. The ideal candidate has 6-10 years of experience and is proficient in Photoshop, Adobe XD, Branding, Color Theory, Print Design, InDesign, Illustrator. This is a hybrid contract position focused on delivering high-quality design work."
Junior Interaction Designer,Design,Figma; After Effects; Interaction Design; Prototyping; Usability Testing; Design Systems; Wireframing,Junior,"Contract · Hybrid. We are hiring a Junior Interaction Designer for our Fintech team. The ideal candidate has 1-3 years of experience and is proficient in Figma, After Effects, Interaction Design, Prototyping, Usability Testing, Design Systems, Wireframing. This is a hybrid contract position focused on delivering high-quality design work."
Senior Product Designer,Design,Interaction Design; Figma; Design Systems; Prototyping; UX Design; Wireframing; Usability Testing,Senior,"Contract · Remote. We are hiring a Senior Product Designer for our E-commerce team. The ideal candidate has 6-10 years of experience and is proficient in Interaction Design, Figma, Design Systems, Prototyping, UX Design, Wireframing, Usability Testing. This is a remote contract position focused on delivering high-quality design work."
Intern UX Designer,Design,Accessibility; User Research; Personas; Figma; Prototyping; Design Thinking,Intern,"Contract · Hybrid. We are hiring a Intern UX Designer for our SaaS team. The ideal candidate has 0-1 years of experience and is proficient in Accessibility, User Research, Personas, Figma, Prototyping, Design Thinking. This is a hybrid contract position focused on delivering high-quality design work."
Mid-level UI Designer,Design,Adobe XD; HTML; Typography; Sketch; Design Systems,Mid-level,"Internship · Remote. We are hiring a Mid-level UI Designer for our E-commerce team. The ideal candidate has 3-6 years of experience and is proficient in Adobe XD, HTML, Typography, Sketch, Design Systems. This is a remote internship position focused on delivering high-quality design work."
Intern Product Designer,Design,Prototyping; Interaction Design; Design Systems; UX Design; UI Design; User Research; Sketch,Intern,"Internship · Hybrid. We are hiring a Intern Product Designer for our Startup team. The ideal candidate has 0-1 years of experience and is proficient in Prototyping, Interaction Design, Design Systems, UX Design, UI Design, User Research, Sketch. This is a hybrid internship position focused on delivering high-quality design work."
Intern Interaction Designer,Design,Wireframing; Prototyping; UX Design; Usability Testing; Motion Design; After Effects; User Research,Intern,"Internship · On-site. We are hiring a Intern Interaction Designer for our Fintech team. The ideal candidate has 0-1 years of experience and is proficient in Wireframing, Prototyping, UX Design, Usability Testing, Motion Design, After Effects, User Research. This is a on-site internship position focused on delivering high-quality design work."
Principal Graphic Designer,Design,InDesign; Photoshop; Layout Design; Illustrator; Color Theory; Adobe XD,Principal,"Full-time · On-site. We are hiring a Principal Graphic Designer for our Fintech team. The ideal candidate has 12-20 years of experience and is proficient in InDesign, Photoshop, Layout Design, Illustrator, Color Theory, Adobe XD. This is a on-site full-time position focused on delivering high-quality design work."
Principal UX Designer,Design,Journey Mapping; Figma; Personas; Accessibility; Prototyping; Information Architecture,Principal,"Full-time · On-site. We are hiring a Principal UX Designer for our Startup team. The ideal candidate has 12-20 years of experience and is proficient in Journey Mapping, Figma, Personas, Accessibility, Prototyping, Information Architecture. This is a on-site full-time position focused on delivering high-quality design work."
Intern UI Designer,Design,HTML; CSS; Design Systems; Figma; Wireframing; Prototyping,Intern,"Internship · On-site. We are hiring a Intern UI Designer for our Healthcare team. The ideal candidate has 0-1 years of experience and is proficient in HTML, CSS, Design Systems, Figma, Wireframing, Prototyping. This is a on-site internship position focused on delivering high-quality design work."
Junior UI Designer,Design,Figma; Adobe XD; Typography; Prototyping; Color Theory; CSS; Sketch,Junior,"Internship · Remote. We are hiring a Junior UI Designer for our EdTech team. The ideal candidate has 1-3 years of experience and is proficient in Figma, Adobe XD, Typography, Prototyping, Color Theory, CSS, Sketch. This is a remote internship position focused on delivering high-quality design work."
Senior Product Designer,Design,Interaction Design; Design Systems; UI Design; UX Design; Wireframing; Sketch; Figma,Senior,"Full-time · On-site. We are hiring a Senior Product Designer for our EdTech team. The ideal candidate has 6-10 years of experience and is proficient in Interaction Design, Design Systems, UI Design, UX Design, Wireframing, Sketch, Figma. This is a on-site full-time position focused on delivering high-quality design work."
Lead Interaction Designer,Design,Prototyping; Motion Design; After Effects; Interaction Design; User Research; Design Systems; UX Design,Lead,"Full-time · Remote. We are hiring a Lead Interaction Designer for our Gaming team. The ideal candidate has 8-14 years of experience and is proficient in Prototyping, Motion Design, After Effects, Interaction Design, User Research, Design Systems, UX Design. This is a remote full-time position focused on delivering high-quality design work."
Intern UI Designer,Design,Wireframing; Figma; Sketch; Typography; Design Systems,Intern,"Full-time · On-site. We are hiring a Intern UI Designer for our Enterprise team. The ideal candidate has 0-1 years of experience and is proficient in Wireframing, Figma, Sketch, Typography, Design Systems. This is a on-site full-time position focused on delivering high-quality design work."
Principal UX Designer,Design,Figma; Design Thinking; Personas; User Research; Usability Testing; Prototyping,Principal,"Full-time · Remote. We are hiring a Principal UX Designer for our Healthcare team. The ideal candidate has 12-20 years of experience and is proficient in Figma, Design Thinking, Personas, User Research, Usability Testing, Prototyping. This is a remote full-time position focused on delivering high-quality design work."
Principal Product Designer,Design,Sketch; Design Systems; UI Design; Prototyping; User Research,Principal,"Contract · Remote. We are hiring a Principal Product Designer for our Fintech team. The ideal candidate has 12-20 years of experience and is proficient in Sketch, Design Systems, UI Design, Prototyping, User Research. This is a remote contract position focused on delivering high-quality design work."
Senior Product Designer,Design,UX Design; Interaction Design; User Research; Wireframing; Design Systems; UI Design,Senior,"Full-time · On-site. We are hiring a Senior Product Designer for our Startup team. The ideal candidate has 6-10 years of experience and is proficient in UX Design, Interaction Design, User Research, Wireframing, Design Systems, UI Design. This is a on-site full-time position focused on delivering high-quality design work."
Senior Graphic Designer,Design,Typography; Branding; Creativity; Adobe XD; Photoshop; Color Theory,Senior,"Internship · Hybrid. We are hiring a Senior Graphic Designer for our Enterprise team. The ideal candidate has 6-10 years of experience and is proficient in Typography, Branding, Creativity, Adobe XD, Photoshop, Color Theory. This is a hybrid internship position focused on delivering high-quality design work."
Intern UX Designer,Design,Figma; Design Thinking; Personas; User Research; Accessibility; Prototyping,Intern,"Full-time · Hybrid. We are hiring a Intern UX Designer for our Fintech team. The ideal candidate has 0-1 years of experience and is proficient in Figma, Design Thinking, Personas, User Research, Accessibility, Prototyping. This is a hybrid full-time position focused on delivering high-quality design work."
Junior UI Designer,Design,Sketch; Color Theory; Figma; Typography; Adobe XD; Prototyping,Junior,"Full-time · Hybrid. We are hiring a Junior UI Designer for our Enterprise team. The ideal candidate has 1-3 years of experience and is proficient in Sketch, Color Theory, Figma, Typography, Adobe XD, Prototyping. This is a hybrid full-time position focused on delivering high-quality design work."
Junior UI Designer,Design,HTML; Wireframing; Typography; Adobe XD; Sketch,Junior,"Full-time · Remote. We are hiring a Junior UI Designer for our Gaming team. The ideal candidate has 1-3 years of experience and is proficient in HTML, Wireframing, Typography, Adobe XD, Sketch. This is a remote full-time position focused on delivering high-quality design work."
Senior UI Designer,Design,HTML; Typography; Design Systems; Color Theory; Sketch; Figma,Senior,"Full-time · Hybrid. We are hiring a Senior UI Designer for our Healthcare team. The ideal candidate has 6-10 years of experience and is proficient in HTML, Typography, Design Systems, Color Theory, Sketch, Figma. This is a hybrid full-time position focused on delivering high-quality design work."
Senior UX Designer,Design,Figma; Personas; Prototyping; Journey Mapping; Design Thinking,Senior,"Full-time · Remote. We are hiring a Senior UX Designer for our EdTech team. The ideal candidate has 6-10 years of experience and is proficient in Figma, Personas, Prototyping, Journey Mapping, Design Thinking. This is a remote full-time position focused on delivering high-quality design work."
Senior Product Designer,Design,Figma; UI Design; Usability Testing; Interaction Design; Design Systems; Sketch,Senior,"Internship · Hybrid. We are hiring a Senior Product Designer for our E-commerce team. The ideal candidate has 6-10 years of experience and is proficient in Figma, UI Design, Usability Testing, Interaction Design, Design Systems, Sketch. This is a hybrid internship position focused on delivering high-quality design work."
Intern Graphic Designer,Design,Color Theory; Illustrator; Branding; Creativity; Print Design; Typography,Intern,"Internship · On-site. We are hiring a Intern Graphic Designer for our SaaS team. The ideal candidate has 0-1 years of experience and is proficient in Color Theory, Illustrator, Branding, Creativity, Print Design, Typography. This is a on-site internship position focused on delivering high-quality design work."
Junior Product Designer,Design,Figma; User Research; Interaction Design; Prototyping; Usability Testing; UI Design,Junior,"Contract · Hybrid. We are hiring a Junior Product Designer for our Enterprise team. The ideal candidate has 1-3 years of experience and is proficient in Figma, User Research, Interaction Design, Prototyping, Usability Testing, UI Design. This is a hybrid contract position focused on delivering high-quality design work."
Principal Product Designer,Design,UI Design; Usability Testing; Interaction Design; Prototyping; UX Design; User Research; Sketch,Principal,"Full-time · Remote. We are hiring a Principal Product Designer for our EdTech team. The ideal candidate has 12-20 years of experience and is proficient in UI Design, Usability Testing, Interaction Design, Prototyping, UX Design, User Research, Sketch. This is a remote full-time position focused on delivering high-quality design work."
Junior UX Designer,Design,Wireframing; Accessibility; Information Architecture; Personas; User Research; Design Thinking; Prototyping,Junior,"Full-time · Hybrid. We are hiring a Junior UX Designer for our Enterprise team. The ideal candidate has 1-3 years of experience and is proficient in Wireframing, Accessibility, Information Architecture, Personas, User Research, Design Thinking, Prototyping. This is a hybrid full-time position focused on delivering high-quality design work."
Junior Graphic Designer,Design,Layout Design; Branding; Creativity; Print Design; Adobe XD,Junior,"Contract · Hybrid. We are hiring a Junior Graphic Designer for our Fintech team. The ideal candidate has 1-3 years of experience and is proficient in Layout Design, Branding, Creativity, Print Design, Adobe XD. This is a hybrid contract position focused on delivering high-quality design work."
Principal UX Designer,Design,Usability Testing; Personas; Accessibility; Design Thinking; Information Architecture,Principal,"Internship · Remote. We are hiring a Principal UX Designer for our Enterprise team. The ideal candidate has 12-20 years of experience and is proficient in Usability Testing, Personas, Accessibility, Design Thinking, Information Architecture. This is a remote internship position focused on delivering high-quality design work."
Lead UX Designer,Design,Accessibility; Design Thinking; Information Architecture; Prototyping; Journey Mapping,Lead,"Full-time · Remote. We are hiring a Lead UX Designer for our EdTech team. The ideal candidate has 8-14 years of experience and is proficient in Accessibility, Design Thinking, Information Architecture, Prototyping, Journey Mapping. This is a remote full-time position focused on delivering high-quality design work."
Junior Product Designer,Design,Wireframing; UX Design; Sketch; Interaction Design; Prototyping; User Research; Design Systems,Junior,"Full-time · On-site. We are hiring a Junior Product Designer for our SaaS team. The ideal candidate has 1-3 years of experience and is proficient in Wireframing, UX Design, Sketch, Interaction Design, Prototyping, User Research, Design Systems. This is a on-site full-time position focused on delivering high-quality design work."
Lead Product Designer,Design,Usability Testing; Interaction Design; Figma; Sketch; User Research; UX Design; Prototyping,Lead,"Contract · On-site. We are hiring a Lead Product Designer for our Gaming team. The ideal candidate has 8-14 years of experience and is proficient in Usability Testing, Interaction Design, Figma, Sketch, User Research, UX Design, Prototyping. This is a on-site contract position focused on delivering high-quality design work."
Lead Graphic Designer,Design,Adobe XD; Photoshop; Color Theory; Illustrator; InDesign; Creativity,Lead,"Full-time · Remote. We are hiring a Lead Graphic Designer for our Gaming team. The ideal candidate has 8-14 years of experience and is proficient in Adobe XD, Photoshop, Color Theory, Illustrator, InDesign, Creativity. This is a remote full-time position focused on delivering high-quality design work."
Principal Interaction Designer,Design,After Effects; UX Design; User Research; Design Systems; Interaction Design,Principal,"Internship · Hybrid. We are hiring a Principal Interaction Designer for our SaaS team. The ideal candidate has 12-20 years of experience and is proficient in After Effects, UX Design, User Research, Design Systems, Interaction Design. This is a hybrid internship position focused on delivering high-quality design work."
Senior Product Designer,Design,Prototyping; User Research; Usability Testing; UI Design; Design Systems; Interaction Design; Figma,Senior,"Contract · Remote. We are hiring a Senior Product Designer for our Startup team. The ideal candidate has 6-10 years of experience and is proficient in Prototyping, User Research, Usability Testing, UI Design, Design Systems, Interaction Design, Figma. This is a remote contract position focused on delivering high-quality design work."
Principal Graphic Designer,Design,Adobe XD; Creativity; Typography; Photoshop; Color Theory; InDesign; Branding,Principal,"Contract · On-site. We are hiring a Principal Graphic Designer for our Healthcare team. The ideal candidate has 12-20 years of experience and is proficient in Adobe XD, Creativity, Typography, Photoshop, Color Theory, InDesign, Branding. This is a on-site contract position focused on delivering high-quality design work."
Intern Interaction Designer,Design,User Research; After Effects; Usability Testing; Design Systems; UX Design,Intern,"Full-time · On-site. We are hiring a Intern Interaction Designer for our Startup team. The ideal candidate has 0-1 years of experience and is proficient in User Research, After Effects, Usability Testing, Design Systems, UX Design. This is a on-site full-time position focused on delivering high-quality design work."
Mid-level UI Designer,Design,Typography; Sketch; Wireframing; Color Theory; Design Systems; Figma,Mid-level,"Contract · On-site. We are hiring a Mid-level UI Designer for our Fintech team. The ideal candidate has 3-6 years of experience and is proficient in Typography, Sketch, Wireframing, Color Theory, Design Systems, Figma. This is a on-site contract position focused on delivering high-quality design work."
Principal Product Designer,Design,User Research; Design Systems; UX Design; Usability Testing; Sketch,Principal,"Full-time · Hybrid. We are hiring a Principal Product Designer for our Fintech team. The ideal candidate has 12-20 years of experience and is proficient in User Research, Design Systems, UX Design, Usability Testing, Sketch. This is a hybrid full-time position focused on delivering high-quality design work."
Intern Product Designer,Design,Prototyping; Usability Testing; Sketch; UI Design; Design Systems; Interaction Design,Intern,"Internship · Hybrid. We are hiring a Intern Product Designer for our Healthcare team. The ideal candidate has 0-1 years of experience and is proficient in Prototyping, Usability Testing, Sketch, UI Design, Design Systems, Interaction Design. This is a hybrid internship position focused on delivering high-quality design work."
Intern UX Designer,Design,Accessibility; Wireframing; Information Architecture; Journey Mapping; Prototyping; Figma,Intern,"Internship · Hybrid. We are hiring a Intern UX Designer for our Enterprise team. The ideal candidate has 0-1 years of experience and is proficient in Accessibility, Wireframing, Information Architecture, Journey Mapping, Prototyping, Figma. This is a hybrid internship position focused on delivering high-quality design work."
Intern UX Designer,Design,Usability Testing; Information Architecture; Figma; Accessibility; Personas; Prototyping; User Research,Intern,"Internship · Remote. We are hiring a Intern UX Designer for our E-commerce team. The ideal candidate has 0-1 years of experience and is proficient in Usability Testing, Information Architecture, Figma, Accessibility, Personas, Prototyping, User Research. This is a remote internship position focused on delivering high-quality design work."
Junior UI Designer,Design,CSS; Figma; Wireframing; Sketch; HTML; Prototyping; Design Systems,Junior,"Contract · Hybrid. We are hiring a Junior UI Designer for our Enterprise team. The ideal candidate has 1-3 years of experience and is proficient in CSS, Figma, Wireframing, Sketch, HTML, Prototyping, Design Systems. This is a hybrid contract position focused on delivering high-quality design work."
Mid-level Graphic Designer,Design,Layout Design; InDesign; Illustrator; Photoshop; Color Theory,Mid-level,"Internship · Hybrid. We are hiring a Mid-level Graphic Designer for our SaaS team. The ideal candidate has 3-6 years of experience and is proficient in Layout Design, InDesign, Illustrator, Photoshop, Color Theory. This is a hybrid internship position focused on delivering high-quality design work."
Intern Interaction Designer,Design,UX Design; After Effects; User Research; Prototyping; Interaction Design; Figma,Intern,"Internship · Hybrid. We are hiring a Intern Interaction Designer for our Fintech team. The ideal candidate has 0-1 years of experience and is proficient in UX Design, After Effects, User Research, Prototyping, Interaction Design, Figma. This is a hybrid internship position focused on delivering high-quality design work."
Senior UX Designer,Design,Personas; Prototyping; User Research; Information Architecture; Figma,Senior,"Contract · Hybrid. We are hiring a Senior UX Designer for our Healthcare team. The ideal candidate has 6-10 years of experience and is proficient in Personas, Prototyping, User Research, Information Architecture, Figma. This is a hybrid contract position focused on delivering high-quality design work."
Mid-level Interaction Designer,Design,Motion Design; UX Design; Interaction Design; Design Systems; Usability Testing; Prototyping,Mid-level,"Full-time · On-site. We are hiring a Mid-level Interaction Designer for our Fintech team. The ideal candidate has 3-6 years of experience and is proficient in Motion Design, UX Design, Interaction Design, Design Systems, Usability Testing, Prototyping. This is a on-site full-time position focused on delivering high-quality design work."
Senior Graphic Designer,Design,Layout Design; InDesign; Adobe XD; Typography; Creativity; Branding; Illustrator,Senior,"Full-time · Hybrid. We are hiring a Senior Graphic Designer for our Gaming team. The ideal candidate has 6-10 years of experience and is proficient in Layout Design, InDesign, Adobe XD, Typography, Creativity, Branding, Illustrator. This is a hybrid full-time position focused on delivering high-quality design work."
Lead UX Designer,Design,Figma; Usability Testing; Design Thinking; Journey Mapping; Prototyping; Wireframing,Lead,"Full-time · Hybrid. We are hiring a Lead UX Designer for our Startup team. The ideal candidate has 8-14 years of experience and is proficient in Figma, Usability Testing, Design Thinking, Journey Mapping, Prototyping, Wireframing. This is a hybrid full-time position focused on delivering high-quality design work."
Junior Interaction Designer,Design,Motion Design; Prototyping; Wireframing; Figma; Design Systems,Junior,"Internship · Hybrid. We are hiring a Junior Interaction Designer for our Startup team. The ideal candidate has 1-3 years of experience and is proficient in Motion Design, Prototyping, Wireframing, Figma, Design Systems. This is a hybrid internship position focused on delivering high-quality design work."
Intern Interaction Designer,Design,User Research; UX Design; Design Systems; Interaction Design; After Effects; Motion Design,Intern,"Contract · Remote. We are hiring a Intern Interaction Designer for our Fintech team. The ideal candidate has 0-1 years of experience and is proficient in User Research, UX Design, Design Systems, Interaction Design, After Effects, Motion Design. This is a remote contract position focused on delivering high-quality design work."
Intern UX Designer,Design,Accessibility; Wireframing; Usability Testing; Design Thinking; User Research,Intern,"Full-time · Hybrid. We are hiring a Intern UX Designer for our Gaming team. The ideal candidate has 0-1 years of experience and is proficient in Accessibility, Wireframing, Usability Testing, Design Thinking, User Research. This is a hybrid full-time position focused on delivering high-quality design work."
Principal Graphic Designer,Design,Photoshop; Typography; InDesign; Adobe XD; Color Theory; Print Design; Branding,Principal,"Contract · Remote. We are hiring a Principal Graphic Designer for our SaaS team. The ideal candidate has 12-20 years of experience and is proficient in Photoshop, Typography, InDesign, Adobe XD, Color Theory, Print Design, Branding. This is a remote contract position focused on delivering high-quality design work."
Junior Product Designer,Design,UX Design; Sketch; Wireframing; UI Design; Prototyping; Interaction Design,Junior,"Internship · Hybrid. We are hiring a Junior Product Designer for our E-commerce team. The ideal candidate has 1-3 years of experience and is proficient in UX Design, Sketch, Wireframing, UI Design, Prototyping, Interaction Design. This is a hybrid internship position focused on delivering high-quality design work."
Principal Interaction Designer,Design,Design Systems; UX Design; Figma; Usability Testing; User Research; Prototyping; Interaction Design,Principal,"Contract · On-site. We are hiring a Principal Interaction Designer for our SaaS team. The ideal candidate has 12-20 years of experience and is proficient in Design Systems, UX Design, Figma, Usability Testing, User Research, Prototyping, Interaction Design. This is a on-site contract position focused on delivering high-quality design work."
Lead Interaction Designer,Design,After Effects; User Research; Usability Testing; Design Systems; Wireframing,Lead,"Contract · Hybrid. We are hiring a Lead Interaction Designer for our Fintech team. The ideal candidate has 8-14 years of experience and is proficient in After Effects, User Research, Usability Testing, Design Systems, Wireframing. This is a hybrid contract position focused on delivering high-quality design work."
Senior Product Designer,Design,User Research; Prototyping; Figma; Design Systems; UI Design,Senior,"Internship · Remote. We are hiring a Senior Product Designer for our Gaming team. The ideal candidate has 6-10 years of experience and is proficient in User Research, Prototyping, Figma, Design Systems, UI Design. This is a remote internship position focused on delivering high-quality design work."
Mid-level UI Designer,Design,Sketch; Design Systems; CSS; Prototyping; Typography; Wireframing,Mid-level,"Internship · Hybrid. We are hiring a Mid-level UI Designer for our Enterprise team. The ideal candidate has 3-6 years of experience and is proficient in Sketch, Design Systems, CSS, Prototyping, Typography, Wireframing. This is a hybrid internship position focused on delivering high-quality design work."
Junior UI Designer,Design,Sketch; Wireframing; Color Theory; Design Systems; Figma; Adobe XD; CSS,Junior,"Contract · Remote. We are hiring a Junior UI Designer for our Fintech team. The ideal candidate has 1-3 years of experience and is proficient in Sketch, Wireframing, Color Theory, Design Systems, Figma, Adobe XD, CSS. This is a remote contract position focused on delivering high-quality design work."
Lead UX Designer,Design,Wireframing; Prototyping; Usability Testing; Figma; Design Thinking,Lead,"Internship · Hybrid. We are hiring a Lead UX Designer for our Startup team. The ideal candidate has 8-14 years of experience and is proficient in Wireframing, Prototyping, Usability Testing, Figma, Design Thinking. This is a hybrid internship position focused on delivering high-quality design work."
Principal UI Designer,Design,CSS; Prototyping; Color Theory; Typography; Figma,Principal,"Contract · On-site. We are hiring a Principal UI Designer for our Healthcare team. The ideal candidate has 12-20 years of experience and is proficient in CSS, Prototyping, Color Theory, Typography, Figma. This is a on-site contract position focused on delivering high-quality design work."
Mid-level UI Designer,Design,Wireframing; Prototyping; Figma; Typography; Adobe XD; Design Systems; Sketch,Mid-level,"Internship · On-site. We are hiring a Mid-level UI Designer for our EdTech team. The ideal candidate has 3-6 years of experience and is proficient in Wireframing, Prototyping, Figma, Typography, Adobe XD, Design Systems, Sketch. This is a on-site internship position focused on delivering high-quality design work."
Mid-level Graphic Designer,Design,Creativity; Photoshop; Print Design; Illustrator; Typography,Mid-level,"Contract · Remote. We are hiring a Mid-level Graphic Designer for our SaaS team. The ideal candidate has 3-6 years of experience and is proficient in Creativity, Photoshop, Print Design, Illustrator, Typography. This is a remote contract position focused on delivering high-quality design work."
Junior Interaction Designer,Design,After Effects; Figma; Wireframing; Design Systems; Interaction Design; User Research,Junior,"Internship · Hybrid. We are hiring a Junior Interaction Designer for our Healthcare team. The ideal candidate has 1-3 years of experience and is proficient in After Effects, Figma, Wireframing, Design Systems, Interaction Design, User Research. This is a hybrid internship position focused on delivering high-quality design work."
Intern Interaction Designer,Design,Usability Testing; Interaction Design; UX Design; Motion Design; Wireframing; Prototyping; User Research,Intern,"Contract · Remote. We are hiring a Intern Interaction Designer for our Startup team. The ideal candidate has 0-1 years of experience and is proficient in Usability Testing, Interaction Design, UX Design, Motion Design, Wireframing, Prototyping, User Research. This is a remote contract position focused on delivering high-quality design work."
Intern UI Designer,Design,Figma; HTML; Wireframing; Prototyping; Design Systems; Sketch,Intern,"Contract · On-site. We are hiring a Intern UI Designer for our Gaming team. The ideal candidate has 0-1 years of experience and is proficient in Figma, HTML, Wireframing, Prototyping, Design Systems, Sketch. This is a on-site contract position focused on delivering high-quality design work."
Lead Product Designer,Design,User Research; Design Systems; Sketch; Interaction Design; Prototyping; Wireframing; Figma,Lead,"Contract · On-site. We are hiring a Lead Product Designer for our Startup team. The ideal candidate has 8-14 years of experience and is proficient in User Research, Design Systems, Sketch, Interaction Design, Prototyping, Wireframing, Figma. This is a on-site contract position focused on delivering high-quality design work."
Intern Product Designer,Design,User Research; Figma; Prototyping; Wireframing; Interaction Design; Sketch,Intern,"Internship · Remote. We are hiring a Intern Product Designer for our Gaming team. The ideal candidate has 0-1 years of experience and is proficient in User Research, Figma, Prototyping, Wireframing, Interaction Design, Sketch. This is a remote internship position focused on delivering high-quality design work."
Senior Graphic Designer,Design,InDesign; Layout Design; Color Theory; Photoshop; Branding,Senior,"Full-time · Remote. We are hiring a Senior Graphic Designer for our Fintech team. The ideal candidate has 6-10 years of experience and is proficient in InDesign, Layout Design, Color Theory, Photoshop, Branding. This is a remote full-time position focused on delivering high-quality design work."
Junior Interaction Designer,Design,Wireframing; Design Systems; User Research; Interaction Design; After Effects; Figma,Junior,"Full-time · Hybrid. We are hiring a Junior Interaction Designer for our Enterprise team. The ideal candidate has 1-3 years of experience and is proficient in Wireframing, Design Systems, User Research, Interaction Design, After Effects, Figma. This is a hybrid full-time position focused on delivering high-quality design work."
Senior Graphic Designer,Design,InDesign; Typography; Photoshop; Adobe XD; Print Design; Color Theory; Branding,Senior,"Contract · Remote. We are hiring a Senior Graphic Designer for our Gaming team. The ideal candidate has 6-10 years of experience and is proficient in InDesign, Typography, Photoshop, Adobe XD, Print Design, Color Theory, Branding. This is a remote contract position focused on delivering high-quality design work."
Lead Graphic Designer,Design,Illustrator; Branding; Print Design; Adobe XD; Photoshop; Color Theory; Layout Design,Lead,"Internship · On-site. We are hiring a Lead Graphic Designer for our E-commerce team. The ideal candidate has 8-14 years of experience and is proficient in Illustrator, Branding, Print Design, Adobe XD, Photoshop, Color Theory, Layout Design. This is a on-site internship position focused on delivering high-quality design work."
Junior UX Designer,Design,Design Thinking; Prototyping; Figma; Wireframing; Information Architecture; User Research; Journey Mapping,Junior,"Internship · Hybrid. We are hiring a Junior UX Designer for our Fintech team. The ideal candidate has 1-3 years of experience and is proficient in Design Thinking, Prototyping, Figma, Wireframing, Information Architecture, User Research, Journey Mapping. This is a hybrid internship position focused on delivering high-quality design work."
Intern UX Designer,Design,Usability Testing; Accessibility; User Research; Figma; Wireframing; Personas,Intern,"Full-time · On-site. We are hiring a Intern UX Designer for our Startup team. The ideal candidate has 0-1 years of experience and is proficient in Usability Testing, Accessibility, User Research, Figma, Wireframing, Personas. This is a on-site full-time position focused on delivering high-quality design work."
Principal UX Designer,Design,Prototyping; Accessibility; Design Thinking; Information Architecture; Journey Mapping; Wireframing; User Research,Principal,"Contract · Hybrid. We are hiring a Principal UX Designer for our Startup team. The ideal candidate has 12-20 years of experience and is proficient in Prototyping, Accessibility, Design Thinking, Information Architecture, Journey Mapping, Wireframing, User Research. This is a hybrid contract position focused on delivering high-quality design work."
Intern UX Designer,Design,Design Thinking; Figma; Usability Testing; Wireframing; Personas; Prototyping,Intern,"Internship · Remote. We are hiring a Intern UX Designer for our Gaming team. The ideal candidate has 0-1 years of experience and is proficient in Design Thinking, Figma, Usability Testing, Wireframing, Personas, Prototyping. This is a remote internship position focused on delivering high-quality design work."
Lead UX Designer,Design,User Research; Prototyping; Information Architecture; Figma; Journey Mapping,Lead,"Contract · Hybrid. We are hiring a Lead UX Designer for our Gaming team. The ideal candidate has 8-14 years of experience and is proficient in User Research, Prototyping, Information Architecture, Figma, Journey Mapping. This is a hybrid contract position focused on delivering high-quality design work."
Senior Graphic Designer,Design,Illustrator; Typography; Branding; InDesign; Print Design; Creativity,Senior,"Full-time · On-site. We are hiring a Senior Graphic Designer for our E-commerce team. The ideal candidate has 6-10 years of experience and is proficient in Illustrator, Typography, Branding, InDesign, Print Design, Creativity. This is a on-site full-time position focused on delivering high-quality design work."
Mid-level UX Designer,Design,Personas; Usability Testing; Journey Mapping; Prototyping; Figma; User Research; Wireframing,Mid-level,"Contract · On-site. We are hiring a Mid-level UX Designer for our EdTech team. The ideal candidate has 3-6 years of experience and is proficient in Personas, Usability Testing, Journey Mapping, Prototyping, Figma, User Research, Wireframing. This is a on-site contract position focused on delivering high-quality design work."
Senior UX Designer,Design,Journey Mapping; Personas; Wireframing; Figma; Design Thinking,Senior,"Internship · On-site. We are hiring a Senior UX Designer for our Startup team. The ideal candidate has 6-10 years of experience and is proficient in Journey Mapping, Personas, Wireframing, Figma, Design Thinking. This is a on-site internship position focused on delivering high-quality design work."
Lead Product Designer,Design,UI Design; Design Systems; Figma; User Research; Usability Testing; Prototyping; Sketch,Lead,"Full-time · On-site. We are hiring a Lead Product Designer for our E-commerce team. The ideal candidate has 8-14 years of experience and is proficient in UI Design, Design Systems, Figma, User Research, Usability Testing, Prototyping, Sketch. This is a on-site full-time position focused on delivering high-quality design work."
Mid-level Interaction Designer,Design,Interaction Design; Motion Design; After Effects; UX Design; Usability Testing,Mid-level,"Full-time · Hybrid. We are hiring a Mid-level Interaction Designer for our Startup team. The ideal candidate has 3-6 years of experience and is proficient in Interaction Design, Motion Design, After Effects, UX Design, Usability Testing. This is a hybrid full-time position focused on delivering high-quality design work."
Mid-level UX Designer,Design,Design Thinking; Personas; Wireframing; Information Architecture; Accessibility; Figma,Mid-level,"Contract · Hybrid. We are hiring a Mid-level UX Designer for our Gaming team. The ideal candidate has 3-6 years of experience and is proficient in Design Thinking, Personas, Wireframing, Information Architecture, Accessibility, Figma. This is a hybrid contract position focused on delivering high-quality design work."
Mid-level Graphic Designer,Design,Branding; Illustrator; Layout Design; InDesign; Color Theory; Print Design,Mid-level,"Full-time · On-site. We are hiring a Mid-level Graphic Designer for our E-commerce team. The ideal candidate has 3-6 years of experience and is proficient in Branding, Illustrator, Layout Design, InDesign, Color Theory, Print Design. This is a on-site full-time position focused on delivering high-quality design work."
Principal UX Designer,Design,Journey Mapping; Personas; User Research; Prototyping; Design Thinking; Information Architecture,Principal,"Contract · Remote. We are hiring a Principal UX Designer for our Gaming team. The ideal candidate has 12-20 years of experience and is proficient in Journey Mapping, Personas, User Research, Prototyping, Design Thinking, Information Architecture. This is a remote contract position focused on delivering high-quality design work."
Mid-level Graphic Designer,Design,Creativity; Branding; InDesign; Color Theory; Illustrator,Mid-level,"Full-time · On-site. We are hiring a Mid-level Graphic Designer for our Gaming team. The ideal candidate has 3-6 years of experience and is proficient in Creativity, Branding, InDesign, Color Theory, Illustrator. This is a on-site full-time position focused on delivering high-quality design work."
Junior Graphic Designer,Design,Typography; Creativity; Illustrator; Branding; Print Design,Junior,"Full-time · Remote. We are hiring a Junior Graphic Designer for our Enterprise team. The ideal candidate has 1-3 years of experience and is proficient in Typography, Creativity, Illustrator, Branding, Print Design. This is a remote full-time position focused on delivering high-quality design work."
Lead Graphic Designer,Design,Adobe XD; Branding; Illustrator; Layout Design; Typography; Photoshop; Print Design,Lead,"Contract · Hybrid. We are hiring a Lead Graphic Designer for our E-commerce team. The ideal candidate has 8-14 years of experience and is proficient in Adobe XD, Branding, Illustrator, Layout Design, Typography, Photoshop, Print Design. This is a hybrid contract position focused on delivering high-quality design work."
Intern Graphic Designer,Design,Print Design; Adobe XD; Layout Design; Branding; Photoshop,Intern,"Full-time · Hybrid. We are hiring a Intern Graphic Designer for our Healthcare team. The ideal candidate has 0-1 years of experience and is proficient in Print Design, Adobe XD, Layout Design, Branding, Photoshop. This is a hybrid full-time position focused on delivering high-quality design work."
Senior Product Designer,Design,Wireframing; Design Systems; Sketch; Interaction Design; Prototyping; User Research,Senior,"Full-time · Hybrid. We are hiring a Senior Product Designer for our Fintech team. The ideal candidate has 6-10 years of experience and is proficient in Wireframing, Design Systems, Sketch, Interaction Design, Prototyping, User Research. This is a hybrid full-time position focused on delivering high-quality design work."
Lead Product Designer,Design,User Research; Wireframing; UI Design; Usability Testing; Interaction Design; Design Systems; UX Design,Lead,"Contract · On-site. We are hiring a Lead Product Designer for our E-commerce team. The ideal candidate has 8-14 years of experience and is proficient in User Research, Wireframing, UI Design, Usability Testing, Interaction Design, Design Systems, UX Design. This is a on-site contract position focused on delivering high-quality design work."
Junior Interaction Designer,Design,UX Design; Usability Testing; Wireframing; After Effects; Design Systems; Figma,Junior,"Full-time · Remote. We are hiring a Junior Interaction Designer for our Fintech team. The ideal candidate has 1-3 years of experience and is proficient in UX Design, Usability Testing, Wireframing, After Effects, Design Systems, Figma. This is a remote full-time position focused on delivering high-quality design work."
Senior Graphic Designer,Design,Print Design; InDesign; Color Theory; Typography; Branding; Illustrator,Senior,"Contract · Hybrid. We are hiring a Senior Graphic Designer for our Enterprise team. The ideal candidate has 6-10 years of experience and is proficient in Print Design, InDesign, Color Theory, Typography, Branding, Illustrator. This is a hybrid contract position focused on delivering high-quality design work."
Senior Product Designer,Design,Sketch; UI Design; Usability Testing; Prototyping; User Research; UX Design,Senior,"Contract · Hybrid. We are hiring a Senior Product Designer for our Healthcare team. The ideal candidate has 6-10 years of experience and is proficient in Sketch, UI Design, Usability Testing, Prototyping, User Research, UX Design. This is a hybrid contract position focused on delivering high-quality design work."
Senior UX Designer,Design,Design Thinking; Information Architecture; Accessibility; Journey Mapping; User Research; Wireframing,Senior,"Full-time · On-site. We are hiring a Senior UX Designer for our Fintech team. The ideal candidate has 6-10 years of experience and is proficient in Design Thinking, Information Architecture, Accessibility, Journey Mapping, User Research, Wireframing. This is a on-site full-time position focused on delivering high-quality design work."
Mid-level UX Designer,Design,Journey Mapping; Design Thinking; Wireframing; Usability Testing; User Research; Accessibility; Prototyping,Mid-level,"Contract · Remote. We are hiring a Mid-level UX Designer for our Startup team. The ideal candidate has 3-6 years of experience and is proficient in Journey Mapping, Design Thinking, Wireframing, Usability Testing, User Research, Accessibility, Prototyping. This is a remote contract position focused on delivering high-quality design work."
Intern Graphic Designer,Design,Adobe XD; Color Theory; Illustrator; Creativity; Layout Design; Typography; Branding,Intern,"Full-time · On-site. We are hiring a Intern Graphic Designer for our Enterprise team. The ideal candidate has 0-1 years of experience and is proficient in Adobe XD, Color Theory, Illustrator, Creativity, Layout Design, Typography, Branding. This is a on-site full-time position focused on delivering high-quality design work."
Intern UI Designer,Design,Typography; Sketch; Adobe XD; Wireframing; HTML; Color Theory,Intern,"Full-time · Hybrid. We are hiring a Intern UI Designer for our Fintech team. The ideal candidate has 0-1 years of experience and is proficient in Typography, Sketch, Adobe XD, Wireframing, HTML, Color Theory. This is a hybrid full-time position focused on delivering high-quality design work."
Principal UX Designer,Design,Wireframing; Prototyping; Personas; Journey Mapping; Usability Testing,Principal,"Full-time · Remote. We are hiring a Principal UX Designer for our E-commerce team. The ideal candidate has 12-20 years of experience and is proficient in Wireframing, Prototyping, Personas, Journey Mapping, Usability Testing. This is a remote full-time position focused on delivering high-quality design work."
Intern UI Designer,Design,Figma; Prototyping; Wireframing; Typography; Sketch; Color Theory; Design Systems,Intern,"Full-time · On-site. We are hiring a Intern UI Designer for our Fintech team. The ideal candidate has 0-1 years of experience and is proficient in Figma, Prototyping, Wireframing, Typography, Sketch, Color Theory, Design Systems. This is a on-site full-time position focused on delivering high-quality design work."
Lead Interaction Designer,Design,Interaction Design; User Research; Usability Testing; Figma; Design Systems; Wireframing,Lead,"Full-time · Remote. We are hiring a Lead Interaction Designer for our Startup team. The ideal candidate has 8-14 years of experience and is proficient in Interaction Design, User Research, Usability Testing, Figma, Design Systems, Wireframing. This is a remote full-time position focused on delivering high-quality design work."
Junior Product Designer,Design,UI Design; Figma; Design Systems; Interaction Design; UX Design; Prototyping,Junior,"Full-time · On-site. We are hiring a Junior Product Designer for our Healthcare team. The ideal candidate has 1-3 years of experience and is proficient in UI Design, Figma, Design Systems, Interaction Design, UX Design, Prototyping. This is a on-site full-time position focused on delivering high-quality design work."
Principal Graphic Designer,Design,Branding; Creativity; Print Design; InDesign; Layout Design; Typography,Principal,"Contract · Hybrid. We are hiring a Principal Graphic Designer for our EdTech team. The ideal candidate has 12-20 years of experience and is proficient in Branding, Creativity, Print Design, InDesign, Layout Design, Typography. This is a hybrid contract position focused on delivering high-quality design work."
Senior UX Designer,Design,Information Architecture; Accessibility; Personas; Design Thinking; User Research; Usability Testing; Journey Mapping,Senior,"Contract · Hybrid. We are hiring a Senior UX Designer for our Enterprise team. The ideal candidate has 6-10 years of experience and is proficient in Information Architecture, Accessibility, Personas, Design Thinking, User Research, Usability Testing, Journey Mapping. This is a hybrid contract position focused on delivering high-quality design work."
Lead Graphic Designer,Design,Creativity; Adobe XD; Print Design; Layout Design; InDesign; Typography,Lead,"Internship · Hybrid. We are hiring a Lead Graphic Designer for our SaaS team. The ideal candidate has 8-14 years of experience and is proficient in Creativity, Adobe XD, Print Design, Layout Design, InDesign, Typography. This is a hybrid internship position focused on delivering high-quality design work."
Principal Interaction Designer,Design,Usability Testing; User Research; Design Systems; Interaction Design; Prototyping,Principal,"Contract · Remote. We are hiring a Principal Interaction Designer for our SaaS team. The ideal candidate has 12-20 years of experience and is proficient in Usability Testing, User Research, Design Systems, Interaction Design, Prototyping. This is a remote contract position focused on delivering high-quality design work."
Principal UX Designer,Design,Information Architecture; Accessibility; Usability Testing; Journey Mapping; Personas,Principal,"Contract · Hybrid. We are hiring a Principal UX Designer for our Healthcare team. The ideal candidate has 12-20 years of experience and is proficient in Information Architecture, Accessibility, Usability Testing, Journey Mapping, Personas. This is a hybrid contract position focused on delivering high-quality design work."
Mid-level UX Designer,Design,Accessibility; Journey Mapping; Prototyping; User Research; Personas; Figma,Mid-level,"Contract · Remote. We are hiring a Mid-level UX Designer for our E-commerce team. The ideal candidate has 3-6 years of experience and is proficient in Accessibility, Journey Mapping, Prototyping, User Research, Personas, Figma. This is a remote contract position focused on delivering high-quality design work."
Lead Product Designer,Design,UI Design; Wireframing; Interaction Design; Design Systems; Prototyping,Lead,"Full-time · On-site. We are hiring a Lead Product Designer for our Gaming team. The ideal candidate has 8-14 years of experience and is proficient in UI Design, Wireframing, Interaction Design, Design Systems, Prototyping. This is a on-site full-time position focused on delivering high-quality design work."
Senior Interaction Designer,Design,Design Systems; Interaction Design; After Effects; Wireframing; User Research; UX Design; Motion Design,Senior,"Contract · Remote. We are hiring a Senior Interaction Designer for our Fintech team. The ideal candidate has 6-10 years of experience and is proficient in Design Systems, Interaction Design, After Effects, Wireframing, User Research, UX Design, Motion Design. This is a remote contract position focused on delivering high-quality design work."
Lead Product Designer,Design,Prototyping; UX Design; Sketch; UI Design; Interaction Design; Usability Testing; Wireframing,Lead,"Internship · On-site. We are hiring a Lead Product Designer for our Enterprise team. The ideal candidate has 8-14 years of experience and is proficient in Prototyping, UX Design, Sketch, UI Design, Interaction Design, Usability Testing, Wireframing. This is a on-site internship position focused on delivering high-quality design work."
Lead Interaction Designer,Design,Design Systems; Prototyping; Usability Testing; UX Design; User Research; After Effects; Interaction Design,Lead,"Internship · Remote. We are hiring a Lead Interaction Designer for our EdTech team. The ideal candidate has 8-14 years of experience and is proficient in Design Systems, Prototyping, Usability Testing, UX Design, User Research, After Effects, Interaction Design. This is a remote internship position focused on delivering high-quality design work."
Principal UI Designer,Design,Figma; Prototyping; Adobe XD; Sketch; Design Systems; HTML,Principal,"Contract · On-site. We are hiring a Principal UI Designer for our Enterprise team. The ideal candidate has 12-20 years of experience and is proficient in Figma, Prototyping, Adobe XD, Sketch, Design Systems, HTML. This is a on-site contract position focused on delivering high-quality design work."
Lead UX Designer,Design,Figma; Prototyping; Design Thinking; Personas; Wireframing; Journey Mapping; Information Architecture,Lead,"Internship · Remote. We are hiring a Lead UX Designer for our Healthcare team. The ideal candidate has 8-14 years of experience and is proficient in Figma, Prototyping, Design Thinking, Personas, Wireframing, Journey Mapping, Information Architecture. This is a remote internship position focused on delivering high-quality design work."
Mid-level Product Designer,Design,Figma; Wireframing; Sketch; Interaction Design; Design Systems,Mid-level,"Full-time · On-site. We are hiring a Mid-level Product Designer for our Startup team. The ideal candidate has 3-6 years of experience and is proficient in Figma, Wireframing, Sketch, Interaction Design, Design Systems. This is a on-site full-time position focused on delivering high-quality design work."
Intern UI Designer,Design,Design Systems; Figma; Prototyping; Wireframing; Typography,Intern,"Contract · On-site. We are hiring a Intern UI Designer for our Fintech team. The ideal candidate has 0-1 years of experience and is proficient in Design Systems, Figma, Prototyping, Wireframing, Typography. This is a on-site contract position focused on delivering high-quality design work."
Mid-level Graphic Designer,Design,Layout Design; InDesign; Illustrator; Print Design; Typography; Color Theory,Mid-level,"Full-time · Hybrid. We are hiring a Mid-level Graphic Designer for our Gaming team. The ideal candidate has 3-6 years of experience and is proficient in Layout Design, InDesign, Illustrator, Print Design, Typography, Color Theory. This is a hybrid full-time position focused on delivering high-quality design work."
Junior UX Designer,Design,Figma; Prototyping; Information Architecture; Accessibility; Design Thinking; User Research,Junior,"Internship · Hybrid. We are hiring a Junior UX Designer for our SaaS team. The ideal candidate has 1-3 years of experience and is proficient in Figma, Prototyping, Information Architecture, Accessibility, Design Thinking, User Research. This is a hybrid internship position focused on delivering high-quality design work."
Senior Graphic Designer,Design,Typography; Branding; Photoshop; InDesign; Color Theory,Senior,"Contract · On-site. We are hiring a Senior Graphic Designer for our Fintech team. The ideal candidate has 6-10 years of experience and is proficient in Typography, Branding, Photoshop, InDesign, Color Theory. This is a on-site contract position focused on delivering high-quality design work."
Principal Product Designer,Design,Design Systems; UX Design; Sketch; Wireframing; UI Design,Principal,"Full-time · On-site. We are hiring a Principal Product Designer for our Gaming team. The ideal candidate has 12-20 years of experience and is proficient in Design Systems, UX Design, Sketch, Wireframing, UI Design. This is a on-site full-time position focused on delivering high-quality design work."
Junior Product Designer,Design,Prototyping; Design Systems; UI Design; Interaction Design; Sketch,Junior,"Full-time · Remote. We are hiring a Junior Product Designer for our Enterprise team. The ideal candidate has 1-3 years of experience and is proficient in Prototyping, Design Systems, UI Design, Interaction Design, Sketch. This is a remote full-time position focused on delivering high-quality design work."
Lead Interaction Designer,Design,Motion Design; Usability Testing; After Effects; User Research; Wireframing; Interaction Design; UX Design,Lead,"Full-time · Hybrid. We are hiring a Lead Interaction Designer for our EdTech team. The ideal candidate has 8-14 years of experience and is proficient in Motion Design, Usability Testing, After Effects, User Research, Wireframing, Interaction Design, UX Design. This is a hybrid full-time position focused on delivering high-quality design work."
Junior Graphic Designer,Design,Branding; Photoshop; Typography; InDesign; Illustrator,Junior,"Contract · Hybrid. We are hiring a Junior Graphic Designer for our Enterprise team. The ideal candidate has 1-3 years of experience and is proficient in Branding, Photoshop, Typography, InDesign, Illustrator. This is a hybrid contract position focused on delivering high-quality design work."
Junior Interaction Designer,Design,Wireframing; Interaction Design; Usability Testing; Figma; Prototyping; Motion Design,Junior,"Full-time · Hybrid. We are hiring a Junior Interaction Designer for our E-commerce team. The ideal candidate has 1-3 years of experience and is proficient in Wireframing, Interaction Design, Usability Testing, Figma, Prototyping, Motion Design. This is a hybrid full-time position focused on delivering high-quality design work."
Mid-level UX Designer,Design,Usability Testing; Design Thinking; User Research; Personas; Journey Mapping,Mid-level,"Full-time · Hybrid. We are hiring a Mid-level UX Designer for our Enterprise team. The ideal candidate has 3-6 years of experience and is proficient in Usability Testing, Design Thinking, User Research, Personas, Journey Mapping. This is a hybrid full-time position focused on delivering high-quality design work."
Lead Interaction Designer,Design,User Research; Motion Design; After Effects; Prototyping; Wireframing; Usability Testing; UX Design,Lead,"Internship · On-site. We are hiring a Lead Interaction Designer for our Enterprise team. The ideal candidate has 8-14 years of experience and is proficient in User Research, Motion Design, After Effects, Prototyping, Wireframing, Usability Testing, UX Design. This is a on-site internship position focused on delivering high-quality design work."
Mid-level Graphic Designer,Design,Illustrator; Typography; Photoshop; Layout Design; Print Design,Mid-level,"Full-time · Remote. We are hiring a Mid-level Graphic Designer for our Startup team. The ideal candidate has 3-6 years of experience and is proficient in Illustrator, Typography, Photoshop, Layout Design, Print Design. This is a remote full-time position focused on delivering high-quality design work."
Intern UI Designer,Design,CSS; Design Systems; Typography; Prototyping; Color Theory; Wireframing; Figma,Intern,"Full-time · Remote. We are hiring a Intern UI Designer for our Fintech team. The ideal candidate has 0-1 years of experience and is proficient in CSS, Design Systems, Typography, Prototyping, Color Theory, Wireframing, Figma. This is a remote full-time position focused on delivering high-quality design work."
Principal Interaction Designer,Design,Usability Testing; Figma; Motion Design; UX Design; Interaction Design; Design Systems,Principal,"Full-time · On-site. We are hiring a Principal Interaction Designer for our Healthcare team. The ideal candidate has 12-20 years of experience and is proficient in Usability Testing, Figma, Motion Design, UX Design, Interaction Design, Design Systems. This is a on-site full-time position focused on delivering high-quality design work."
Junior UI Designer,Design,Wireframing; Figma; HTML; Prototyping; Color Theory; CSS; Design Systems,Junior,"Full-time · Remote. We are hiring a Junior UI Designer for our Enterprise team. The ideal candidate has 1-3 years of experience and is proficient in Wireframing, Figma, HTML, Prototyping, Color Theory, CSS, Design Systems. This is a remote full-time position focused on delivering high-quality design work."
Intern Interaction Designer,Design,Usability Testing; Design Systems; Wireframing; Figma; UX Design,Intern,"Internship · Hybrid. We are hiring a Intern Interaction Designer for our E-commerce team. The ideal candidate has 0-1 years of experience and is proficient in Usability Testing, Design Systems, Wireframing, Figma, UX Design. This is a hybrid internship position focused on delivering high-quality design work."
Intern Product Designer,Design,Sketch; Design Systems; Figma; UX Design; Interaction Design,Intern,"Internship · Hybrid. We are hiring a Intern Product Designer for our SaaS team. The ideal candidate has 0-1 years of experience and is proficient in Sketch, Design Systems, Figma, UX Design, Interaction Design. This is a hybrid internship position focused on delivering high-quality design work."
Lead UI Designer,Design,CSS; Design Systems; Wireframing; Sketch; Color Theory,Lead,"Internship · Hybrid. We are hiring a Lead UI Designer for our EdTech team. The ideal candidate has 8-14 years of experience and is proficient in CSS, Design Systems, Wireframing, Sketch, Color Theory. This is a hybrid internship position focused on delivering high-quality design work."
Principal Interaction Designer,Design,User Research; Interaction Design; Motion Design; UX Design; Design Systems,Principal,"Full-time · Remote. We are hiring a Principal Interaction Designer for our Gaming team. The ideal candidate has 12-20 years of experience and is proficient in User Research, Interaction Design, Motion Design, UX Design, Design Systems. This is a remote full-time position focused on delivering high-quality design work."
Lead UI Designer,Design,HTML; Figma; Typography; Prototyping; Sketch; Wireframing; Color Theory,Lead,"Full-time · On-site. We are hiring a Lead UI Designer for our EdTech team. The ideal candidate has 8-14 years of experience and is proficient in HTML, Figma, Typography, Prototyping, Sketch, Wireframing, Color Theory. This is a on-site full-time position focused on delivering high-quality design work."
Intern UI Designer,Design,Wireframing; CSS; Adobe XD; Figma; Color Theory,Intern,"Internship · Remote. We are hiring a Intern UI Designer for our EdTech team. The ideal candidate has 0-1 years of experience and is proficient in Wireframing, CSS, Adobe XD, Figma, Color Theory. This is a remote internship position focused on delivering high-quality design work."
Principal Product Designer,Design,User Research; Figma; Sketch; Usability Testing; UI Design; UX Design,Principal,"Contract · On-site. We are hiring a Principal Product Designer for our Startup team. The ideal candidate has 12-20 years of experience and is proficient in User Research, Figma, Sketch, Usability Testing, UI Design, UX Design. This is a on-site contract position focused on delivering high-quality design work."
Junior Graphic Designer,Design,Illustrator; Print Design; Layout Design; Creativity; Adobe XD; Photoshop; Color Theory,Junior,"Contract · On-site. We are hiring a Junior Graphic Designer for our Startup team. The ideal candidate has 1-3 years of experience and is proficient in Illustrator, Print Design, Layout Design, Creativity, Adobe XD, Photoshop, Color Theory. This is a on-site contract position focused on delivering high-quality design work."
Principal UI Designer,Design,CSS; Prototyping; Wireframing; HTML; Sketch,Principal,"Full-time · Hybrid. We are hiring a Principal UI Designer for our E-commerce team. The ideal candidate has 12-20 years of experience and is proficient in CSS, Prototyping, Wireframing, HTML, Sketch. This is a hybrid full-time position focused on delivering high-quality design work."
Lead UI Designer,Design,HTML; Wireframing; Design Systems; CSS; Adobe XD; Color Theory; Typography,Lead,"Internship · Hybrid. We are hiring a Lead UI Designer for our E-commerce team. The ideal candidate has 8-14 years of experience and is proficient in HTML, Wireframing, Design Systems, CSS, Adobe XD, Color Theory, Typography. This is a hybrid internship position focused on delivering high-quality design work."
Lead Graphic Designer,Design,Photoshop; Creativity; Illustrator; Branding; Adobe XD; Typography; Color Theory,Lead,"Contract · On-site. We are hiring a Lead Graphic Designer for our SaaS team. The ideal candidate has 8-14 years of experience and is proficient in Photoshop, Creativity, Illustrator, Branding, Adobe XD, Typography, Color Theory. This is a on-site contract position focused on delivering high-quality design work."
Lead Interaction Designer,Design,Prototyping; User Research; Usability Testing; After Effects; Wireframing,Lead,"Contract · On-site. We are hiring a Lead Interaction Designer for our Fintech team. The ideal candidate has 8-14 years of experience and is proficient in Prototyping, User Research, Usability Testing, After Effects, Wireframing. This is a on-site contract position focused on delivering high-quality design work."
Junior UX Designer,Design,User Research; Figma; Usability Testing; Prototyping; Journey Mapping; Personas,Junior,"Contract · Hybrid. We are hiring a Junior UX Designer for our E-commerce team. The ideal candidate has 1-3 years of experience and is proficient in User Research, Figma, Usability Testing, Prototyping, Journey Mapping, Personas. This is a hybrid contract position focused on delivering high-quality design work."
Junior Graphic Designer,Design,Color Theory; Print Design; Branding; Layout Design; Illustrator; Typography,Junior,"Internship · Hybrid. We are hiring a Junior Graphic Designer for our EdTech team. The ideal candidate has 1-3 years of experience and is proficient in Color Theory, Print Design, Branding, Layout Design, Illustrator, Typography. This is a hybrid internship position focused on delivering high-quality design work."
Lead Interaction Designer,Design,User Research; Interaction Design; Usability Testing; Motion Design; Figma,Lead,"Contract · Hybrid. We are hiring a Lead Interaction Designer for our E-commerce team. The ideal candidate has 8-14 years of experience and is proficient in User Research, Interaction Design, Usability Testing, Motion Design, Figma. This is a hybrid contract position focused on delivering high-quality design work."
Lead UI Designer,Design,Color Theory; CSS; Prototyping; HTML; Typography; Wireframing; Design Systems,Lead,"Internship · On-site. We are hiring a Lead UI Designer for our SaaS team. The ideal candidate has 8-14 years of experience and is proficient in Color Theory, CSS, Prototyping, HTML, Typography, Wireframing, Design Systems. This is a on-site internship position focused on delivering high-quality design work."
Intern UI Designer,Design,Prototyping; Design Systems; CSS; Wireframing; Color Theory,Intern,"Full-time · On-site. We are hiring a Intern UI Designer for our EdTech team. The ideal candidate has 0-1 years of experience and is proficient in Prototyping, Design Systems, CSS, Wireframing, Color Theory. This is a on-site full-time position focused on delivering high-quality design work."
Senior Interaction Designer,Design,Wireframing; Motion Design; Figma; UX Design; Prototyping; User Research; Usability Testing,Senior,"Contract · On-site. We are hiring a Senior Interaction Designer for our Gaming team. The ideal candidate has 6-10 years of experience and is proficient in Wireframing, Motion Design, Figma, UX Design, Prototyping, User Research, Usability Testing. This is a on-site contract position focused on delivering high-quality design work."
Intern Product Designer,Design,User Research; Design Systems; Interaction Design; Sketch; Figma; UX Design; Prototyping,Intern,"Internship · Hybrid. We are hiring a Intern Product Designer for our E-commerce team. The ideal candidate has 0-1 years of experience and is proficient in User Research, Design Systems, Interaction Design, Sketch, Figma, UX Design, Prototyping. This is a hybrid internship position focused on delivering high-quality design work."
Senior UX Designer,Design,User Research; Personas; Accessibility; Usability Testing; Design Thinking; Journey Mapping; Wireframing,Senior,"Contract · Remote. We are hiring a Senior UX Designer for our Enterprise team. The ideal candidate has 6-10 years of experience and is proficient in User Research, Personas, Accessibility, Usability Testing, Design Thinking, Journey Mapping, Wireframing. This is a remote contract position focused on delivering high-quality design work."
Mid-level UI Designer,Design,CSS; Prototyping; Adobe XD; HTML; Sketch; Color Theory,Mid-level,"Full-time · Hybrid. We are hiring a Mid-level UI Designer for our Enterprise team. The ideal candidate has 3-6 years of experience and is proficient in CSS, Prototyping, Adobe XD, HTML, Sketch, Color Theory. This is a hybrid full-time position focused on delivering high-quality design work."
Mid-level UX Designer,Design,User Research; Journey Mapping; Information Architecture; Accessibility; Prototyping; Wireframing,Mid-level,"Full-time · Remote. We are hiring a Mid-level UX Designer for our Enterprise team. The ideal candidate has 3-6 years of experience and is proficient in User Research, Journey Mapping, Information Architecture, Accessibility, Prototyping, Wireframing. This is a remote full-time position focused on delivering high-quality design work."
Junior Product Designer,Design,UI Design; Usability Testing; Design Systems; Figma; Interaction Design; User Research; Wireframing,Junior,"Contract · Remote. We are hiring a Junior Product Designer for our E-commerce team. The ideal candidate has 1-3 years of experience and is proficient in UI Design, Usability Testing, Design Systems, Figma, Interaction Design, User Research, Wireframing. This is a remote contract position focused on delivering high-quality design work."
Intern UX Designer,Design,Figma; User Research; Accessibility; Usability Testing; Prototyping,Intern,"Internship · Hybrid. We are hiring a Intern UX Designer for our EdTech team. The ideal candidate has 0-1 years of experience and is proficient in Figma, User Research, Accessibility, Usability Testing, Prototyping. This is a hybrid internship position focused on delivering high-quality design work."
Junior Graphic Designer,Design,Photoshop; Color Theory; Creativity; Print Design; Layout Design; Adobe XD; Typography,Junior,"Contract · Hybrid. We are hiring a Junior Graphic Designer for our SaaS team. The ideal candidate has 1-3 years of experience and is proficient in Photoshop, Color Theory, Creativity, Print Design, Layout Design, Adobe XD, Typography. This is a hybrid contract position focused on delivering high-quality design work."
Mid-level Product Designer,Design,Wireframing; UI Design; Figma; Prototyping; UX Design,Mid-level,"Internship · On-site. We are hiring a Mid-level Product Designer for our Fintech team. The ideal candidate has 3-6 years of experience and is proficient in Wireframing, UI Design, Figma, Prototyping, UX Design. This is a on-site internship position focused on delivering high-quality design work."
Senior Graphic Designer,Design,Color Theory; Creativity; Layout Design; Illustrator; Photoshop,Senior,"Internship · Remote. We are hiring a Senior Graphic Designer for our EdTech team. The ideal candidate has 6-10 years of experience and is proficient in Color Theory, Creativity, Layout Design, Illustrator, Photoshop. This is a remote internship position focused on delivering high-quality design work."
Junior Graphic Designer,Design,Branding; Illustrator; Creativity; Adobe XD; Color Theory,Junior,"Internship · On-site. We are hiring a Junior Graphic Designer for our Gaming team. The ideal candidate has 1-3 years of experience and is proficient in Branding, Illustrator, Creativity, Adobe XD, Color Theory. This is a on-site internship position focused on delivering high-quality design work."
Mid-level Product Designer,Design,Sketch; UX Design; Figma; Design Systems; Usability Testing; User Research,Mid-level,"Full-time · On-site. We are hiring a Mid-level Product Designer for our SaaS team. The ideal candidate has 3-6 years of experience and is proficient in Sketch, UX Design, Figma, Design Systems, Usability Testing, User Research. This is a on-site full-time position focused on delivering high-quality design work."
