title,category,skills,level,description
Intern Backend Developer,Software Engineering,Node.js; Java; REST APIs; Spring Boot; GraphQL,Intern,"Internship · Remote. We are hiring a Intern Backend Developer for our E-commerce team. The ideal candidate has 0-1 years of experience and is proficient in Node.js, Java, REST APIs, Spring Boot, GraphQL. This is a remote internship position focused on delivering high-quality software engineering work."
Senior Full Stack Developer,Software Engineering,MongoDB; Git; Python; Node.js; SQL; REST APIs; Docker,Senior,"Full-time · Hybrid. We are hiring a Senior Full Stack Developer for our Gaming team. The ideal candidate has 6-10 years of experience and is proficient in MongoDB, Git, Python, Node.js, SQL, REST APIs, Docker. This is a hybrid full-time position focused on delivering high-quality software engineering work."
Senior Full Stack Developer,Software Engineering,MongoDB; TypeScript; REST APIs; SQL; Node.js,Senior,"Contract · Hybrid. We are hiring a Senior Full Stack Developer for our Gaming team. The ideal candidate has 6-10 years of experience and is proficient in MongoDB, TypeScript, REST APIs, SQL, Node.js. This is a hybrid contract position focused on delivering high-quality software engineering work."
Principal Software Architect,Software Engineering,Design Patterns; Kafka; Java; Microservices; REST APIs,Principal,"Full-time · Hybrid. We are hiring a Principal Software Architect for our E-commerce team. The ideal candidate has 12-20 years of experience and is proficient in Design Patterns, Kafka, Java, Microservices, REST APIs. This is a hybrid full-time position focused on delivering high-quality software engineering work."
Junior Frontend Developer,Software Engineering,Sass; Webpack; Accessibility; HTML; CSS,Junior,"Full-time · Remote. We are hiring a Junior Frontend Developer for our Healthcare team. The ideal candidate has 1-3 years of experience and is proficient in Sass, Webpack, Accessibility, HTML, CSS. This is a remote full-time position focused on delivering high-quality software engineering work."
Junior Game Developer,Software Engineering,C++; C#; Optimization; Game Design; Physics; Shaders,Junior,"Internship · Remote. We are hiring a Junior Game Developer for our Fintech team. The ideal candidate has 1-3 years of experience and is proficient in C++, C#, Optimization, Game Design, Physics, Shaders. This is a remote internship position focused on delivering high-quality software engineering work."
Junior Site Reliability Engineer,Software Engineering,Monitoring; Go; Terraform; Kubernetes; Prometheus; Python,Junior,"Internship · On-site. We are hiring a Junior Site Reliability Engineer for our Enterprise team. The ideal candidate has 1-3 years of experience and is proficient in Monitoring, Go, Terraform, Kubernetes, Prometheus, Python. This is a on-site internship position focused on delivering high-quality software engineering work."
Intern Frontend Developer,Software Engineering,Accessibility; React; CSS; Sass; Jest,Intern,"Internship · Hybrid. We are hiring a Intern Frontend Developer for our Enterprise team. The ideal candidate has 0-1 years of experience and is proficient in Accessibility, React, CSS, Sass, Jest. This is a hybrid internship position focused on delivering high-quality software engineering work."
Intern Frontend Developer,Software Engineering,Redux; Webpack; TypeScript; Jest; HTML; React,Intern,"Internship · Remote. We are hiring a Intern Frontend Developer for our Gaming team. The ideal candidate has 0-1 years of experience and is proficient in Redux, Webpack, TypeScript, Jest, HTML, React. This is a remote internship position focused on delivering high-quality software engineering work."
Principal Game Developer,Software Engineering,3D Math; Optimization; Unity; Shaders; C#,Principal,"Contract · On-site. We are hiring a Principal Game Developer for our Enterprise team. The ideal candidate has 12-20 years of experience and is proficient in 3D Math, Optimization, Unity, Shaders, C#. This is a on-site contract position focused on delivering high-quality software engineering work."
Lead Mobile Developer,Software Engineering,Android SDK; React Native; Kotlin; Swift; REST APIs; Git; UI Design,Lead,"Contract · Remote. We are hiring a Lead Mobile Developer for our Startup team. The ideal candidate has 8-14 years of experience and is proficient in Android SDK, React Native, Kotlin, Swift, REST APIs, Git, UI Design. This is a remote contract position focused on delivering high-quality software engineering work."
Mid-level DevOps Engineer,Software Engineering,Monitoring; CI/CD; Kubernetes; Linux; Ansible,Mid-level,"Contract · Remote. We are hiring a Mid-level DevOps Engineer for our Healthcare team. The ideal candidate has 3-6 years of experience and is proficient in Monitoring, CI/CD, Kubernetes, Linux, Ansible. This is a remote contract position focused on delivering high-quality software engineering work."
Senior Game Developer,Software Engineering,Unity; C++; Optimization; Game Design; Shaders; 3D Math; OpenGL,Senior,"Contract · Remote. We are hiring a Senior Game Developer for our EdTech team. The ideal candidate has 6-10 years of experience and is proficient in Unity, C++, Optimization, Game Design, Shaders, 3D Math, OpenGL. This is a remote contract position focused on delivering high-quality software engineering work."
Lead Game Developer,Software Engineering,C++; Unity; Unreal Engine; Optimization; 3D Math; OpenGL; Shaders,Lead,"Internship · Hybrid. We are hiring a Lead Game Developer for our SaaS team. The ideal candidate has 8-14 years of experience and is proficient in C++, Unity, Unreal Engine, Optimization, 3D Math, OpenGL, Shaders. This is a hybrid internship position focused on delivering high-quality software engineering work."
Mid-level DevOps Engineer,Software Engineering,Terraform; Jenkins; Bash; Ansible; Linux,Mid-level,"Full-time · On-site. We are hiring a Mid-level DevOps Engineer for our E-commerce team. The ideal candidate has 3-6 years of experience and is proficient in Terraform, Jenkins, Bash, Ansible, Linux. This is a on-site full-time position focused on delivering high-quality software engineering work."
Mid-level Backend Developer,Software Engineering,Redis; Spring Boot; Django; Java; Python,Mid-level,"Full-time · Hybrid. We are hiring a Mid-level Backend Developer for our Startup team. The ideal candidate has 3-6 years of experience and is proficient in Redis, Spring Boot, Django, Java, Python. This is a hybrid full-time position focused on delivering high-quality software engineering work."
Senior Full Stack Developer,Software Engineering,JavaScript; React; MongoDB; Docker; Python; SQL,Senior,"Internship · Hybrid. We are hiring a Senior Full Stack Developer for our E-commerce team. The ideal candidate has 6-10 years of experience and is proficient in JavaScript, React, MongoDB, Docker, Python, SQL. This is a hybrid internship position focused on delivering high-quality software engineering work."
Senior QA Engineer,Software Engineering,Manual Testing; Python; Selenium; CI/CD; Cypress; Bug Tracking,Senior,"Full-time · Remote. We are hiring a Senior QA Engineer for our EdTech team. The ideal candidate has 6-10 years of experience and is proficient in Manual Testing, Python, Selenium, CI/CD, Cypress, Bug Tracking. This is a remote full-time position focused on delivering high-quality software engineering work."
Intern Site Reliability Engineer,Software Engineering,Terraform; Kubernetes; Incident Response; Python; Monitoring; Grafana; Prometheus,Intern,"Internship · On-site. We are hiring a Intern Site Reliability Engineer for our EdTech team. The ideal candidate has 0-1 years of experience and is proficient in Terraform, Kubernetes, Incident Response, Python, Monitoring, Grafana, Prometheus. This is a on-site internship position focused on delivering high-quality software engineering work."
Intern Full Stack Developer,Software Engineering,JavaScript; Node.js; Python; React; SQL,Intern,"Internship · Hybrid. We are hiring a Intern Full Stack Developer for our Fintech team. The ideal candidate has 0-1 years of experience and is proficient in JavaScript, Node.js, Python, React, SQL. This is a hybrid internship position focused on delivering high-quality software engineering work."
Junior Backend Developer,Software Engineering,Django; GraphQL; Spring Boot; Node.js; REST APIs,Junior,"Contract · Remote. We are hiring a Junior Backend Developer for our EdTech team. The ideal candidate has 1-3 years of experience and is proficient in Django, GraphQL, Spring Boot, Node.js, REST APIs. This is a remote contract position focused on delivering high-quality software engineering work."
Lead QA Engineer,Software Engineering,Bug Tracking; CI/CD; Cypress; Postman; Manual Testing; Jira; Python,Lead,"Internship · Remote. We are hiring a Lead QA Engineer for our Fintech team. The ideal candidate has 8-14 years of experience and is proficient in Bug Tracking, CI/CD, Cypress, Postman, Manual Testing, Jira, Python. This is a remote internship position focused on delivering high-quality software engineering work."
Mid-level Software Architect,Software Engineering,Leadership; AWS; Scalability; REST APIs; System Design,Mid-level,"Internship · On-site. We are hiring a Mid-level Software Architect for our Fintech team. The ideal candidate has 3-6 years of experience and is proficient in Leadership, AWS, Scalability, REST APIs, System Design. This is a on-site internship position focused on delivering high-quality software engineering work."
Principal Game Developer,Software Engineering,3D Math; OpenGL; Game Design; Optimization; C++; Physics; Shaders,Principal,"Full-time · Remote. We are hiring a Principal Game Developer for our Enterprise team. The ideal candidate has 12-20 years of experience and is proficient in 3D Math, OpenGL, Game Design, Optimization, C++, Physics, Shaders. This is a remote full-time position focused on delivering high-quality software engineering work."
Mid-level Frontend Developer,Software Engineering,CSS; JavaScript; Sass; Jest; Redux,Mid-level,"Internship · Hybrid. We are hiring a Mid-level Frontend Developer for our Fintech team. The ideal candidate has 3-6 years of experience and is proficient in CSS, JavaScript, Sass, Jest, Redux. This is a hybrid internship position focused on delivering high-quality software engineering work."
Mid-level Frontend Developer,Software Engineering,React; HTML; Webpack; Sass; JavaScript; Redux,Mid-level,"Contract · Hybrid. We are hiring a Mid-level Frontend Developer for our SaaS team. The ideal candidate has 3-6 years of experience and is proficient in React, HTML, Webpack, Sass, JavaScript, Redux. This is a hybrid contract position focused on delivering high-quality software engineering work."
Principal Full Stack Developer,Software Engineering,Node.js; React; JavaScript; SQL; Docker; Git; MongoDB,Principal,"Full-time · On-site. We are hiring a Principal Full Stack Developer for our EdTech team. The ideal candidate has 12-20 years of experience and is proficient in Node.js, React, JavaScript, SQL, Docker, Git, MongoDB. This is a on-site full-time position focused on delivering high-quality software engineering work."
Principal Software Architect,Software Engineering,Leadership; Kafka; Java; Microservices; Docker; REST APIs,Principal,"Internship · Remote. We are hiring a Principal Software Architect for our EdTech team. The ideal candidate has 12-20 years of experience and is proficient in Leadership, Kafka, Java, Microservices, Docker, REST APIs. This is a remote internship position focused on delivering high-quality software engineering work."
Intern Full Stack Developer,Software Engineering,JavaScript; MongoDB; Python; REST APIs; Docker; React; Node.js,Intern,"Internship · Hybrid. We are hiring a Intern Full Stack Developer for our Healthcare team. The ideal candidate has 0-1 years of experience and is proficient in JavaScript, MongoDB, Python, REST APIs, Docker, React, Node.js. This is a hybrid internship position focused on delivering high-quality software engineering work."
Senior QA Engineer,Software Engineering,Python; JUnit; Postman; Jira; Selenium; Bug Tracking,Senior,"Contract · On-site. We are hiring a Senior QA Engineer for our Enterprise team. The ideal candidate has 6-10 years of experience and is proficient in Python, JUnit, Postman, Jira, Selenium, Bug Tracking. This is a on-site contract position focused on delivering high-quality software engineering work."
Mid-level Site Reliability Engineer,Software Engineering,Kubernetes; Prometheus; Incident Response; Terraform; Grafana; Monitoring; Go,Mid-level,"Contract · Hybrid. We are hiring a Mid-level Site Reliability Engineer for our E-commerce team. The ideal candidate has 3-6 years of experience and is proficient in Kubernetes, Prometheus, Incident Response, Terraform, Grafana, Monitoring, Go. This is a hybrid contract position focused on delivering high-quality software engineering work."
Lead Full Stack Developer,Software Engineering,Docker; TypeScript; Git; MongoDB; REST APIs; React; JavaScript,Lead,"Contract · On-site. We are hiring a Lead Full Stack Developer for our Healthcare team. The ideal candidate has 8-14 years of experience and is proficient in Docker, TypeScript, Git, MongoDB, REST APIs, React, JavaScript. This is a on-site contract position focused on delivering high-quality software engineering work."
Principal Mobile Developer,Software Engineering,Kotlin; Android SDK; Firebase; Swift; REST APIs; Flutter,Principal,"Contract · On-site. We are hiring a Principal Mobile Developer for our E-commerce team. The ideal candidate has 12-20 years of experience and is proficient in Kotlin, Android SDK, Firebase, Swift, REST APIs, Flutter. This is a on-site contract position focused on delivering high-quality software engineering work."
Senior Full Stack Developer,Software Engineering,MongoDB; Docker; SQL; Node.js; Python,Senior,"Contract · On-site. We are hiring a Senior Full Stack Developer for our Startup team. The ideal candidate has 6-10 years of experience and is proficient in MongoDB, Docker, SQL, Node.js, Python. This is a on-site contract position focused on delivering high-quality software engineering work."
Senior Mobile Developer,Software Engineering,UI Design; Flutter; REST APIs; Firebase; Git,Senior,"Contract · Hybrid. We are hiring a Senior Mobile Developer for our Startup team. The ideal candidate has 6-10 years of experience and is proficient in UI Design, Flutter, REST APIs, Firebase, Git. This is a hybrid contract position focused on delivering high-quality software engineering work."
Principal QA Engineer,Software Engineering,Manual Testing; Bug Tracking; Test Automation; Cypress; Selenium,Principal,"Full-time · Remote. We are hiring a Principal QA Engineer for our SaaS team. The ideal candidate has 12-20 years of experience and is proficient in Manual Testing, Bug Tracking, Test Automation, Cypress, Selenium. This is a remote full-time position focused on delivering high-quality software engineering work."
Senior Software Architect,Software Engineering,Design Patterns; Java; Kafka; Scalability; AWS; REST APIs,Senior,"Full-time · On-site. We are hiring a Senior Software Architect for our EdTech team. The ideal candidate has 6-10 years of experience and is proficient in Design Patterns, Java, Kafka, Scalability, AWS, REST APIs. This is a on-site full-time position focused on delivering high-quality software engineering work."
Junior Game Developer,Software Engineering,Unreal Engine; Unity; Optimization; Shaders; Physics; C++,Junior,"Contract · Hybrid. We are hiring a Junior Game Developer for our Healthcare team. The ideal candidate has 1-3 years of experience and is proficient in Unreal Engine, Unity, Optimization, Shaders, Physics, C++. This is a hybrid contract position focused on delivering high-quality software engineering work."
Intern QA Engineer,Software Engineering,Python; Cypress; Jira; Bug Tracking; Test Automation,Intern,"Contract · Hybrid. We are hiring a Intern QA Engineer for our SaaS team. The ideal candidate has 0-1 years of experience and is proficient in Python, Cypress, Jira, Bug Tracking, Test Automation. This is a hybrid contract position focused on delivering high-quality software engineering work."
Senior Full Stack Developer,Software Engineering,JavaScript; React; Node.js; TypeScript; Git; REST APIs,Senior,"Full-time · Hybrid. We are hiring a Senior Full Stack Developer for our Enterprise team. The ideal candidate has 6-10 years of experience and is proficient in JavaScript, React, Node.js, TypeScript, Git, REST APIs. This is a hybrid full-time position focused on delivering high-quality software engineering work."
Lead Mobile Developer,Software Engineering,Git; iOS; Swift; Firebase; REST APIs,Lead,"Contract · Hybrid. We are hiring a Lead Mobile Developer for our EdTech team. The ideal candidate has 8-14 years of experience and is proficient in Git, iOS, Swift, Firebase, REST APIs. This is a hybrid contract position focused on delivering high-quality software engineering work."
Mid-level Backend Developer,Software Engineering,Spring Boot; Java; GraphQL; Node.js; Django; SQL,Mid-level,"Internship · On-site. We are hiring a Mid-level Backend Developer for our Fintech team. The ideal candidate has 3-6 years of experience and is proficient in Spring Boot, Java, GraphQL, Node.js, Django, SQL. This is a on-site internship position focused on delivering high-quality software engineering work."
Intern Frontend Developer,Software Engineering,JavaScript; HTML; Jest; Webpack; Redux; Accessibility,Intern,"Internship · On-site. We are hiring a Intern Frontend Developer for our EdTech team. The ideal candidate has 0-1 years of experience and is proficient in JavaScript, HTML, Jest, Webpack, Redux, Accessibility. This is a on-site internship position focused on delivering high-quality software engineering work."
Lead Software Architect,Software Engineering,Java; Docker; Design Patterns; AWS; Scalability,Lead,"Internship · Remote. We are hiring a Lead Software Architect for our Enterprise team. The ideal candidate has 8-14 years of experience and is proficient in Java, Docker, Design Patterns, AWS, Scalability. This is a remote internship position focused on delivering high-quality software engineering work."
Senior QA Engineer,Software Engineering,Test Automation; Selenium; CI/CD; Cypress; Python; Postman; Manual Testing,Senior,"Full-time · Remote. We are hiring a Senior QA Engineer for our Enterprise team. The ideal candidate has 6-10 years of experience and is proficient in Test Automation, Selenium, CI/CD, Cypress, Python, Postman, Manual Testing. This is a remote full-time position focused on delivering high-quality software engineering work."
Lead Game Developer,Software Engineering,C++; OpenGL; Shaders; Unity; C#; Physics,Lead,"Internship · Hybrid. We are hiring a Lead Game Developer for our Startup team. The ideal candidate has 8-14 years of experience and is proficient in C++, OpenGL, Shaders, Unity, C#, Physics. This is a hybrid internship position focused on delivering high-quality software engineering work."
Lead Backend Developer,Software Engineering,Microservices; Node.js; Java; REST APIs; GraphQL; SQL; Python,Lead,"Contract · Hybrid. We are hiring a Lead Backend Developer for our Fintech team. The ideal candidate has 8-14 years of experience and is proficient in Microservices, Node.js, Java, REST APIs, GraphQL, SQL, Python. This is a hybrid contract position focused on delivering high-quality software engineering work."
Mid-level Full Stack Developer,Software Engineering,Python; TypeScript; React; Node.js; MongoDB; REST APIs,Mid-level,"Full-time · On-site. We are hiring a Mid-level Full Stack Developer for our Startup team. The ideal candidate has 3-6 years of experience and is proficient in Python, TypeScript, React, Node.js, MongoDB, REST APIs. This is a on-site full-time position focused on delivering high-quality software engineering work."
Intern Frontend Developer,Software Engineering,CSS; Accessibility; TypeScript; JavaScript; Sass,Intern,"Internship · On-site. We are hiring a Intern Frontend Developer for our Fintech team. The ideal candidate has 0-1 years of experience and is proficient in CSS, Accessibility, TypeScript, JavaScript, Sass. This is a on-site internship position focused on delivering high-quality software engineering work."
Junior Game Developer,Software Engineering,Unity; Shaders; Physics; C++; Optimization; OpenGL; Game Design,Junior,"Full-time · Hybrid. We are hiring a Junior Game Developer for our Healthcare team. The ideal candidate has 1-3 years of experience and is proficient in Unity, Shaders, Physics, C++, Optimization, OpenGL, Game Design. This is a hybrid full-time position focused on delivering high-quality software engineering work."
Senior QA Engineer,Software Engineering,Python; CI/CD; Manual Testing; Bug Tracking; Cypress; JUnit; Postman,Senior,"Internship · Remote. We are hiring a Senior QA Engineer for our Gaming team. The ideal candidate has 6-10 years of experience and is proficient in Python, CI/CD, Manual Testing, Bug Tracking, Cypress, JUnit, Postman. This is a remote internship position focused on delivering high-quality software engineering work."
Lead Site Reliability Engineer,Software Engineering,Incident Response; Terraform; Monitoring; Linux; Prometheus; AWS,Lead,"Full-time · Remote. We are hiring a Lead Site Reliability Engineer for our E-commerce team. The ideal candidate has 8-14 years of experience and is proficient in Incident Response, Terraform, Monitoring, Linux, Prometheus, AWS. This is a remote full-time position focused on delivering high-quality software engineering work."
Junior QA Engineer,Software Engineering,Jira; Cypress; Selenium; Test Automation; Manual Testing; Postman,Junior,"Contract · Remote. We are hiring a Junior QA Engineer for our Startup team. The ideal candidate has 1-3 years of experience and is proficient in Jira, Cypress, Selenium, Test Automation, Manual Testing, Postman. This is a remote contract position focused on delivering high-quality software engineering work."
Senior Site Reliability Engineer,Software Engineering,Monitoring; Incident Response; Linux; Go; Prometheus; Kubernetes,Senior,"Contract · Remote. We are hiring a Senior Site Reliability Engineer for our Startup team. The ideal candidate has 6-10 years of experience and is proficient in Monitoring, Incident Response, Linux, Go, Prometheus, Kubernetes. This is a remote contract position focused on delivering high-quality software engineering work."
Senior Software Architect,Software Engineering,Leadership; System Design; Docker; Design Patterns; Kafka,Senior,"Contract · Remote. We are hiring a Senior Software Architect for our Gaming team. The ideal candidate has 6-10 years of experience and is proficient in Leadership, System Design, Docker, Design Patterns, Kafka. This is a remote contract position focused on delivering high-quality software engineering work."
Junior Frontend Developer,Software Engineering,Redux; Sass; Accessibility; HTML; CSS; JavaScript; Webpack,Junior,"Internship · On-site. We are hiring a Junior Frontend Developer for our E-commerce team. The ideal candidate has 1-3 years of experience and is proficient in Redux, Sass, Accessibility, HTML, CSS, JavaScript, Webpack. This is a on-site internship position focused on delivering high-quality software engineering work."
Lead Site Reliability Engineer,Software Engineering,AWS; Go; Terraform; Python; Incident Response; Linux; Prometheus,Lead,"Full-time · On-site. We are hiring a Lead Site Reliability Engineer for our Gaming team. The ideal candidate has 8-14 years of experience and is proficient in AWS, Go, Terraform, Python, Incident Response, Linux, Prometheus. This is a on-site full-time position focused on delivering high-quality software engineering work."
Intern Site Reliability Engineer,Software Engineering,Incident Response; Terraform; Prometheus; Linux; Python; Grafana; Go,Intern,"Full-time · Remote. We are hiring a Intern Site Reliability Engineer for our EdTech team. The ideal candidate has 0-1 years of experience and is proficient in Incident Response, Terraform, Prometheus, Linux, Python, Grafana, Go. This is a remote full-time position focused on delivering high-quality software engineering work."
Intern Backend Developer,Software Engineering,Microservices; SQL; REST APIs; Node.js; GraphQL,Intern,"Internship · Remote. We are hiring a Intern Backend Developer for our Healthcare team. The ideal candidate has 0-1 years of experience and is proficient in Microservices, SQL, REST APIs, Node.js, GraphQL. This is a remote internship position focused on delivering high-quality software engineering work."
Intern Backend Developer,Software Engineering,Django; Microservices; Redis; REST APIs; Java; GraphQL; Python,Intern,"Internship · Hybrid. We are hiring a Intern Backend Developer for our Startup team. The ideal candidate has 0-1 years of experience and is proficient in Django, Microservices, Redis, REST APIs, Java, GraphQL, Python. This is a hybrid internship position focused on delivering high-quality software engineering work."
Mid-level Frontend Developer,Software Engineering,Redux; Jest; HTML; CSS; TypeScript; React; Accessibility,Mid-level,"Contract · On-site. We are hiring a Mid-level Frontend Developer for our Startup team. The ideal candidate has 3-6 years of experience and is proficient in Redux, Jest, HTML, CSS, TypeScript, React, Accessibility. This is a on-site contract position focused on delivering high-quality software engineering work."
Senior QA Engineer,Software Engineering,Cypress; Bug Tracking; Python; Test Automation; Postman; Selenium; CI/CD,Senior,"Contract · Remote. We are hiring a Senior QA Engineer for our EdTech team. The ideal candidate has 6-10 years of experience and is proficient in Cypress, Bug Tracking, Python, Test Automation, Postman, Selenium, CI/CD. This is a remote contract position focused on delivering high-quality software engineering work."
Mid-level Full Stack Developer,Software Engineering,MongoDB; Docker; React; Python; REST APIs; Node.js,Mid-level,"Internship · On-site. We are hiring a Mid-level Full Stack Developer for our E-commerce team. The ideal candidate has 3-6 years of experience and is proficient in MongoDB, Docker, React, Python, REST APIs, Node.js. This is a on-site internship position focused on delivering high-quality software engineering work."
Senior Mobile Developer,Software Engineering,Swift; iOS; Git; REST APIs; Android SDK; Firebase,Senior,"Contract · Remote. We are hiring a Senior Mobile Developer for our Gaming team. The ideal candidate has 6-10 years of experience and is proficient in Swift, iOS, Git, REST APIs, Android SDK, Firebase. This is a remote contract position focused on delivering high-quality software engineering work."
Mid-level Backend Developer,Software Engineering,Redis; Java; REST APIs; SQL; Node.js; Spring Boot,Mid-level,"Internship · Hybrid. We are hiring a Mid-level Backend Developer for our EdTech team. The ideal candidate has 3-6 years of experience and is proficient in Redis, Java, REST APIs, SQL, Node.js, Spring Boot. This is a hybrid internship position focused on delivering high-quality software engineering work."
Intern Site Reliability Engineer,Software Engineering,Prometheus; AWS; Go; Terraform; Monitoring; Python; Incident Response,Intern,"Internship · On-site. We are hiring a Intern Site Reliability Engineer for our E-commerce team. The ideal candidate has 0-1 years of experience and is proficient in Prometheus, AWS, Go, Terraform, Monitoring, Python, Incident Response. This is a on-site internship position focused on delivering high-quality software engineering work."
Intern Software Architect,Software Engineering,Java; Kafka; Scalability; AWS; Docker,Intern,"Contract · Hybrid. We are hiring a Intern Software Architect for our SaaS team. The ideal candidate has 0-1 years of experience and is proficient in Java, Kafka, Scalability, AWS, Docker. This is a hybrid contract position focused on delivering high-quality software engineering work."
Intern Software Architect,Software Engineering,Leadership; Kafka; Docker; REST APIs; Design Patterns,Intern,"Contract · Hybrid. We are hiring a Intern Software Architect for our EdTech team. The ideal candidate has 0-1 years of experience and is proficient in Leadership, Kafka, Docker, REST APIs, Design Patterns. This is a hybrid contract position focused on delivering high-quality software engineering work."
Mid-level Mobile Developer,Software Engineering,Kotlin; Git; React Native; UI Design; Android SDK; Flutter,Mid-level,"Full-time · Remote. We are hiring a Mid-level Mobile Developer for our E-commerce team. The ideal candidate has 3-6 years of experience and is proficient in Kotlin, Git, React Native, UI Design, Android SDK, Flutter. This is a remote full-time position focused on delivering high-quality software engineering work."
Principal Full Stack Developer,Software Engineering,TypeScript; Node.js; SQL; MongoDB; REST APIs,Principal,"Full-time · Hybrid. We are hiring a Principal Full Stack Developer for our Enterprise team. The ideal candidate has 12-20 years of experience and is proficient in TypeScript, Node.js, SQL, MongoDB, REST APIs. This is a hybrid full-time position focused on delivering high-quality software engineering work."
Mid-level Site Reliability Engineer,Software Engineering,Terraform; Python; Linux; Grafana; AWS; Kubernetes,Mid-level,"Contract · Hybrid. We are hiring a Mid-level Site Reliability Engineer for our Enterprise team. The ideal candidate has 3-6 years of experience and is proficient in Terraform, Python, Linux, Grafana, AWS, Kubernetes. This is a hybrid contract position focused on delivering high-quality software engineering work."
Principal Software Architect,Software Engineering,Scalability; Microservices; Design Patterns; Docker; Leadership; Java; AWS,Principal,"Internship · Hybrid. We are hiring a Principal Software Architect for our Enterprise team. The ideal candidate has 12-20 years of experience and is proficient in Scalability, Microservices, Design Patterns, Docker, Leadership, Java, AWS. This is a hybrid internship position focused on delivering high-quality software engineering work."
Junior Mobile Developer,Software Engineering,REST APIs; Firebase; iOS; Kotlin; UI Design,Junior,"Internship · On-site. We are hiring a Junior Mobile Developer for our Fintech team. The ideal candidate has 1-3 years of experience and is proficient in REST APIs, Firebase, iOS, Kotlin, UI Design. This is a on-site internship position focused on delivering high-quality software engineering work."
Intern Backend Developer,Software Engineering,Spring Boot; GraphQL; REST APIs; Node.js; Java; SQL,Intern,"Contract · Remote. We are hiring a Intern Backend Developer for our Gaming team. The ideal candidate has 0-1 years of experience and is proficient in Spring Boot, GraphQL, REST APIs, Node.js, Java, SQL. This is a remote contract position focused on delivering high-quality software engineering work."
Senior QA Engineer,Software Engineering,Cypress; JUnit; Postman; Selenium; Python; Test Automation; Bug Tracking,Senior,"Full-time · Remote. We are hiring a Senior QA Engineer for our Healthcare team. The ideal candidate has 6-10 years of experience and is proficient in Cypress, JUnit, Postman, Selenium, Python, Test Automation, Bug Tracking. This is a remote full-time position focused on delivering high-quality software engineering work."
Senior Game Developer,Software Engineering,C#; Game Design; Shaders; Unreal Engine; 3D Math,Senior,"Full-time · Hybrid. We are hiring a Senior Game Developer for our EdTech team. The ideal candidate has 6-10 years of experience and is proficient in C#, Game Design, Shaders, Unreal Engine, 3D Math. This is a hybrid full-time position focused on delivering high-quality software engineering work."
Principal Full Stack Developer,Software Engineering,REST APIs; JavaScript; React; SQL; Docker; Python,Principal,"Internship · Remote. We are hiring a Principal Full Stack Developer for our Fintech team. The ideal candidate has 12-20 years of experience and is proficient in REST APIs, JavaScript, React, SQL, Docker, Python. This is a remote internship position focused on delivering high-quality software engineering work."
Senior Mobile Developer,Software Engineering,Firebase; UI Design; REST APIs; Swift; Kotlin; React Native,Senior,"Full-time · On-site. We are hiring a Senior Mobile Developer for our SaaS team. The ideal candidate has 6-10 years of experience and is proficient in Firebase, UI Design, REST APIs, Swift, Kotlin, React Native. This is a on-site full-time position focused on delivering high-quality software engineering work."
Lead Game Developer,Software Engineering,Game Design; C++; Unity; Physics; C#; Shaders,Lead,"Full-time · Remote. We are hiring a Lead Game Developer for our E-commerce team. The ideal candidate has 8-14 years of experience and is proficient in Game Design, C++, Unity, Physics, C#, Shaders. This is a remote full-time position focused on delivering high-quality software engineering work."
Intern Software Architect,Software Engineering,Docker; System Design; AWS; Scalability; Java; Design Patterns,Intern,"Contract · Remote. We are hiring a Intern Software Architect for our Startup team. The ideal candidate has 0-1 years of experience and is proficient in Docker, System Design, AWS, Scalability, Java, Design Patterns. This is a remote contract position focused on delivering high-quality software engineering work."
Junior Backend Developer,Software Engineering,Java; GraphQL; SQL; Spring Boot; Python; REST APIs,Junior,"Full-time · Remote. We are hiring a Junior Backend Developer for our Enterprise team. The ideal candidate has 1-3 years of experience and is proficient in Java, GraphQL, SQL, Spring Boot, Python, REST APIs. This is a remote full-time position focused on delivering high-quality software engineering work."
Senior Full Stack Developer,Software Engineering,React; REST APIs; TypeScript; Docker; Git,Senior,"Contract · Hybrid. We are hiring a Senior Full Stack Developer for our Startup team. The ideal candidate has 6-10 years of experience and is proficient in React, REST APIs, TypeScript, Docker, Git. This is a hybrid contract position focused on delivering high-quality software engineering work."
Senior Backend Developer,Software Engineering,Redis; Python; SQL; Django; Node.js; GraphQL; Microservices,Senior,"Full-time · On-site. We are hiring a Senior Backend Developer for our Fintech team. The ideal candidate has 6-10 years of experience and is proficient in Redis, Python, SQL, Django, Node.js, GraphQL, Microservices. This is a on-site full-time position focused on delivering high-quality software engineering work."
Mid-level Site Reliability Engineer,Software Engineering,Incident Response; Grafana; Monitoring; AWS; Kubernetes; Prometheus; Go,Mid-level,"Contract · On-site. We are hiring a Mid-level Site Reliability Engineer for our Enterprise team. The ideal candidate has 3-6 years of experience and is proficient in Incident Response, Grafana, Monitoring, AWS, Kubernetes, Prometheus, Go. This is a on-site contract position focused on delivering high-quality software engineering work."
Mid-level DevOps Engineer,Software Engineering,Terraform; Bash; Docker; Kubernetes; CI/CD; AWS,Mid-level,"Full-time · Hybrid. We are hiring a Mid-level DevOps Engineer for our Gaming team. The ideal candidate has 3-6 years of experience and is proficient in Terraform, Bash, Docker, Kubernetes, CI/CD, AWS. This is a hybrid full-time position focused on delivering high-quality software engineering work."
Lead Game Developer,Software Engineering,3D Math; C#; Physics; Unreal Engine; C++; Game Design; Shaders,Lead,"Contract · Hybrid. We are hiring a Lead Game Developer for our SaaS team. The ideal candidate has 8-14 years of experience and is proficient in 3D Math, C#, Physics, Unreal Engine, C++, Game Design, Shaders. This is a hybrid contract position focused on delivering high-quality software engineering work."
Intern Backend Developer,Software Engineering,Spring Boot; Python; REST APIs; Node.js; Java; SQL; Redis,Intern,"Contract · On-site. We are hiring a Intern Backend Developer for our Enterprise team. The ideal candidate has 0-1 years of experience and is proficient in Spring Boot, Python, REST APIs, Node.js, Java, SQL, Redis. This is a on-site contract position focused on delivering high-quality software engineering work."
Principal Backend Developer,Software Engineering,REST APIs; GraphQL; SQL; Java; Python; Spring Boot; Node.js,Principal,"Contract · Remote. We are hiring a Principal Backend Developer for our Enterprise team. The ideal candidate has 12-20 years of experience and is proficient in REST APIs, GraphQL, SQL, Java, Python, Spring Boot, Node.js. This is a remote contract position focused on delivering high-quality software engineering work."
Principal Full Stack Developer,Software Engineering,REST APIs; Node.js; MongoDB; Docker; Git; React,Principal,"Contract · On-site. We are hiring a Principal Full Stack Developer for our SaaS team. The ideal candidate has 12-20 years of experience and is proficient in REST APIs, Node.js, MongoDB, Docker, Git, React. This is a on-site contract position focused on delivering high-quality software engineering work."
Principal QA Engineer,Software Engineering,CI/CD; Selenium; Postman; Bug Tracking; Manual Testing; Jira,Principal,"Internship · Remote. We are hiring a Principal QA Engineer for our Startup team. The ideal candidate has 12-20 years of experience and is proficient in CI/CD, Selenium, Postman, Bug Tracking, Manual Testing, Jira. This is a remote internship position focused on delivering high-quality software engineering work."
Lead DevOps Engineer,Software Engineering,Monitoring; Jenkins; Docker; AWS; Kubernetes; Terraform,Lead,"Contract · On-site. We are hiring a Lead DevOps Engineer for our Healthcare team. The ideal candidate has 8-14 years of experience and is proficient in Monitoring, Jenkins, Docker, AWS, Kubernetes, Terraform. This is a on-site contract position focused on delivering high-quality software engineering work."
Mid-level Mobile Developer,Software Engineering,React Native; UI Design; REST APIs; Git; iOS; Firebase,Mid-level,"Full-time · On-site. We are hiring a Mid-level Mobile Developer for our E-commerce team. The ideal candidate has 3-6 years of experience and is proficient in React Native, UI Design, REST APIs, Git, iOS, Firebase. This is a on-site full-time position focused on delivering high-quality software engineering work."
Senior Mobile Developer,Software Engineering,React Native; Kotlin; Flutter; UI Design; iOS,Senior,"Contract · On-site. We are hiring a Senior Mobile Developer for our E-commerce team. The ideal candidate has 6-10 years of experience and is proficient in React Native, Kotlin, Flutter, UI Design, iOS. This is a on-site contract position focused on delivering high-quality software engineering work."
Principal Site Reliability Engineer,Software Engineering,Kubernetes; Grafana; Prometheus; Incident Response; Python,Principal,"Full-time · Hybrid. We are hiring a Principal Site Reliability Engineer for our Healthcare team. The ideal candidate has 12-20 years of experience and is proficient in Kubernetes, Grafana, Prometheus, Incident Response, Python. This is a hybrid full-time position focused on delivering high-quality software engineering work."
Lead Site Reliability Engineer,Software Engineering,Grafana; Kubernetes; Monitoring; Linux; Prometheus; AWS,Lead,"Full-time · Remote. We are hiring a Lead Site Reliability Engineer for our EdTech team. The ideal candidate has 8-14 years of experience and is proficient in Grafana, Kubernetes, Monitoring, Linux, Prometheus, AWS. This is a remote full-time position focused on delivering high-quality software engineering work."
Intern Software Architect,Software Engineering,Docker; Java; Leadership; REST APIs; Kafka,Intern,"Contract · On-site. We are hiring a Intern Software Architect for our E-commerce team. The ideal candidate has 0-1 years of experience and is proficient in Docker, Java, Leadership, REST APIs, Kafka. This is a on-site contract position focused on delivering high-quality software engineering work."
Mid-level Software Architect,Software Engineering,Docker; Microservices; Scalability; System Design; Leadership,Mid-level,"Contract · Hybrid. We are hiring a Mid-level Software Architect for our Fintech team. The ideal candidate has 3-6 years of experience and is proficient in Docker, Microservices, Scalability, System Design, Leadership. This is a hybrid contract position focused on delivering high-quality software engineering work."
Lead QA Engineer,Software Engineering,Selenium; Jira; JUnit; Postman; Cypress,Lead,"Full-time · Hybrid. We are hiring a Lead QA Engineer for our E-commerce team. The ideal candidate has 8-14 years of experience and is proficient in Selenium, Jira, JUnit, Postman, Cypress. This is a hybrid full-time position focused on delivering high-quality software engineering work."
Lead Site Reliability Engineer,Software Engineering,AWS; Incident Response; Grafana; Go; Kubernetes; Prometheus; Terraform,Lead,"Contract · Hybrid. We are hiring a Lead Site Reliability Engineer for our Healthcare team. The ideal candidate has 8-14 years of experience and is proficient in AWS, Incident Response, Grafana, Go, Kubernetes, Prometheus, Terraform. This is a hybrid contract position focused on delivering high-quality software engineering work."
Principal Software Architect,Software Engineering,Scalability; AWS; Design Patterns; REST APIs; Docker,Principal,"Contract · On-site. We are hiring a Principal Software Architect for our Startup team. The ideal candidate has 12-20 years of experience and is proficient in Scalability, AWS, Design Patterns, REST APIs, Docker. This is a on-site contract position focused on delivering high-quality software engineering work."
Intern Game Developer,Software Engineering,OpenGL; C++; 3D Math; Optimization; Shaders; Game Design,Intern,"Contract · Hybrid. We are hiring a Intern Game Developer for our Healthcare team. The ideal candidate has 0-1 years of experience and is proficient in OpenGL, C++, 3D Math, Optimization, Shaders, Game Design. This is a hybrid contract position focused on delivering high-quality software engineering work."
Mid-level DevOps Engineer,Software Engineering,AWS; Terraform; Ansible; Docker; Monitoring,Mid-level,"Internship · On-site. We are hiring a Mid-level DevOps Engineer for our E-commerce team. The ideal candidate has 3-6 years of experience and is proficient in AWS, Terraform, Ansible, Docker, Monitoring. This is a on-site internship position focused on delivering high-quality software engineering work."
Mid-level Site Reliability Engineer,Software Engineering,Grafana; Python; Linux; Terraform; Go; Kubernetes,Mid-level,"Full-time · On-site. We are hiring a Mid-level Site Reliability Engineer for our Startup team. The ideal candidate has 3-6 years of experience and is proficient in Grafana, Python, Linux, Terraform, Go, Kubernetes. This is a on-site full-time position focused on delivering high-quality software engineering work."
Junior Mobile Developer,Software Engineering,REST APIs; Flutter; Git; React Native; UI Design,Junior,"Full-time · Remote. We are hiring a Junior Mobile Developer for our Healthcare team. The ideal candidate has 1-3 years of experience and is proficient in REST APIs, Flutter, Git, React Native, UI Design. This is a remote full-time position focused on delivering high-quality software engineering work."
Principal QA Engineer,Software Engineering,Jira; Test Automation; Selenium; Bug Tracking; Cypress; Python; CI/CD,Principal,"Full-time · Hybrid. We are hiring a Principal QA Engineer for our EdTech team. The ideal candidate has 12-20 years of experience and is proficient in Jira, Test Automation, Selenium, Bug Tracking, Cypress, Python, CI/CD. This is a hybrid full-time position focused on delivering high-quality software engineering work."
Principal QA Engineer,Software Engineering,CI/CD; Bug Tracking; Test Automation; Cypress; JUnit; Jira; Selenium,Principal,"Full-time · Hybrid. We are hiring a Principal QA Engineer for our Fintech team. The ideal candidate has 12-20 years of experience and is proficient in CI/CD, Bug Tracking, Test Automation, Cypress, JUnit, Jira, Selenium. This is a hybrid full-time position focused on delivering high-quality software engineering work."
Intern Site Reliability Engineer,Software Engineering,Prometheus; Linux; AWS; Grafana; Incident Response; Python,Intern,"Contract · Remote. We are hiring a Intern Site Reliability Engineer for our Gaming team. The ideal candidate has 0-1 years of experience and is proficient in Prometheus, Linux, AWS, Grafana, Incident Response, Python. This is a remote contract position focused on delivering high-quality software engineering work."
Junior DevOps Engineer,Software Engineering,Bash; Kubernetes; Terraform; Monitoring; Linux; AWS; Ansible,Junior,"Contract · Hybrid. We are hiring a Junior DevOps Engineer for our EdTech team. The ideal candidate has 1-3 years of experience and is proficient in Bash, Kubernetes, Terraform, Monitoring, Linux, AWS, Ansible. This is a hybrid contract position focused on delivering high-quality software engineering work."
Lead Mobile Developer,Software Engineering,Android SDK; Kotlin; Swift; Git; Flutter; REST APIs; UI Design,Lead,"Contract · On-site. We are hiring a Lead Mobile Developer for our SaaS team. The ideal candidate has 8-14 years of experience and is proficient in Android SDK, Kotlin, Swift, Git, Flutter, REST APIs, UI Design. This is a on-site contract position focused on delivering high-quality software engineering work."
Lead Backend Developer,Software Engineering,REST APIs; Python; Node.js; Redis; Spring Boot; SQL; GraphQL,Lead,"Internship · Remote. We are hiring a Lead Backend Developer for our Fintech team. The ideal candidate has 8-14 years of experience and is proficient in REST APIs, Python, Node.js, Redis, Spring Boot, SQL, GraphQL. This is a remote internship position focused on delivering high-quality software engineering work."
Mid-level Frontend Developer,Software Engineering,Redux; Accessibility; React; JavaScript; Sass,Mid-level,"Contract · On-site. We are hiring a Mid-level Frontend Developer for our Gaming team. The ideal candidate has 3-6 years of experience and is proficient in Redux, Accessibility, React, JavaScript, Sass. This is a on-site contract position focused on delivering high-quality software engineering work."
Mid-level Frontend Developer,Software Engineering,Jest; Sass; TypeScript; Redux; CSS,Mid-level,"Internship · On-site. We are hiring a Mid-level Frontend Developer for our Fintech team. The ideal candidate has 3-6 years of experience and is proficient in Jest, Sass, TypeScript, Redux, CSS. This is a on-site internship position focused on delivering high-quality software engineering work."
Lead Site Reliability Engineer,Software Engineering,Grafana; Incident Response; AWS; Kubernetes; Go,Lead,"Full-time · Remote. We are hiring a Lead Site Reliability Engineer for our Fintech team. The ideal candidate has 8-14 years of experience and is proficient in Grafana, Incident Response, AWS, Kubernetes, Go. This is a remote full-time position focused on delivering high-quality software engineering work."
Mid-level DevOps Engineer,Software Engineering,Bash; Kubernetes; Ansible; Jenkins; Linux,Mid-level,"Contract · Remote. We are hiring a Mid-level DevOps Engineer for our Enterprise team. The ideal candidate has 3-6 years of experience and is proficient in Bash, Kubernetes, Ansible, Jenkins, Linux. This is a remote contract position focused on delivering high-quality software engineering work."
Principal Software Architect,Software Engineering,REST APIs; Kafka; Microservices; Java; Docker,Principal,"Contract · Remote. We are hiring a Principal Software Architect for our Enterprise team. The ideal candidate has 12-20 years of experience and is proficient in REST APIs, Kafka, Microservices, Java, Docker. This is a remote contract position focused on delivering high-quality software engineering work."
Mid-level DevOps Engineer,Software Engineering,AWS; Jenkins; Monitoring; Bash; Docker; Linux; Ansible,Mid-level,"Full-time · Hybrid. We are hiring a Mid-level DevOps Engineer for our Enterprise team. The ideal candidate has 3-6 years of experience and is proficient in AWS, Jenkins, Monitoring, Bash, Docker, Linux, Ansible. This is a hybrid full-time position focused on delivering high-quality software engineering work."
Intern Mobile Developer,Software Engineering,REST APIs; Android SDK; Flutter; UI Design; Kotlin; iOS; Swift,Intern,"Full-time · On-site. We are hiring a Intern Mobile Developer for our Startup team. The ideal candidate has 0-1 years of experience and is proficient in REST APIs, Android SDK, Flutter, UI Design, Kotlin, iOS, Swift. This is a on-site full-time position focused on delivering high-quality software engineering work."
Mid-level Site Reliability Engineer,Software Engineering,Grafana; AWS; Python; Go; Incident Response,Mid-level,"Internship · Remote. We are hiring a Mid-level Site Reliability Engineer for our Startup team. The ideal candidate has 3-6 years of experience and is proficient in Grafana, AWS, Python, Go, Incident Response. This is a remote internship position focused on delivering high-quality software engineering work."
Lead DevOps Engineer,Software Engineering,Jenkins; Linux; Terraform; Kubernetes; CI/CD,Lead,"Full-time · On-site. We are hiring a Lead DevOps Engineer for our Startup team. The ideal candidate has 8-14 years of experience and is proficient in Jenkins, Linux, Terraform, Kubernetes, CI/CD. This is a on-site full-time position focused on delivering high-quality software engineering work."
Intern Full Stack Developer,Software Engineering,JavaScript; Git; SQL; Node.js; React; Docker; Python,Intern,"Contract · On-site. We are hiring a Intern Full Stack Developer for our E-commerce team. The ideal candidate has 0-1 years of experience and is proficient in JavaScript, Git, SQL, Node.js, React, Docker, Python. This is a on-site contract position focused on delivering high-quality software engineering work."
Principal Frontend Developer,Software Engineering,HTML; React; Accessibility; Redux; CSS; Webpack; TypeScript,Principal,"Full-time · Hybrid. We are hiring a Principal Frontend Developer for our Fintech team. The ideal candidate has 12-20 years of experience and is proficient in HTML, React, Accessibility, Redux, CSS, Webpack, TypeScript. This is a hybrid full-time position focused on delivering high-quality software engineering work."
Intern Backend Developer,Software Engineering,Python; Java; GraphQL; SQL; Django,Intern,"Internship · On-site. We are hiring a Intern Backend Developer for our Healthcare team. The ideal candidate has 0-1 years of experience and is proficient in Python, Java, GraphQL, SQL, Django. This is a on-site internship position focused on delivering high-quality software engineering work."
Principal Frontend Developer,Software Engineering,HTML; Accessibility; TypeScript; Webpack; Sass; Redux; React,Principal,"Internship · Remote. We are hiring a Principal Frontend Developer for our Startup team. The ideal candidate has 12-20 years of experience and is proficient in HTML, Accessibility, TypeScript, Webpack, Sass, Redux, React. This is a remote internship position focused on delivering high-quality software engineering work."
Mid-level Game Developer,Software Engineering,Shaders; Optimization; C#; C++; 3D Math,Mid-level,"Contract · On-site. We are hiring a Mid-level Game Developer for our E-commerce team. The ideal candidate has 3-6 years of experience and is proficient in Shaders, Optimization, C#, C++, 3D Math. This is a on-site contract position focused on delivering high-quality software engineering work."
Senior QA Engineer,Software Engineering,Test Automation; JUnit; CI/CD; Bug Tracking; Manual Testing,Senior,"Contract · Remote. We are hiring a Senior QA Engineer for our SaaS team. The ideal candidate has 6-10 years of experience and is proficient in Test Automation, JUnit, CI/CD, Bug Tracking, Manual Testing. This is a remote contract position focused on delivering high-quality software engineering work."
Senior DevOps Engineer,Software Engineering,Docker; Terraform; Kubernetes; CI/CD; AWS; Monitoring; Ansible,Senior,"Internship · Hybrid. We are hiring a Senior DevOps Engineer for our Gaming team. The ideal candidate has 6-10 years of experience and is proficient in Docker, Terraform, Kubernetes, CI/CD, AWS, Monitoring, Ansible. This is a hybrid internship position focused on delivering high-quality software engineering work."
Intern QA Engineer,Software Engineering,Bug Tracking; Cypress; Manual Testing; CI/CD; Selenium,Intern,"Full-time · Hybrid. We are hiring a Intern QA Engineer for our SaaS team. The ideal candidate has 0-1 years of experience and is proficient in Bug Tracking, Cypress, Manual Testing, CI/CD, Selenium. This is a hybrid full-time position focused on delivering high-quality software engineering work."
Lead Game Developer,Software Engineering,Optimization; C++; Unity; OpenGL; Unreal Engine; Physics,Lead,"Full-time · Hybrid. We are hiring a Lead Game Developer for our Healthcare team. The ideal candidate has 8-14 years of experience and is proficient in Optimization, C++, Unity, OpenGL, Unreal Engine, Physics. This is a hybrid full-time position focused on delivering high-quality software engineering work."
Senior Full Stack Developer,Software Engineering,React; Python; Node.js; MongoDB; SQL,Senior,"Full-time · On-site. We are hiring a Senior Full Stack Developer for our EdTech team. The ideal candidate has 6-10 years of experience and is proficient in React, Python, Node.js, MongoDB, SQL. This is a on-site full-time position focused on delivering high-quality software engineering work."
Intern Mobile Developer,Software Engineering,Flutter; UI Design; iOS; Firebase; Swift; REST APIs; Android SDK,Intern,"Full-time · On-site. We are hiring a Intern Mobile Developer for our Enterprise team. The ideal candidate has 0-1 years of experience and is proficient in Flutter, UI Design, iOS, Firebase, Swift, REST APIs, Android SDK. This is a on-site full-time position focused on delivering high-quality software engineering work."
Lead Game Developer,Software Engineering,Physics; C#; Unity; Shaders; Unreal Engine,Lead,"Contract · On-site. We are hiring a Lead Game Developer for our Enterprise team. The ideal candidate has 8-14 years of experience and is proficient in Physics, C#, Unity, Shaders, Unreal Engine. This is a on-site contract position focused on delivering high-quality software engineering work."
Senior Mobile Developer,Software Engineering,REST APIs; Git; iOS; Kotlin; Android SDK,Senior,"Internship · Remote. We are hiring a Senior Mobile Developer for our E-commerce team. The ideal candidate has 6-10 years of experience and is proficient in REST APIs, Git, iOS, Kotlin, Android SDK. This is a remote internship position focused on delivering high-quality software engineering work."
Intern DevOps Engineer,Software Engineering,Kubernetes; Terraform; Docker; Ansible; AWS; Bash; Linux,Intern,"Internship · Remote. We are hiring a Intern DevOps Engineer for our E-commerce team. The ideal candidate has 0-1 years of experience and is proficient in Kubernetes, Terraform, Docker, Ansible, AWS, Bash, Linux. This is a remote internship position focused on delivering high-quality software engineering work."
Intern QA Engineer,Software Engineering,Postman; Cypress; Python; Bug Tracking; Jira; JUnit; Test Automation,Intern,"Contract · On-site. We are hiring a Intern QA Engineer for our Enterprise team. The ideal candidate has 0-1 years of experience and is proficient in Postman, Cypress, Python, Bug Tracking, Jira, JUnit, Test Automation. This is a on-site contract position focused on delivering high-quality software engineering work."
Lead QA Engineer,Software Engineering,Manual Testing; Selenium; Python; Jira; Postman; Bug Tracking,Lead,"Full-time · Hybrid. We are hiring a Lead QA Engineer for our Fintech team. The ideal candidate has 8-14 years of experience and is proficient in Manual Testing, Selenium, Python, Jira, Postman, Bug Tracking. This is a hybrid full-time position focused on delivering high-quality software engineering work."
Principal Mobile Developer,Software Engineering,Firebase; UI Design; Android SDK; iOS; REST APIs,Principal,"Full-time · Hybrid. We are hiring a Principal Mobile Developer for our Fintech team. The ideal candidate has 12-20 years of experience and is proficient in Firebase, UI Design, Android SDK, iOS, REST APIs. This is a hybrid full-time position focused on delivering high-quality software engineering work."
Principal Software Architect,Software Engineering,Microservices; Leadership; AWS; REST APIs; Docker; Kafka; Scalability,Principal,"Contract · On-site. We are hiring a Principal Software Architect for our Fintech team. The ideal candidate has 12-20 years of experience and is proficient in Microservices, Leadership, AWS, REST APIs, Docker, Kafka, Scalability. This is a on-site contract position focused on delivering high-quality software engineering work."
Senior Site Reliability Engineer,Software Engineering,AWS; Go; Linux; Monitoring; Python; Kubernetes; Incident Response,Senior,"Internship · Remote. We are hiring a Senior Site Reliability Engineer for our Fintech team. The ideal candidate has 6-10 years of experience and is proficient in AWS, Go, Linux, Monitoring, Python, Kubernetes, Incident Response. This is a remote internship position focused on delivering high-quality software engineering work."
Senior DevOps Engineer,Software Engineering,Ansible; Jenkins; Monitoring; Terraform; Docker; Kubernetes; AWS,Senior,"Internship · On-site. We are hiring a Senior DevOps Engineer for our Startup team. The ideal candidate has 6-10 years of experience and is proficient in Ansible, Jenkins, Monitoring, Terraform, Docker, Kubernetes, AWS. This is a on-site internship position focused on delivering high-quality software engineering work."
Junior Software Architect,Software Engineering,Leadership; REST APIs; AWS; System Design; Java; Design Patterns; Docker,Junior,"Internship · On-site. We are hiring a Junior Software Architect for our Healthcare team. The ideal candidate has 1-3 years of experience and is proficient in Leadership, REST APIs, AWS, System Design, Java, Design Patterns, Docker. This is a on-site internship position focused on delivering high-quality software engineering work."
Intern DevOps Engineer,Software Engineering,Linux; Ansible; Bash; CI/CD; AWS,Intern,"Internship · Remote. We are hiring a Intern DevOps Engineer for our Fintech team. The ideal candidate has 0-1 years of experience and is proficient in Linux, Ansible, Bash, CI/CD, AWS. This is a remote internship position focused on delivering high-quality software engineering work."
Intern Site Reliability Engineer,Software Engineering,Grafana; Terraform; Linux; Kubernetes; Monitoring; AWS,Intern,"Contract · Hybrid. We are hiring a Intern Site Reliability Engineer for our Healthcare team. The ideal candidate has 0-1 years of experience and is proficient in Grafana, Terraform, Linux, Kubernetes, Monitoring, AWS. This is a hybrid contract position focused on delivering high-quality software engineering work."
Principal Full Stack Developer,Software Engineering,TypeScript; JavaScript; SQL; Node.js; Git; Docker,Principal,"Internship · Remote. We are hiring a Principal Full Stack Developer for our SaaS team. The ideal candidate has 12-20 years of experience and is proficient in TypeScript, JavaScript, SQL, Node.js, Git, Docker. This is a remote internship position focused on delivering high-quality software engineering work."
Mid-level Frontend Developer,Software Engineering,Sass; Webpack; HTML; JavaScript; TypeScript,Mid-level,"Full-time · On-site. We are hiring a Mid-level Frontend Developer for our Enterprise team. The ideal candidate has 3-6 years of experience and is proficient in Sass, Webpack, HTML, JavaScript, TypeScript. This is a on-site full-time position focused on delivering high-quality software engineering work."
Lead QA Engineer,Software Engineering,Selenium; Jira; Cypress; JUnit; Python; Postman; Test Automation,Lead,"Internship · On-site. We are hiring a Lead QA Engineer for our Enterprise team. The ideal candidate has 8-14 years of experience and is proficient in Selenium, Jira, Cypress, JUnit, Python, Postman, Test Automation. This is a on-site internship position focused on delivering high-quality software engineering work."
Junior Game Developer,Software Engineering,C++; Unreal Engine; Physics; Shaders; 3D Math; OpenGL,Junior,"Full-time · On-site. We are hiring a Junior Game Developer for our Startup team. The ideal candidate has 1-3 years of experience and is proficient in C++, Unreal Engine, Physics, Shaders, 3D Math, OpenGL. This is a on-site full-time position focused on delivering high-quality software engineering work."
Intern Site Reliability Engineer,Software Engineering,AWS; Terraform; Linux; Incident Response; Prometheus; Monitoring,Intern,"Internship · Remote. We are hiring a Intern Site Reliability Engineer for our Enterprise team. The ideal candidate has 0-1 years of experience and is proficient in AWS, Terraform, Linux, Incident Response, Prometheus, Monitoring. This is a remote internship position focused on delivering high-quality software engineering work."
Principal Frontend Developer,Software Engineering,JavaScript; Accessibility; React; Jest; TypeScript; HTML; Sass,Principal,"Contract · Remote. We are hiring a Principal Frontend Developer for our EdTech team. The ideal candidate has 12-20 years of experience and is proficient in JavaScript, Accessibility, React, Jest, TypeScript, HTML, Sass. This is a remote contract position focused on delivering high-quality software engineering work."
Principal Backend Developer,Software Engineering,Django; Java; Spring Boot; Microservices; Node.js; SQL; Python,Principal,"Internship · Remote. We are hiring a Principal Backend Developer for our Enterprise team. The ideal candidate has 12-20 years of experience and is proficient in Django, Java, Spring Boot, Microservices, Node.js, SQL, Python. This is a remote internship position focused on delivering high-quality software engineering work."
Senior Software Architect,Software Engineering,Leadership; Kafka; Scalability; Java; REST APIs; Docker; AWS,Senior,"Full-time · Hybrid. We are hiring a Senior Software Architect for our Startup team. The ideal candidate has 6-10 years of experience and is proficient in Leadership, Kafka, Scalability, Java, REST APIs, Docker, AWS. This is a hybrid full-time position focused on delivering high-quality software engineering work."
Intern Site Reliability Engineer,Software Engineering,Incident Response; Go; Kubernetes; Terraform; Linux; Monitoring; Grafana,Intern,"Internship · Remote. We are hiring a Intern Site Reliability Engineer for our Gaming team. The ideal candidate has 0-1 years of experience and is proficient in Incident Response, Go, Kubernetes, Terraform, Linux, Monitoring, Grafana. This is a remote internship position focused on delivering high-quality software engineering work."
Lead Software Architect,Software Engineering,System Design; Leadership; Microservices; AWS; Design Patterns; Kafka; Java,Lead,"Internship · On-site. We are hiring a Lead Software Architect for our Fintech team. The ideal candidate has 8-14 years of experience and is proficient in System Design, Leadership, Microservices, AWS, Design Patterns, Kafka, Java. This is a on-site internship position focused on delivering high-quality software engineering work."
Lead Full Stack Developer,Software Engineering,Node.js; REST APIs; JavaScript; TypeScript; Python; React; Git,Lead,"Full-time · Hybrid. We are hiring a Lead Full Stack Developer for our Enterprise team. The ideal candidate has 8-14 years of experience and is proficient in Node.js, REST APIs, JavaScript, TypeScript, Python, React, Git. This is a hybrid full-time position focused on delivering high-quality software engineering work."
Senior Site Reliability Engineer,Software Engineering,Grafana; Linux; Kubernetes; Go; Prometheus; Python,Senior,"Contract · Hybrid. We are hiring a Senior Site Reliability Engineer for our E-commerce team. The ideal candidate has 6-10 years of experience and is proficient in Grafana, Linux, Kubernetes, Go, Prometheus, Python. This is a hybrid contract position focused on delivering high-quality software engineering work."
Junior Backend Developer,Software Engineering,REST APIs; SQL; GraphQL; Spring Boot; Redis; Python; Microservices,Junior,"Contract · Hybrid. We are hiring a Junior Backend Developer for our EdTech team. The ideal candidate has 1-3 years of experience and is proficient in REST APIs, SQL, GraphQL, Spring Boot, Redis, Python, Microservices. This is a hybrid contract position focused on delivering high-quality software engineering work."
Mid-level Software Architect,Software Engineering,REST APIs; Microservices; Leadership; Design Patterns; Kafka; Java; AWS,Mid-level,"Internship · Hybrid. We are hiring a Mid-level Software Architect for our E-commerce team. The ideal candidate has 3-6 years of experience and is proficient in REST APIs, Microservices, Leadership, Design Patterns, Kafka, Java, AWS. This is a hybrid internship position focused on delivering high-quality software engineering work."
Principal Software Architect,Software Engineering,Java; Scalability; System Design; REST APIs; AWS; Leadership,Principal,"Internship · Hybrid. We are hiring a Principal Software Architect for our Startup team. The ideal candidate has 12-20 years of experience and is proficient in Java, Scalability, System Design, REST APIs, AWS, Leadership. This is a hybrid internship position focused on delivering high-quality software engineering work."
Principal Mobile Developer,Software Engineering,React Native; Git; Kotlin; Swift; Flutter,Principal,"Full-time · Remote. We are hiring a Principal Mobile Developer for our Healthcare team. The ideal candidate has 12-20 years of experience and is proficient in React Native, Git, Kotlin, Swift, Flutter. This is a remote full-time position focused on delivering high-quality software engineering work."
Principal DevOps Engineer,Software Engineering,Bash; AWS; CI/CD; Docker; Linux; Monitoring; Terraform,Principal,"Internship · On-site. We are hiring a Principal DevOps Engineer for our Enterprise team. The ideal candidate has 12-20 years of experience and is proficient in Bash, AWS, CI/CD, Docker, Linux, Monitoring, Terraform. This is a on-site internship position focused on delivering high-quality software engineering work."
Mid-level Software Architect,Software Engineering,Java; AWS; Docker; Design Patterns; Microservices; Scalability,Mid-level,"Contract · On-site. We are hiring a Mid-level Software Architect for our SaaS team. The ideal candidate has 3-6 years of experience and is proficient in Java, AWS, Docker, Design Patterns, Microservices, Scalability. This is a on-site contract position focused on delivering high-quality software engineering work."
Mid-level Full Stack Developer,Software Engineering,REST APIs; Docker; React; MongoDB; Node.js; Git,Mid-level,"Contract · Remote. We are hiring a Mid-level Full Stack Developer for our E-commerce team. The ideal candidate has 3-6 years of experience and is proficient in REST APIs, Docker, React, MongoDB, Node.js, Git. This is a remote contract position focused on delivering high-quality software engineering work."
Intern Full Stack Developer,Software Engineering,MongoDB; Docker; REST APIs; Node.js; JavaScript; React,Intern,"Contract · Hybrid. We are hiring a Intern Full Stack Developer for our Enterprise team. The ideal candidate has 0-1 years of experience and is proficient in MongoDB, Docker, REST APIs, Node.js, JavaScript, React. This is a hybrid contract position focused on delivering high-quality software engineering work."
Principal Backend Developer,Software Engineering,Redis; Microservices; Spring Boot; Django; Java; Node.js; Python,Principal,"Full-time · On-site. We are hiring a Principal Backend Developer for our Enterprise team. The ideal candidate has 12-20 years of experience and is proficient in Redis, Microservices, Spring Boot, Django, Java, Node.js, Python. This is a on-site full-time position focused on delivering high-quality software engineering work."
Mid-level Backend Developer,Software Engineering,REST APIs; Microservices; Redis; Django; GraphQL,Mid-level,"Internship · Hybrid. We are hiring a Mid-level Backend Developer for our Startup team. The ideal candidate has 3-6 years of experience and is proficient in REST APIs, Microservices, Redis, Django, GraphQL. This is a hybrid internship position focused on delivering high-quality software engineering work."
Lead Full Stack Developer,Software Engineering,Docker; React; SQL; Python; Node.js; TypeScript; MongoDB,Lead,"Internship · On-site. We are hiring a Lead Full Stack Developer for our EdTech team. The ideal candidate has 8-14 years of experience and is proficient in Docker, React, SQL, Python, Node.js, TypeScript, MongoDB. This is a on-site internship position focused on delivering high-quality software engineering work."
Intern Frontend Developer,Software Engineering,TypeScript; CSS; Sass; Webpack; JavaScript; Redux; React,Intern,"Contract · On-site. We are hiring a Intern Frontend Developer for our SaaS team. The ideal candidate has 0-1 years of experience and is proficient in TypeScript, CSS, Sass, Webpack, JavaScript, Redux, React. This is a on-site contract position focused on delivering high-quality software engineering work."
Principal Site Reliability Engineer,Software Engineering,Monitoring; Terraform; Python; Prometheus; Kubernetes; AWS,Principal,"Contract · Hybrid. We are hiring a Principal Site Reliability Engineer for our E-commerce team. The ideal candidate has 12-20 years of experience and is proficient in Monitoring, Terraform, Python, Prometheus, Kubernetes, AWS. This is a hybrid contract position focused on delivering high-quality software engineering work."
Principal QA Engineer,Software Engineering,Bug Tracking; Jira; Test Automation; Cypress; Python,Principal,"Contract · Remote. We are hiring a Principal QA Engineer for our Gaming team. The ideal candidate has 12-20 years of experience and is proficient in Bug Tracking, Jira, Test Automation, Cypress, Python. This is a remote contract position focused on delivering high-quality software engineering work."
Junior Game Developer,Software Engineering,C++; C#; Shaders; Unreal Engine; Physics; Optimization; Game Design,Junior,"Full-time · Remote. We are hiring a Junior Game Developer for our Gaming team. The ideal candidate has 1-3 years of experience and is proficient in C++, C#, Shaders, Unreal Engine, Physics, Optimization, Game Design. This is a remote full-time position focused on delivering high-quality software engineering work."
Principal Software Architect,Software Engineering,Scalability; Kafka; Docker; REST APIs; Microservices; Leadership,Principal,"Full-time · Hybrid. We are hiring a Principal Software Architect for our Enterprise team. The ideal candidate has 12-20 years of experience and is proficient in Scalability, Kafka, Docker, REST APIs, Microservices, Leadership. This is a hybrid full-time position focused on delivering high-quality software engineering work."
Mid-level QA Engineer,Software Engineering,CI/CD; Jira; Manual Testing; Test Automation; Bug Tracking; Cypress; Selenium,Mid-level,"Contract · Remote. We are hiring a Mid-level QA Engineer for our EdTech team. The ideal candidate has 3-6 years of experience and is proficient in CI/CD, Jira, Manual Testing, Test Automation, Bug Tracking, Cypress, Selenium. This is a remote contract position focused on delivering high-quality software engineering work."
Lead QA Engineer,Software Engineering,Test Automation; CI/CD; Selenium; Jira; Manual Testing; Bug Tracking,Lead,"Contract · On-site. We are hiring a Lead QA Engineer for our Healthcare team. The ideal candidate has 8-14 years of experience and is proficient in Test Automation, CI/CD, Selenium, Jira, Manual Testing, Bug Tracking. This is a on-site contract position focused on delivering high-quality software engineering work."
Principal Software Architect,Software Engineering,REST APIs; Leadership; Design Patterns; AWS; Kafka; Java; Microservices,Principal,"Internship · On-site. We are hiring a Principal Software Architect for our Healthcare team. The ideal candidate has 12-20 years of experience and is proficient in REST APIs, Leadership, Design Patterns, AWS, Kafka, Java, Microservices. This is a on-site internship position focused on delivering high-quality software engineering work."
Mid-level Software Architect,Software Engineering,Design Patterns; Leadership; Microservices; Java; System Design,Mid-level,"Contract · On-site. We are hiring a Mid-level Software Architect for our Startup team. The ideal candidate has 3-6 years of experience and is proficient in Design Patterns, Leadership, Microservices, Java, System Design. This is a on-site contract position focused on delivering high-quality software engineering work."
Junior Game Developer,Software Engineering,Shaders; 3D Math; C++; Physics; Optimization; Unreal Engine; Game Design,Junior,"Full-time · Hybrid. We are hiring a Junior Game Developer for our Enterprise team. The ideal candidate has 1-3 years of experience and is proficient in Shaders, 3D Math, C++, Physics, Optimization, Unreal Engine, Game Design. This is a hybrid full-time position focused on delivering high-quality software engineering work."
Mid-level Software Architect,Software Engineering,Microservices; Docker; AWS; Scalability; Leadership; Kafka; Java,Mid-level,"Full-time · Remote. We are hiring a Mid-level Software Architect for our E-commerce team. The ideal candidate has 3-6 years of experience and is proficient in Microservices, Docker, AWS, Scalability, Leadership, Kafka, Java. This is a remote full-time position focused on delivering high-quality software engineering work."
Lead Mobile Developer,Software Engineering,iOS; Swift; UI Design; Kotlin; REST APIs,Lead,"Full-time · Hybrid. We are hiring a Lead Mobile Developer for our Fintech team. The ideal candidate has 8-14 years of experience and is proficient in iOS, Swift, UI Design, Kotlin, REST APIs. This is a hybrid full-time position focused on delivering high-quality software engineering work."
Senior Frontend Developer,Software Engineering,TypeScript; Accessibility; Redux; Jest; JavaScript; HTML; Webpack,Senior,"Internship · On-site. We are hiring a Senior Frontend Developer for our SaaS team. The ideal candidate has 6-10 years of experience and is proficient in TypeScript, Accessibility, Redux, Jest, JavaScript, HTML, Webpack. This is a on-site internship position focused on delivering high-quality software engineering work."
Senior Site Reliability Engineer,Software Engineering,Python; Go; Kubernetes; Linux; Monitoring; Terraform,Senior,"Contract · Remote. We are hiring a Senior Site Reliability Engineer for our Gaming team. The ideal candidate has 6-10 years of experience and is proficient in Python, Go, Kubernetes, Linux, Monitoring, Terraform. This is a remote contract position focused on delivering high-quality software engineering work."
Junior Full Stack Developer,Software Engineering,JavaScript; TypeScript; REST APIs; Git; Python; React; Node.js,Junior,"Full-time · Remote. We are hiring a Junior Full Stack Developer for our EdTech team. The ideal candidate has 1-3 years of experience and is proficient in JavaScript, TypeScript, REST APIs, Git, Python, React, Node.js. This is a remote full-time position focused on delivering high-quality software engineering work."
Junior QA Engineer,Software Engineering,Postman; Bug Tracking; JUnit; Test Automation; Manual Testing; Jira; Cypress,Junior,"Internship · Hybrid. We are hiring a Junior QA Engineer for our Gaming team. The ideal candidate has 1-3 years of experience and is proficient in Postman, Bug Tracking, JUnit, Test Automation, Manual Testing, Jira, Cypress. This is a hybrid internship position focused on delivering high-quality software engineering work."
Principal QA Engineer,Software Engineering,CI/CD; Selenium; JUnit; Jira; Test Automation; Bug Tracking; Cypress,Principal,"Internship · On-site. We are hiring a Principal QA Engineer for our EdTech team. The ideal candidate has 12-20 years of experience and is proficient in CI/CD, Selenium, JUnit, Jira, Test Automation, Bug Tracking, Cypress. This is a on-site internship position focused on delivering high-quality software engineering work."
Intern Backend Developer,Software Engineering,Django; Java; REST APIs; GraphQL; Python; Redis,Intern,"Contract · Hybrid. We are hiring a Intern Backend Developer for our Startup team. The ideal candidate has 0-1 years of experience and is proficient in Django, Java, REST APIs, GraphQL, Python, Redis. This is a hybrid contract position focused on delivering high-quality software engineering work."
Mid-level QA Engineer,Software Engineering,Jira; Bug Tracking; CI/CD; Test Automation; Postman,Mid-level,"Internship · Hybrid. We are hiring a Mid-level QA Engineer for our EdTech team. The ideal candidate has 3-6 years of experience and is proficient in Jira, Bug Tracking, CI/CD, Test Automation, Postman. This is a hybrid internship position focused on delivering high-quality software engineering work."
Junior Full Stack Developer,Software Engineering,MongoDB; Git; TypeScript; REST APIs; Node.js,Junior,"Internship · Remote. We are hiring a Junior Full Stack Developer for our EdTech team. The ideal candidate has 1-3 years of experience and is proficient in MongoDB, Git, TypeScript, REST APIs, Node.js. This is a remote internship position focused on delivering high-quality software engineering work."
Principal Site Reliability Engineer,Software Engineering,AWS; Grafana; Incident Response; Linux; Terraform,Principal,"Contract · Hybrid. We are hiring a Principal Site Reliability Engineer for our Healthcare team. The ideal candidate has 12-20 years of experience and is proficient in AWS, Grafana, Incident Response, Linux, Terraform. This is a hybrid contract position focused on delivering high-quality software engineering work."
Intern Backend Developer,Software Engineering,GraphQL; Redis; SQL; Node.js; REST APIs; Java; Python,Intern,"Internship · Remote. We are hiring a Intern Backend Developer for our Startup team. The ideal candidate has 0-1 years of experience and is proficient in GraphQL, Redis, SQL, Node.js, REST APIs, Java, Python. This is a remote internship position focused on delivering high-quality software engineering work."
Lead QA Engineer,Software Engineering,Cypress; Manual Testing; JUnit; Selenium; Postman; CI/CD,Lead,"Full-time · Hybrid. We are hiring a Lead QA Engineer for our Startup team. The ideal candidate has 8-14 years of experience and is proficient in Cypress, Manual Testing, JUnit, Selenium, Postman, CI/CD. This is a hybrid full-time position focused on delivering high-quality software engineering work."
Senior Backend Developer,Software Engineering,Redis; SQL; Microservices; Spring Boot; Node.js,Senior,"Full-time · On-site. We are hiring a Senior Backend Developer for our Gaming team. The ideal candidate has 6-10 years of experience and is proficient in Redis, SQL, Microservices, Spring Boot, Node.js. This is a on-site full-time position focused on delivering high-quality software engineering work."
Junior Site Reliability Engineer,Software Engineering,Go; Python; Kubernetes; Terraform; Incident Response,Junior,"Full-time · Hybrid. We are hiring a Junior Site Reliability Engineer for our Startup team. The ideal candidate has 1-3 years of experience and is proficient in Go, Python, Kubernetes, Terraform, Incident Response. This is a hybrid full-time position focused on delivering high-quality software engineering work."
Mid-level QA Engineer,Software Engineering,Selenium; Test Automation; Postman; CI/CD; JUnit; Bug Tracking; Cypress,Mid-level,"Contract · Hybrid. We are hiring a Mid-level QA Engineer for our Startup team. The ideal candidate has 3-6 years of experience and is proficient in Selenium, Test Automation, Postman, CI/CD, JUnit, Bug Tracking, Cypress. This is a hybrid contract position focused on delivering high-quality software engineering work."
Junior Frontend Developer,Software Engineering,Redux; React; Accessibility; Jest; Webpack; JavaScript; CSS,Junior,"Internship · Hybrid. We are hiring a Junior Frontend Developer for our Startup team. The ideal candidate has 1-3 years of experience and is proficient in Redux, React, Accessibility, Jest, Webpack, JavaScript, CSS. This is a hybrid internship position focused on delivering high-quality software engineering work."
Intern Game Developer,Software Engineering,C++; Physics; Shaders; Unity; OpenGL; Unreal Engine; Game Design,Intern,"Internship · Hybrid. We are hiring a Intern Game Developer for our Healthcare team. The ideal candidate has 0-1 years of experience and is proficient in C++, Physics, Shaders, Unity, OpenGL, Unreal Engine, Game Design. This is a hybrid internship position focused on delivering high-quality software engineering work."
Intern Software Architect,Software Engineering,Microservices; Java; Kafka; REST APIs; Design Patterns; Scalability,Intern,"Contract · On-site. We are hiring a Intern Software Architect for our Fintech team. The ideal candidate has 0-1 years of experience and is proficient in Microservices, Java, Kafka, REST APIs, Design Patterns, Scalability. This is a on-site contract position focused on delivering high-quality software engineering work."
Junior Mobile Developer,Software Engineering,iOS; UI Design; REST APIs; Firebase; Swift,Junior,"Full-time · On-site. We are hiring a Junior Mobile Developer for our EdTech team. The ideal candidate has 1-3 years of experience and is proficient in iOS, UI Design, REST APIs, Firebase, Swift. This is a on-site full-time position focused on delivering high-quality software engineering work."
Mid-level DevOps Engineer,Software Engineering,Bash; CI/CD; Ansible; Kubernetes; AWS,Mid-level,"Internship · Remote. We are hiring a Mid-level DevOps Engineer for our EdTech team. The ideal candidate has 3-6 years of experience and is proficient in Bash, CI/CD, Ansible, Kubernetes, AWS. This is a remote internship position focused on delivering high-quality software engineering work."
Intern Frontend Developer,Software Engineering,JavaScript; HTML; CSS; Webpack; Sass; Jest,Intern,"Full-time · Hybrid. We are hiring a Intern Frontend Developer for our Startup team. The ideal candidate has 0-1 years of experience and is proficient in JavaScript, HTML, CSS, Webpack, Sass, Jest. This is a hybrid full-time position focused on delivering high-quality software engineering work."
Lead Software Architect,Software Engineering,REST APIs; Java; Leadership; Microservices; Scalability; System Design; AWS,Lead,"Contract · Hybrid. We are hiring a Lead Software Architect for our SaaS team. The ideal candidate has 8-14 years of experience and is proficient in REST APIs, Java, Leadership, Microservices, Scalability, System Design, AWS. This is a hybrid contract position focused on delivering high-quality software engineering work."
Intern Site Reliability Engineer,Software Engineering,Monitoring; Go; Incident Response; Kubernetes; AWS,Intern,"Contract · Hybrid. We are hiring a Intern Site Reliability Engineer for our Gaming team. The ideal candidate has 0-1 years of experience and is proficient in Monitoring, Go, Incident Response, Kubernetes, AWS. This is a hybrid contract position focused on delivering high-quality software engineering work."
Mid-level Software Architect,Software Engineering,Scalability; System Design; Design Patterns; AWS; REST APIs,Mid-level,"Full-time · Hybrid. We are hiring a Mid-level Software Architect for our E-commerce team. The ideal candidate has 3-6 years of experience and is proficient in Scalability, System Design, Design Patterns, AWS, REST APIs. This is a hybrid full-time position focused on delivering high-quality software engineering work."
Lead Backend Developer,Software Engineering,Django; GraphQL; Redis; SQL; Microservices,Lead,"Full-time · On-site. We are hiring a Lead Backend Developer for our Gaming team. The ideal candidate has 8-14 years of experience and is proficient in Django, GraphQL, Redis, SQL, Microservices. This is a on-site full-time position focused on delivering high-quality software engineering work."
Mid-level DevOps Engineer,Software Engineering,Docker; Terraform; Bash; AWS; Linux,Mid-level,"Contract · Remote. We are hiring a Mid-level DevOps Engineer for our EdTech team. The ideal candidate has 3-6 years of experience and is proficient in Docker, Terraform, Bash, AWS, Linux. This is a remote contract position focused on delivering high-quality software engineering work."
Senior Full Stack Developer,Software Engineering,React; Node.js; Python; REST APIs; Docker,Senior,"Full-time · Remote. We are hiring a Senior Full Stack Developer for our EdTech team. The ideal candidate has 6-10 years of experience and is proficient in React, Node.js, Python, REST APIs, Docker. This is a remote full-time position focused on delivering high-quality software engineering work."
Lead DevOps Engineer,Software Engineering,Monitoring; Linux; Kubernetes; CI/CD; Jenkins; Docker; Terraform,Lead,"Contract · Remote. We are hiring a Lead DevOps Engineer for our Startup team. The ideal candidate has 8-14 years of experience and is proficient in Monitoring, Linux, Kubernetes, CI/CD, Jenkins, Docker, Terraform. This is a remote contract position focused on delivering high-quality software engineering work."
Senior Frontend Developer,Software Engineering,Webpack; HTML; Sass; Redux; Jest,Senior,"Contract · Hybrid. We are hiring a Senior Frontend Developer for our E-commerce team. The ideal candidate has 6-10 years of experience and is proficient in Webpack, HTML, Sass, Redux, Jest. This is a hybrid contract position focused on delivering high-quality software engineering work."
Junior Software Architect,Software Engineering,Java; Microservices; Scalability; AWS; Design Patterns; System Design; Docker,Junior,"Contract · Remote. We are hiring a Junior Software Architect for our Fintech team. The ideal candidate has 1-3 years of experience and is proficient in Java, Microservices, Scalability, AWS, Design Patterns, System Design, Docker. This is a remote contract position focused on delivering high-quality software engineering work."
Junior Full Stack Developer,Software Engineering,JavaScript; Docker; Python; MongoDB; Git,Junior,"Contract · Hybrid. We are hiring a Junior Full Stack Developer for our Enterprise team. The ideal candidate has 1-3 years of experience and is proficient in JavaScript, Docker, Python, MongoDB, Git. This is a hybrid contract position focused on delivering high-quality software engineering work."
Principal Mobile Developer,Software Engineering,Kotlin; React Native; Swift; REST APIs; UI Design; iOS; Git,Principal,"Full-time · On-site. We are hiring a Principal Mobile Developer for our Gaming team. The ideal candidate has 12-20 years of experience and is proficient in Kotlin, React Native, Swift, REST APIs, UI Design, iOS, Git. This is a on-site full-time position focused on delivering high-quality software engineering work."
Lead Frontend Developer,Software Engineering,Webpack; HTML; Jest; Accessibility; Redux,Lead,"Internship · On-site. We are hiring a Lead Frontend Developer for our Enterprise team. The ideal candidate has 8-14 years of experience and is proficient in Webpack, HTML, Jest, Accessibility, Redux. This is a on-site internship position focused on delivering high-quality software engineering work."
Junior QA Engineer,Software Engineering,CI/CD; Jira; Manual Testing; Selenium; Test Automation,Junior,"Internship · On-site. We are hiring a Junior QA Engineer for our SaaS team. The ideal candidate has 1-3 years of experience and is proficient in CI/CD, Jira, Manual Testing, Selenium, Test Automation. This is a on-site internship position focused on delivering high-quality software engineering work."
Lead DevOps Engineer,Software Engineering,Docker; Linux; Kubernetes; Ansible; Jenkins; Monitoring,Lead,"Full-time · Remote. We are hiring a Lead DevOps Engineer for our SaaS team. The ideal candidate has 8-14 years of experience and is proficient in Docker, Linux, Kubernetes, Ansible, Jenkins, Monitoring. This is a remote full-time position focused on delivering high-quality software engineering work."
Principal Software Architect,Software Engineering,Java; Docker; Leadership; AWS; REST APIs,Principal,"Full-time · On-site. We are hiring a Principal Software Architect for our E-commerce team. The ideal candidate has 12-20 years of experience and is proficient in Java, Docker, Leadership, AWS, REST APIs. This is a on-site full-time position focused on delivering high-quality software engineering work."
Intern Mobile Developer,Software Engineering,Swift; Git; Firebase; Kotlin; REST APIs; iOS,Intern,"Internship · Remote. We are hiring a Intern Mobile Developer for our Fintech team. The ideal candidate has 0-1 years of experience and is proficient in Swift, Git, Firebase, Kotlin, REST APIs, iOS. This is a remote internship position focused on delivering high-quality software engineering work."
Lead QA Engineer,Software Engineering,Test Automation; CI/CD; Bug Tracking; Postman; Selenium; Manual Testing; Cypress,Lead,"Internship · On-site. We are hiring a Lead QA Engineer for our SaaS team. The ideal candidate has 8-14 years of experience and is proficient in Test Automation, CI/CD, Bug Tracking, Postman, Selenium, Manual Testing, Cypress. This is a on-site internship position focused on delivering high-quality software engineering work."
Senior Game Developer,Software Engineering,Shaders; Unity; Unreal Engine; OpenGL; C#; 3D Math,Senior,"Internship · Remote. We are hiring a Senior Game Developer for our EdTech team. The ideal candidate has 6-10 years of experience and is proficient in Shaders, Unity, Unreal Engine, OpenGL, C#, 3D Math. This is a remote internship position focused on delivering high-quality software engineering work."
Junior Full Stack Developer,Software Engineering,Python; React; TypeScript; MongoDB; REST APIs; JavaScript,Junior,"Full-time · On-site. We are hiring a Junior Full Stack Developer for our EdTech team. The ideal candidate has 1-3 years of experience and is proficient in Python, React, TypeScript, MongoDB, REST APIs, JavaScript. This is a on-site full-time position focused on delivering high-quality software engineering work."
Junior DevOps Engineer,Software Engineering,Kubernetes; Bash; Jenkins; Linux; Docker; Ansible; Monitoring,Junior,"Contract · Hybrid. We are hiring a Junior DevOps Engineer for our Healthcare team. The ideal candidate has 1-3 years of experience and is proficient in Kubernetes, Bash, Jenkins, Linux, Docker, Ansible, Monitoring. This is a hybrid contract position focused on delivering high-quality software engineering work."
Mid-level Software Architect,Software Engineering,Microservices; Kafka; AWS; Java; REST APIs,Mid-level,"Internship · Remote. We are hiring a Mid-level Software Architect for our SaaS team. The ideal candidate has 3-6 years of experience and is proficient in Microservices, Kafka, AWS, Java, REST APIs. This is a remote internship position focused on delivering high-quality software engineering work."
Senior Game Developer,Software Engineering,C++; Game Design; Physics; Shaders; C#; Unity,Senior,"Contract · On-site. We are hiring a Senior Game Developer for our E-commerce team. The ideal candidate has 6-10 years of experience and is proficient in C++, Game Design, Physics, Shaders, C#, Unity. This is a on-site contract position focused on delivering high-quality software engineering work."
Principal Software Architect,Software Engineering,Microservices; System Design; Leadership; Kafka; REST APIs,Principal,"Internship · Remote. We are hiring a Principal Software Architect for our E-commerce team. The ideal candidate has 12-20 years of experience and is proficient in Microservices, System Design, Leadership, Kafka, REST APIs. This is a remote internship position focused on delivering high-quality software engineering work."
Intern Site Reliability Engineer,Software Engineering,Linux; Go; Incident Response; Monitoring; AWS; Python; Prometheus,Intern,"Internship · Hybrid. We are hiring a Intern Site Reliability Engineer for our E-commerce team. The ideal candidate has 0-1 years of experience and is proficient in Linux, Go, Incident Response, Monitoring, AWS, Python, Prometheus. This is a hybrid internship position focused on delivering high-quality software engineering work."
Lead Frontend Developer,Software Engineering,TypeScript; JavaScript; Jest; Redux; Webpack; Sass; Accessibility,Lead,"Internship · Remote. We are hiring a Lead Frontend Developer for our E-commerce team. The ideal candidate has 8-14 years of experience and is proficient in TypeScript, JavaScript, Jest, Redux, Webpack, Sass, Accessibility. This is a remote internship position focused on delivering high-quality software engineering work."
Senior Backend Developer,Software Engineering,Python; Node.js; REST APIs; SQL; Microservices; Java,Senior,"Full-time · Hybrid. We are hiring a Senior Backend Developer for our Gaming team. The ideal candidate has 6-10 years of experience and is proficient in Python, Node.js, REST APIs, SQL, Microservices, Java. This is a hybrid full-time position focused on delivering high-quality software engineering work."
Intern Software Architect,Software Engineering,AWS; Kafka; System Design; Java; Design Patterns; Scalability,Intern,"Contract · Remote. We are hiring a Intern Software Architect for our Gaming team. The ideal candidate has 0-1 years of experience and is proficient in AWS, Kafka, System Design, Java, Design Patterns, Scalability. This is a remote contract position focused on delivering high-quality software engineering work."
Principal Software Architect,Software Engineering,Scalability; Java; Leadership; REST APIs; AWS,Principal,"Internship · Hybrid. We are hiring a Principal Software Architect for our Gaming team. The ideal candidate has 12-20 years of experience and is proficient in Scalability, Java, Leadership, REST APIs, AWS. This is a hybrid internship position focused on delivering high-quality software engineering work."
Lead QA Engineer,Software Engineering,Manual Testing; JUnit; Selenium; CI/CD; Bug Tracking; Python,Lead,"Internship · Hybrid. We are hiring a Lead QA Engineer for our Enterprise team. The ideal candidate has 8-14 years of experience and is proficient in Manual Testing, JUnit, Selenium, CI/CD, Bug Tracking, Python. This is a hybrid internship position focused on delivering high-quality software engineering work."
Junior Full Stack Developer,Software Engineering,Python; Git; MongoDB; Docker; Node.js; JavaScript,Junior,"Full-time · Hybrid. We are hiring a Junior Full Stack Developer for our EdTech team. The ideal candidate has 1-3 years of experience and is proficient in Python, Git, MongoDB, Docker, Node.js, JavaScript. This is a hybrid full-time position focused on delivering high-quality software engineering work."
Intern Site Reliability Engineer,Software Engineering,Terraform; Prometheus; Grafana; Kubernetes; Incident Response,Intern,"Internship · Remote. We are hiring a Intern Site Reliability Engineer for our EdTech team. The ideal candidate has 0-1 years of experience and is proficient in Terraform, Prometheus, Grafana, Kubernetes, Incident Response. This is a remote internship position focused on delivering high-quality software engineering work."
Lead Software Architect,Software Engineering,REST APIs; Kafka; Docker; System Design; AWS; Leadership,Lead,"Internship · Remote. We are hiring a Lead Software Architect for our E-commerce team. The ideal candidate has 8-14 years of experience and is proficient in REST APIs, Kafka, Docker, System Design, AWS, Leadership. This is a remote internship position focused on delivering high-quality software engineering work."
Junior Software Architect,Software Engineering,Java; Design Patterns; System Design; Kafka; REST APIs; AWS,Junior,"Full-time · Remote. We are hiring a Junior Software Architect for our SaaS team. The ideal candidate has 1-3 years of experience and is proficient in Java, Design Patterns, System Design, Kafka, REST APIs, AWS. This is a remote full-time position focused on delivering high-quality software engineering work."
Mid-level Frontend Developer,Software Engineering,Webpack; Jest; TypeScript; Redux; Sass,Mid-level,"Full-time · Remote. We are hiring a Mid-level Frontend Developer for our Fintech team. The ideal candidate has 3-6 years of experience and is proficient in Webpack, Jest, TypeScript, Redux, Sass. This is a remote full-time position focused on delivering high-quality software engineering work."
Principal Game Developer,Software Engineering,3D Math; Unity; Optimization; Unreal Engine; Physics,Principal,"Internship · Hybrid. We are hiring a Principal Game Developer for our E-commerce team. The ideal candidate has 12-20 years of experience and is proficient in 3D Math, Unity, Optimization, Unreal Engine, Physics. This is a hybrid internship position focused on delivering high-quality software engineering work."
Senior QA Engineer,Software Engineering,Cypress; Python; Bug Tracking; Postman; Jira,Senior,"Internship · Remote. We are hiring a Senior QA Engineer for our EdTech team. The ideal candidate has 6-10 years of experience and is proficient in Cypress, Python, Bug Tracking, Postman, Jira. This is a remote internship position focused on delivering high-quality software engineering work."
Senior QA Engineer,Software Engineering,Jira; JUnit; Postman; Cypress; Selenium; Python,Senior,"Contract · On-site. We are hiring a Senior QA Engineer for our Startup team. The ideal candidate has 6-10 years of experience and is proficient in Jira, JUnit, Postman, Cypress, Selenium, Python. This is a on-site contract position focused on delivering high-quality software engineering work."
Intern QA Engineer,Software Engineering,JUnit; Manual Testing; Cypress; Postman; Selenium; CI/CD; Jira,Intern,"Internship · Hybrid. We are hiring a Intern QA Engineer for our Fintech team. The ideal candidate has 0-1 years of experience and is proficient in JUnit, Manual Testing, Cypress, Postman, Selenium, CI/CD, Jira. This is a hybrid internship position focused on delivering high-quality software engineering work."
Intern Mobile Developer,Software Engineering,Firebase; Android SDK; Swift; Kotlin; iOS; UI Design; Git,Intern,"Full-time · Hybrid. We are hiring a Intern Mobile Developer for our EdTech team. The ideal candidate has 0-1 years of experience and is proficient in Firebase, Android SDK, Swift, Kotlin, iOS, UI Design, Git. This is a hybrid full-time position focused on delivering high-quality software engineering work."
Junior Full Stack Developer,Software Engineering,MongoDB; React; Node.js; SQL; JavaScript,Junior,"Internship · On-site. We are hiring a Junior Full Stack Developer for our Enterprise team. The ideal candidate has 1-3 years of experience and is proficient in MongoDB, React, Node.js, SQL, JavaScript. This is a on-site internship position focused on delivering high-quality software engineering work."
Senior QA Engineer,Software Engineering,Python; CI/CD; Manual Testing; Jira; JUnit; Test Automation; Selenium,Senior,"Internship · Hybrid. We are hiring a Senior QA Engineer for our E-commerce team. The ideal candidate has 6-10 years of experience and is proficient in Python, CI/CD, Manual Testing, Jira, JUnit, Test Automation, Selenium. This is a hybrid internship position focused on delivering high-quality software engineering work."
Lead Software Architect,Software Engineering,AWS; REST APIs; Docker; Kafka; Scalability; Microservices,Lead,"Contract · On-site. We are hiring a Lead Software Architect for our Startup team. The ideal candidate has 8-14 years of experience and is proficient in AWS, REST APIs, Docker, Kafka, Scalability, Microservices. This is a on-site contract position focused on delivering high-quality software engineering work."
Principal Frontend Developer,Software Engineering,TypeScript; Sass; Redux; React; Accessibility; JavaScript,Principal,"Full-time · On-site. We are hiring a Principal Frontend Developer for our E-commerce team. The ideal candidate has 12-20 years of experience and is proficient in TypeScript, Sass, Redux, React, Accessibility, JavaScript. This is a on-site full-time position focused on delivering high-quality software engineering work."
Senior Site Reliability Engineer,Software Engineering,Linux; Prometheus; Monitoring; Incident Response; Grafana; Terraform,Senior,"Internship · Hybrid. We are hiring a Senior Site Reliability Engineer for our Fintech team. The ideal candidate has 6-10 years of experience and is proficient in Linux, Prometheus, Monitoring, Incident Response, Grafana, Terraform. This is a hybrid internship position focused on delivering high-quality software engineering work."
Lead QA Engineer,Software Engineering,Bug Tracking; Selenium; JUnit; CI/CD; Jira; Test Automation,Lead,"Full-time · Remote. We are hiring a Lead QA Engineer for our Fintech team. The ideal candidate has 8-14 years of experience and is proficient in Bug Tracking, Selenium, JUnit, CI/CD, Jira, Test Automation. This is a remote full-time position focused on delivering high-quality software engineering work."
Principal DevOps Engineer,Software Engineering,Monitoring; CI/CD; Bash; Kubernetes; Docker; Ansible; Terraform,Principal,"Full-time · On-site. We are hiring a Principal DevOps Engineer for our Gaming team. The ideal candidate has 12-20 years of experience and is proficient in Monitoring, CI/CD, Bash, Kubernetes, Docker, Ansible, Terraform. This is a on-site full-time position focused on delivering high-quality software engineering work."
Senior Backend Developer,Software Engineering,Python; Spring Boot; REST APIs; Django; GraphQL,Senior,"Full-time · Hybrid. We are hiring a Senior Backend Developer for our Startup team. The ideal candidate has 6-10 years of experience and is proficient in Python, Spring Boot, REST APIs, Django, GraphQL. This is a hybrid full-time position focused on delivering high-quality software engineering work."
Principal DevOps Engineer,Software Engineering,Monitoring; Terraform; Docker; Linux; AWS; Ansible; Jenkins,Principal,"Internship · Hybrid. We are hiring a Principal DevOps Engineer for our Fintech team. The ideal candidate has 12-20 years of experience and is proficient in Monitoring, Terraform, Docker, Linux, AWS, Ansible, Jenkins. This is a hybrid internship position focused on delivering high-quality software engineering work."
Lead Backend Developer,Software Engineering,Django; GraphQL; Node.js; Java; Redis,Lead,"Contract · Remote. We are hiring a Lead Backend Developer for our E-commerce team. The ideal candidate has 8-14 years of experience and is proficient in Django, GraphQL, Node.js, Java, Redis. This is a remote contract position focused on delivering high-quality software engineering work."
Senior Backend Developer,Software Engineering,REST APIs; Django; Microservices; Java; GraphQL; Python; Spring Boot,Senior,"Internship · On-site. We are hiring a Senior Backend Developer for our Startup team. The ideal candidate has 6-10 years of experience and is proficient in REST APIs, Django, Microservices, Java, GraphQL, Python, Spring Boot. This is a on-site internship position focused on delivering high-quality software engineering work."
Principal Site Reliability Engineer,Software Engineering,Python; Incident Response; Kubernetes; Prometheus; Terraform,Principal,"Internship · Hybrid. We are hiring a Principal Site Reliability Engineer for our Gaming team. The ideal candidate has 12-20 years of experience and is proficient in Python, Incident Response, Kubernetes, Prometheus, Terraform. This is a hybrid internship position focused on delivering high-quality software engineering work."
Junior Frontend Developer,Software Engineering,HTML; Webpack; Redux; TypeScript; Sass,Junior,"Contract · Remote. We are hiring a Junior Frontend Developer for our Startup team. The ideal candidate has 1-3 years of experience and is proficient in HTML, Webpack, Redux, TypeScript, Sass. This is a remote contract position focused on delivering high-quality software engineering work."
Junior Full Stack Developer,Software Engineering,SQL; JavaScript; Git; REST APIs; MongoDB; Python,Junior,"Contract · Remote. We are hiring a Junior Full Stack Developer for our Startup team. The ideal candidate has 1-3 years of experience and is proficient in SQL, JavaScript, Git, REST APIs, MongoDB, Python. This is a remote contract position focused on delivering high-quality software engineering work."
Senior Backend Developer,Software Engineering,SQL; REST APIs; Python; GraphQL; Spring Boot; Django,Senior,"Internship · Hybrid. We are hiring a Senior Backend Developer for our Startup team. The ideal candidate has 6-10 years of experience and is proficient in SQL, REST APIs, Python, GraphQL, Spring Boot, Django. This is a hybrid internship position focused on delivering high-quality software engineering work."
Junior DevOps Engineer,Software Engineering,Kubernetes; Linux; Bash; Docker; Terraform,Junior,"Full-time · On-site. We are hiring a Junior DevOps Engineer for our Fintech team. The ideal candidate has 1-3 years of experience and is proficient in Kubernetes, Linux, Bash, Docker, Terraform. This is a on-site full-time position focused on delivering high-quality software engineering work."
Principal Game Developer,Software Engineering,Game Design; Optimization; C++; C#; Unreal Engine,Principal,"Internship · On-site. We are hiring a Principal Game Developer for our Gaming team. The ideal candidate has 12-20 years of experience and is proficient in Game Design, Optimization, C++, C#, Unreal Engine. This is a on-site internship position focused on delivering high-quality software engineering work."
Principal Frontend Developer,Software Engineering,JavaScript; TypeScript; HTML; Accessibility; React; Redux,Principal,"Internship · Hybrid. We are hiring a Principal Frontend Developer for our Fintech team. The ideal candidate has 12-20 years of experience and is proficient in JavaScript, TypeScript, HTML, Accessibility, React, Redux. This is a hybrid internship position focused on delivering high-quality software engineering work."
Intern QA Engineer,Software Engineering,Python; JUnit; Postman; Manual Testing; Selenium; Bug Tracking,Intern,"Full-time · Hybrid. We are hiring a Intern QA Engineer for our EdTech team. The ideal candidate has 0-1 years of experience and is proficient in Python, JUnit, Postman, Manual Testing, Selenium, Bug Tracking. This is a hybrid full-time position focused on delivering high-quality software engineering work."
Mid-level Mobile Developer,Software Engineering,React Native; REST APIs; UI Design; Android SDK; Firebase; Git; Kotlin,Mid-level,"Internship · Remote. We are hiring a Mid-level Mobile Developer for our EdTech team. The ideal candidate has 3-6 years of experience and is proficient in React Native, REST APIs, UI Design, Android SDK, Firebase, Git, Kotlin. This is a remote internship position focused on delivering high-quality software engineering work."
Senior Frontend Developer,Software Engineering,Webpack; Jest; JavaScript; TypeScript; CSS,Senior,"Full-time · On-site. We are hiring a Senior Frontend Developer for our E-commerce team. The ideal candidate has 6-10 years of experience and is proficient in Webpack, Jest, JavaScript, TypeScript, CSS. This is a on-site full-time position focused on delivering high-quality software engineering work."
Mid-level Software Architect,Software Engineering,Docker; Kafka; Design Patterns; System Design; REST APIs,Mid-level,"Full-time · Remote. We are hiring a Mid-level Software Architect for our Healthcare team. The ideal candidate has 3-6 years of experience and is proficient in Docker, Kafka, Design Patterns, System Design, REST APIs. This is a remote full-time position focused on delivering high-quality software engineering work."
Mid-level Site Reliability Engineer,Software Engineering,Python; AWS; Go; Incident Response; Terraform; Prometheus,Mid-level,"Internship · Hybrid. We are hiring a Mid-level Site Reliability Engineer for our E-commerce team. The ideal candidate has 3-6 years of experience and is proficient in Python, AWS, Go, Incident Response, Terraform, Prometheus. This is a hybrid internship position focused on delivering high-quality software engineering work."
Intern Game Developer,Software Engineering,Game Design; Physics; C#; Optimization; C++,Intern,"Full-time · Remote. We are hiring a Intern Game Developer for our Healthcare team. The ideal candidate has 0-1 years of experience and is proficient in Game Design, Physics, C#, Optimization, C++. This is a remote full-time position focused on delivering high-quality software engineering work."
Lead Backend Developer,Software Engineering,Django; Java; Microservices; GraphQL; SQL; Spring Boot; Node.js,Lead,"Contract · Remote. We are hiring a Lead Backend Developer for our SaaS team. The ideal candidate has 8-14 years of experience and is proficient in Django, Java, Microservices, GraphQL, SQL, Spring Boot, Node.js. This is a remote contract position focused on delivering high-quality software engineering work."
Lead Frontend Developer,Software Engineering,Jest; JavaScript; Accessibility; Redux; HTML,Lead,"Full-time · Remote. We are hiring a Lead Frontend Developer for our Gaming team. The ideal candidate has 8-14 years of experience and is proficient in Jest, JavaScript, Accessibility, Redux, HTML. This is a remote full-time position focused on delivering high-quality software engineering work."
Lead Full Stack Developer,Software Engineering,JavaScript; Git; Python; Docker; REST APIs; SQL; React,Lead,"Contract · Remote. We are hiring a Lead Full Stack Developer for our Fintech team. The ideal candidate has 8-14 years of experience and is proficient in JavaScript, Git, Python, Docker, REST APIs, SQL, React. This is a remote contract position focused on delivering high-quality software engineering work."
Junior Frontend Developer,Software Engineering,Redux; React; Webpack; Sass; Jest; JavaScript; Accessibility,Junior,"Full-time · Hybrid. We are hiring a Junior Frontend Developer for our Healthcare team. The ideal candidate has 1-3 years of experience and is proficient in Redux, React, Webpack, Sass, Jest, JavaScript, Accessibility. This is a hybrid full-time position focused on delivering high-quality software engineering work."
Principal Software Architect,Software Engineering,Java; Design Patterns; System Design; AWS; Docker; Scalability; Kafka,Principal,"Contract · On-site. We are hiring a Principal Software Architect for our E-commerce team. The ideal candidate has 12-20 years of experience and is proficient in Java, Design Patterns, System Design, AWS, Docker, Scalability, Kafka. This is a on-site contract position focused on delivering high-quality software engineering work."
Mid-level Mobile Developer,Software Engineering,Kotlin; Android SDK; REST APIs; Swift; Firebase,Mid-level,"Contract · On-site. We are hiring a Mid-level Mobile Developer for our EdTech team. The ideal candidate has 3-6 years of experience and is proficient in Kotlin, Android SDK, REST APIs, Swift, Firebase. This is a on-site contract position focused on delivering high-quality software engineering work."
Junior DevOps Engineer,Software Engineering,Jenkins; Terraform; Kubernetes; Bash; Docker; Linux,Junior,"Contract · Remote. We are hiring a Junior DevOps Engineer for our Startup team. The ideal candidate has 1-3 years of experience and is proficient in Jenkins, Terraform, Kubernetes, Bash, Docker, Linux. This is a remote contract position focused on delivering high-quality software engineering work."
Intern Mobile Developer,Software Engineering,iOS; REST APIs; React Native; Kotlin; Git,Intern,"Contract · Hybrid. We are hiring a Intern Mobile Developer for our Enterprise team. The ideal candidate has 0-1 years of experience and is proficient in iOS, REST APIs, React Native, Kotlin, Git. This is a hybrid contract position focused on delivering high-quality software engineering work."
Intern Site Reliability Engineer,Software Engineering,Go; AWS; Linux; Python; Prometheus; Terraform,Intern,"Full-time · On-site. We are hiring a Intern Site Reliability Engineer for our Gaming team. The ideal candidate has 0-1 years of experience and is proficient in Go, AWS, Linux, Python, Prometheus, Terraform. This is a on-site full-time position focused on delivering high-quality software engineering work."
Senior QA Engineer,Software Engineering,JUnit; Manual Testing; Python; Cypress; Test Automation; Jira,Senior,"Full-time · On-site. We are hiring a Senior QA Engineer for our Startup team. The ideal candidate has 6-10 years of experience and is proficient in JUnit, Manual Testing, Python, Cypress, Test Automation, Jira. This is a on-site full-time position focused on delivering high-quality software engineering work."
Principal Game Developer,Software Engineering,Shaders; C++; Physics; Unreal Engine; Game Design,Principal,"Full-time · Hybrid. We are hiring a Principal Game Developer for our Startup team. The ideal candidate has 12-20 years of experience and is proficient in Shaders, C++, Physics, Unreal Engine, Game Design. This is a hybrid full-time position focused on delivering high-quality software engineering work."
Senior Mobile Developer,Software Engineering,Kotlin; iOS; Flutter; Swift; UI Design; Firebase; REST APIs,Senior,"Internship · Remote. We are hiring a Senior Mobile Developer for our EdTech team. The ideal candidate has 6-10 years of experience and is proficient in Kotlin, iOS, Flutter, Swift, UI Design, Firebase, REST APIs. This is a remote internship position focused on delivering high-quality software engineering work."
Principal Site Reliability Engineer,Software Engineering,AWS; Monitoring; Incident Response; Prometheus; Grafana; Go; Kubernetes,Principal,"Full-time · On-site. We are hiring a Principal Site Reliability Engineer for our Healthcare team. The ideal candidate has 12-20 years of experience and is proficient in AWS, Monitoring, Incident Response, Prometheus, Grafana, Go, Kubernetes. This is a on-site full-time position focused on delivering high-quality software engineering work."
Mid-level Frontend Developer,Software Engineering,Webpack; React; Jest; CSS; TypeScript; Accessibility,Mid-level,"Contract · Remote. We are hiring a Mid-level Frontend Developer for our Fintech team. The ideal candidate has 3-6 years of experience and is proficient in Webpack, React, Jest, CSS, TypeScript, Accessibility. This is a remote contract position focused on delivering high-quality software engineering work."
Principal QA Engineer,Software Engineering,Selenium; Cypress; JUnit; Python; Test Automation; Bug Tracking,Principal,"Contract · On-site. We are hiring a Principal QA Engineer for our Enterprise team. The ideal candidate has 12-20 years of experience and is proficient in Selenium, Cypress, JUnit, Python, Test Automation, Bug Tracking. This is a on-site contract position focused on delivering high-quality software engineering work."
Senior Mobile Developer,Software Engineering,REST APIs; Firebase; Android SDK; UI Design; iOS; Swift; Git,Senior,"Contract · Hybrid. We are hiring a Senior Mobile Developer for our Gaming team. The ideal candidate has 6-10 years of experience and is proficient in REST APIs, Firebase, Android SDK, UI Design, iOS, Swift, Git. This is a hybrid contract position focused on delivering high-quality software engineering work."
Lead Mobile Developer,Software Engineering,Android SDK; Firebase; Swift; Kotlin; React Native; Git; UI Design,Lead,"Contract · Hybrid. We are hiring a Lead Mobile Developer for our Enterprise team. The ideal candidate has 8-14 years of experience and is proficient in Android SDK, Firebase, Swift, Kotlin, React Native, Git, UI Design. This is a hybrid contract position focused on delivering high-quality software engineering work."
Principal Game Developer,Software Engineering,C#; 3D Math; C++; Shaders; Optimization; Unreal Engine,Principal,"Internship · Remote. We are hiring a Principal Game Developer for our EdTech team. The ideal candidate has 12-20 years of experience and is proficient in C#, 3D Math, C++, Shaders, Optimization, Unreal Engine. This is a remote internship position focused on delivering high-quality software engineering work."
Senior Game Developer,Software Engineering,OpenGL; Shaders; 3D Math; Optimization; Physics,Senior,"Full-time · Remote. We are hiring a Senior Game Developer for our EdTech team. The ideal candidate has 6-10 years of experience and is proficient in OpenGL, Shaders, 3D Math, Optimization, Physics. This is a remote full-time position focused on delivering high-quality software engineering work."
Principal Site Reliability Engineer,Software Engineering,Go; Prometheus; AWS; Monitoring; Linux; Python; Grafana,Principal,"Internship · Hybrid. We are hiring a Principal Site Reliability Engineer for our SaaS team. The ideal candidate has 12-20 years of experience and is proficient in Go, Prometheus, AWS, Monitoring, Linux, Python, Grafana. This is a hybrid internship position focused on delivering high-quality software engineering work."
Intern Full Stack Developer,Software Engineering,Git; Python; Docker; JavaScript; SQL; Node.js; TypeScript,Intern,"Full-time · On-site. We are hiring a Intern Full Stack Developer for our SaaS team. The ideal candidate has 0-1 years of experience and is proficient in Git, Python, Docker, JavaScript, SQL, Node.js, TypeScript. This is a on-site full-time position focused on delivering high-quality software engineering work."
Lead Frontend Developer,Software Engineering,CSS; HTML; Webpack; React; Accessibility,Lead,"Full-time · Remote. We are hiring a Lead Frontend Developer for our Enterprise team. The ideal candidate has 8-14 years of experience and is proficient in CSS, HTML, Webpack, React, Accessibility. This is a remote full-time position focused on delivering high-quality software engineering work."
Mid-level Full Stack Developer,Software Engineering,React; JavaScript; REST APIs; TypeScript; MongoDB; Node.js,Mid-level,"Internship · Hybrid. We are hiring a Mid-level Full Stack Developer for our Healthcare team. The ideal candidate has 3-6 years of experience and is proficient in React, JavaScript, REST APIs, TypeScript, MongoDB, Node.js. This is a hybrid internship position focused on delivering high-quality software engineering work."
Senior Backend Developer,Software Engineering,Redis; GraphQL; Django; Microservices; Spring Boot,Senior,"Contract · On-site. We are hiring a Senior Backend Developer for our SaaS team. The ideal candidate has 6-10 years of experience and is proficient in Redis, GraphQL, Django, Microservices, Spring Boot. This is a on-site contract position focused on delivering high-quality software engineering work."
Lead Full Stack Developer,Software Engineering,Node.js; REST APIs; MongoDB; Docker; React; Python; JavaScript,Lead,"Internship · Remote. We are hiring a Lead Full Stack Developer for our Gaming team. The ideal candidate has 8-14 years of experience and is proficient in Node.js, REST APIs, MongoDB, Docker, React, Python, JavaScript. This is a remote internship position focused on delivering high-quality software engineering work."
Senior Backend Developer,Software Engineering,Microservices; Spring Boot; GraphQL; Java; Django,Senior,"Full-time · On-site. We are hiring a Senior Backend Developer for our E-commerce team. The ideal candidate has 6-10 years of experience and is proficient in Microservices, Spring Boot, GraphQL, Java, Django. This is a on-site full-time position focused on delivering high-quality software engineering work."
Intern Site Reliability Engineer,Software Engineering,Terraform; Monitoring; Incident Response; Go; Linux,Intern,"Contract · On-site. We are hiring a Intern Site Reliability Engineer for our Fintech team. The ideal candidate has 0-1 years of experience and is proficient in Terraform, Monitoring, Incident Response, Go, Linux. This is a on-site contract position focused on delivering high-quality software engineering work."
Intern Backend Developer,Software Engineering,Node.js; SQL; Microservices; GraphQL; Python; Django,Intern,"Internship · Remote. We are hiring a Intern Backend Developer for our Gaming team. The ideal candidate has 0-1 years of experience and is proficient in Node.js, SQL, Microservices, GraphQL, Python, Django. This is a remote internship position focused on delivering high-quality software engineering work."
Senior Game Developer,Software Engineering,C++; Shaders; OpenGL; Physics; Unity; Unreal Engine; 3D Math,Senior,"Internship · Hybrid. We are hiring a Senior Game Developer for our SaaS team. The ideal candidate has 6-10 years of experience and is proficient in C++, Shaders, OpenGL, Physics, Unity, Unreal Engine, 3D Math. This is a hybrid internship position focused on delivering high-quality software engineering work."
Junior DevOps Engineer,Software Engineering,Monitoring; Bash; Jenkins; AWS; Linux; Terraform,Junior,"Contract · On-site. We are hiring a Junior DevOps Engineer for our SaaS team. The ideal candidate has 1-3 years of experience and is proficient in Monitoring, Bash, Jenkins, AWS, Linux, Terraform. This is a on-site contract position focused on delivering high-quality software engineering work."
Lead Full Stack Developer,Software Engineering,Node.js; REST APIs; JavaScript; MongoDB; Docker; React,Lead,"Contract · On-site. We are hiring a Lead Full Stack Developer for our Startup team. The ideal candidate has 8-14 years of experience and is proficient in Node.js, REST APIs, JavaScript, MongoDB, Docker, React. This is a on-site contract position focused on delivering high-quality software engineering work."
Intern Full Stack Developer,Software Engineering,MongoDB; React; SQL; Docker; REST APIs; Git,Intern,"Full-time · Remote. We are hiring a Intern Full Stack Developer for our Healthcare team. The ideal candidate has 0-1 years of experience and is proficient in MongoDB, React, SQL, Docker, REST APIs, Git. This is a remote full-time position focused on delivering high-quality software engineering work."
Intern Mobile Developer,Software Engineering,React Native; UI Design; iOS; Firebase; Flutter; REST APIs; Swift,Intern,"Internship · Hybrid. We are hiring a Intern Mobile Developer for our Fintech team. The ideal candidate has 0-1 years of experience and is proficient in React Native, UI Design, iOS, Firebase, Flutter, REST APIs, Swift. This is a hybrid internship position focused on delivering high-quality software engineering work."
Principal Frontend Developer,Software Engineering,Accessibility; Sass; JavaScript; TypeScript; Jest,Principal,"Contract · On-site. We are hiring a Principal Frontend Developer for our Gaming team. The ideal candidate has 12-20 years of experience and is proficient in Accessibility, Sass, JavaScript, TypeScript, Jest. This is a on-site contract position focused on delivering high-quality software engineering work."
Principal Software Architect,Software Engineering,Docker; REST APIs; AWS; System Design; Leadership; Kafka; Microservices,Principal,"Internship · On-site. We are hiring a Principal Software Architect for our Startup team. The ideal candidate has 12-20 years of experience and is proficient in Docker, REST APIs, AWS, System Design, Leadership, Kafka, Microservices. This is a on-site internship position focused on delivering high-quality software engineering work."
Lead DevOps Engineer,Software Engineering,Terraform; Docker; AWS; Kubernetes; Ansible,Lead,"Full-time · On-site. We are hiring a Lead DevOps Engineer for our SaaS team. The ideal candidate has 8-14 years of experience and is proficient in Terraform, Docker, AWS, Kubernetes, Ansible. This is a on-site full-time position focused on delivering high-quality software engineering work."
Senior Frontend Developer,Software Engineering,HTML; JavaScript; Jest; Sass; Webpack; Redux,Senior,"Full-time · Remote. We are hiring a Senior Frontend Developer for our Fintech team. The ideal candidate has 6-10 years of experience and is proficient in HTML, JavaScript, Jest, Sass, Webpack, Redux. This is a remote full-time position focused on delivering high-quality software engineering work."
Intern Game Developer,Software Engineering,C++; Game Design; Physics; Unity; 3D Math,Intern,"Internship · Remote. We are hiring a Intern Game Developer for our Gaming team. The ideal candidate has 0-1 years of experience and is proficient in C++, Game Design, Physics, Unity, 3D Math. This is a remote internship position focused on delivering high-quality software engineering work."
Mid-level Site Reliability Engineer,Software Engineering,Terraform; Python; Incident Response; Monitoring; Linux; Grafana,Mid-level,"Internship · On-site. We are hiring a Mid-level Site Reliability Engineer for our SaaS team. The ideal candidate has 3-6 years of experience and is proficient in Terraform, Python, Incident Response, Monitoring, Linux, Grafana. This is a on-site internship position focused on delivering high-quality software engineering work."
Intern Game Developer,Software Engineering,Unity; C#; 3D Math; OpenGL; C++; Optimization,Intern,"Contract · Hybrid. We are hiring a Intern Game Developer for our Startup team. The ideal candidate has 0-1 years of experience and is proficient in Unity, C#, 3D Math, OpenGL, C++, Optimization. This is a hybrid contract position focused on delivering high-quality software engineering work."
Lead DevOps Engineer,Software Engineering,Monitoring; Docker; CI/CD; Kubernetes; Jenkins,Lead,"Contract · Hybrid. We are hiring a Lead DevOps Engineer for our Healthcare team. The ideal candidate has 8-14 years of experience and is proficient in Monitoring, Docker, CI/CD, Kubernetes, Jenkins. This is a hybrid contract position focused on delivering high-quality software engineering work."
Mid-level Backend Developer,Software Engineering,Django; Microservices; Redis; Java; Spring Boot; REST APIs,Mid-level,"Internship · Remote. We are hiring a Mid-level Backend Developer for our EdTech team. The ideal candidate has 3-6 years of experience and is proficient in Django, Microservices, Redis, Java, Spring Boot, REST APIs. This is a remote internship position focused on delivering high-quality software engineering work."
Intern Frontend Developer,Software Engineering,JavaScript; React; Webpack; HTML; Jest; Accessibility; TypeScript,Intern,"Full-time · Remote. We are hiring a Intern Frontend Developer for our Enterprise team. The ideal candidate has 0-1 years of experience and is proficient in JavaScript, React, Webpack, HTML, Jest, Accessibility, TypeScript. This is a remote full-time position focused on delivering high-quality software engineering work."
Junior DevOps Engineer,Software Engineering,Kubernetes; Linux; Monitoring; Docker; CI/CD; Bash,Junior,"Contract · Remote. We are hiring a Junior DevOps Engineer for our Gaming team. The ideal candidate has 1-3 years of experience and is proficient in Kubernetes, Linux, Monitoring, Docker, CI/CD, Bash. This is a remote contract position focused on delivering high-quality software engineering work."
Intern QA Engineer,Software Engineering,Python; Bug Tracking; JUnit; Manual Testing; Selenium,Intern,"Full-time · Remote. We are hiring a Intern QA Engineer for our Gaming team. The ideal candidate has 0-1 years of experience and is proficient in Python, Bug Tracking, JUnit, Manual Testing, Selenium. This is a remote full-time position focused on delivering high-quality software engineering work."
Mid-level Site Reliability Engineer,Software Engineering,AWS; Incident Response; Grafana; Kubernetes; Prometheus; Python; Terraform,Mid-level,"Full-time · Hybrid. We are hiring a Mid-level Site Reliability Engineer for our Gaming team. The ideal candidate has 3-6 years of experience and is proficient in AWS, Incident Response, Grafana, Kubernetes, Prometheus, Python, Terraform. This is a hybrid full-time position focused on delivering high-quality software engineering work."
Junior Backend Developer,Software Engineering,Redis; SQL; REST APIs; GraphQL; Microservices,Junior,"Full-time · Hybrid. We are hiring a Junior Backend Developer for our EdTech team. The ideal candidate has 1-3 years of experience and is proficient in Redis, SQL, REST APIs, GraphQL, Microservices. This is a hybrid full-time position focused on delivering high-quality software engineering work."
Mid-level Frontend Developer,Software Engineering,Jest; Redux; JavaScript; Sass; TypeScript; Webpack; Accessibility,Mid-level,"Full-time · Remote. We are hiring a Mid-level Frontend Developer for our EdTech team. The ideal candidate has 3-6 years of experience and is proficient in Jest, Redux, JavaScript, Sass, TypeScript, Webpack, Accessibility. This is a remote full-time position focused on delivering high-quality software engineering work."
Junior QA Engineer,Software Engineering,Manual Testing; JUnit; Python; Bug Tracking; Test Automation; Postman; Jira,Junior,"Contract · Remote. We are hiring a Junior QA Engineer for our Healthcare team. The ideal candidate has 1-3 years of experience and is proficient in Manual Testing, JUnit, Python, Bug Tracking, Test Automation, Postman, Jira. This is a remote contract position focused on delivering high-quality software engineering work."
Principal Mobile Developer,Software Engineering,Android SDK; Flutter; Git; Kotlin; Swift; React Native,Principal,"Full-time · Hybrid. We are hiring a Principal Mobile Developer for our Enterprise team. The ideal candidate has 12-20 years of experience and is proficient in Android SDK, Flutter, Git, Kotlin, Swift, React Native. This is a hybrid full-time position focused on delivering high-quality software engineering work."
Intern Software Architect,Software Engineering,AWS; REST APIs; Kafka; Leadership; Scalability; Java,Intern,"Internship · Remote. We are hiring a Intern Software Architect for our SaaS team. The ideal candidate has 0-1 years of experience and is proficient in AWS, REST APIs, Kafka, Leadership, Scalability, Java. This is a remote internship position focused on delivering high-quality software engineering work."
Lead QA Engineer,Software Engineering,Bug Tracking; Postman; Test Automation; Cypress; Selenium,Lead,"Full-time · On-site. We are hiring a Lead QA Engineer for our Gaming team. The ideal candidate has 8-14 years of experience and is proficient in Bug Tracking, Postman, Test Automation, Cypress, Selenium. This is a on-site full-time position focused on delivering high-quality software engineering work."
Junior Game Developer,Software Engineering,OpenGL; Unreal Engine; C++; C#; Physics; Shaders,Junior,"Contract · Hybrid. We are hiring a Junior Game Developer for our SaaS team. The ideal candidate has 1-3 years of experience and is proficient in OpenGL, Unreal Engine, C++, C#, Physics, Shaders. This is a hybrid contract position focused on delivering high-quality software engineering work."
Mid-level Frontend Developer,Software Engineering,JavaScript; HTML; Redux; Accessibility; CSS; Sass,Mid-level,"Internship · Remote. We are hiring a Mid-level Frontend Developer for our Gaming team. The ideal candidate has 3-6 years of experience and is proficient in JavaScript, HTML, Redux, Accessibility, CSS, Sass. This is a remote internship position focused on delivering high-quality software engineering work."
Principal DevOps Engineer,Software Engineering,Linux; Bash; CI/CD; Ansible; Docker; Jenkins,Principal,"Full-time · On-site. We are hiring a Principal DevOps Engineer for our Fintech team. The ideal candidate has 12-20 years of experience and is proficient in Linux, Bash, CI/CD, Ansible, Docker, Jenkins. This is a on-site full-time position focused on delivering high-quality software engineering work."
Mid-level Frontend Developer,Software Engineering,TypeScript; Webpack; Jest; HTML; JavaScript; React; Accessibility,Mid-level,"Internship · Hybrid. We are hiring a Mid-level Frontend Developer for our EdTech team. The ideal candidate has 3-6 years of experience and is proficient in TypeScript, Webpack, Jest, HTML, JavaScript, React, Accessibility. This is a hybrid internship position focused on delivering high-quality software engineering work."
Intern DevOps Engineer,Software Engineering,Jenkins; Linux; Ansible; Bash; Monitoring; AWS,Intern,"Contract · Hybrid. We are hiring a Intern DevOps Engineer for our SaaS team. The ideal candidate has 0-1 years of experience and is proficient in Jenkins, Linux, Ansible, Bash, Monitoring, AWS. This is a hybrid contract position focused on delivering high-quality software engineering work."
Mid-level Backend Developer,Software Engineering,Redis; Django; Python; GraphQL; SQL; Spring Boot; Node.js,Mid-level,"Internship · Remote. We are hiring a Mid-level Backend Developer for our SaaS team. The ideal candidate has 3-6 years of experience and is proficient in Redis, Django, Python, GraphQL, SQL, Spring Boot, Node.js. This is a remote internship position focused on delivering high-quality software engineering work."
Principal DevOps Engineer,Software Engineering,Docker; Bash; AWS; Monitoring; Terraform,Principal,"Full-time · Hybrid. We are hiring a Principal DevOps Engineer for our SaaS team. The ideal candidate has 12-20 years of experience and is proficient in Docker, Bash, AWS, Monitoring, Terraform. This is a hybrid full-time position focused on delivering high-quality software engineering work."
Principal Software Architect,Software Engineering,Leadership; System Design; AWS; Kafka; Docker; Java; Design Patterns,Principal,"Full-time · Remote. We are hiring a Principal Software Architect for our Fintech team. The ideal candidate has 12-20 years of experience and is proficient in Leadership, System Design, AWS, Kafka, Docker, Java, Design Patterns. This is a remote full-time position focused on delivering high-quality software engineering work."
Intern Site Reliability Engineer,Software Engineering,Prometheus; Grafana; Incident Response; Terraform; Kubernetes; AWS; Python,Intern,"Internship · On-site. We are hiring a Intern Site Reliability Engineer for our Healthcare team. The ideal candidate has 0-1 years of experience and is proficient in Prometheus, Grafana, Incident Response, Terraform, Kubernetes, AWS, Python. This is a on-site internship position focused on delivering high-quality software engineering work."
Intern Backend Developer,Software Engineering,Node.js; Microservices; Java; Django; Python; GraphQL,Intern,"Full-time · On-site. We are hiring a Intern Backend Developer for our Gaming team. The ideal candidate has 0-1 years of experience and is proficient in Node.js, Microservices, Java, Django, Python, GraphQL. This is a on-site full-time position focused on delivering high-quality software engineering work."
Principal DevOps Engineer,Software Engineering,Bash; Ansible; AWS; Kubernetes; Monitoring,Principal,"Full-time · Remote. We are hiring a Principal DevOps Engineer for our EdTech team. The ideal candidate has 12-20 years of experience and is proficient in Bash, Ansible, AWS, Kubernetes, Monitoring. This is a remote full-time position focused on delivering high-quality software engineering work."
Senior Mobile Developer,Software Engineering,Firebase; iOS; Git; Kotlin; Swift; React Native,Senior,"Contract · On-site. We are hiring a Senior Mobile Developer for our Enterprise team. The ideal candidate has 6-10 years of experience and is proficient in Firebase, iOS, Git, Kotlin, Swift, React Native. This is a on-site contract position focused on delivering high-quality software engineering work."
Senior Mobile Developer,Software Engineering,Swift; UI Design; Android SDK; iOS; Firebase; React Native; REST APIs,Senior,"Contract · Hybrid. We are hiring a Senior Mobile Developer for our Enterprise team. The ideal candidate has 6-10 years of experience and is proficient in Swift, UI Design, Android SDK, iOS, Firebase, React Native, REST APIs. This is a hybrid contract position focused on delivering high-quality software engineering work."
Lead Full Stack Developer,Software Engineering,Node.js; SQL; REST APIs; Python; MongoDB,Lead,"Internship · Hybrid. We are hiring a Lead Full Stack Developer for our Gaming team. The ideal candidate has 8-14 years of experience and is proficient in Node.js, SQL, REST APIs, Python, MongoDB. This is a hybrid internship position focused on delivering high-quality software engineering work."
Lead Backend Developer,Software Engineering,Node.js; SQL; Redis; Python; REST APIs,Lead,"Full-time · Hybrid. We are hiring a Lead Backend Developer for our EdTech team. The ideal candidate has 8-14 years of experience and is proficient in Node.js, SQL, Redis, Python, REST APIs. This is a hybrid full-time position focused on delivering high-quality software engineering work."
Senior Backend Developer,Software Engineering,SQL; Python; REST APIs; Redis; GraphQL; Java,Senior,"Internship · Remote. We are hiring a Senior Backend Developer for our Enterprise team. The ideal candidate has 6-10 years of experience and is proficient in SQL, Python, REST APIs, Redis, GraphQL, Java. This is a remote internship position focused on delivering high-quality software engineering work."
Intern Site Reliability Engineer,Software Engineering,Terraform; Monitoring; Grafana; Go; Incident Response; AWS; Prometheus,Intern,"Full-time · Hybrid. We are hiring a Intern Site Reliability Engineer for our Fintech team. The ideal candidate has 0-1 years of experience and is proficient in Terraform, Monitoring, Grafana, Go, Incident Response, AWS, Prometheus. This is a hybrid full-time position focused on delivering high-quality software engineering work."
Senior Game Developer,Software Engineering,Shaders; Unity; OpenGL; Optimization; C#; 3D Math; C++,Senior,"Internship · On-site. We are hiring a Senior Game Developer for our Gaming team. The ideal candidate has 6-10 years of experience and is proficient in Shaders, Unity, OpenGL, Optimization, C#, 3D Math, C++. This is a on-site internship position focused on delivering high-quality software engineering work."
Junior Software Architect,Software Engineering,AWS; System Design; Docker; Java; Microservices,Junior,"Internship · Hybrid. We are hiring a Junior Software Architect for our Healthcare team. The ideal candidate has 1-3 years of experience and is proficient in AWS, System Design, Docker, Java, Microservices. This is a hybrid internship position focused on delivering high-quality software engineering work."
Intern Mobile Developer,Software Engineering,Android SDK; iOS; UI Design; Flutter; REST APIs; Firebase,Intern,"Internship · On-site. We are hiring a Intern Mobile Developer for our E-commerce team. The ideal candidate has 0-1 years of experience and is proficient in Android SDK, iOS, UI Design, Flutter, REST APIs, Firebase. This is a on-site internship position focused on delivering high-quality software engineering work."
Intern Site Reliability Engineer,Software Engineering,Incident Response; Python; Prometheus; AWS; Kubernetes; Linux,Intern,"Full-time · Hybrid. We are hiring a Intern Site Reliability Engineer for our Enterprise team. The ideal candidate has 0-1 years of experience and is proficient in Incident Response, Python, Prometheus, AWS, Kubernetes, Linux. This is a hybrid full-time position focused on delivering high-quality software engineering work."
Lead Backend Developer,Software Engineering,GraphQL; SQL; Python; Django; Java; Spring Boot; Node.js,Lead,"Full-time · Remote. We are hiring a Lead Backend Developer for our SaaS team. The ideal candidate has 8-14 years of experience and is proficient in GraphQL, SQL, Python, Django, Java, Spring Boot, Node.js. This is a remote full-time position focused on delivering high-quality software engineering work."
Lead Site Reliability Engineer,Software Engineering,Go; Terraform; Incident Response; Linux; Grafana; Prometheus,Lead,"Full-time · Hybrid. We are hiring a Lead Site Reliability Engineer for our Startup team. The ideal candidate has 8-14 years of experience and is proficient in Go, Terraform, Incident Response, Linux, Grafana, Prometheus. This is a hybrid full-time position focused on delivering high-quality software engineering work."
Principal Full Stack Developer,Software Engineering,Git; MongoDB; JavaScript; Node.js; React,Principal,"Full-time · On-site. We are hiring a Principal Full Stack Developer for our Healthcare team. The ideal candidate has 12-20 years of experience and is proficient in Git, MongoDB, JavaScript, Node.js, React. This is a on-site full-time position focused on delivering high-quality software engineering work."
Mid-level Site Reliability Engineer,Software Engineering,Grafana; Go; Kubernetes; Incident Response; Python; Linux,Mid-level,"Full-time · Remote. We are hiring a Mid-level Site Reliability Engineer for our Healthcare team. The ideal candidate has 3-6 years of experience and is proficient in Grafana, Go, Kubernetes, Incident Response, Python, Linux. This is a remote full-time position focused on delivering high-quality software engineering work."
Junior Full Stack Developer,Software Engineering,REST APIs; TypeScript; Python; MongoDB; Node.js; Docker,Junior,"Full-time · Hybrid. We are hiring a Junior Full Stack Developer for our SaaS team. The ideal candidate has 1-3 years of experience and is proficient in REST APIs, TypeScript, Python, MongoDB, Node.js, Docker. This is a hybrid full-time position focused on delivering high-quality software engineering work."
Principal Backend Developer,Software Engineering,Java; GraphQL; Microservices; Node.js; Python,Principal,"Full-time · Hybrid. We are hiring a Principal Backend Developer for our Healthcare team. The ideal candidate has 12-20 years of experience and is proficient in Java, GraphQL, Microservices, Node.js, Python. This is a hybrid full-time position focused on delivering high-quality software engineering work."
Mid-level Full Stack Developer,Software Engineering,Python; MongoDB; React; SQL; JavaScript,Mid-level,"Contract · Hybrid. We are hiring a Mid-level Full Stack Developer for our Startup team. The ideal candidate has 3-6 years of experience and is proficient in Python, MongoDB, React, SQL, JavaScript. This is a hybrid contract position focused on delivering high-quality software engineering work."
Mid-level Frontend Developer,Software Engineering,JavaScript; HTML; Sass; Redux; Jest; React,Mid-level,"Internship · Remote. We are hiring a Mid-level Frontend Developer for our E-commerce team. The ideal candidate has 3-6 years of experience and is proficient in JavaScript, HTML, Sass, Redux, Jest, React. This is a remote internship position focused on delivering high-quality software engineering work."
Principal Full Stack Developer,Software Engineering,Docker; SQL; REST APIs; Node.js; TypeScript; MongoDB,Principal,"Full-time · Remote. We are hiring a Principal Full Stack Developer for our EdTech team. The ideal candidate has 12-20 years of experience and is proficient in Docker, SQL, REST APIs, Node.js, TypeScript, MongoDB. This is a remote full-time position focused on delivering high-quality software engineering work."
Senior Software Architect,Software Engineering,Kafka; Microservices; Docker; Design Patterns; REST APIs; Leadership; System Design,Senior,"Contract · Remote. We are hiring a Senior Software Architect for our E-commerce team. The ideal candidate has 6-10 years of experience and is proficient in Kafka, Microservices, Docker, Design Patterns, REST APIs, Leadership, System Design. This is a remote contract position focused on delivering high-quality software engineering work."
Senior Site Reliability Engineer,Software Engineering,Linux; Monitoring; Go; Grafana; Python; Incident Response; Kubernetes,Senior,"Internship · Remote. We are hiring a Senior Site Reliability Engineer for our Startup team. The ideal candidate has 6-10 years of experience and is proficient in Linux, Monitoring, Go, Grafana, Python, Incident Response, Kubernetes. This is a remote internship position focused on delivering high-quality software engineering work."
Lead DevOps Engineer,Software Engineering,Monitoring; Docker; Linux; CI/CD; Ansible; Terraform; Bash,Lead,"Internship · On-site. We are hiring a Lead DevOps Engineer for our E-commerce team. The ideal candidate has 8-14 years of experience and is proficient in Monitoring, Docker, Linux, CI/CD, Ansible, Terraform, Bash. This is a on-site internship position focused on delivering high-quality software engineering work."
Lead DevOps Engineer,Software Engineering,AWS; Ansible; Kubernetes; Linux; CI/CD; Monitoring; Jenkins,Lead,"Contract · Hybrid. We are hiring a Lead DevOps Engineer for our Gaming team. The ideal candidate has 8-14 years of experience and is proficient in AWS, Ansible, Kubernetes, Linux, CI/CD, Monitoring, Jenkins. This is a hybrid contract position focused on delivering high-quality software engineering work."
Junior Mobile Developer,Software Engineering,React Native; Kotlin; UI Design; Flutter; iOS,Junior,"Full-time · Hybrid. We are hiring a Junior Mobile Developer for our Healthcare team. The ideal candidate has 1-3 years of experience and is proficient in React Native, Kotlin, UI Design, Flutter, iOS. This is a hybrid full-time position focused on delivering high-quality software engineering work."
Lead Mobile Developer,Software Engineering,Flutter; Firebase; Swift; React Native; REST APIs; UI Design,Lead,"Full-time · Remote. We are hiring a Lead Mobile Developer for our Startup team. The ideal candidate has 8-14 years of experience and is proficient in Flutter, Firebase, Swift, React Native, REST APIs, UI Design. This is a remote full-time position focused on delivering high-quality software engineering work."
Mid-level Full Stack Developer,Software Engineering,MongoDB; Git; Node.js; Python; SQL; TypeScript,Mid-level,"Contract · Remote. We are hiring a Mid-level Full Stack Developer for our EdTech team. The ideal candidate has 3-6 years of experience and is proficient in MongoDB, Git, Node.js, Python, SQL, TypeScript. This is a remote contract position focused on delivering high-quality software engineering work."
Mid-level Full Stack Developer,Software Engineering,Node.js; Docker; TypeScript; React; JavaScript,Mid-level,"Full-time · Remote. We are hiring a Mid-level Full Stack Developer for our SaaS team. The ideal candidate has 3-6 years of experience and is proficient in Node.js, Docker, TypeScript, React, JavaScript. This is a remote full-time position focused on delivering high-quality software engineering work."
Senior Mobile Developer,Software Engineering,Git; Swift; iOS; Kotlin; Firebase; UI Design; REST APIs,Senior,"Full-time · Remote. We are hiring a Senior Mobile Developer for our Gaming team. The ideal candidate has 6-10 years of experience and is proficient in Git, Swift, iOS, Kotlin, Firebase, UI Design, REST APIs. This is a remote full-time position focused on delivering high-quality software engineering work."
Intern Software Architect,Software Engineering,Design Patterns; Docker; Scalability; Microservices; AWS; REST APIs; Kafka,Intern,"Full-time · Hybrid. We are hiring a Intern Software Architect for our Enterprise team. The ideal candidate has 0-1 years of experience and is proficient in Design Patterns, Docker, Scalability, Microservices, AWS, REST APIs, Kafka. This is a hybrid full-time position focused on delivering high-quality software engineering work."
Lead DevOps Engineer,Software Engineering,Linux; Docker; Ansible; Kubernetes; CI/CD,Lead,"Full-time · Hybrid. We are hiring a Lead DevOps Engineer for our Gaming team. The ideal candidate has 8-14 years of experience and is proficient in Linux, Docker, Ansible, Kubernetes, CI/CD. This is a hybrid full-time position focused on delivering high-quality software engineering work."
Lead Game Developer,Software Engineering,3D Math; Optimization; Unreal Engine; Game Design; C#; OpenGL; Shaders,Lead,"Full-time · Remote. We are hiring a Lead Game Developer for our SaaS team. The ideal candidate has 8-14 years of experience and is proficient in 3D Math, Optimization, Unreal Engine, Game Design, C#, OpenGL, Shaders. This is a remote full-time position focused on delivering high-quality software engineering work."
Junior DevOps Engineer,Software Engineering,Kubernetes; Docker; Jenkins; Linux; Monitoring,Junior,"Internship · Hybrid. We are hiring a Junior DevOps Engineer for our E-commerce team. The ideal candidate has 1-3 years of experience and is proficient in Kubernetes, Docker, Jenkins, Linux, Monitoring. This is a hybrid internship position focused on delivering high-quality software engineering work."
Mid-level Full Stack Developer,Software Engineering,Python; Git; SQL; React; REST APIs; Docker; MongoDB,Mid-level,"Contract · On-site. We are hiring a Mid-level Full Stack Developer for our EdTech team. The ideal candidate has 3-6 years of experience and is proficient in Python, Git, SQL, React, REST APIs, Docker, MongoDB. This is a on-site contract position focused on delivering high-quality software engineering work."
Senior Full Stack Developer,Software Engineering,Node.js; Python; React; MongoDB; Git; SQL; REST APIs,Senior,"Internship · Remote. We are hiring a Senior Full Stack Developer for our SaaS team. The ideal candidate has 6-10 years of experience and is proficient in Node.js, Python, React, MongoDB, Git, SQL, REST APIs. This is a remote internship position focused on delivering high-quality software engineering work."
Senior Mobile Developer,Software Engineering,Firebase; Git; Kotlin; React Native; REST APIs; UI Design,Senior,"Full-time · On-site. We are hiring a Senior Mobile Developer for our Startup team. The ideal candidate has 6-10 years of experience and is proficient in Firebase, Git, Kotlin, React Native, REST APIs, UI Design. This is a on-site full-time position focused on delivering high-quality software engineering work."
Mid-level DevOps Engineer,Software Engineering,Kubernetes; Bash; Ansible; Monitoring; AWS,Mid-level,"Full-time · Hybrid. We are hiring a Mid-level DevOps Engineer for our SaaS team. The ideal candidate has 3-6 years of experience and is proficient in Kubernetes, Bash, Ansible, Monitoring, AWS. This is a hybrid full-time position focused on delivering high-quality software engineering work."
Intern Mobile Developer,Software Engineering,Flutter; React Native; iOS; Git; REST APIs; Swift,Intern,"Full-time · On-site. We are hiring a Intern Mobile Developer for our Healthcare team. The ideal candidate has 0-1 years of experience and is proficient in Flutter, React Native, iOS, Git, REST APIs, Swift. This is a on-site full-time position focused on delivering high-quality software engineering work."
Intern DevOps Engineer,Software Engineering,Terraform; AWS; Ansible; Bash; CI/CD,Intern,"Internship · Hybrid. We are hiring a Intern DevOps Engineer for our SaaS team. The ideal candidate has 0-1 years of experience and is proficient in Terraform, AWS, Ansible, Bash, CI/CD. This is a hybrid internship position focused on delivering high-quality software engineering work."
Intern Software Architect,Software Engineering,AWS; Leadership; Java; Kafka; Microservices; Design Patterns,Intern,"Full-time · Hybrid. We are hiring a Intern Software Architect for our Fintech team. The ideal candidate has 0-1 years of experience and is proficient in AWS, Leadership, Java, Kafka, Microservices, Design Patterns. This is a hybrid full-time position focused on delivering high-quality software engineering work."
Junior DevOps Engineer,Software Engineering,AWS; Terraform; Jenkins; Docker; CI/CD,Junior,"Full-time · Remote. We are hiring a Junior DevOps Engineer for our Startup team. The ideal candidate has 1-3 years of experience and is proficient in AWS, Terraform, Jenkins, Docker, CI/CD. This is a remote full-time position focused on delivering high-quality software engineering work."
Senior Full Stack Developer,Software Engineering,Node.js; Docker; REST APIs; Git; Python; SQL,Senior,"Contract · Remote. We are hiring a Senior Full Stack Developer for our Healthcare team. The ideal candidate has 6-10 years of experience and is proficient in Node.js, Docker, REST APIs, Git, Python, SQL. This is a remote contract position focused on delivering high-quality software engineering work."
Principal QA Engineer,Software Engineering,Python; Manual Testing; Bug Tracking; CI/CD; Test Automation; JUnit,Principal,"Full-time · On-site. We are hiring a Principal QA Engineer for our SaaS team. The ideal candidate has 12-20 years of experience and is proficient in Python, Manual Testing, Bug Tracking, CI/CD, Test Automation, JUnit. This is a on-site full-time position focused on delivering high-quality software engineering work."
Principal QA Engineer,Software Engineering,CI/CD; Cypress; Bug Tracking; Test Automation; Selenium; Python; JUnit,Principal,"Internship · Hybrid. We are hiring a Principal QA Engineer for our Fintech team. The ideal candidate has 12-20 years of experience and is proficient in CI/CD, Cypress, Bug Tracking, Test Automation, Selenium, Python, JUnit. This is a hybrid internship position focused on delivering high-quality software engineering work."
Intern Site Reliability Engineer,Software Engineering,Incident Response; Prometheus; Terraform; AWS; Linux,Intern,"Contract · Remote. We are hiring a Intern Site Reliability Engineer for our Fintech team. The ideal candidate has 0-1 years of experience and is proficient in Incident Response, Prometheus, Terraform, AWS, Linux. This is a remote contract position focused on delivering high-quality software engineering work."
Senior Game Developer,Software Engineering,Physics; Shaders; C++; Unreal Engine; 3D Math; Optimization,Senior,"Full-time · Remote. We are hiring a Senior Game Developer for our SaaS team. The ideal candidate has 6-10 years of experience and is proficient in Physics, Shaders, C++, Unreal Engine, 3D Math, Optimization. This is a remote full-time position focused on delivering high-quality software engineering work."
Intern Full Stack Developer,Software Engineering,JavaScript; REST APIs; MongoDB; SQL; Git,Intern,"Contract · Hybrid. We are hiring a Intern Full Stack Developer for our Startup team. The ideal candidate has 0-1 years of experience and is proficient in JavaScript, REST APIs, MongoDB, SQL, Git. This is a hybrid contract position focused on delivering high-quality software engineering work."
Intern Backend Developer,Software Engineering,Spring Boot; GraphQL; REST APIs; Java; Redis; Python; Microservices,Intern,"Full-time · Hybrid. We are hiring a Intern Backend Developer for our Healthcare team. The ideal candidate has 0-1 years of experience and is proficient in Spring Boot, GraphQL, REST APIs, Java, Redis, Python, Microservices. This is a hybrid full-time position focused on delivering high-quality software engineering work."
Intern Backend Developer,Software Engineering,Django; Spring Boot; GraphQL; REST APIs; Microservices; Java; Node.js,Intern,"Internship · On-site. We are hiring a Intern Backend Developer for our Enterprise team. The ideal candidate has 0-1 years of experience and is proficient in Django, Spring Boot, GraphQL, REST APIs, Microservices, Java, Node.js. This is a on-site internship position focused on delivering high-quality software engineering work."
Junior Backend Developer,Software Engineering,Microservices; GraphQL; Spring Boot; Django; Java,Junior,"Full-time · Hybrid. We are hiring a Junior Backend Developer for our SaaS team. The ideal candidate has 1-3 years of experience and is proficient in Microservices, GraphQL, Spring Boot, Django, Java. This is a hybrid full-time position focused on delivering high-quality software engineering work."
Mid-level Frontend Developer,Software Engineering,TypeScript; React; JavaScript; CSS; Jest; HTML,Mid-level,"Internship · Remote. We are hiring a Mid-level Frontend Developer for our Healthcare team. The ideal candidate has 3-6 years of experience and is proficient in TypeScript, React, JavaScript, CSS, Jest, HTML. This is a remote internship position focused on delivering high-quality software engineering work."
Lead DevOps Engineer,Software Engineering,Linux; CI/CD; Jenkins; Bash; Docker; AWS,Lead,"Contract · Remote. We are hiring a Lead DevOps Engineer for our SaaS team. The ideal candidate has 8-14 years of experience and is proficient in Linux, CI/CD, Jenkins, Bash, Docker, AWS. This is a remote contract position focused on delivering high-quality software engineering work."
Lead Backend Developer,Software Engineering,Microservices; Django; Redis; Python; Node.js; GraphQL; SQL,Lead,"Internship · On-site. We are hiring a Lead Backend Developer for our EdTech team. The ideal candidate has 8-14 years of experience and is proficient in Microservices, Django, Redis, Python, Node.js, GraphQL, SQL. This is a on-site internship position focused on delivering high-quality software engineering work."
Principal Site Reliability Engineer,Software Engineering,Monitoring; Python; Kubernetes; Grafana; Linux; AWS; Incident Response,Principal,"Contract · On-site. We are hiring a Principal Site Reliability Engineer for our Fintech team. The ideal candidate has 12-20 years of experience and is proficient in Monitoring, Python, Kubernetes, Grafana, Linux, AWS, Incident Response. This is a on-site contract position focused on delivering high-quality software engineering work."
Intern Full Stack Developer,Software Engineering,Git; JavaScript; SQL; Node.js; Docker; Python; React,Intern,"Internship · Remote. We are hiring a Intern Full Stack Developer for our EdTech team. The ideal candidate has 0-1 years of experience and is proficient in Git, JavaScript, SQL, Node.js, Docker, Python, React. This is a remote internship position focused on delivering high-quality software engineering work."
Principal Frontend Developer,Software Engineering,Webpack; JavaScript; TypeScript; Sass; Accessibility; Jest; Redux,Principal,"Full-time · Hybrid. We are hiring a Principal Frontend Developer for our Enterprise team. The ideal candidate has 12-20 years of experience and is proficient in Webpack, JavaScript, TypeScript, Sass, Accessibility, Jest, Redux. This is a hybrid full-time position focused on delivering high-quality software engineering work."
Intern Mobile Developer,Software Engineering,Android SDK; React Native; Git; Kotlin; REST APIs,Intern,"Contract · On-site. We are hiring a Intern Mobile Developer for our E-commerce team. The ideal candidate has 0-1 years of experience and is proficient in Android SDK, React Native, Git, Kotlin, REST APIs. This is a on-site contract position focused on delivering high-quality software engineering work."
Senior Backend Developer,Software Engineering,Java; GraphQL; Node.js; REST APIs; Spring Boot; Python,Senior,"Contract · Remote. We are hiring a Senior Backend Developer for our E-commerce team. The ideal candidate has 6-10 years of experience and is proficient in Java, GraphQL, Node.js, REST APIs, Spring Boot, Python. This is a remote contract position focused on delivering high-quality software engineering work."
Principal Software Architect,Software Engineering,REST APIs; Design Patterns; System Design; Kafka; Docker,Principal,"Full-time · On-site. We are hiring a Principal Software Architect for our Fintech team. The ideal candidate has 12-20 years of experience and is proficient in REST APIs, Design Patterns, System Design, Kafka, Docker. This is a on-site full-time position focused on delivering high-quality software engineering work."
Senior QA Engineer,Software Engineering,Jira; Bug Tracking; Test Automation; Postman; CI/CD; Python; Manual Testing,Senior,"Full-time · Hybrid. We are hiring a Senior QA Engineer for our Startup team. The ideal candidate has 6-10 years of experience and is proficient in Jira, Bug Tracking, Test Automation, Postman, CI/CD, Python, Manual Testing. This is a hybrid full-time position focused on delivering high-quality software engineering work."
Junior Mobile Developer,Software Engineering,Kotlin; Swift; UI Design; Git; REST APIs; iOS,Junior,"Full-time · On-site. We are hiring a Junior Mobile Developer for our Enterprise team. The ideal candidate has 1-3 years of experience and is proficient in Kotlin, Swift, UI Design, Git, REST APIs, iOS. This is a on-site full-time position focused on delivering high-quality software engineering work."
Mid-level Software Architect,Software Engineering,Kafka; Java; Microservices; Design Patterns; Scalability,Mid-level,"Full-time · On-site. We are hiring a Mid-level Software Architect for our E-commerce team. The ideal candidate has 3-6 years of experience and is proficient in Kafka, Java, Microservices, Design Patterns, Scalability. This is a on-site full-time position focused on delivering high-quality software engineering work."
Intern Software Architect,Software Engineering,Java; Design Patterns; Kafka; Scalability; Microservices,Intern,"Full-time · Remote. We are hiring a Intern Software Architect for our Gaming team. The ideal candidate has 0-1 years of experience and is proficient in Java, Design Patterns, Kafka, Scalability, Microservices. This is a remote full-time position focused on delivering high-quality software engineering work."
Senior QA Engineer,Software Engineering,Test Automation; Jira; Postman; JUnit; CI/CD; Cypress,Senior,"Full-time · Hybrid. We are hiring a Senior QA Engineer for our Gaming team. The ideal candidate has 6-10 years of experience and is proficient in Test Automation, Jira, Postman, JUnit, CI/CD, Cypress. This is a hybrid full-time position focused on delivering high-quality software engineering work."
Lead Frontend Developer,Software Engineering,HTML; Sass; JavaScript; Redux; Webpack; TypeScript,Lead,"Full-time · Remote. We are hiring a Lead Frontend Developer for our E-commerce team. The ideal candidate has 8-14 years of experience and is proficient in HTML, Sass, JavaScript, Redux, Webpack, TypeScript. This is a remote full-time position focused on delivering high-quality software engineering work."
Junior DevOps Engineer,Software Engineering,AWS; Monitoring; Jenkins; Linux; Ansible,Junior,"Full-time · On-site. We are hiring a Junior DevOps Engineer for our EdTech team. The ideal candidate has 1-3 years of experience and is proficient in AWS, Monitoring, Jenkins, Linux, Ansible. This is a on-site full-time position focused on delivering high-quality software engineering work."
Junior Full Stack Developer,Software Engineering,JavaScript; REST APIs; TypeScript; Docker; Python; SQL; Git,Junior,"Full-time · On-site. We are hiring a Junior Full Stack Developer for our Gaming team. The ideal candidate has 1-3 years of experience and is proficient in JavaScript, REST APIs, TypeScript, Docker, Python, SQL, Git. This is a on-site full-time position focused on delivering high-quality software engineering work."
Intern Backend Developer,Software Engineering,Redis; Python; Django; GraphQL; SQL; REST APIs,Intern,"Contract · On-site. We are hiring a Intern Backend Developer for our E-commerce team. The ideal candidate has 0-1 years of experience and is proficient in Redis, Python, Django, GraphQL, SQL, REST APIs. This is a on-site contract position focused on delivering high-quality software engineering work."
Senior DevOps Engineer,Software Engineering,Docker; Bash; AWS; Terraform; Kubernetes,Senior,"Full-time · Hybrid. We are hiring a Senior DevOps Engineer for our Enterprise team. The ideal candidate has 6-10 years of experience and is proficient in Docker, Bash, AWS, Terraform, Kubernetes. This is a hybrid full-time position focused on delivering high-quality software engineering work."
Intern DevOps Engineer,Software Engineering,Ansible; AWS; Docker; CI/CD; Jenkins; Monitoring; Linux,Intern,"Internship · Remote. We are hiring a Intern DevOps Engineer for our Enterprise team. The ideal candidate has 0-1 years of experience and is proficient in Ansible, AWS, Docker, CI/CD, Jenkins, Monitoring, Linux. This is a remote internship position focused on delivering high-quality software engineering work."
Junior Full Stack Developer,Software Engineering,Docker; Python; TypeScript; MongoDB; REST APIs; Git,Junior,"Internship · On-site. We are hiring a Junior Full Stack Developer for our EdTech team. The ideal candidate has 1-3 years of experience and is proficient in Docker, Python, TypeScript, MongoDB, REST APIs, Git. This is a on-site internship position focused on delivering high-quality software engineering work."
Lead Mobile Developer,Software Engineering,REST APIs; Flutter; iOS; React Native; Swift; Git,Lead,"Full-time · Hybrid. We are hiring a Lead Mobile Developer for our Startup team. The ideal candidate has 8-14 years of experience and is proficient in REST APIs, Flutter, iOS, React Native, Swift, Git. This is a hybrid full-time position focused on delivering high-quality software engineering work."
Principal QA Engineer,Software Engineering,Bug Tracking; Selenium; Postman; Cypress; Python,Principal,"Full-time · Remote. We are hiring a Principal QA Engineer for our E-commerce team. The ideal candidate has 12-20 years of experience and is proficient in Bug Tracking, Selenium, Postman, Cypress, Python. This is a remote full-time position focused on delivering high-quality software engineering work."
Mid-level Game Developer,Software Engineering,3D Math; Physics; C++; Optimization; Shaders; Unreal Engine; Game Design,Mid-level,"Internship · Remote. We are hiring a Mid-level Game Developer for our SaaS team. The ideal candidate has 3-6 years of experience and is proficient in 3D Math, Physics, C++, Optimization, Shaders, Unreal Engine, Game Design. This is a remote internship position focused on delivering high-quality software engineering work."
Intern QA Engineer,Software Engineering,Python; Selenium; Cypress; JUnit; CI/CD,Intern,"Full-time · On-site. We are hiring a Intern QA Engineer for our SaaS team. The ideal candidate has 0-1 years of experience and is proficient in Python, Selenium, Cypress, JUnit, CI/CD. This is a on-site full-time position focused on delivering high-quality software engineering work."
Intern Backend Developer,Software Engineering,Spring Boot; REST APIs; GraphQL; Django; Python; Redis; Java,Intern,"Contract · Remote. We are hiring a Intern Backend Developer for our Healthcare team. The ideal candidate has 0-1 years of experience and is proficient in Spring Boot, REST APIs, GraphQL, Django, Python, Redis, Java. This is a remote contract position focused on delivering high-quality software engineering work."
Intern DevOps Engineer,Software Engineering,Ansible; CI/CD; Kubernetes; Bash; Terraform,Intern,"Full-time · Remote. We are hiring a Intern DevOps Engineer for our Fintech team. The ideal candidate has 0-1 years of experience and is proficient in Ansible, CI/CD, Kubernetes, Bash, Terraform. This is a remote full-time position focused on delivering high-quality software engineering work."
Senior Full Stack Developer,Software Engineering,SQL; React; REST APIs; MongoDB; Node.js; JavaScript,Senior,"Internship · Hybrid. We are hiring a Senior Full Stack Developer for our EdTech team. The ideal candidate has 6-10 years of experience and is proficient in SQL, React, REST APIs, MongoDB, Node.js, JavaScript. This is a hybrid internship position focused on delivering high-quality software engineering work."
Junior Frontend Developer,Software Engineering,Sass; CSS; HTML; JavaScript; Redux,Junior,"Full-time · Remote. We are hiring a Junior Frontend Developer for our Fintech team. The ideal candidate has 1-3 years of experience and is proficient in Sass, CSS, HTML, JavaScript, Redux. This is a remote full-time position focused on delivering high-quality software engineering work."
Lead Full Stack Developer,Software Engineering,SQL; MongoDB; Python; TypeScript; Docker; Git,Lead,"Contract · Remote. We are hiring a Lead Full Stack Developer for our EdTech team. The ideal candidate has 8-14 years of experience and is proficient in SQL, MongoDB, Python, TypeScript, Docker, Git. This is a remote contract position focused on delivering high-quality software engineering work."
Senior Game Developer,Software Engineering,Optimization; 3D Math; Game Design; Physics; C++; Unreal Engine,Senior,"Internship · Hybrid. We are hiring a Senior Game Developer for our Healthcare team. The ideal candidate has 6-10 years of experience and is proficient in Optimization, 3D Math, Game Design, Physics, C++, Unreal Engine. This is a hybrid internship position focused on delivering high-quality software engineering work."
Intern Full Stack Developer,Software Engineering,REST APIs; React; JavaScript; MongoDB; Git; Node.js; TypeScript,Intern,"Internship · Remote. We are hiring a Intern Full Stack Developer for our Gaming team. The ideal candidate has 0-1 years of experience and is proficient in REST APIs, React, JavaScript, MongoDB, Git, Node.js, TypeScript. This is a remote internship position focused on delivering high-quality software engineering work."
Intern Backend Developer,Software Engineering,Microservices; Node.js; Django; Redis; SQL; Java; GraphQL,Intern,"Full-time · On-site. We are hiring a Intern Backend Developer for our E-commerce team. The ideal candidate has 0-1 years of experience and is proficient in Microservices, Node.js, Django, Redis, SQL, Java, GraphQL. This is a on-site full-time position focused on delivering high-quality software engineering work."
Lead Backend Developer,Software Engineering,Python; Redis; Microservices; GraphQL; Spring Boot; Django; REST APIs,Lead,"Internship · Hybrid. We are hiring a Lead Backend Developer for our Healthcare team. The ideal candidate has 8-14 years of experience and is proficient in Python, Redis, Microservices, GraphQL, Spring Boot, Django, REST APIs. This is a hybrid internship position focused on delivering high-quality software engineering work."
Junior Backend Developer,Software Engineering,Redis; GraphQL; Java; Django; Node.js,Junior,"Contract · On-site. We are hiring a Junior Backend Developer for our Enterprise team. The ideal candidate has 1-3 years of experience and is proficient in Redis, GraphQL, Java, Django, Node.js. This is a on-site contract position focused on delivering high-quality software engineering work."
Mid-level DevOps Engineer,Software Engineering,Monitoring; AWS; Bash; Jenkins; Docker; Kubernetes,Mid-level,"Internship · Hybrid. We are hiring a Mid-level DevOps Engineer for our EdTech team. The ideal candidate has 3-6 years of experience and is proficient in Monitoring, AWS, Bash, Jenkins, Docker, Kubernetes. This is a hybrid internship position focused on delivering high-quality software engineering work."
Senior Frontend Developer,Software Engineering,CSS; Redux; React; TypeScript; Webpack; HTML; Jest,Senior,"Internship · Remote. We are hiring a Senior Frontend Developer for our Healthcare team. The ideal candidate has 6-10 years of experience and is proficient in CSS, Redux, React, TypeScript, Webpack, HTML, Jest. This is a remote internship position focused on delivering high-quality software engineering work."
Senior Software Architect,Software Engineering,AWS; System Design; Design Patterns; Microservices; Leadership; Java,Senior,"Internship · Remote. We are hiring a Senior Software Architect for our Enterprise team. The ideal candidate has 6-10 years of experience and is proficient in AWS, System Design, Design Patterns, Microservices, Leadership, Java. This is a remote internship position focused on delivering high-quality software engineering work."
Lead Game Developer,Software Engineering,Shaders; OpenGL; Game Design; C#; Unity,Lead,"Internship · Remote. We are hiring a Lead Game Developer for our Fintech team. The ideal candidate has 8-14 years of experience and is proficient in Shaders, OpenGL, Game Design, C#, Unity. This is a remote internship position focused on delivering high-quality software engineering work."
Lead Full Stack Developer,Software Engineering,REST APIs; MongoDB; JavaScript; Git; Python; React,Lead,"Full-time · On-site. We are hiring a Lead Full Stack Developer for our Gaming team. The ideal candidate has 8-14 years of experience and is proficient in REST APIs, MongoDB, JavaScript, Git, Python, React. This is a on-site full-time position focused on delivering high-quality software engineering work."
Mid-level Full Stack Developer,Software Engineering,REST APIs; TypeScript; Python; Node.js; React; SQL; JavaScript,Mid-level,"Full-time · Remote. We are hiring a Mid-level Full Stack Developer for our E-commerce team. The ideal candidate has 3-6 years of experience and is proficient in REST APIs, TypeScript, Python, Node.js, React, SQL, JavaScript. This is a remote full-time position focused on delivering high-quality software engineering work."
Junior Site Reliability Engineer,Software Engineering,Terraform; Incident Response; Grafana; Prometheus; Linux; Monitoring; Python,Junior,"Internship · Remote. We are hiring a Junior Site Reliability Engineer for our Healthcare team. The ideal candidate has 1-3 years of experience and is proficient in Terraform, Incident Response, Grafana, Prometheus, Linux, Monitoring, Python. This is a remote internship position focused on delivering high-quality software engineering work."
Junior DevOps Engineer,Software Engineering,Monitoring; Jenkins; Kubernetes; CI/CD; Terraform; Ansible,Junior,"Full-time · Remote. We are hiring a Junior DevOps Engineer for our Healthcare team. The ideal candidate has 1-3 years of experience and is proficient in Monitoring, Jenkins, Kubernetes, CI/CD, Terraform, Ansible. This is a remote full-time position focused on delivering high-quality software engineering work."
Mid-level Backend Developer,Software Engineering,Node.js; Django; Java; GraphQL; SQL; Python,Mid-level,"Internship · Remote. We are hiring a Mid-level Backend Developer for our Gaming team. The ideal candidate has 3-6 years of experience and is proficient in Node.js, Django, Java, GraphQL, SQL, Python. This is a remote internship position focused on delivering high-quality software engineering work."
Lead Game Developer,Software Engineering,Game Design; 3D Math; Physics; Unreal Engine; OpenGL,Lead,"Contract · Remote. We are hiring a Lead Game Developer for our Startup team. The ideal candidate has 8-14 years of experience and is proficient in Game Design, 3D Math, Physics, Unreal Engine, OpenGL. This is a remote contract position focused on delivering high-quality software engineering work."
Mid-level Mobile Developer,Software Engineering,Flutter; iOS; Kotlin; UI Design; Swift; React Native; REST APIs,Mid-level,"Full-time · On-site. We are hiring a Mid-level Mobile Developer for our Startup team. The ideal candidate has 3-6 years of experience and is proficient in Flutter, iOS, Kotlin, UI Design, Swift, React Native, REST APIs. This is a on-site full-time position focused on delivering high-quality software engineering work."
Lead QA Engineer,Software Engineering,Python; Postman; CI/CD; JUnit; Bug Tracking; Test Automation,Lead,"Internship · On-site. We are hiring a Lead QA Engineer for our EdTech team. The ideal candidate has 8-14 years of experience and is proficient in Python, Postman, CI/CD, JUnit, Bug Tracking, Test Automation. This is a on-site internship position focused on delivering high-quality software engineering work."
Lead DevOps Engineer,Software Engineering,AWS; Jenkins; Terraform; CI/CD; Kubernetes; Monitoring; Ansible,Lead,"Internship · Hybrid. We are hiring a Lead DevOps Engineer for our Startup team. The ideal candidate has 8-14 years of experience and is proficient in AWS, Jenkins, Terraform, CI/CD, Kubernetes, Monitoring, Ansible. This is a hybrid internship position focused on delivering high-quality software engineering work."
Lead Game Developer,Software Engineering,Unreal Engine; C#; Shaders; Unity; OpenGL; 3D Math; Game Design,Lead,"Internship · Remote. We are hiring a Lead Game Developer for our Gaming team. The ideal candidate has 8-14 years of experience and is proficient in Unreal Engine, C#, Shaders, Unity, OpenGL, 3D Math, Game Design. This is a remote internship position focused on delivering high-quality software engineering work."
Mid-level Full Stack Developer,Software Engineering,Git; TypeScript; React; Docker; REST APIs,Mid-level,"Internship · On-site. We are hiring a Mid-level Full Stack Developer for our SaaS team. The ideal candidate has 3-6 years of experience and is proficient in Git, TypeScript, React, Docker, REST APIs. This is a on-site internship position focused on delivering high-quality software engineering work."
Senior Backend Developer,Software Engineering,Java; REST APIs; GraphQL; Redis; Django; Microservices; Python,Senior,"Full-time · On-site. We are hiring a Senior Backend Developer for our Startup team. The ideal candidate has 6-10 years of experience and is proficient in Java, REST APIs, GraphQL, Redis, Django, Microservices, Python. This is a on-site full-time position focused on delivering high-quality software engineering work."
Lead DevOps Engineer,Software Engineering,Docker; Ansible; Kubernetes; AWS; Bash; CI/CD,Lead,"Full-time · Hybrid. We are hiring a Lead DevOps Engineer for our Healthcare team. The ideal candidate has 8-14 years of experience and is proficient in Docker, Ansible, Kubernetes, AWS, Bash, CI/CD. This is a hybrid full-time position focused on delivering high-quality software engineering work."
Principal DevOps Engineer,Software Engineering,Docker; Bash; Ansible; AWS; Jenkins; CI/CD; Kubernetes,Principal,"Internship · Remote. We are hiring a Principal DevOps Engineer for our Fintech team. The ideal candidate has 12-20 years of experience and is proficient in Docker, Bash, Ansible, AWS, Jenkins, CI/CD, Kubernetes. This is a remote internship position focused on delivering high-quality software engineering work."
Junior QA Engineer,Software Engineering,Bug Tracking; JUnit; Cypress; Jira; Test Automation,Junior,"Contract · On-site. We are hiring a Junior QA Engineer for our SaaS team. The ideal candidate has 1-3 years of experience and is proficient in Bug Tracking, JUnit, Cypress, Jira, Test Automation. This is a on-site contract position focused on delivering high-quality software engineering work."
Principal Mobile Developer,Software Engineering,React Native; Swift; Android SDK; REST APIs; iOS,Principal,"Contract · Hybrid. We are hiring a Principal Mobile Developer for our Startup team. The ideal candidate has 12-20 years of experience and is proficient in React Native, Swift, Android SDK, REST APIs, iOS. This is a hybrid contract position focused on delivering high-quality software engineering work."
Senior Backend Developer,Software Engineering,Django; Spring Boot; Microservices; GraphQL; Python; Redis; SQL,Senior,"Full-time · Remote. We are hiring a Senior Backend Developer for our Fintech team. The ideal candidate has 6-10 years of experience and is proficient in Django, Spring Boot, Microservices, GraphQL, Python, Redis, SQL. This is a remote full-time position focused on delivering high-quality software engineering work."
Intern DevOps Engineer,Software Engineering,CI/CD; Bash; AWS; Terraform; Linux,Intern,"Contract · On-site. We are hiring a Intern DevOps Engineer for our Healthcare team. The ideal candidate has 0-1 years of experience and is proficient in CI/CD, Bash, AWS, Terraform, Linux. This is a on-site contract position focused on delivering high-quality software engineering work."
Junior Mobile Developer,Software Engineering,Kotlin; UI Design; Git; React Native; Android SDK; iOS; Firebase,Junior,"Internship · Hybrid. We are hiring a Junior Mobile Developer for our Startup team. The ideal candidate has 1-3 years of experience and is proficient in Kotlin, UI Design, Git, React Native, Android SDK, iOS, Firebase. This is a hybrid internship position focused on delivering high-quality software engineering work."
Mid-level DevOps Engineer,Software Engineering,Jenkins; Monitoring; AWS; Linux; Ansible,Mid-level,"Internship · On-site. We are hiring a Mid-level DevOps Engineer for our Fintech team. The ideal candidate has 3-6 years of experience and is proficient in Jenkins, Monitoring, AWS, Linux, Ansible. This is a on-site internship position focused on delivering high-quality software engineering work."
Principal DevOps Engineer,Software Engineering,Bash; AWS; Monitoring; Kubernetes; Ansible; Jenkins,Principal,"Internship · On-site. We are hiring a Principal DevOps Engineer for our Gaming team. The ideal candidate has 12-20 years of experience and is proficient in Bash, AWS, Monitoring, Kubernetes, Ansible, Jenkins. This is a on-site internship position focused on delivering high-quality software engineering work."
Mid-level QA Engineer,Software Engineering,Bug Tracking; Test Automation; Cypress; Python; Manual Testing,Mid-level,"Contract · Hybrid. We are hiring a Mid-level QA Engineer for our Gaming team. The ideal candidate has 3-6 years of experience and is proficient in Bug Tracking, Test Automation, Cypress, Python, Manual Testing. This is a hybrid contract position focused on delivering high-quality software engineering work."
Senior Frontend Developer,Software Engineering,Accessibility; TypeScript; Sass; HTML; Webpack; CSS; JavaScript,Senior,"Internship · On-site. We are hiring a Senior Frontend Developer for our Enterprise team. The ideal candidate has 6-10 years of experience and is proficient in Accessibility, TypeScript, Sass, HTML, Webpack, CSS, JavaScript. This is a on-site internship position focused on delivering high-quality software engineering work."
Intern Full Stack Developer,Software Engineering,JavaScript; Python; Docker; React; REST APIs; TypeScript; MongoDB,Intern,"Contract · Hybrid. We are hiring a Intern Full Stack Developer for our SaaS team. The ideal candidate has 0-1 years of experience and is proficient in JavaScript, Python, Docker, React, REST APIs, TypeScript, MongoDB. This is a hybrid contract position focused on delivering high-quality software engineering work."
Lead Frontend Developer,Software Engineering,HTML; TypeScript; Sass; CSS; Accessibility; Redux,Lead,"Internship · Remote. We are hiring a Lead Frontend Developer for our Gaming team. The ideal candidate has 8-14 years of experience and is proficient in HTML, TypeScript, Sass, CSS, Accessibility, Redux. This is a remote internship position focused on delivering high-quality software engineering work."
Junior Backend Developer,Software Engineering,Redis; Python; SQL; Django; Microservices; GraphQL,Junior,"Internship · Remote. We are hiring a Junior Backend Developer for our Startup team. The ideal candidate has 1-3 years of experience and is proficient in Redis, Python, SQL, Django, Microservices, GraphQL. This is a remote internship position focused on delivering high-quality software engineering work."
Mid-level Game Developer,Software Engineering,Unreal Engine; Unity; C++; C#; OpenGL; Game Design; Physics,Mid-level,"Contract · On-site. We are hiring a Mid-level Game Developer for our Healthcare team. The ideal candidate has 3-6 years of experience and is proficient in Unreal Engine, Unity, C++, C#, OpenGL, Game Design, Physics. This is a on-site contract position focused on delivering high-quality software engineering work."
Senior Frontend Developer,Software Engineering,TypeScript; Redux; Accessibility; HTML; React; JavaScript,Senior,"Full-time · Remote. We are hiring a Senior Frontend Developer for our Startup team. The ideal candidate has 6-10 years of experience and is proficient in TypeScript, Redux, Accessibility, HTML, React, JavaScript. This is a remote full-time position focused on delivering high-quality software engineering work."
Senior Site Reliability Engineer,Software Engineering,AWS; Linux; Grafana; Prometheus; Monitoring; Go; Terraform,Senior,"Contract · Remote. We are hiring a Senior Site Reliability Engineer for our EdTech team. The ideal candidate has 6-10 years of experience and is proficient in AWS, Linux, Grafana, Prometheus, Monitoring, Go, Terraform. This is a remote contract position focused on delivering high-quality software engineering work."
Junior Frontend Developer,Software Engineering,Jest; Webpack; React; CSS; JavaScript,Junior,"Contract · On-site. We are hiring a Junior Frontend Developer for our Enterprise team. The ideal candidate has 1-3 years of experience and is proficient in Jest, Webpack, React, CSS, JavaScript. This is a on-site contract position focused on delivering high-quality software engineering work."
Principal DevOps Engineer,Software Engineering,Kubernetes; AWS; Docker; Bash; CI/CD; Linux,Principal,"Contract · Remote. We are hiring a Principal DevOps Engineer for our Gaming team. The ideal candidate has 12-20 years of experience and is proficient in Kubernetes, AWS, Docker, Bash, CI/CD, Linux. This is a remote contract position focused on delivering high-quality software engineering work."
Principal Site Reliability Engineer,Software Engineering,Kubernetes; Prometheus; Linux; Python; AWS; Go,Principal,"Full-time · Remote. We are hiring a Principal Site Reliability Engineer for our Fintech team. The ideal candidate has 12-20 years of experience and is proficient in Kubernetes, Prometheus, Linux, Python, AWS, Go. This is a remote full-time position focused on delivering high-quality software engineering work."
Junior Software Architect,Software Engineering,Design Patterns; REST APIs; AWS; Kafka; Leadership,Junior,"Internship · On-site. We are hiring a Junior Software Architect for our E-commerce team. The ideal candidate has 1-3 years of experience and is proficient in Design Patterns, REST APIs, AWS, Kafka, Leadership. This is a on-site internship position focused on delivering high-quality software engineering work."
Intern DevOps Engineer,Software Engineering,Terraform; Linux; Docker; Jenkins; Kubernetes,Intern,"Full-time · Hybrid. We are hiring a Intern DevOps Engineer for our Healthcare team. The ideal candidate has 0-1 years of experience and is proficient in Terraform, Linux, Docker, Jenkins, Kubernetes. This is a hybrid full-time position focused on delivering high-quality software engineering work."
Junior Software Architect,Software Engineering,REST APIs; Microservices; Design Patterns; Scalability; System Design; AWS; Java,Junior,"Full-time · Remote. We are hiring a Junior Software Architect for our Enterprise team. The ideal candidate has 1-3 years of experience and is proficient in REST APIs, Microservices, Design Patterns, Scalability, System Design, AWS, Java. This is a remote full-time position focused on delivering high-quality software engineering work."
Intern DevOps Engineer,Software Engineering,Jenkins; Terraform; CI/CD; Monitoring; Ansible; AWS,Intern,"Internship · Remote. We are hiring a Intern DevOps Engineer for our Startup team. The ideal candidate has 0-1 years of experience and is proficient in Jenkins, Terraform, CI/CD, Monitoring, Ansible, AWS. This is a remote internship position focused on delivering high-quality software engineering work."
Principal Frontend Developer,Software Engineering,JavaScript; Webpack; Jest; Redux; HTML,Principal,"Full-time · Hybrid. We are hiring a Principal Frontend Developer for our SaaS team. The ideal candidate has 12-20 years of experience and is proficient in JavaScript, Webpack, Jest, Redux, HTML. This is a hybrid full-time position focused on delivering high-quality software engineering work."
Senior Full Stack Developer,Software Engineering,Node.js; React; Git; JavaScript; SQL,Senior,"Internship · Hybrid. We are hiring a Senior Full Stack Developer for our Startup team. The ideal candidate has 6-10 years of experience and is proficient in Node.js, React, Git, JavaScript, SQL. This is a hybrid internship position focused on delivering high-quality software engineering work."
Senior QA Engineer,Software Engineering,Manual Testing; Test Automation; Jira; Bug Tracking; Postman,Senior,"Internship · Hybrid. We are hiring a Senior QA Engineer for our SaaS team. The ideal candidate has 6-10 years of experience and is proficient in Manual Testing, Test Automation, Jira, Bug Tracking, Postman. This is a hybrid internship position focused on delivering high-quality software engineering work."
Lead DevOps Engineer,Software Engineering,CI/CD; Terraform; Kubernetes; Jenkins; Bash; Monitoring,Lead,"Internship · On-site. We are hiring a Lead DevOps Engineer for our Startup team. The ideal candidate has 8-14 years of experience and is proficient in CI/CD, Terraform, Kubernetes, Jenkins, Bash, Monitoring. This is a on-site internship position focused on delivering high-quality software engineering work."
Principal Game Developer,Software Engineering,3D Math; C#; Game Design; OpenGL; Shaders; Unity,Principal,"Contract · Hybrid. We are hiring a Principal Game Developer for our Gaming team. The ideal candidate has 12-20 years of experience and is proficient in 3D Math, C#, Game Design, OpenGL, Shaders, Unity. This is a hybrid contract position focused on delivering high-quality software engineering work."
Junior Mobile Developer,Software Engineering,Firebase; Flutter; Kotlin; iOS; Swift; Android SDK,Junior,"Contract · Hybrid. We are hiring a Junior Mobile Developer for our SaaS team. The ideal candidate has 1-3 years of experience and is proficient in Firebase, Flutter, Kotlin, iOS, Swift, Android SDK. This is a hybrid contract position focused on delivering high-quality software engineering work."
Intern Software Architect,Software Engineering,System Design; Microservices; Docker; REST APIs; Java; Scalability; Leadership,Intern,"Contract · Remote. We are hiring a Intern Software Architect for our Healthcare team. The ideal candidate has 0-1 years of experience and is proficient in System Design, Microservices, Docker, REST APIs, Java, Scalability, Leadership. This is a remote contract position focused on delivering high-quality software engineering work."
Senior Frontend Developer,Software Engineering,Accessibility; CSS; Redux; TypeScript; Sass,Senior,"Full-time · Hybrid. We are hiring a Senior Frontend Developer for our Fintech team. The ideal candidate has 6-10 years of experience and is proficient in Accessibility, CSS, Redux, TypeScript, Sass. This is a hybrid full-time position focused on delivering high-quality software engineering work."
Lead Software Architect,Software Engineering,REST APIs; AWS; Java; Design Patterns; Leadership; Microservices,Lead,"Internship · Remote. We are hiring a Lead Software Architect for our Healthcare team. The ideal candidate has 8-14 years of experience and is proficient in REST APIs, AWS, Java, Design Patterns, Leadership, Microservices. This is a remote internship position focused on delivering high-quality software engineering work."
Lead Full Stack Developer,Software Engineering,Node.js; React; Docker; REST APIs; Git,Lead,"Full-time · Hybrid. We are hiring a Lead Full Stack Developer for our E-commerce team. The ideal candidate has 8-14 years of experience and is proficient in Node.js, React, Docker, REST APIs, Git. This is a hybrid full-time position focused on delivering high-quality software engineering work."
Junior Game Developer,Software Engineering,C++; 3D Math; C#; Unity; Unreal Engine; Shaders; Game Design,Junior,"Contract · Remote. We are hiring a Junior Game Developer for our EdTech team. The ideal candidate has 1-3 years of experience and is proficient in C++, 3D Math, C#, Unity, Unreal Engine, Shaders, Game Design. This is a remote contract position focused on delivering high-quality software engineering work."
Lead Site Reliability Engineer,Software Engineering,Grafana; Kubernetes; Terraform; Go; Monitoring,Lead,"Internship · On-site. We are hiring a Lead Site Reliability Engineer for our E-commerce team. The ideal candidate has 8-14 years of experience and is proficient in Grafana, Kubernetes, Terraform, Go, Monitoring. This is a on-site internship position focused on delivering high-quality software engineering work."
Mid-level DevOps Engineer,Software Engineering,Jenkins; Bash; Linux; Monitoring; CI/CD; Ansible; Kubernetes,Mid-level,"Contract · Remote. We are hiring a Mid-level DevOps Engineer for our Startup team. The ideal candidate has 3-6 years of experience and is proficient in Jenkins, Bash, Linux, Monitoring, CI/CD, Ansible, Kubernetes. This is a remote contract position focused on delivering high-quality software engineering work."
Junior Backend Developer,Software Engineering,Microservices; SQL; Redis; Django; Node.js; Java,Junior,"Internship · Hybrid. We are hiring a Junior Backend Developer for our EdTech team. The ideal candidate has 1-3 years of experience and is proficient in Microservices, SQL, Redis, Django, Node.js, Java. This is a hybrid internship position focused on delivering high-quality software engineering work."
Junior Site Reliability Engineer,Software Engineering,Terraform; Go; Linux; Python; Grafana; Incident Response,Junior,"Full-time · Remote. We are hiring a Junior Site Reliability Engineer for our Fintech team. The ideal candidate has 1-3 years of experience and is proficient in Terraform, Go, Linux, Python, Grafana, Incident Response. This is a remote full-time position focused on delivering high-quality software engineering work."
Mid-level QA Engineer,Software Engineering,CI/CD; Selenium; Jira; JUnit; Postman,Mid-level,"Full-time · On-site. We are hiring a Mid-level QA Engineer for our Fintech team. The ideal candidate has 3-6 years of experience and is proficient in CI/CD, Selenium, Jira, JUnit, Postman. This is a on-site full-time position focused on delivering high-quality software engineering work."
Senior QA Engineer,Software Engineering,Cypress; Selenium; Manual Testing; Bug Tracking; CI/CD; JUnit; Jira,Senior,"Contract · Remote. We are hiring a Senior QA Engineer for our Enterprise team. The ideal candidate has 6-10 years of experience and is proficient in Cypress, Selenium, Manual Testing, Bug Tracking, CI/CD, JUnit, Jira. This is a remote contract position focused on delivering high-quality software engineering work."
Junior DevOps Engineer,Software Engineering,Linux; Terraform; Ansible; CI/CD; AWS; Jenkins; Bash,Junior,"Full-time · Hybrid. We are hiring a Junior DevOps Engineer for our E-commerce team. The ideal candidate has 1-3 years of experience and is proficient in Linux, Terraform, Ansible, CI/CD, AWS, Jenkins, Bash. This is a hybrid full-time position focused on delivering high-quality software engineering work."
Principal Backend Developer,Software Engineering,Python; REST APIs; Redis; Node.js; Django; Java; SQL,Principal,"Internship · On-site. We are hiring a Principal Backend Developer for our EdTech team. The ideal candidate has 12-20 years of experience and is proficient in Python, REST APIs, Redis, Node.js, Django, Java, SQL. This is a on-site internship position focused on delivering high-quality software engineering work."
Senior Site Reliability Engineer,Software Engineering,Python; AWS; Terraform; Kubernetes; Grafana; Prometheus,Senior,"Internship · On-site. We are hiring a Senior Site Reliability Engineer for our Startup team. The ideal candidate has 6-10 years of experience and is proficient in Python, AWS, Terraform, Kubernetes, Grafana, Prometheus. This is a on-site internship position focused on delivering high-quality software engineering work."
Intern Software Architect,Software Engineering,REST APIs; AWS; Kafka; Scalability; System Design,Intern,"Contract · Hybrid. We are hiring a Intern Software Architect for our Startup team. The ideal candidate has 0-1 years of experience and is proficient in REST APIs, AWS, Kafka, Scalability, System Design. This is a hybrid contract position focused on delivering high-quality software engineering work."
Lead Frontend Developer,Software Engineering,Jest; JavaScript; Redux; React; HTML; Accessibility,Lead,"Full-time · Hybrid. We are hiring a Lead Frontend Developer for our Startup team. The ideal candidate has 8-14 years of experience and is proficient in Jest, JavaScript, Redux, React, HTML, Accessibility. This is a hybrid full-time position focused on delivering high-quality software engineering work."
Lead Full Stack Developer,Software Engineering,TypeScript; Git; SQL; Docker; React; Node.js,Lead,"Contract · Hybrid. We are hiring a Lead Full Stack Developer for our E-commerce team. The ideal candidate has 8-14 years of experience and is proficient in TypeScript, Git, SQL, Docker, React, Node.js. This is a hybrid contract position focused on delivering high-quality software engineering work."
Junior DevOps Engineer,Software Engineering,Linux; Kubernetes; AWS; Terraform; Docker; Monitoring,Junior,"Contract · Hybrid. We are hiring a Junior DevOps Engineer for our E-commerce team. The ideal candidate has 1-3 years of experience and is proficient in Linux, Kubernetes, AWS, Terraform, Docker, Monitoring. This is a hybrid contract position focused on delivering high-quality software engineering work."
Principal Mobile Developer,Software Engineering,Android SDK; REST APIs; Kotlin; iOS; Swift,Principal,"Contract · Hybrid. We are hiring a Principal Mobile Developer for our Healthcare team. The ideal candidate has 12-20 years of experience and is proficient in Android SDK, REST APIs, Kotlin, iOS, Swift. This is a hybrid contract position focused on delivering high-quality software engineering work."
Senior QA Engineer,Software Engineering,Jira; Python; Manual Testing; JUnit; Test Automation; Cypress,Senior,"Internship · On-site. We are hiring a Senior QA Engineer for our Startup team. The ideal candidate has 6-10 years of experience and is proficient in Jira, Python, Manual Testing, JUnit, Test Automation, Cypress. This is a on-site internship position focused on delivering high-quality software engineering work."
Principal QA Engineer,Software Engineering,Cypress; Bug Tracking; Postman; CI/CD; Selenium,Principal,"Contract · Remote. We are hiring a Principal QA Engineer for our Fintech team. The ideal candidate has 12-20 years of experience and is proficient in Cypress, Bug Tracking, Postman, CI/CD, Selenium. This is a remote contract position focused on delivering high-quality software engineering work."
Intern QA Engineer,Software Engineering,JUnit; Postman; Selenium; Jira; Test Automation; Python; Bug Tracking,Intern,"Internship · On-site. We are hiring a Intern QA Engineer for our Fintech team. The ideal candidate has 0-1 years of experience and is proficient in JUnit, Postman, Selenium, Jira, Test Automation, Python, Bug Tracking. This is a on-site internship position focused on delivering high-quality software engineering work."
Lead QA Engineer,Software Engineering,JUnit; Cypress; Postman; Manual Testing; Selenium; Python,Lead,"Full-time · Hybrid. We are hiring a Lead QA Engineer for our EdTech team. The ideal candidate has 8-14 years of experience and is proficient in JUnit, Cypress, Postman, Manual Testing, Selenium, Python. This is a hybrid full-time position focused on delivering high-quality software engineering work."
Lead Backend Developer,Software Engineering,Redis; Microservices; Spring Boot; REST APIs; Node.js; Python,Lead,"Internship · Hybrid. We are hiring a Lead Backend Developer for our Enterprise team. The ideal candidate has 8-14 years of experience and is proficient in Redis, Microservices, Spring Boot, REST APIs, Node.js, Python. This is a hybrid internship position focused on delivering high-quality software engineering work."
Mid-level Site Reliability Engineer,Software Engineering,Incident Response; Grafana; Monitoring; AWS; Kubernetes; Go,Mid-level,"Internship · Hybrid. We are hiring a Mid-level Site Reliability Engineer for our Enterprise team. The ideal candidate has 3-6 years of experience and is proficient in Incident Response, Grafana, Monitoring, AWS, Kubernetes, Go. This is a hybrid internship position focused on delivering high-quality software engineering work."
Lead Frontend Developer,Software Engineering,Redux; Accessibility; React; Jest; JavaScript,Lead,"Full-time · Remote. We are hiring a Lead Frontend Developer for our SaaS team. The ideal candidate has 8-14 years of experience and is proficient in Redux, Accessibility, React, Jest, JavaScript. This is a remote full-time position focused on delivering high-quality software engineering work."
Principal Frontend Developer,Software Engineering,HTML; Accessibility; JavaScript; CSS; Redux; Webpack; TypeScript,Principal,"Contract · Hybrid. We are hiring a Principal Frontend Developer for our E-commerce team. The ideal candidate has 12-20 years of experience and is proficient in HTML, Accessibility, JavaScript, CSS, Redux, Webpack, TypeScript. This is a hybrid contract position focused on delivering high-quality software engineering work."
Lead Software Architect,Software Engineering,Microservices; Design Patterns; Docker; Leadership; Scalability; AWS,Lead,"Internship · Hybrid. We are hiring a Lead Software Architect for our Enterprise team. The ideal candidate has 8-14 years of experience and is proficient in Microservices, Design Patterns, Docker, Leadership, Scalability, AWS. This is a hybrid internship position focused on delivering high-quality software engineering work."
Mid-level QA Engineer,Software Engineering,Postman; Test Automation; Selenium; Manual Testing; Cypress; Jira; Python,Mid-level,"Full-time · Remote. We are hiring a Mid-level QA Engineer for our Fintech team. The ideal candidate has 3-6 years of experience and is proficient in Postman, Test Automation, Selenium, Manual Testing, Cypress, Jira, Python. This is a remote full-time position focused on delivering high-quality software engineering work."
Intern Site Reliability Engineer,Software Engineering,AWS; Prometheus; Linux; Go; Monitoring; Grafana; Terraform,Intern,"Contract · On-site. We are hiring a Intern Site Reliability Engineer for our EdTech team. The ideal candidate has 0-1 years of experience and is proficient in AWS, Prometheus, Linux, Go, Monitoring, Grafana, Terraform. This is a on-site contract position focused on delivering high-quality software engineering work."
Senior Mobile Developer,Software Engineering,Kotlin; React Native; Swift; Flutter; Git; REST APIs,Senior,"Internship · On-site. We are hiring a Senior Mobile Developer for our Fintech team. The ideal candidate has 6-10 years of experience and is proficient in Kotlin, React Native, Swift, Flutter, Git, REST APIs. This is a on-site internship position focused on delivering high-quality software engineering work."
Principal Full Stack Developer,Software Engineering,Docker; Python; MongoDB; SQL; React; Git; JavaScript,Principal,"Full-time · Remote. We are hiring a Principal Full Stack Developer for our SaaS team. The ideal candidate has 12-20 years of experience and is proficient in Docker, Python, MongoDB, SQL, React, Git, JavaScript. This is a remote full-time position focused on delivering high-quality software engineering work."
Intern Backend Developer,Software Engineering,Microservices; REST APIs; GraphQL; SQL; Django; Spring Boot; Redis,Intern,"Internship · On-site. We are hiring a Intern Backend Developer for our SaaS team. The ideal candidate has 0-1 years of experience and is proficient in Microservices, REST APIs, GraphQL, SQL, Django, Spring Boot, Redis. This is a on-site internship position focused on delivering high-quality software engineering work."
Junior QA Engineer,Software Engineering,Selenium; Jira; Python; Test Automation; Manual Testing,Junior,"Internship · Hybrid. We are hiring a Junior QA Engineer for our Healthcare team. The ideal candidate has 1-3 years of experience and is proficient in Selenium, Jira, Python, Test Automation, Manual Testing. This is a hybrid internship position focused on delivering high-quality software engineering work."
Senior Game Developer,Software Engineering,C++; Game Design; Shaders; C#; Unity; Optimization; Unreal Engine,Senior,"Contract · Hybrid. We are hiring a Senior Game Developer for our E-commerce team. The ideal candidate has 6-10 years of experience and is proficient in C++, Game Design, Shaders, C#, Unity, Optimization, Unreal Engine. This is a hybrid contract position focused on delivering high-quality software engineering work."
Principal DevOps Engineer,Software Engineering,CI/CD; Linux; Terraform; Jenkins; Docker,Principal,"Internship · On-site. We are hiring a Principal DevOps Engineer for our Healthcare team. The ideal candidate has 12-20 years of experience and is proficient in CI/CD, Linux, Terraform, Jenkins, Docker. This is a on-site internship position focused on delivering high-quality software engineering work."
Senior Game Developer,Software Engineering,C#; Optimization; C++; Game Design; Unity,Senior,"Internship · On-site. We are hiring a Senior Game Developer for our Healthcare team. The ideal candidate has 6-10 years of experience and is proficient in C#, Optimization, C++, Game Design, Unity. This is a on-site internship position focused on delivering high-quality software engineering work."
Senior Software Architect,Software Engineering,REST APIs; Docker; Scalability; Java; Kafka; Leadership,Senior,"Contract · On-site. We are hiring a Senior Software Architect for our Healthcare team. The ideal candidate has 6-10 years of experience and is proficient in REST APIs, Docker, Scalability, Java, Kafka, Leadership. This is a on-site contract position focused on delivering high-quality software engineering work."
Intern Game Developer,Software Engineering,Physics; C++; C#; 3D Math; Shaders; Unreal Engine; Unity,Intern,"Internship · Hybrid. We are hiring a Intern Game Developer for our E-commerce team. The ideal candidate has 0-1 years of experience and is proficient in Physics, C++, C#, 3D Math, Shaders, Unreal Engine, Unity. This is a hybrid internship position focused on delivering high-quality software engineering work."
Principal Game Developer,Software Engineering,3D Math; OpenGL; Unreal Engine; C#; Game Design; C++,Principal,"Full-time · Hybrid. We are hiring a Principal Game Developer for our SaaS team. The ideal candidate has 12-20 years of experience and is proficient in 3D Math, OpenGL, Unreal Engine, C#, Game Design, C++. This is a hybrid full-time position focused on delivering high-quality software engineering work."
Principal Game Developer,Software Engineering,Optimization; OpenGL; 3D Math; C++; Unity; Game Design,Principal,"Full-time · Remote. We are hiring a Principal Game Developer for our Startup team. The ideal candidate has 12-20 years of experience and is proficient in Optimization, OpenGL, 3D Math, C++, Unity, Game Design. This is a remote full-time position focused on delivering high-quality software engineering work."
Intern DevOps Engineer,Software Engineering,Jenkins; Kubernetes; Monitoring; Linux; CI/CD; AWS; Bash,Intern,"Contract · Remote. We are hiring a Intern DevOps Engineer for our SaaS team. The ideal candidate has 0-1 years of experience and is proficient in Jenkins, Kubernetes, Monitoring, Linux, CI/CD, AWS, Bash. This is a remote contract position focused on delivering high-quality software engineering work."
Senior Software Architect,Software Engineering,Microservices; Kafka; Java; Design Patterns; System Design; Scalability,Senior,"Internship · Remote. We are hiring a Senior Software Architect for our Healthcare team. The ideal candidate has 6-10 years of experience and is proficient in Microservices, Kafka, Java, Design Patterns, System Design, Scalability. This is a remote internship position focused on delivering high-quality software engineering work."
Principal QA Engineer,Software Engineering,Jira; Selenium; Cypress; Postman; Test Automation,Principal,"Internship · On-site. We are hiring a Principal QA Engineer for our Fintech team. The ideal candidate has 12-20 years of experience and is proficient in Jira, Selenium, Cypress, Postman, Test Automation. This is a on-site internship position focused on delivering high-quality software engineering work."
Principal Game Developer,Software Engineering,OpenGL; Game Design; Physics; Unreal Engine; C++; C#; 3D Math,Principal,"Internship · On-site. We are hiring a Principal Game Developer for our Fintech team. The ideal candidate has 12-20 years of experience and is proficient in OpenGL, Game Design, Physics, Unreal Engine, C++, C#, 3D Math. This is a on-site internship position focused on delivering high-quality software engineering work."
Principal QA Engineer,Software Engineering,Python; Cypress; Postman; Jira; Bug Tracking; Selenium; Manual Testing,Principal,"Full-time · On-site. We are hiring a Principal QA Engineer for our Gaming team. The ideal candidate has 12-20 years of experience and is proficient in Python, Cypress, Postman, Jira, Bug Tracking, Selenium, Manual Testing. This is a on-site full-time position focused on delivering high-quality software engineering work."
Intern Site Reliability Engineer,Software Engineering,Linux; Terraform; Incident Response; Go; Kubernetes; Monitoring,Intern,"Contract · On-site. We are hiring a Intern Site Reliability Engineer for our E-commerce team. The ideal candidate has 0-1 years of experience and is proficient in Linux, Terraform, Incident Response, Go, Kubernetes, Monitoring. This is a on-site contract position focused on delivering high-quality software engineering work."
Intern Full Stack Developer,Software Engineering,REST APIs; Python; Node.js; JavaScript; MongoDB; React; SQL,Intern,"Internship · Remote. We are hiring a Intern Full Stack Developer for our Healthcare team. The ideal candidate has 0-1 years of experience and is proficient in REST APIs, Python, Node.js, JavaScript, MongoDB, React, SQL. This is a remote internship position focused on delivering high-quality software engineering work."
Intern Mobile Developer,Software Engineering,Git; Flutter; UI Design; iOS; Android SDK; REST APIs,Intern,"Internship · Remote. We are hiring a Intern Mobile Developer for our Enterprise team. The ideal candidate has 0-1 years of experience and is proficient in Git, Flutter, UI Design, iOS, Android SDK, REST APIs. This is a remote internship position focused on delivering high-quality software engineering work."
Senior Software Architect,Software Engineering,Docker; Leadership; Java; Kafka; Design Patterns; AWS,Senior,"Full-time · Hybrid. We are hiring a Senior Software Architect for our Healthcare team. The ideal candidate has 6-10 years of experience and is proficient in Docker, Leadership, Java, Kafka, Design Patterns, AWS. This is a hybrid full-time position focused on delivering high-quality software engineering work."
Intern Site Reliability Engineer,Software Engineering,Grafana; Python; Go; Monitoring; Terraform,Intern,"Internship · On-site. We are hiring a Intern Site Reliability Engineer for our Startup team. The ideal candidate has 0-1 years of experience and is proficient in Grafana, Python, Go, Monitoring, Terraform. This is a on-site internship position focused on delivering high-quality software engineering work."
Mid-level Full Stack Developer,Software Engineering,Git; Python; REST APIs; MongoDB; Node.js,Mid-level,"Full-time · On-site. We are hiring a Mid-level Full Stack Developer for our Gaming team. The ideal candidate has 3-6 years of experience and is proficient in Git, Python, REST APIs, MongoDB, Node.js. This is a on-site full-time position focused on delivering high-quality software engineering work."
Mid-level QA Engineer,Software Engineering,Cypress; Postman; Python; JUnit; Manual Testing; Test Automation; Selenium,Mid-level,"Contract · Remote. We are hiring a Mid-level QA Engineer for our Gaming team. The ideal candidate has 3-6 years of experience and is proficient in Cypress, Postman, Python, JUnit, Manual Testing, Test Automation, Selenium. This is a remote contract position focused on delivering high-quality software engineering work."
Principal Software Architect,Software Engineering,Microservices; Leadership; System Design; AWS; Kafka; REST APIs; Docker,Principal,"Internship · Remote. We are hiring a Principal Software Architect for our Fintech team. The ideal candidate has 12-20 years of experience and is proficient in Microservices, Leadership, System Design, AWS, Kafka, REST APIs, Docker. This is a remote internship position focused on delivering high-quality software engineering work."
Principal Site Reliability Engineer,Software Engineering,Prometheus; Grafana; Kubernetes; AWS; Python; Monitoring,Principal,"Internship · On-site. We are hiring a Principal Site Reliability Engineer for our Gaming team. The ideal candidate has 12-20 years of experience and is proficient in Prometheus, Grafana, Kubernetes, AWS, Python, Monitoring. This is a on-site internship position focused on delivering high-quality software engineering work."
Mid-level QA Engineer,Software Engineering,Test Automation; Python; JUnit; Jira; Bug Tracking; Postman,Mid-level,"Internship · On-site. We are hiring a Mid-level QA Engineer for our Fintech team. The ideal candidate has 3-6 years of experience and is proficient in Test Automation, Python, JUnit, Jira, Bug Tracking, Postman. This is a on-site internship position focused on delivering high-quality software engineering work."
Lead DevOps Engineer,Software Engineering,Jenkins; Docker; AWS; Linux; Ansible; Bash,Lead,"Contract · Hybrid. We are hiring a Lead DevOps Engineer for our E-commerce team. The ideal candidate has 8-14 years of experience and is proficient in Jenkins, Docker, AWS, Linux, Ansible, Bash. This is a hybrid contract position focused on delivering high-quality software engineering work."
Senior Software Architect,Software Engineering,System Design; Microservices; Leadership; Docker; Kafka,Senior,"Internship · On-site. We are hiring a Senior Software Architect for our Startup team. The ideal candidate has 6-10 years of experience and is proficient in System Design, Microservices, Leadership, Docker, Kafka. This is a on-site internship position focused on delivering high-quality software engineering work."
Intern Game Developer,Software Engineering,3D Math; Optimization; C#; Shaders; Game Design; Unreal Engine,Intern,"Contract · On-site. We are hiring a Intern Game Developer for our Fintech team. The ideal candidate has 0-1 years of experience and is proficient in 3D Math, Optimization, C#, Shaders, Game Design, Unreal Engine. This is a on-site contract position focused on delivering high-quality software engineering work."
Senior Backend Developer,Software Engineering,REST APIs; Microservices; Python; Spring Boot; Redis; Node.js; Java,Senior,"Internship · Hybrid. We are hiring a Senior Backend Developer for our Gaming team. The ideal candidate has 6-10 years of experience and is proficient in REST APIs, Microservices, Python, Spring Boot, Redis, Node.js, Java. This is a hybrid internship position focused on delivering high-quality software engineering work."
Lead QA Engineer,Software Engineering,Test Automation; CI/CD; Python; Manual Testing; Jira; Bug Tracking,Lead,"Internship · Hybrid. We are hiring a Lead QA Engineer for our Fintech team. The ideal candidate has 8-14 years of experience and is proficient in Test Automation, CI/CD, Python, Manual Testing, Jira, Bug Tracking. This is a hybrid internship position focused on delivering high-quality software engineering work."
Junior QA Engineer,Software Engineering,CI/CD; Python; Jira; Bug Tracking; JUnit; Test Automation,Junior,"Full-time · Hybrid. We are hiring a Junior QA Engineer for our Gaming team. The ideal candidate has 1-3 years of experience and is proficient in CI/CD, Python, Jira, Bug Tracking, JUnit, Test Automation. This is a hybrid full-time position focused on delivering high-quality software engineering work."
Junior DevOps Engineer,Software Engineering,CI/CD; Monitoring; Terraform; Kubernetes; Jenkins,Junior,"Full-time · Remote. We are hiring a Junior DevOps Engineer for our E-commerce team. The ideal candidate has 1-3 years of experience and is proficient in CI/CD, Monitoring, Terraform, Kubernetes, Jenkins. This is a remote full-time position focused on delivering high-quality software engineering work."
Principal Full Stack Developer,Software Engineering,Docker; JavaScript; Python; Git; React; REST APIs,Principal,"Contract · Remote. We are hiring a Principal Full Stack Developer for our Fintech team. The ideal candidate has 12-20 years of experience and is proficient in Docker, JavaScript, Python, Git, React, REST APIs. This is a remote contract position focused on delivering high-quality software engineering work."
Intern Mobile Developer,Software Engineering,REST APIs; Git; iOS; Android SDK; React Native; Kotlin,Intern,"Contract · Hybrid. We are hiring a Intern Mobile Developer for our E-commerce team. The ideal candidate has 0-1 years of experience and is proficient in REST APIs, Git, iOS, Android SDK, React Native, Kotlin. This is a hybrid contract position focused on delivering high-quality software engineering work."
Lead Mobile Developer,Software Engineering,iOS; Firebase; React Native; Swift; Flutter; REST APIs; Android SDK,Lead,"Internship · On-site. We are hiring a Lead Mobile Developer for our Startup team. The ideal candidate has 8-14 years of experience and is proficient in iOS, Firebase, React Native, Swift, Flutter, REST APIs, Android SDK. This is a on-site internship position focused on delivering high-quality software engineering work."
Lead Software Architect,Software Engineering,Docker; Java; REST APIs; Microservices; Design Patterns,Lead,"Internship · Remote. We are hiring a Lead Software Architect for our SaaS team. The ideal candidate has 8-14 years of experience and is proficient in Docker, Java, REST APIs, Microservices, Design Patterns. This is a remote internship position focused on delivering high-quality software engineering work."
Senior Mobile Developer,Software Engineering,React Native; UI Design; Git; Flutter; Android SDK; Kotlin; Firebase,Senior,"Internship · On-site. We are hiring a Senior Mobile Developer for our EdTech team. The ideal candidate has 6-10 years of experience and is proficient in React Native, UI Design, Git, Flutter, Android SDK, Kotlin, Firebase. This is a on-site internship position focused on delivering high-quality software engineering work."
Intern Game Developer,Software Engineering,Physics; C#; Game Design; C++; Unreal Engine; 3D Math,Intern,"Contract · On-site. We are hiring a Intern Game Developer for our Startup team. The ideal candidate has 0-1 years of experience and is proficient in Physics, C#, Game Design, C++, Unreal Engine, 3D Math. This is a on-site contract position focused on delivering high-quality software engineering work."
Principal Game Developer,Software Engineering,Unreal Engine; Physics; Shaders; Game Design; Unity; C++; 3D Math,Principal,"Contract · On-site. We are hiring a Principal Game Developer for our Gaming team. The ideal candidate has 12-20 years of experience and is proficient in Unreal Engine, Physics, Shaders, Game Design, Unity, C++, 3D Math. This is a on-site contract position focused on delivering high-quality software engineering work."
Junior Game Developer,Software Engineering,OpenGL; Optimization; C++; Physics; C#,Junior,"Internship · On-site. We are hiring a Junior Game Developer for our E-commerce team. The ideal candidate has 1-3 years of experience and is proficient in OpenGL, Optimization, C++, Physics, C#. This is a on-site internship position focused on delivering high-quality software engineering work."
Intern Backend Developer,Software Engineering,Java; Spring Boot; Redis; SQL; Django; Microservices,Intern,"Full-time · Remote. We are hiring a Intern Backend Developer for our Healthcare team. The ideal candidate has 0-1 years of experience and is proficient in Java, Spring Boot, Redis, SQL, Django, Microservices. This is a remote full-time position focused on delivering high-quality software engineering work."
Principal QA Engineer,Software Engineering,Test Automation; Cypress; Jira; Bug Tracking; Manual Testing,Principal,"Internship · Hybrid. We are hiring a Principal QA Engineer for our SaaS team. The ideal candidate has 12-20 years of experience and is proficient in Test Automation, Cypress, Jira, Bug Tracking, Manual Testing. This is a hybrid internship position focused on delivering high-quality software engineering work."
Junior QA Engineer,Software Engineering,Postman; JUnit; Jira; CI/CD; Cypress,Junior,"Contract · Remote. We are hiring a Junior QA Engineer for our Fintech team. The ideal candidate has 1-3 years of experience and is proficient in Postman, JUnit, Jira, CI/CD, Cypress. This is a remote contract position focused on delivering high-quality software engineering work."
Intern Full Stack Developer,Software Engineering,React; Node.js; Python; TypeScript; REST APIs,Intern,"Internship · Hybrid. We are hiring a Intern Full Stack Developer for our SaaS team. The ideal candidate has 0-1 years of experience and is proficient in React, Node.js, Python, TypeScript, REST APIs. This is a hybrid internship position focused on delivering high-quality software engineering work."
Mid-level Site Reliability Engineer,Software Engineering,Go; Linux; AWS; Terraform; Python; Monitoring; Kubernetes,Mid-level,"Contract · Remote. We are hiring a Mid-level Site Reliability Engineer for our E-commerce team. The ideal candidate has 3-6 years of experience and is proficient in Go, Linux, AWS, Terraform, Python, Monitoring, Kubernetes. This is a remote contract position focused on delivering high-quality software engineering work."
Senior Frontend Developer,Software Engineering,HTML; Sass; JavaScript; Webpack; Redux,Senior,"Internship · On-site. We are hiring a Senior Frontend Developer for our Fintech team. The ideal candidate has 6-10 years of experience and is proficient in HTML, Sass, JavaScript, Webpack, Redux. This is a on-site internship position focused on delivering high-quality software engineering work."
Intern QA Engineer,Software Engineering,Test Automation; CI/CD; Jira; Bug Tracking; Cypress; Manual Testing; Python,Intern,"Contract · Remote. We are hiring a Intern QA Engineer for our Healthcare team. The ideal candidate has 0-1 years of experience and is proficient in Test Automation, CI/CD, Jira, Bug Tracking, Cypress, Manual Testing, Python. This is a remote contract position focused on delivering high-quality software engineering work."
Mid-level Full Stack Developer,Software Engineering,Node.js; MongoDB; Git; JavaScript; Python; Docker; React,Mid-level,"Full-time · Remote. We are hiring a Mid-level Full Stack Developer for our Startup team. The ideal candidate has 3-6 years of experience and is proficient in Node.js, MongoDB, Git, JavaScript, Python, Docker, React. This is a remote full-time position focused on delivering high-quality software engineering work."
Lead Frontend Developer,Software Engineering,CSS; React; Accessibility; Sass; Redux; JavaScript; Webpack,Lead,"Contract · Remote. We are hiring a Lead Frontend Developer for our Healthcare team. The ideal candidate has 8-14 years of experience and is proficient in CSS, React, Accessibility, Sass, Redux, JavaScript, Webpack. This is a remote contract position focused on delivering high-quality software engineering work."
Senior DevOps Engineer,Software Engineering,Docker; Terraform; Bash; Kubernetes; Monitoring; AWS; CI/CD,Senior,"Contract · On-site. We are hiring a Senior DevOps Engineer for our Fintech team. The ideal candidate has 6-10 years of experience and is proficient in Docker, Terraform, Bash, Kubernetes, Monitoring, AWS, CI/CD. This is a on-site contract position focused on delivering high-quality software engineering work."
Intern Mobile Developer,Software Engineering,Android SDK; REST APIs; Flutter; Git; Kotlin,Intern,"Internship · On-site. We are hiring a Intern Mobile Developer for our SaaS team. The ideal candidate has 0-1 years of experience and is proficient in Android SDK, REST APIs, Flutter, Git, Kotlin. This is a on-site internship position focused on delivering high-quality software engineering work."
Principal Software Architect,Software Engineering,Scalability; Design Patterns; Kafka; Microservices; Leadership; Docker,Principal,"Contract · Remote. We are hiring a Principal Software Architect for our EdTech team. The ideal candidate has 12-20 years of experience and is proficient in Scalability, Design Patterns, Kafka, Microservices, Leadership, Docker. This is a remote contract position focused on delivering high-quality software engineering work."
Junior Game Developer,Software Engineering,Unreal Engine; Unity; C#; C++; Physics,Junior,"Internship · Hybrid. We are hiring a Junior Game Developer for our Gaming team. The ideal candidate has 1-3 years of experience and is proficient in Unreal Engine, Unity, C#, C++, Physics. This is a hybrid internship position focused on delivering high-quality software engineering work."
Principal Full Stack Developer,Software Engineering,REST APIs; TypeScript; JavaScript; React; Docker,Principal,"Contract · Hybrid. We are hiring a Principal Full Stack Developer for our Enterprise team. The ideal candidate has 12-20 years of experience and is proficient in REST APIs, TypeScript, JavaScript, React, Docker. This is a hybrid contract position focused on delivering high-quality software engineering work."
Intern Backend Developer,Software Engineering,Python; Django; Spring Boot; SQL; Microservices; REST APIs,Intern,"Internship · Hybrid. We are hiring a Intern Backend Developer for our Gaming team. The ideal candidate has 0-1 years of experience and is proficient in Python, Django, Spring Boot, SQL, Microservices, REST APIs. This is a hybrid internship position focused on delivering high-quality software engineering work."
Junior QA Engineer,Software Engineering,JUnit; Manual Testing; Jira; Selenium; CI/CD; Postman,Junior,"Full-time · Remote. We are hiring a Junior QA Engineer for our Enterprise team. The ideal candidate has 1-3 years of experience and is proficient in JUnit, Manual Testing, Jira, Selenium, CI/CD, Postman. This is a remote full-time position focused on delivering high-quality software engineering work."
Senior Mobile Developer,Software Engineering,REST APIs; Firebase; UI Design; Flutter; Swift; React Native; Android SDK,Senior,"Contract · On-site. We are hiring a Senior Mobile Developer for our Healthcare team. The ideal candidate has 6-10 years of experience and is proficient in REST APIs, Firebase, UI Design, Flutter, Swift, React Native, Android SDK. This is a on-site contract position focused on delivering high-quality software engineering work."
Mid-level Backend Developer,Software Engineering,Python; Microservices; SQL; Redis; REST APIs,Mid-level,"Internship · On-site. We are hiring a Mid-level Backend Developer for our EdTech team. The ideal candidate has 3-6 years of experience and is proficient in Python, Microservices, SQL, Redis, REST APIs. This is a on-site internship position focused on delivering high-quality software engineering work."
Mid-level Mobile Developer,Software Engineering,Git; UI Design; Swift; Kotlin; iOS,Mid-level,"Full-time · Remote. We are hiring a Mid-level Mobile Developer for our EdTech team. The ideal candidate has 3-6 years of experience and is proficient in Git, UI Design, Swift, Kotlin, iOS. This is a remote full-time position focused on delivering high-quality software engineering work."
Lead Site Reliability Engineer,Software Engineering,Incident Response; Kubernetes; Go; Grafana; Terraform; Linux,Lead,"Contract · On-site. We are hiring a Lead Site Reliability Engineer for our Enterprise team. The ideal candidate has 8-14 years of experience and is proficient in Incident Response, Kubernetes, Go, Grafana, Terraform, Linux. This is a on-site contract position focused on delivering high-quality software engineering work."
Senior Mobile Developer,Software Engineering,Flutter; React Native; REST APIs; Firebase; Swift; UI Design; Git,Senior,"Internship · Hybrid. We are hiring a Senior Mobile Developer for our E-commerce team. The ideal candidate has 6-10 years of experience and is proficient in Flutter, React Native, REST APIs, Firebase, Swift, UI Design, Git. This is a hybrid internship position focused on delivering high-quality software engineering work."
Intern Full Stack Developer,Software Engineering,Python; Node.js; Docker; MongoDB; JavaScript; Git; REST APIs,Intern,"Internship · Remote. We are hiring a Intern Full Stack Developer for our Enterprise team. The ideal candidate has 0-1 years of experience and is proficient in Python, Node.js, Docker, MongoDB, JavaScript, Git, REST APIs. This is a remote internship position focused on delivering high-quality software engineering work."
Junior Frontend Developer,Software Engineering,Sass; Redux; HTML; React; JavaScript; TypeScript,Junior,"Full-time · Remote. We are hiring a Junior Frontend Developer for our Startup team. The ideal candidate has 1-3 years of experience and is proficient in Sass, Redux, HTML, React, JavaScript, TypeScript. This is a remote full-time position focused on delivering high-quality software engineering work."
Principal Backend Developer,Software Engineering,Java; REST APIs; Python; Spring Boot; Node.js,Principal,"Internship · Remote. We are hiring a Principal Backend Developer for our SaaS team. The ideal candidate has 12-20 years of experience and is proficient in Java, REST APIs, Python, Spring Boot, Node.js. This is a remote internship position focused on delivering high-quality software engineering work."
Lead Software Architect,Software Engineering,Docker; Java; Microservices; System Design; Kafka; REST APIs,Lead,"Full-time · Remote. We are hiring a Lead Software Architect for our SaaS team. The ideal candidate has 8-14 years of experience and is proficient in Docker, Java, Microservices, System Design, Kafka, REST APIs. This is a remote full-time position focused on delivering high-quality software engineering work."
Lead QA Engineer,Software Engineering,Selenium; Postman; Cypress; Manual Testing; JUnit; Jira,Lead,"Internship · On-site. We are hiring a Lead QA Engineer for our Healthcare team. The ideal candidate has 8-14 years of experience and is proficient in Selenium, Postman, Cypress, Manual Testing, JUnit, Jira. This is a on-site internship position focused on delivering high-quality software engineering work."
Mid-level Game Developer,Software Engineering,Shaders; C#; OpenGL; 3D Math; Unreal Engine; C++; Physics,Mid-level,"Contract · On-site. We are hiring a Mid-level Game Developer for our SaaS team. The ideal candidate has 3-6 years of experience and is proficient in Shaders, C#, OpenGL, 3D Math, Unreal Engine, C++, Physics. This is a on-site contract position focused on delivering high-quality software engineering work."
Senior Backend Developer,Software Engineering,Spring Boot; Java; GraphQL; Microservices; SQL; Redis,Senior,"Internship · Hybrid. We are hiring a Senior Backend Developer for our Fintech team. The ideal candidate has 6-10 years of experience and is proficient in Spring Boot, Java, GraphQL, Microservices, SQL, Redis. This is a hybrid internship position focused on delivering high-quality software engineering work."
Junior Frontend Developer,Software Engineering,Sass; Webpack; Jest; CSS; Accessibility; React,Junior,"Full-time · Hybrid. We are hiring a Junior Frontend Developer for our Enterprise team. The ideal candidate has 1-3 years of experience and is proficient in Sass, Webpack, Jest, CSS, Accessibility, React. This is a hybrid full-time position focused on delivering high-quality software engineering work."
Principal DevOps Engineer,Software Engineering,Monitoring; Docker; Linux; AWS; Kubernetes,Principal,"Internship · On-site. We are hiring a Principal DevOps Engineer for our EdTech team. The ideal candidate has 12-20 years of experience and is proficient in Monitoring, Docker, Linux, AWS, Kubernetes. This is a on-site internship position focused on delivering high-quality software engineering work."
Intern DevOps Engineer,Software Engineering,Linux; Ansible; CI/CD; AWS; Kubernetes,Intern,"Full-time · Remote. We are hiring a Intern DevOps Engineer for our Healthcare team. The ideal candidate has 0-1 years of experience and is proficient in Linux, Ansible, CI/CD, AWS, Kubernetes. This is a remote full-time position focused on delivering high-quality software engineering work."
Mid-level Game Developer,Software Engineering,OpenGL; C++; Shaders; C#; Optimization; Game Design; Unity,Mid-level,"Full-time · Remote. We are hiring a Mid-level Game Developer for our Enterprise team. The ideal candidate has 3-6 years of experience and is proficient in OpenGL, C++, Shaders, C#, Optimization, Game Design, Unity. This is a remote full-time position focused on delivering high-quality software engineering work."
Lead Software Architect,Software Engineering,System Design; REST APIs; Microservices; Leadership; AWS; Design Patterns; Java,Lead,"Full-time · On-site. We are hiring a Lead Software Architect for our Fintech team. The ideal candidate has 8-14 years of experience and is proficient in System Design, REST APIs, Microservices, Leadership, AWS, Design Patterns, Java. This is a on-site full-time position focused on delivering high-quality software engineering work."
Intern Software Architect,Software Engineering,Scalability; Microservices; Docker; REST APIs; System Design; Design Patterns; Java,Intern,"Contract · Remote. We are hiring a Intern Software Architect for our SaaS team. The ideal candidate has 0-1 years of experience and is proficient in Scalability, Microservices, Docker, REST APIs, System Design, Design Patterns, Java. This is a remote contract position focused on delivering high-quality software engineering work."
Mid-level DevOps Engineer,Software Engineering,Docker; Ansible; Jenkins; Kubernetes; Terraform; Monitoring; CI/CD,Mid-level,"Full-time · Remote. We are hiring a Mid-level DevOps Engineer for our Startup team. The ideal candidate has 3-6 years of experience and is proficient in Docker, Ansible, Jenkins, Kubernetes, Terraform, Monitoring, CI/CD. This is a remote full-time position focused on delivering high-quality software engineering work."
Senior Site Reliability Engineer,Software Engineering,Grafana; Go; Linux; Terraform; Kubernetes,Senior,"Contract · Hybrid. We are hiring a Senior Site Reliability Engineer for our SaaS team. The ideal candidate has 6-10 years of experience and is proficient in Grafana, Go, Linux, Terraform, Kubernetes. This is a hybrid contract position focused on delivering high-quality software engineering work."
Principal Backend Developer,Software Engineering,Microservices; SQL; Java; Redis; Node.js,Principal,"Internship · Hybrid. We are hiring a Principal Backend Developer for our Healthcare team. The ideal candidate has 12-20 years of experience and is proficient in Microservices, SQL, Java, Redis, Node.js. This is a hybrid internship position focused on delivering high-quality software engineering work."
Junior Site Reliability Engineer,Software Engineering,AWS; Python; Linux; Grafana; Kubernetes; Go,Junior,"Contract · On-site. We are hiring a Junior Site Reliability Engineer for our Fintech team. The ideal candidate has 1-3 years of experience and is proficient in AWS, Python, Linux, Grafana, Kubernetes, Go. This is a on-site contract position focused on delivering high-quality software engineering work."
Mid-level DevOps Engineer,Software Engineering,Kubernetes; Bash; Ansible; AWS; CI/CD; Docker; Jenkins,Mid-level,"Full-time · Remote. We are hiring a Mid-level DevOps Engineer for our SaaS team. The ideal candidate has 3-6 years of experience and is proficient in Kubernetes, Bash, Ansible, AWS, CI/CD, Docker, Jenkins. This is a remote full-time position focused on delivering high-quality software engineering work."
Junior Site Reliability Engineer,Software Engineering,Incident Response; Prometheus; Linux; Python; Terraform,Junior,"Internship · On-site. We are hiring a Junior Site Reliability Engineer for our Healthcare team. The ideal candidate has 1-3 years of experience and is proficient in Incident Response, Prometheus, Linux, Python, Terraform. This is a on-site internship position focused on delivering high-quality software engineering work."
Lead Backend Developer,Software Engineering,Redis; REST APIs; Node.js; Microservices; SQL; Python,Lead,"Full-time · Remote. We are hiring a Lead Backend Developer for our EdTech team. The ideal candidate has 8-14 years of experience and is proficient in Redis, REST APIs, Node.js, Microservices, SQL, Python. This is a remote full-time position focused on delivering high-quality software engineering work."
Principal Mobile Developer,Software Engineering,REST APIs; iOS; Android SDK; UI Design; Flutter; Firebase,Principal,"Full-time · Remote. We are hiring a Principal Mobile Developer for our Startup team. The ideal candidate has 12-20 years of experience and is proficient in REST APIs, iOS, Android SDK, UI Design, Flutter, Firebase. This is a remote full-time position focused on delivering high-quality software engineering work."
Principal Backend Developer,Software Engineering,Java; Microservices; Redis; Node.js; GraphQL,Principal,"Contract · Hybrid. We are hiring a Principal Backend Developer for our Enterprise team. The ideal candidate has 12-20 years of experience and is proficient in Java, Microservices, Redis, Node.js, GraphQL. This is a hybrid contract position focused on delivering high-quality software engineering work."
Mid-level DevOps Engineer,Software Engineering,Kubernetes; Jenkins; CI/CD; Bash; AWS; Ansible,Mid-level,"Full-time · Hybrid. We are hiring a Mid-level DevOps Engineer for our Healthcare team. The ideal candidate has 3-6 years of experience and is proficient in Kubernetes, Jenkins, CI/CD, Bash, AWS, Ansible. This is a hybrid full-time position focused on delivering high-quality software engineering work."
Junior Frontend Developer,Software Engineering,Webpack; Jest; CSS; Sass; Accessibility,Junior,"Contract · On-site. We are hiring a Junior Frontend Developer for our Healthcare team. The ideal candidate has 1-3 years of experience and is proficient in Webpack, Jest, CSS, Sass, Accessibility. This is a on-site contract position focused on delivering high-quality software engineering work."
Senior DevOps Engineer,Software Engineering,Ansible; Linux; CI/CD; Monitoring; Bash,Senior,"Full-time · Hybrid. We are hiring a Senior DevOps Engineer for our Fintech team. The ideal candidate has 6-10 years of experience and is proficient in Ansible, Linux, CI/CD, Monitoring, Bash. This is a hybrid full-time position focused on delivering high-quality software engineering work."
Lead Site Reliability Engineer,Software Engineering,Grafana; Go; Monitoring; Incident Response; Python,Lead,"Internship · Hybrid. We are hiring a Lead Site Reliability Engineer for our Healthcare team. The ideal candidate has 8-14 years of experience and is proficient in Grafana, Go, Monitoring, Incident Response, Python. This is a hybrid internship position focused on delivering high-quality software engineering work."
Mid-level DevOps Engineer,Software Engineering,Kubernetes; CI/CD; AWS; Linux; Ansible,Mid-level,"Full-time · Hybrid. We are hiring a Mid-level DevOps Engineer for our E-commerce team. The ideal candidate has 3-6 years of experience and is proficient in Kubernetes, CI/CD, AWS, Linux, Ansible. This is a hybrid full-time position focused on delivering high-quality software engineering work."
Mid-level Mobile Developer,Software Engineering,UI Design; React Native; Firebase; Git; Swift; Kotlin; Flutter,Mid-level,"Contract · Hybrid. We are hiring a Mid-level Mobile Developer for our Fintech team. The ideal candidate has 3-6 years of experience and is proficient in UI Design, React Native, Firebase, Git, Swift, Kotlin, Flutter. This is a hybrid contract position focused on delivering high-quality software engineering work."
Junior QA Engineer,Software Engineering,Test Automation; Cypress; Python; Postman; Jira; Manual Testing; JUnit,Junior,"Contract · On-site. We are hiring a Junior QA Engineer for our Fintech team. The ideal candidate has 1-3 years of experience and is proficient in Test Automation, Cypress, Python, Postman, Jira, Manual Testing, JUnit. This is a on-site contract position focused on delivering high-quality software engineering work."
Principal Mobile Developer,Software Engineering,React Native; Firebase; Git; iOS; UI Design,Principal,"Internship · Remote. We are hiring a Principal Mobile Developer for our Gaming team. The ideal candidate has 12-20 years of experience and is proficient in React Native, Firebase, Git, iOS, UI Design. This is a remote internship position focused on delivering high-quality software engineering work."
Mid-level Backend Developer,Software Engineering,Django; Microservices; REST APIs; SQL; GraphQL,Mid-level,"Contract · On-site. We are hiring a Mid-level Backend Developer for our SaaS team. The ideal candidate has 3-6 years of experience and is proficient in Django, Microservices, REST APIs, SQL, GraphQL. This is a on-site contract position focused on delivering high-quality software engineering work."
Mid-level Site Reliability Engineer,Software Engineering,Incident Response; Go; Monitoring; Prometheus; Linux; AWS; Grafana,Mid-level,"Internship · Hybrid. We are hiring a Mid-level Site Reliability Engineer for our Fintech team. The ideal candidate has 3-6 years of experience and is proficient in Incident Response, Go, Monitoring, Prometheus, Linux, AWS, Grafana. This is a hybrid internship position focused on delivering high-quality software engineering work."
Mid-level DevOps Engineer,Software Engineering,Linux; Docker; Kubernetes; Monitoring; Jenkins; Bash; Ansible,Mid-level,"Full-time · On-site. We are hiring a Mid-level DevOps Engineer for our Gaming team. The ideal candidate has 3-6 years of experience and is proficient in Linux, Docker, Kubernetes, Monitoring, Jenkins, Bash, Ansible. This is a on-site full-time position focused on delivering high-quality software engineering work."
Junior Backend Developer,Software Engineering,REST APIs; Redis; Microservices; Node.js; Spring Boot; GraphQL,Junior,"Full-time · Hybrid. We are hiring a Junior Backend Developer for our E-commerce team. The ideal candidate has 1-3 years of experience and is proficient in REST APIs, Redis, Microservices, Node.js, Spring Boot, GraphQL. This is a hybrid full-time position focused on delivering high-quality software engineering work."
Intern QA Engineer,Software Engineering,Cypress; CI/CD; Bug Tracking; Test Automation; Selenium; Jira,Intern,"Internship · Remote. We are hiring a Intern QA Engineer for our Gaming team. The ideal candidate has 0-1 years of experience and is proficient in Cypress, CI/CD, Bug Tracking, Test Automation, Selenium, Jira. This is a remote internship position focused on delivering high-quality software engineering work."
Junior Mobile Developer,Software Engineering,Git; React Native; REST APIs; Flutter; Kotlin; Android SDK; Swift,Junior,"Contract · On-site. We are hiring a Junior Mobile Developer for our Enterprise team. The ideal candidate has 1-3 years of experience and is proficient in Git, React Native, REST APIs, Flutter, Kotlin, Android SDK, Swift. This is a on-site contract position focused on delivering high-quality software engineering work."
Junior Game Developer,Software Engineering,OpenGL; Unreal Engine; Physics; Shaders; C++,Junior,"Contract · On-site. We are hiring a Junior Game Developer for our Startup team. The ideal candidate has 1-3 years of experience and is proficient in OpenGL, Unreal Engine, Physics, Shaders, C++. This is a on-site contract position focused on delivering high-quality software engineering work."
Junior Backend Developer,Software Engineering,Java; REST APIs; SQL; Redis; Python; Spring Boot,Junior,"Full-time · Remote. We are hiring a Junior Backend Developer for our E-commerce team. The ideal candidate has 1-3 years of experience and is proficient in Java, REST APIs, SQL, Redis, Python, Spring Boot. This is a remote full-time position focused on delivering high-quality software engineering work."
Senior DevOps Engineer,Software Engineering,Ansible; Linux; Docker; Terraform; Jenkins,Senior,"Internship · Remote. We are hiring a Senior DevOps Engineer for our Gaming team. The ideal candidate has 6-10 years of experience and is proficient in Ansible, Linux, Docker, Terraform, Jenkins. This is a remote internship position focused on delivering high-quality software engineering work."
Junior Mobile Developer,Software Engineering,Kotlin; Swift; React Native; REST APIs; Flutter; Git,Junior,"Full-time · Remote. We are hiring a Junior Mobile Developer for our Gaming team. The ideal candidate has 1-3 years of experience and is proficient in Kotlin, Swift, React Native, REST APIs, Flutter, Git. This is a remote full-time position focused on delivering high-quality software engineering work."
Senior DevOps Engineer,Software Engineering,Monitoring; Kubernetes; Linux; Jenkins; Terraform,Senior,"Full-time · Remote. We are hiring a Senior DevOps Engineer for our SaaS team. The ideal candidate has 6-10 years of experience and is proficient in Monitoring, Kubernetes, Linux, Jenkins, Terraform. This is a remote full-time position focused on delivering high-quality software engineering work."
Lead DevOps Engineer,Software Engineering,Bash; Kubernetes; Terraform; Linux; AWS; Monitoring; Docker,Lead,"Contract · Hybrid. We are hiring a Lead DevOps Engineer for our Enterprise team. The ideal candidate has 8-14 years of experience and is proficient in Bash, Kubernetes, Terraform, Linux, AWS, Monitoring, Docker. This is a hybrid contract position focused on delivering high-quality software engineering work."
Junior Software Architect,Software Engineering,Leadership; System Design; Microservices; REST APIs; AWS; Docker,Junior,"Full-time · Hybrid. We are hiring a Junior Software Architect for our EdTech team. The ideal candidate has 1-3 years of experience and is proficient in Leadership, System Design, Microservices, REST APIs, AWS, Docker. This is a hybrid full-time position focused on delivering high-quality software engineering work."
Intern Software Architect,Software Engineering,Leadership; Scalability; Java; REST APIs; Design Patterns; Microservices; Kafka,Intern,"Contract · On-site. We are hiring a Intern Software Architect for our EdTech team. The ideal candidate has 0-1 years of experience and is proficient in Leadership, Scalability, Java, REST APIs, Design Patterns, Microservices, Kafka. This is a on-site contract position focused on delivering high-quality software engineering work."
Junior Software Architect,Software Engineering,Kafka; REST APIs; Java; Microservices; System Design; AWS,Junior,"Full-time · On-site. We are hiring a Junior Software Architect for our Fintech team. The ideal candidate has 1-3 years of experience and is proficient in Kafka, REST APIs, Java, Microservices, System Design, AWS. This is a on-site full-time position focused on delivering high-quality software engineering work."
Principal Site Reliability Engineer,Software Engineering,Terraform; Incident Response; Linux; Go; Grafana; Python; Monitoring,Principal,"Contract · Hybrid. We are hiring a Principal Site Reliability Engineer for our Startup team. The ideal candidate has 12-20 years of experience and is proficient in Terraform, Incident Response, Linux, Go, Grafana, Python, Monitoring. This is a hybrid contract position focused on delivering high-quality software engineering work."
Principal Game Developer,Software Engineering,OpenGL; Physics; C#; Unity; C++,Principal,"Contract · On-site. We are hiring a Principal Game Developer for our E-commerce team. The ideal candidate has 12-20 years of experience and is proficient in OpenGL, Physics, C#, Unity, C++. This is a on-site contract position focused on delivering high-quality software engineering work."
Intern QA Engineer,Software Engineering,Manual Testing; Bug Tracking; Jira; Python; CI/CD; JUnit,Intern,"Contract · Remote. We are hiring a Intern QA Engineer for our Fintech team. The ideal candidate has 0-1 years of experience and is proficient in Manual Testing, Bug Tracking, Jira, Python, CI/CD, JUnit. This is a remote contract position focused on delivering high-quality software engineering work."
Mid-level Software Architect,Software Engineering,Scalability; Leadership; Kafka; System Design; Docker; AWS,Mid-level,"Full-time · On-site. We are hiring a Mid-level Software Architect for our Healthcare team. The ideal candidate has 3-6 years of experience and is proficient in Scalability, Leadership, Kafka, System Design, Docker, AWS. This is a on-site full-time position focused on delivering high-quality software engineering work."
Intern QA Engineer,Software Engineering,Test Automation; JUnit; Cypress; Bug Tracking; Jira,Intern,"Full-time · On-site. We are hiring a Intern QA Engineer for our EdTech team. The ideal candidate has 0-1 years of experience and is proficient in Test Automation, JUnit, Cypress, Bug Tracking, Jira. This is a on-site full-time position focused on delivering high-quality software engineering work."
Intern Site Reliability Engineer,Software Engineering,AWS; Terraform; Linux; Grafana; Go,Intern,"Contract · On-site. We are hiring a Intern Site Reliability Engineer for our Healthcare team. The ideal candidate has 0-1 years of experience and is proficient in AWS, Terraform, Linux, Grafana, Go. This is a on-site contract position focused on delivering high-quality software engineering work."
Mid-level Frontend Developer,Software Engineering,Sass; JavaScript; React; Webpack; Jest; TypeScript,Mid-level,"Full-time · On-site. We are hiring a Mid-level Frontend Developer for our Startup team. The ideal candidate has 3-6 years of experience and is proficient in Sass, JavaScript, React, Webpack, Jest, TypeScript. This is a on-site full-time position focused on delivering high-quality software engineering work."
Mid-level Backend Developer,Software Engineering,Java; GraphQL; Redis; Python; Spring Boot; SQL,Mid-level,"Full-time · Remote. We are hiring a Mid-level Backend Developer for our E-commerce team. The ideal candidate has 3-6 years of experience and is proficient in Java, GraphQL, Redis, Python, Spring Boot, SQL. This is a remote full-time position focused on delivering high-quality software engineering work."
Lead Game Developer,Software Engineering,Shaders; OpenGL; C#; Unreal Engine; Game Design; Physics; Unity,Lead,"Contract · On-site. We are hiring a Lead Game Developer for our SaaS team. The ideal candidate has 8-14 years of experience and is proficient in Shaders, OpenGL, C#, Unreal Engine, Game Design, Physics, Unity. This is a on-site contract position focused on delivering high-quality software engineering work."
Lead Full Stack Developer,Software Engineering,Docker; Python; MongoDB; Node.js; REST APIs; Git; SQL,Lead,"Full-time · On-site. We are hiring a Lead Full Stack Developer for our Healthcare team. The ideal candidate has 8-14 years of experience and is proficient in Docker, Python, MongoDB, Node.js, REST APIs, Git, SQL. This is a on-site full-time position focused on delivering high-quality software engineering work."
Senior Site Reliability Engineer,Software Engineering,Kubernetes; Go; Monitoring; Grafana; AWS; Python,Senior,"Full-time · Hybrid. We are hiring a Senior Site Reliability Engineer for our Healthcare team. The ideal candidate has 6-10 years of experience and is proficient in Kubernetes, Go, Monitoring, Grafana, AWS, Python. This is a hybrid full-time position focused on delivering high-quality software engineering work."
Senior Software Architect,Software Engineering,Design Patterns; Leadership; Kafka; System Design; REST APIs; Scalability,Senior,"Internship · On-site. We are hiring a Senior Software Architect for our EdTech team. The ideal candidate has 6-10 years of experience and is proficient in Design Patterns, Leadership, Kafka, System Design, REST APIs, Scalability. This is a on-site internship position focused on delivering high-quality software engineering work."
Principal DevOps Engineer,Software Engineering,Ansible; Linux; Bash; AWS; Docker,Principal,"Full-time · Hybrid. We are hiring a Principal DevOps Engineer for our EdTech team. The ideal candidate has 12-20 years of experience and is proficient in Ansible, Linux, Bash, AWS, Docker. This is a hybrid full-time position focused on delivering high-quality software engineering work."
Lead Backend Developer,Software Engineering,Spring Boot; Django; Python; SQL; Microservices; Node.js; GraphQL,Lead,"Contract · Hybrid. We are hiring a Lead Backend Developer for our Enterprise team. The ideal candidate has 8-14 years of experience and is proficient in Spring Boot, Django, Python, SQL, Microservices, Node.js, GraphQL. This is a hybrid contract position focused on delivering high-quality software engineering work."
Senior DevOps Engineer,Software Engineering,Kubernetes; Linux; Ansible; Docker; Terraform; Bash; Jenkins,Senior,"Internship · On-site. We are hiring a Senior DevOps Engineer for our EdTech team. The ideal candidate has 6-10 years of experience and is proficient in Kubernetes, Linux, Ansible, Docker, Terraform, Bash, Jenkins. This is a on-site internship position focused on delivering high-quality software engineering work."
Lead Software Architect,Software Engineering,Microservices; Scalability; REST APIs; Docker; AWS; Kafka; System Design,Lead,"Full-time · Hybrid. We are hiring a Lead Software Architect for our Fintech team. The ideal candidate has 8-14 years of experience and is proficient in Microservices, Scalability, REST APIs, Docker, AWS, Kafka, System Design. This is a hybrid full-time position focused on delivering high-quality software engineering work."
Principal Full Stack Developer,Software Engineering,TypeScript; REST APIs; SQL; JavaScript; Git,Principal,"Internship · On-site. We are hiring a Principal Full Stack Developer for our E-commerce team. The ideal candidate has 12-20 years of experience and is proficient in TypeScript, REST APIs, SQL, JavaScript, Git. This is a on-site internship position focused on delivering high-quality software engineering work."
Principal Site Reliability Engineer,Software Engineering,Monitoring; Python; Kubernetes; Incident Response; Linux; Prometheus,Principal,"Contract · Remote. We are hiring a Principal Site Reliability Engineer for our Startup team. The ideal candidate has 12-20 years of experience and is proficient in Monitoring, Python, Kubernetes, Incident Response, Linux, Prometheus. This is a remote contract position focused on delivering high-quality software engineering work."
Intern Full Stack Developer,Software Engineering,TypeScript; REST APIs; Docker; JavaScript; Node.js; SQL,Intern,"Contract · Hybrid. We are hiring a Intern Full Stack Developer for our Gaming team. The ideal candidate has 0-1 years of experience and is proficient in TypeScript, REST APIs, Docker, JavaScript, Node.js, SQL. This is a hybrid contract position focused on delivering high-quality software engineering work."
Senior QA Engineer,Software Engineering,Selenium; Postman; Manual Testing; Python; Test Automation; Jira; JUnit,Senior,"Contract · On-site. We are hiring a Senior QA Engineer for our EdTech team. The ideal candidate has 6-10 years of experience and is proficient in Selenium, Postman, Manual Testing, Python, Test Automation, Jira, JUnit. This is a on-site contract position focused on delivering high-quality software engineering work."
Junior DevOps Engineer,Software Engineering,Docker; Ansible; Linux; CI/CD; Jenkins; Bash; Kubernetes,Junior,"Full-time · On-site. We are hiring a Junior DevOps Engineer for our Enterprise team. The ideal candidate has 1-3 years of experience and is proficient in Docker, Ansible, Linux, CI/CD, Jenkins, Bash, Kubernetes. This is a on-site full-time position focused on delivering high-quality software engineering work."
Junior Mobile Developer,Software Engineering,REST APIs; Android SDK; Kotlin; iOS; Flutter; UI Design; Swift,Junior,"Contract · Hybrid. We are hiring a Junior Mobile Developer for our Healthcare team. The ideal candidate has 1-3 years of experience and is proficient in REST APIs, Android SDK, Kotlin, iOS, Flutter, UI Design, Swift. This is a hybrid contract position focused on delivering high-quality software engineering work."
Intern DevOps Engineer,Software Engineering,Docker; Terraform; Monitoring; Jenkins; Kubernetes; AWS,Intern,"Internship · Remote. We are hiring a Intern DevOps Engineer for our SaaS team. The ideal candidate has 0-1 years of experience and is proficient in Docker, Terraform, Monitoring, Jenkins, Kubernetes, AWS. This is a remote internship position focused on delivering high-quality software engineering work."
Senior Software Architect,Software Engineering,REST APIs; Design Patterns; Kafka; AWS; Leadership,Senior,"Internship · Hybrid. We are hiring a Senior Software Architect for our SaaS team. The ideal candidate has 6-10 years of experience and is proficient in REST APIs, Design Patterns, Kafka, AWS, Leadership. This is a hybrid internship position focused on delivering high-quality software engineering work."
Senior Site Reliability Engineer,Software Engineering,Prometheus; Linux; AWS; Python; Go,Senior,"Internship · On-site. We are hiring a Senior Site Reliability Engineer for our Gaming team. The ideal candidate has 6-10 years of experience and is proficient in Prometheus, Linux, AWS, Python, Go. This is a on-site internship position focused on delivering high-quality software engineering work."
Lead Site Reliability Engineer,Software Engineering,Grafana; AWS; Monitoring; Incident Response; Python; Go,Lead,"Contract · On-site. We are hiring a Lead Site Reliability Engineer for our Fintech team. The ideal candidate has 8-14 years of experience and is proficient in Grafana, AWS, Monitoring, Incident Response, Python, Go. This is a on-site contract position focused on delivering high-quality software engineering work."
Intern QA Engineer,Software Engineering,Selenium; CI/CD; Manual Testing; Jira; JUnit; Bug Tracking,Intern,"Contract · Hybrid. We are hiring a Intern QA Engineer for our EdTech team. The ideal candidate has 0-1 years of experience and is proficient in Selenium, CI/CD, Manual Testing, Jira, JUnit, Bug Tracking. This is a hybrid contract position focused on delivering high-quality software engineering work."
Principal Full Stack Developer,Software Engineering,Node.js; JavaScript; Docker; REST APIs; SQL,Principal,"Internship · Hybrid. We are hiring a Principal Full Stack Developer for our EdTech team. The ideal candidate has 12-20 years of experience and is proficient in Node.js, JavaScript, Docker, REST APIs, SQL. This is a hybrid internship position focused on delivering high-quality software engineering work."
Mid-level Full Stack Developer,Software Engineering,React; MongoDB; Git; JavaScript; TypeScript; Python; REST APIs,Mid-level,"Internship · Hybrid. We are hiring a Mid-level Full Stack Developer for our Gaming team. The ideal candidate has 3-6 years of experience and is proficient in React, MongoDB, Git, JavaScript, TypeScript, Python, REST APIs. This is a hybrid internship position focused on delivering high-quality software engineering work."
Intern Software Architect,Software Engineering,Docker; System Design; Microservices; REST APIs; Design Patterns; AWS,Intern,"Full-time · Hybrid. We are hiring a Intern Software Architect for our Gaming team. The ideal candidate has 0-1 years of experience and is proficient in Docker, System Design, Microservices, REST APIs, Design Patterns, AWS. This is a hybrid full-time position focused on delivering high-quality software engineering work."
Junior DevOps Engineer,Software Engineering,Linux; Kubernetes; Terraform; Bash; AWS,Junior,"Internship · Remote. We are hiring a Junior DevOps Engineer for our SaaS team. The ideal candidate has 1-3 years of experience and is proficient in Linux, Kubernetes, Terraform, Bash, AWS. This is a remote internship position focused on delivering high-quality software engineering work."
Junior Site Reliability Engineer,Software Engineering,Kubernetes; Monitoring; Python; Go; Prometheus,Junior,"Internship · Hybrid. We are hiring a Junior Site Reliability Engineer for our Startup team. The ideal candidate has 1-3 years of experience and is proficient in Kubernetes, Monitoring, Python, Go, Prometheus. This is a hybrid internship position focused on delivering high-quality software engineering work."
Mid-level DevOps Engineer,Software Engineering,Bash; Jenkins; AWS; Kubernetes; Linux; Terraform,Mid-level,"Internship · On-site. We are hiring a Mid-level DevOps Engineer for our Gaming team. The ideal candidate has 3-6 years of experience and is proficient in Bash, Jenkins, AWS, Kubernetes, Linux, Terraform. This is a on-site internship position focused on delivering high-quality software engineering work."
Senior DevOps Engineer,Software Engineering,AWS; Linux; CI/CD; Ansible; Monitoring; Bash; Kubernetes,Senior,"Internship · Hybrid. We are hiring a Senior DevOps Engineer for our Startup team. The ideal candidate has 6-10 years of experience and is proficient in AWS, Linux, CI/CD, Ansible, Monitoring, Bash, Kubernetes. This is a hybrid internship position focused on delivering high-quality software engineering work."
Lead Site Reliability Engineer,Software Engineering,Monitoring; Terraform; Grafana; Prometheus; Go,Lead,"Contract · Hybrid. We are hiring a Lead Site Reliability Engineer for our Startup team. The ideal candidate has 8-14 years of experience and is proficient in Monitoring, Terraform, Grafana, Prometheus, Go. This is a hybrid contract position focused on delivering high-quality software engineering work."
Junior QA Engineer,Software Engineering,Selenium; Test Automation; JUnit; Jira; Cypress; Bug Tracking; Postman,Junior,"Contract · Hybrid. We are hiring a Junior QA Engineer for our Startup team. The ideal candidate has 1-3 years of experience and is proficient in Selenium, Test Automation, JUnit, Jira, Cypress, Bug Tracking, Postman. This is a hybrid contract position focused on delivering high-quality software engineering work."
Principal Frontend Developer,Software Engineering,TypeScript; CSS; Sass; Webpack; Jest; Accessibility,Principal,"Full-time · Remote. We are hiring a Principal Frontend Developer for our Gaming team. The ideal candidate has 12-20 years of experience and is proficient in TypeScript, CSS, Sass, Webpack, Jest, Accessibility. This is a remote full-time position focused on delivering high-quality software engineering work."
Mid-level DevOps Engineer,Software Engineering,Kubernetes; Monitoring; Jenkins; Terraform; Bash; Linux,Mid-level,"Internship · Remote. We are hiring a Mid-level DevOps Engineer for our SaaS team. The ideal candidate has 3-6 years of experience and is proficient in Kubernetes, Monitoring, Jenkins, Terraform, Bash, Linux. This is a remote internship position focused on delivering high-quality software engineering work."
Lead Software Architect,Software Engineering,Microservices; System Design; Leadership; Kafka; Design Patterns,Lead,"Internship · On-site. We are hiring a Lead Software Architect for our Gaming team. The ideal candidate has 8-14 years of experience and is proficient in Microservices, System Design, Leadership, Kafka, Design Patterns. This is a on-site internship position focused on delivering high-quality software engineering work."
Lead QA Engineer,Software Engineering,Cypress; JUnit; Python; Postman; Selenium,Lead,"Contract · On-site. We are hiring a Lead QA Engineer for our EdTech team. The ideal candidate has 8-14 years of experience and is proficient in Cypress, JUnit, Python, Postman, Selenium. This is a on-site contract position focused on delivering high-quality software engineering work."
Junior Software Architect,Software Engineering,Scalability; Microservices; System Design; Design Patterns; Java; Docker,Junior,"Full-time · Hybrid. We are hiring a Junior Software Architect for our E-commerce team. The ideal candidate has 1-3 years of experience and is proficient in Scalability, Microservices, System Design, Design Patterns, Java, Docker. This is a hybrid full-time position focused on delivering high-quality software engineering work."
Junior QA Engineer,Software Engineering,Bug Tracking; Jira; Postman; CI/CD; JUnit,Junior,"Contract · Remote. We are hiring a Junior QA Engineer for our SaaS team. The ideal candidate has 1-3 years of experience and is proficient in Bug Tracking, Jira, Postman, CI/CD, JUnit. This is a remote contract position focused on delivering high-quality software engineering work."
Intern Frontend Developer,Software Engineering,Redux; React; Webpack; JavaScript; Jest; HTML; Accessibility,Intern,"Contract · Hybrid. We are hiring a Intern Frontend Developer for our Startup team. The ideal candidate has 0-1 years of experience and is proficient in Redux, React, Webpack, JavaScript, Jest, HTML, Accessibility. This is a hybrid contract position focused on delivering high-quality software engineering work."
Lead Full Stack Developer,Software Engineering,React; Python; Docker; Node.js; Git; REST APIs,Lead,"Full-time · Remote. We are hiring a Lead Full Stack Developer for our Startup team. The ideal candidate has 8-14 years of experience and is proficient in React, Python, Docker, Node.js, Git, REST APIs. This is a remote full-time position focused on delivering high-quality software engineering work."
Principal QA Engineer,Software Engineering,Python; Manual Testing; Jira; CI/CD; Selenium,Principal,"Contract · On-site. We are hiring a Principal QA Engineer for our E-commerce team. The ideal candidate has 12-20 years of experience and is proficient in Python, Manual Testing, Jira, CI/CD, Selenium. This is a on-site contract position focused on delivering high-quality software engineering work."
Junior QA Engineer,Software Engineering,Python; Test Automation; Bug Tracking; Jira; JUnit,Junior,"Full-time · On-site. We are hiring a Junior QA Engineer for our EdTech team. The ideal candidate has 1-3 years of experience and is proficient in Python, Test Automation, Bug Tracking, Jira, JUnit. This is a on-site full-time position focused on delivering high-quality software engineering work."
Lead Software Architect,Software Engineering,Scalability; AWS; REST APIs; System Design; Microservices; Docker,Lead,"Full-time · Remote. We are hiring a Lead Software Architect for our Startup team. The ideal candidate has 8-14 years of experience and is proficient in Scalability, AWS, REST APIs, System Design, Microservices, Docker. This is a remote full-time position focused on delivering high-quality software engineering work."
Senior Full Stack Developer,Software Engineering,Node.js; Git; Docker; React; JavaScript; Python; SQL,Senior,"Internship · Remote. We are hiring a Senior Full Stack Developer for our Gaming team. The ideal candidate has 6-10 years of experience and is proficient in Node.js, Git, Docker, React, JavaScript, Python, SQL. This is a remote internship position focused on delivering high-quality software engineering work."
Lead Full Stack Developer,Software Engineering,Docker; React; Git; Python; MongoDB; REST APIs,Lead,"Contract · On-site. We are hiring a Lead Full Stack Developer for our EdTech team. The ideal candidate has 8-14 years of experience and is proficient in Docker, React, Git, Python, MongoDB, REST APIs. This is a on-site contract position focused on delivering high-quality software engineering work."
Lead DevOps Engineer,Software Engineering,Ansible; Bash; AWS; Linux; Monitoring; Terraform,Lead,"Full-time · Hybrid. We are hiring a Lead DevOps Engineer for our SaaS team. The ideal candidate has 8-14 years of experience and is proficient in Ansible, Bash, AWS, Linux, Monitoring, Terraform. This is a hybrid full-time position focused on delivering high-quality software engineering work."
Junior DevOps Engineer,Software Engineering,CI/CD; Linux; AWS; Kubernetes; Bash; Monitoring,Junior,"Contract · Remote. We are hiring a Junior DevOps Engineer for our E-commerce team. The ideal candidate has 1-3 years of experience and is proficient in CI/CD, Linux, AWS, Kubernetes, Bash, Monitoring. This is a remote contract position focused on delivering high-quality software engineering work."
Senior Site Reliability Engineer,Software Engineering,Incident Response; Kubernetes; Python; Monitoring; AWS,Senior,"Full-time · Hybrid. We are hiring a Senior Site Reliability Engineer for our EdTech team. The ideal candidate has 6-10 years of experience and is proficient in Incident Response, Kubernetes, Python, Monitoring, AWS. This is a hybrid full-time position focused on delivering high-quality software engineering work."
Lead Game Developer,Software Engineering,Physics; Unreal Engine; Shaders; Game Design; Unity; OpenGL,Lead,"Internship · Remote. We are hiring a Lead Game Developer for our Enterprise team. The ideal candidate has 8-14 years of experience and is proficient in Physics, Unreal Engine, Shaders, Game Design, Unity, OpenGL. This is a remote internship position focused on delivering high-quality software engineering work."
Mid-level QA Engineer,Software Engineering,JUnit; Test Automation; CI/CD; Postman; Python; Cypress,Mid-level,"Contract · Hybrid. We are hiring a Mid-level QA Engineer for our Fintech team. The ideal candidate has 3-6 years of experience and is proficient in JUnit, Test Automation, CI/CD, Postman, Python, Cypress. This is a hybrid contract position focused on delivering high-quality software engineering work."
Intern QA Engineer,Software Engineering,JUnit; Jira; Postman; Manual Testing; Python; Bug Tracking,Intern,"Full-time · Remote. We are hiring a Intern QA Engineer for our Healthcare team. The ideal candidate has 0-1 years of experience and is proficient in JUnit, Jira, Postman, Manual Testing, Python, Bug Tracking. This is a remote full-time position focused on delivering high-quality software engineering work."
Intern Full Stack Developer,Software Engineering,Docker; MongoDB; TypeScript; JavaScript; React; REST APIs; Node.js,Intern,"Contract · Remote. We are hiring a Intern Full Stack Developer for our E-commerce team. The ideal candidate has 0-1 years of experience and is proficient in Docker, MongoDB, TypeScript, JavaScript, React, REST APIs, Node.js. This is a remote contract position focused on delivering high-quality software engineering work."
Lead Full Stack Developer,Software Engineering,React; REST APIs; Docker; MongoDB; Node.js; SQL; Python,Lead,"Contract · Remote. We are hiring a Lead Full Stack Developer for our SaaS team. The ideal candidate has 8-14 years of experience and is proficient in React, REST APIs, Docker, MongoDB, Node.js, SQL, Python. This is a remote contract position focused on delivering high-quality software engineering work."
Senior Backend Developer,Software Engineering,Node.js; SQL; Spring Boot; GraphQL; Redis; Microservices; Django,Senior,"Contract · Remote. We are hiring a Senior Backend Developer for our Startup team. The ideal candidate has 6-10 years of experience and is proficient in Node.js, SQL, Spring Boot, GraphQL, Redis, Microservices, Django. This is a remote contract position focused on delivering high-quality software engineering work."
Senior Backend Developer,Software Engineering,Redis; Python; GraphQL; REST APIs; Spring Boot; Java,Senior,"Full-time · Hybrid. We are hiring a Senior Backend Developer for our E-commerce team. The ideal candidate has 6-10 years of experience and is proficient in Redis, Python, GraphQL, REST APIs, Spring Boot, Java. This is a hybrid full-time position focused on delivering high-quality software engineering work."
Intern Game Developer,Software Engineering,Unity; C++; Optimization; OpenGL; Shaders; Game Design; C#,Intern,"Internship · Hybrid. We are hiring a Intern Game Developer for our SaaS team. The ideal candidate has 0-1 years of experience and is proficient in Unity, C++, Optimization, OpenGL, Shaders, Game Design, C#. This is a hybrid internship position focused on delivering high-quality software engineering work."
Intern Game Developer,Software Engineering,Game Design; 3D Math; Optimization; OpenGL; Unreal Engine,Intern,"Internship · Remote. We are hiring a Intern Game Developer for our Startup team. The ideal candidate has 0-1 years of experience and is proficient in Game Design, 3D Math, Optimization, OpenGL, Unreal Engine. This is a remote internship position focused on delivering high-quality software engineering work."
Lead QA Engineer,Software Engineering,Test Automation; Selenium; Bug Tracking; Python; Postman; Jira; CI/CD,Lead,"Internship · Remote. We are hiring a Lead QA Engineer for our EdTech team. The ideal candidate has 8-14 years of experience and is proficient in Test Automation, Selenium, Bug Tracking, Python, Postman, Jira, CI/CD. This is a remote internship position focused on delivering high-quality software engineering work."
Junior Software Architect,Software Engineering,Java; Docker; AWS; Leadership; System Design; Microservices,Junior,"Contract · On-site. We are hiring a Junior Software Architect for our Healthcare team. The ideal candidate has 1-3 years of experience and is proficient in Java, Docker, AWS, Leadership, System Design, Microservices. This is a on-site contract position focused on delivering high-quality software engineering work."
Principal Frontend Developer,Software Engineering,Redux; Webpack; HTML; JavaScript; Jest; Accessibility; Sass,Principal,"Full-time · Hybrid. We are hiring a Principal Frontend Developer for our EdTech team. The ideal candidate has 12-20 years of experience and is proficient in Redux, Webpack, HTML, JavaScript, Jest, Accessibility, Sass. This is a hybrid full-time position focused on delivering high-quality software engineering work."
Lead Frontend Developer,Software Engineering,JavaScript; Webpack; CSS; React; HTML; TypeScript,Lead,"Contract · Remote. We are hiring a Lead Frontend Developer for our SaaS team. The ideal candidate has 8-14 years of experience and is proficient in JavaScript, Webpack, CSS, React, HTML, TypeScript. This is a remote contract position focused on delivering high-quality software engineering work."
Junior QA Engineer,Software Engineering,Cypress; Python; Bug Tracking; Test Automation; JUnit; CI/CD,Junior,"Internship · Hybrid. We are hiring a Junior QA Engineer for our E-commerce team. The ideal candidate has 1-3 years of experience and is proficient in Cypress, Python, Bug Tracking, Test Automation, JUnit, CI/CD. This is a hybrid internship position focused on delivering high-quality software engineering work."
Lead Software Architect,Software Engineering,Leadership; REST APIs; Microservices; Scalability; Java,Lead,"Internship · Hybrid. We are hiring a Lead Software Architect for our SaaS team. The ideal candidate has 8-14 years of experience and is proficient in Leadership, REST APIs, Microservices, Scalability, Java. This is a hybrid internship position focused on delivering high-quality software engineering work."
Mid-level Mobile Developer,Software Engineering,Android SDK; Git; React Native; iOS; Kotlin; UI Design,Mid-level,"Full-time · Hybrid. We are hiring a Mid-level Mobile Developer for our Startup team. The ideal candidate has 3-6 years of experience and is proficient in Android SDK, Git, React Native, iOS, Kotlin, UI Design. This is a hybrid full-time position focused on delivering high-quality software engineering work."
Senior Full Stack Developer,Software Engineering,Docker; Python; MongoDB; JavaScript; TypeScript; Git,Senior,"Contract · Hybrid. We are hiring a Senior Full Stack Developer for our SaaS team. The ideal candidate has 6-10 years of experience and is proficient in Docker, Python, MongoDB, JavaScript, TypeScript, Git. This is a hybrid contract position focused on delivering high-quality software engineering work."
Senior Mobile Developer,Software Engineering,Firebase; iOS; Android SDK; React Native; Swift; REST APIs; Git,Senior,"Full-time · Hybrid. We are hiring a Senior Mobile Developer for our Gaming team. The ideal candidate has 6-10 years of experience and is proficient in Firebase, iOS, Android SDK, React Native, Swift, REST APIs, Git. This is a hybrid full-time position focused on delivering high-quality software engineering work."
Mid-level QA Engineer,Software Engineering,JUnit; Postman; Python; Manual Testing; Cypress; Bug Tracking,Mid-level,"Internship · Remote. We are hiring a Mid-level QA Engineer for our E-commerce team. The ideal candidate has 3-6 years of experience and is proficient in JUnit, Postman, Python, Manual Testing, Cypress, Bug Tracking. This is a remote internship position focused on delivering high-quality software engineering work."
Principal Site Reliability Engineer,Software Engineering,Kubernetes; Monitoring; Incident Response; Terraform; AWS,Principal,"Contract · On-site. We are hiring a Principal Site Reliability Engineer for our Gaming team. The ideal candidate has 12-20 years of experience and is proficient in Kubernetes, Monitoring, Incident Response, Terraform, AWS. This is a on-site contract position focused on delivering high-quality software engineering work."
Senior Frontend Developer,Software Engineering,Sass; HTML; Webpack; Accessibility; Redux; CSS,Senior,"Full-time · On-site. We are hiring a Senior Frontend Developer for our Gaming team. The ideal candidate has 6-10 years of experience and is proficient in Sass, HTML, Webpack, Accessibility, Redux, CSS. This is a on-site full-time position focused on delivering high-quality software engineering work."
Mid-level QA Engineer,Software Engineering,JUnit; Python; Selenium; Bug Tracking; Test Automation; Cypress; Jira,Mid-level,"Contract · On-site. We are hiring a Mid-level QA Engineer for our Startup team. The ideal candidate has 3-6 years of experience and is proficient in JUnit, Python, Selenium, Bug Tracking, Test Automation, Cypress, Jira. This is a on-site contract position focused on delivering high-quality software engineering work."
Lead Game Developer,Software Engineering,3D Math; Optimization; C++; Physics; Unreal Engine,Lead,"Full-time · Hybrid. We are hiring a Lead Game Developer for our Fintech team. The ideal candidate has 8-14 years of experience and is proficient in 3D Math, Optimization, C++, Physics, Unreal Engine. This is a hybrid full-time position focused on delivering high-quality software engineering work."
Junior DevOps Engineer,Software Engineering,Monitoring; Terraform; CI/CD; Linux; Bash; Ansible; Kubernetes,Junior,"Full-time · On-site. We are hiring a Junior DevOps Engineer for our E-commerce team. The ideal candidate has 1-3 years of experience and is proficient in Monitoring, Terraform, CI/CD, Linux, Bash, Ansible, Kubernetes. This is a on-site full-time position focused on delivering high-quality software engineering work."
Intern Backend Developer,Software Engineering,SQL; REST APIs; Spring Boot; Node.js; Python; Django; Redis,Intern,"Contract · On-site. We are hiring a Intern Backend Developer for our SaaS team. The ideal candidate has 0-1 years of experience and is proficient in SQL, REST APIs, Spring Boot, Node.js, Python, Django, Redis. This is a on-site contract position focused on delivering high-quality software engineering work."
Intern Full Stack Developer,Software Engineering,Python; Node.js; Git; TypeScript; MongoDB; REST APIs,Intern,"Internship · Remote. We are hiring a Intern Full Stack Developer for our Fintech team. The ideal candidate has 0-1 years of experience and is proficient in Python, Node.js, Git, TypeScript, MongoDB, REST APIs. This is a remote internship position focused on delivering high-quality software engineering work."
Junior Mobile Developer,Software Engineering,iOS; Flutter; Swift; Git; Firebase,Junior,"Contract · On-site. We are hiring a Junior Mobile Developer for our Startup team. The ideal candidate has 1-3 years of experience and is proficient in iOS, Flutter, Swift, Git, Firebase. This is a on-site contract position focused on delivering high-quality software engineering work."
Mid-level Frontend Developer,Software Engineering,Webpack; CSS; Sass; React; Redux; Jest; Accessibility,Mid-level,"Full-time · On-site. We are hiring a Mid-level Frontend Developer for our SaaS team. The ideal candidate has 3-6 years of experience and is proficient in Webpack, CSS, Sass, React, Redux, Jest, Accessibility. This is a on-site full-time position focused on delivering high-quality software engineering work."
Mid-level Mobile Developer,Software Engineering,Kotlin; React Native; iOS; Swift; Flutter; Firebase,Mid-level,"Internship · Remote. We are hiring a Mid-level Mobile Developer for our Healthcare team. The ideal candidate has 3-6 years of experience and is proficient in Kotlin, React Native, iOS, Swift, Flutter, Firebase. This is a remote internship position focused on delivering high-quality software engineering work."
Lead Game Developer,Software Engineering,3D Math; Physics; Unity; OpenGL; Shaders; C++,Lead,"Contract · On-site. We are hiring a Lead Game Developer for our Healthcare team. The ideal candidate has 8-14 years of experience and is proficient in 3D Math, Physics, Unity, OpenGL, Shaders, C++. This is a on-site contract position focused on delivering high-quality software engineering work."
Principal DevOps Engineer,Software Engineering,Docker; Bash; CI/CD; Kubernetes; Ansible; AWS,Principal,"Full-time · On-site. We are hiring a Principal DevOps Engineer for our E-commerce team. The ideal candidate has 12-20 years of experience and is proficient in Docker, Bash, CI/CD, Kubernetes, Ansible, AWS. This is a on-site full-time position focused on delivering high-quality software engineering work."
Senior Frontend Developer,Software Engineering,Redux; Accessibility; TypeScript; CSS; Sass,Senior,"Full-time · Hybrid. We are hiring a Senior Frontend Developer for our Healthcare team. The ideal candidate has 6-10 years of experience and is proficient in Redux, Accessibility, TypeScript, CSS, Sass. This is a hybrid full-time position focused on delivering high-quality software engineering work."
Senior Frontend Developer,Software Engineering,CSS; TypeScript; Sass; HTML; React; Redux,Senior,"Full-time · Hybrid. We are hiring a Senior Frontend Developer for our Gaming team. The ideal candidate has 6-10 years of experience and is proficient in CSS, TypeScript, Sass, HTML, React, Redux. This is a hybrid full-time position focused on delivering high-quality software engineering work."
Junior Full Stack Developer,Software Engineering,Git; JavaScript; MongoDB; Python; SQL; Node.js; React,Junior,"Internship · Remote. We are hiring a Junior Full Stack Developer for our SaaS team. The ideal candidate has 1-3 years of experience and is proficient in Git, JavaScript, MongoDB, Python, SQL, Node.js, React. This is a remote internship position focused on delivering high-quality software engineering work."
Junior Game Developer,Software Engineering,Game Design; Physics; C++; C#; Optimization; 3D Math,Junior,"Full-time · On-site. We are hiring a Junior Game Developer for our Gaming team. The ideal candidate has 1-3 years of experience and is proficient in Game Design, Physics, C++, C#, Optimization, 3D Math. This is a on-site full-time position focused on delivering high-quality software engineering work."
Principal DevOps Engineer,Software Engineering,Kubernetes; Terraform; Bash; Monitoring; Docker; Ansible; CI/CD,Principal,"Full-time · Hybrid. We are hiring a Principal DevOps Engineer for our Gaming team. The ideal candidate has 12-20 years of experience and is proficient in Kubernetes, Terraform, Bash, Monitoring, Docker, Ansible, CI/CD. This is a hybrid full-time position focused on delivering high-quality software engineering work."
Senior Full Stack Developer,Software Engineering,Git; REST APIs; MongoDB; Docker; Python,Senior,"Contract · Remote. We are hiring a Senior Full Stack Developer for our Fintech team. The ideal candidate has 6-10 years of experience and is proficient in Git, REST APIs, MongoDB, Docker, Python. This is a remote contract position focused on delivering high-quality software engineering work."
Principal Full Stack Developer,Software Engineering,JavaScript; Python; Git; REST APIs; SQL; Docker,Principal,"Contract · Remote. We are hiring a Principal Full Stack Developer for our Gaming team. The ideal candidate has 12-20 years of experience and is proficient in JavaScript, Python, Git, REST APIs, SQL, Docker. This is a remote contract position focused on delivering high-quality software engineering work."
Intern DevOps Engineer,Software Engineering,Docker; Jenkins; Monitoring; Linux; AWS,Intern,"Full-time · Remote. We are hiring a Intern DevOps Engineer for our EdTech team. The ideal candidate has 0-1 years of experience and is proficient in Docker, Jenkins, Monitoring, Linux, AWS. This is a remote full-time position focused on delivering high-quality software engineering work."
Lead QA Engineer,Software Engineering,Test Automation; Python; Cypress; Manual Testing; Jira; Bug Tracking,Lead,"Internship · On-site. We are hiring a Lead QA Engineer for our Startup team. The ideal candidate has 8-14 years of experience and is proficient in Test Automation, Python, Cypress, Manual Testing, Jira, Bug Tracking. This is a on-site internship position focused on delivering high-quality software engineering work."
Senior Full Stack Developer,Software Engineering,React; Git; Node.js; Docker; Python; TypeScript; REST APIs,Senior,"Contract · Hybrid. We are hiring a Senior Full Stack Developer for our Healthcare team. The ideal candidate has 6-10 years of experience and is proficient in React, Git, Node.js, Docker, Python, TypeScript, REST APIs. This is a hybrid contract position focused on delivering high-quality software engineering work."
Intern Frontend Developer,Software Engineering,Accessibility; Redux; Sass; JavaScript; HTML,Intern,"Contract · Remote. We are hiring a Intern Frontend Developer for our Enterprise team. The ideal candidate has 0-1 years of experience and is proficient in Accessibility, Redux, Sass, JavaScript, HTML. This is a remote contract position focused on delivering high-quality software engineering work."
Lead Full Stack Developer,Software Engineering,Docker; Python; MongoDB; JavaScript; Git; REST APIs,Lead,"Internship · Hybrid. We are hiring a Lead Full Stack Developer for our Healthcare team. The ideal candidate has 8-14 years of experience and is proficient in Docker, Python, MongoDB, JavaScript, Git, REST APIs. This is a hybrid internship position focused on delivering high-quality software engineering work."
Lead Software Architect,Software Engineering,Design Patterns; Docker; Microservices; Kafka; Leadership,Lead,"Internship · Remote. We are hiring a Lead Software Architect for our Startup team. The ideal candidate has 8-14 years of experience and is proficient in Design Patterns, Docker, Microservices, Kafka, Leadership. This is a remote internship position focused on delivering high-quality software engineering work."
Lead Mobile Developer,Software Engineering,React Native; Swift; iOS; Git; Kotlin; Firebase; Flutter,Lead,"Full-time · Hybrid. We are hiring a Lead Mobile Developer for our EdTech team. The ideal candidate has 8-14 years of experience and is proficient in React Native, Swift, iOS, Git, Kotlin, Firebase, Flutter. This is a hybrid full-time position focused on delivering high-quality software engineering work."
Intern Backend Developer,Software Engineering,Java; Spring Boot; GraphQL; Microservices; REST APIs; Python,Intern,"Contract · Remote. We are hiring a Intern Backend Developer for our SaaS team. The ideal candidate has 0-1 years of experience and is proficient in Java, Spring Boot, GraphQL, Microservices, REST APIs, Python. This is a remote contract position focused on delivering high-quality software engineering work."
Mid-level Frontend Developer,Software Engineering,Webpack; Sass; Jest; React; Accessibility; Redux,Mid-level,"Contract · On-site. We are hiring a Mid-level Frontend Developer for our EdTech team. The ideal candidate has 3-6 years of experience and is proficient in Webpack, Sass, Jest, React, Accessibility, Redux. This is a on-site contract position focused on delivering high-quality software engineering work."
Lead Frontend Developer,Software Engineering,JavaScript; HTML; Sass; TypeScript; Accessibility; Webpack; React,Lead,"Full-time · On-site. We are hiring a Lead Frontend Developer for our Startup team. The ideal candidate has 8-14 years of experience and is proficient in JavaScript, HTML, Sass, TypeScript, Accessibility, Webpack, React. This is a on-site full-time position focused on delivering high-quality software engineering work."
Intern Frontend Developer,Software Engineering,Accessibility; Webpack; HTML; Redux; JavaScript; Jest; CSS,Intern,"Contract · Remote. We are hiring a Intern Frontend Developer for our Startup team. The ideal candidate has 0-1 years of experience and is proficient in Accessibility, Webpack, HTML, Redux, JavaScript, Jest, CSS. This is a remote contract position focused on delivering high-quality software engineering work."
Senior Site Reliability Engineer,Software Engineering,Grafana; Kubernetes; AWS; Linux; Python; Monitoring; Terraform,Senior,"Internship · Hybrid. We are hiring a Senior Site Reliability Engineer for our Healthcare team. The ideal candidate has 6-10 years of experience and is proficient in Grafana, Kubernetes, AWS, Linux, Python, Monitoring, Terraform. This is a hybrid internship position focused on delivering high-quality software engineering work."
Junior Mobile Developer,Software Engineering,Firebase; Android SDK; Kotlin; Flutter; Swift,Junior,"Contract · Remote. We are hiring a Junior Mobile Developer for our EdTech team. The ideal candidate has 1-3 years of experience and is proficient in Firebase, Android SDK, Kotlin, Flutter, Swift. This is a remote contract position focused on delivering high-quality software engineering work."
Mid-level Backend Developer,Software Engineering,SQL; GraphQL; Microservices; Java; Python; REST APIs,Mid-level,"Contract · Hybrid. We are hiring a Mid-level Backend Developer for our Startup team. The ideal candidate has 3-6 years of experience and is proficient in SQL, GraphQL, Microservices, Java, Python, REST APIs. This is a hybrid contract position focused on delivering high-quality software engineering work."
Senior Frontend Developer,Software Engineering,React; Sass; Webpack; Accessibility; JavaScript; HTML,Senior,"Full-time · Hybrid. We are hiring a Senior Frontend Developer for our Enterprise team. The ideal candidate has 6-10 years of experience and is proficient in React, Sass, Webpack, Accessibility, JavaScript, HTML. This is a hybrid full-time position focused on delivering high-quality software engineering work."
Intern Frontend Developer,Software Engineering,JavaScript; Jest; TypeScript; HTML; CSS; Accessibility,Intern,"Full-time · On-site. We are hiring a Intern Frontend Developer for our SaaS team. The ideal candidate has 0-1 years of experience and is proficient in JavaScript, Jest, TypeScript, HTML, CSS, Accessibility. This is a on-site full-time position focused on delivering high-quality software engineering work."
Junior QA Engineer,Software Engineering,Cypress; Python; CI/CD; Test Automation; Jira; Manual Testing,Junior,"Internship · Remote. We are hiring a Junior QA Engineer for our SaaS team. The ideal candidate has 1-3 years of experience and is proficient in Cypress, Python, CI/CD, Test Automation, Jira, Manual Testing. This is a remote internship position focused on delivering high-quality software engineering work."
Lead Full Stack Developer,Software Engineering,Node.js; Git; Docker; TypeScript; REST APIs; JavaScript,Lead,"Full-time · Hybrid. We are hiring a Lead Full Stack Developer for our SaaS team. The ideal candidate has 8-14 years of experience and is proficient in Node.js, Git, Docker, TypeScript, REST APIs, JavaScript. This is a hybrid full-time position focused on delivering high-quality software engineering work."
Junior Full Stack Developer,Software Engineering,React; REST APIs; MongoDB; SQL; JavaScript,Junior,"Full-time · Hybrid. We are hiring a Junior Full Stack Developer for our Fintech team. The ideal candidate has 1-3 years of experience and is proficient in React, REST APIs, MongoDB, SQL, JavaScript. This is a hybrid full-time position focused on delivering high-quality software engineering work."
Intern Game Developer,Software Engineering,OpenGL; Optimization; C++; 3D Math; C#; Physics; Unity,Intern,"Internship · On-site. We are hiring a Intern Game Developer for our SaaS team. The ideal candidate has 0-1 years of experience and is proficient in OpenGL, Optimization, C++, 3D Math, C#, Physics, Unity. This is a on-site internship position focused on delivering high-quality software engineering work."
Senior Site Reliability Engineer,Software Engineering,Terraform; Linux; Monitoring; Prometheus; Kubernetes,Senior,"Full-time · On-site. We are hiring a Senior Site Reliability Engineer for our Startup team. The ideal candidate has 6-10 years of experience and is proficient in Terraform, Linux, Monitoring, Prometheus, Kubernetes. This is a on-site full-time position focused on delivering high-quality software engineering work."
Junior Software Architect,Software Engineering,REST APIs; Java; System Design; Scalability; Design Patterns,Junior,"Full-time · Hybrid. We are hiring a Junior Software Architect for our SaaS team. The ideal candidate has 1-3 years of experience and is proficient in REST APIs, Java, System Design, Scalability, Design Patterns. This is a hybrid full-time position focused on delivering high-quality software engineering work."
Principal Full Stack Developer,Software Engineering,Python; Docker; SQL; Git; MongoDB; React,Principal,"Contract · Hybrid. We are hiring a Principal Full Stack Developer for our Startup team. The ideal candidate has 12-20 years of experience and is proficient in Python, Docker, SQL, Git, MongoDB, React. This is a hybrid contract position focused on delivering high-quality software engineering work."
Principal Mobile Developer,Software Engineering,Git; REST APIs; UI Design; Swift; Kotlin,Principal,"Internship · Remote. We are hiring a Principal Mobile Developer for our Healthcare team. The ideal candidate has 12-20 years of experience and is proficient in Git, REST APIs, UI Design, Swift, Kotlin. This is a remote internship position focused on delivering high-quality software engineering work."
Junior Full Stack Developer,Software Engineering,Git; Python; MongoDB; JavaScript; REST APIs; React,Junior,"Contract · On-site. We are hiring a Junior Full Stack Developer for our SaaS team. The ideal candidate has 1-3 years of experience and is proficient in Git, Python, MongoDB, JavaScript, REST APIs, React. This is a on-site contract position focused on delivering high-quality software engineering work."
Senior Site Reliability Engineer,Software Engineering,Prometheus; Monitoring; Terraform; AWS; Python; Incident Response,Senior,"Full-time · Remote. We are hiring a Senior Site Reliability Engineer for our Healthcare team. The ideal candidate has 6-10 years of experience and is proficient in Prometheus, Monitoring, Terraform, AWS, Python, Incident Response. This is a remote full-time position focused on delivering high-quality software engineering work."
Junior Full Stack Developer,Software Engineering,Git; Node.js; JavaScript; MongoDB; TypeScript; SQL; REST APIs,Junior,"Internship · On-site. We are hiring a Junior Full Stack Developer for our Fintech team. The ideal candidate has 1-3 years of experience and is proficient in Git, Node.js, JavaScript, MongoDB, TypeScript, SQL, REST APIs. This is a on-site internship position focused on delivering high-quality software engineering work."
Junior Game Developer,Software Engineering,Optimization; Shaders; Unity; C#; C++; Unreal Engine,Junior,"Full-time · Remote. We are hiring a Junior Game Developer for our Startup team. The ideal candidate has 1-3 years of experience and is proficient in Optimization, Shaders, Unity, C#, C++, Unreal Engine. This is a remote full-time position focused on delivering high-quality software engineering work."
Lead Mobile Developer,Software Engineering,Firebase; Swift; UI Design; Git; Android SDK; iOS; Flutter,Lead,"Full-time · On-site. We are hiring a Lead Mobile Developer for our Healthcare team. The ideal candidate has 8-14 years of experience and is proficient in Firebase, Swift, UI Design, Git, Android SDK, iOS, Flutter. This is a on-site full-time position focused on delivering high-quality software engineering work."
Principal Full Stack Developer,Software Engineering,Docker; Node.js; TypeScript; Git; REST APIs; MongoDB; JavaScript,Principal,"Internship · Hybrid. We are hiring a Principal Full Stack Developer for our SaaS team. The ideal candidate has 12-20 years of experience and is proficient in Docker, Node.js, TypeScript, Git, REST APIs, MongoDB, JavaScript. This is a hybrid internship position focused on delivering high-quality software engineering work."
Intern Backend Developer,Software Engineering,Python; Django; Java; SQL; Spring Boot; Microservices,Intern,"Contract · On-site. We are hiring a Intern Backend Developer for our Startup team. The ideal candidate has 0-1 years of experience and is proficient in Python, Django, Java, SQL, Spring Boot, Microservices. This is a on-site contract position focused on delivering high-quality software engineering work."
Junior Site Reliability Engineer,Software Engineering,Monitoring; Prometheus; Terraform; Kubernetes; Go,Junior,"Full-time · Hybrid. We are hiring a Junior Site Reliability Engineer for our Fintech team. The ideal candidate has 1-3 years of experience and is proficient in Monitoring, Prometheus, Terraform, Kubernetes, Go. This is a hybrid full-time position focused on delivering high-quality software engineering work."
Lead Backend Developer,Software Engineering,Python; Node.js; GraphQL; Django; Microservices; SQL; Spring Boot,Lead,"Contract · Hybrid. We are hiring a Lead Backend Developer for our Startup team. The ideal candidate has 8-14 years of experience and is proficient in Python, Node.js, GraphQL, Django, Microservices, SQL, Spring Boot. This is a hybrid contract position focused on delivering high-quality software engineering work."
Intern DevOps Engineer,Software Engineering,Terraform; Monitoring; Linux; AWS; Jenkins,Intern,"Contract · Remote. We are hiring a Intern DevOps Engineer for our EdTech team. The ideal candidate has 0-1 years of experience and is proficient in Terraform, Monitoring, Linux, AWS, Jenkins. This is a remote contract position focused on delivering high-quality software engineering work."
Lead Software Architect,Software Engineering,Scalability; REST APIs; Microservices; Leadership; Docker; Java,Lead,"Full-time · Remote. We are hiring a Lead Software Architect for our EdTech team. The ideal candidate has 8-14 years of experience and is proficient in Scalability, REST APIs, Microservices, Leadership, Docker, Java. This is a remote full-time position focused on delivering high-quality software engineering work."
Intern Frontend Developer,Software Engineering,Redux; Sass; React; JavaScript; HTML,Intern,"Internship · Remote. We are hiring a Intern Frontend Developer for our SaaS team. The ideal candidate has 0-1 years of experience and is proficient in Redux, Sass, React, JavaScript, HTML. This is a remote internship position focused on delivering high-quality software engineering work."
Senior Game Developer,Software Engineering,Unreal Engine; C#; Game Design; Physics; 3D Math; Optimization; OpenGL,Senior,"Internship · Remote. We are hiring a Senior Game Developer for our Healthcare team. The ideal candidate has 6-10 years of experience and is proficient in Unreal Engine, C#, Game Design, Physics, 3D Math, Optimization, OpenGL. This is a remote internship position focused on delivering high-quality software engineering work."
Junior QA Engineer,Software Engineering,Bug Tracking; Selenium; Jira; JUnit; Test Automation,Junior,"Full-time · Remote. We are hiring a Junior QA Engineer for our Healthcare team. The ideal candidate has 1-3 years of experience and is proficient in Bug Tracking, Selenium, Jira, JUnit, Test Automation. This is a remote full-time position focused on delivering high-quality software engineering work."
Intern Full Stack Developer,Software Engineering,React; Python; REST APIs; Node.js; TypeScript; SQL; Docker,Intern,"Internship · On-site. We are hiring a Intern Full Stack Developer for our EdTech team. The ideal candidate has 0-1 years of experience and is proficient in React, Python, REST APIs, Node.js, TypeScript, SQL, Docker. This is a on-site internship position focused on delivering high-quality software engineering work."
Senior Site Reliability Engineer,Software Engineering,AWS; Grafana; Terraform; Monitoring; Kubernetes,Senior,"Internship · Remote. We are hiring a Senior Site Reliability Engineer for our Healthcare team. The ideal candidate has 6-10 years of experience and is proficient in AWS, Grafana, Terraform, Monitoring, Kubernetes. This is a remote internship position focused on delivering high-quality software engineering work."
Principal Game Developer,Software Engineering,Optimization; Unity; C#; C++; Unreal Engine; 3D Math,Principal,"Full-time · Hybrid. We are hiring a Principal Game Developer for our EdTech team. The ideal candidate has 12-20 years of experience and is proficient in Optimization, Unity, C#, C++, Unreal Engine, 3D Math. This is a hybrid full-time position focused on delivering high-quality software engineering work."
Mid-level DevOps Engineer,Software Engineering,Bash; Jenkins; Docker; Terraform; Linux,Mid-level,"Full-time · On-site. We are hiring a Mid-level DevOps Engineer for our Enterprise team. The ideal candidate has 3-6 years of experience and is proficient in Bash, Jenkins, Docker, Terraform, Linux. This is a on-site full-time position focused on delivering high-quality software engineering work."
Mid-level Backend Developer,Software Engineering,Microservices; SQL; Node.js; Spring Boot; Redis; REST APIs,Mid-level,"Contract · Hybrid. We are hiring a Mid-level Backend Developer for our Gaming team. The ideal candidate has 3-6 years of experience and is proficient in Microservices, SQL, Node.js, Spring Boot, Redis, REST APIs. This is a hybrid contract position focused on delivering high-quality software engineering work."
Mid-level Mobile Developer,Software Engineering,Flutter; Git; Android SDK; UI Design; REST APIs; Firebase; React Native,Mid-level,"Contract · On-site. We are hiring a Mid-level Mobile Developer for our E-commerce team. The ideal candidate has 3-6 years of experience and is proficient in Flutter, Git, Android SDK, UI Design, REST APIs, Firebase, React Native. This is a on-site contract position focused on delivering high-quality software engineering work."
Principal Site Reliability Engineer,Software Engineering,Grafana; Python; Go; Terraform; Linux; Prometheus; AWS,Principal,"Contract · On-site. We are hiring a Principal Site Reliability Engineer for our SaaS team. The ideal candidate has 12-20 years of experience and is proficient in Grafana, Python, Go, Terraform, Linux, Prometheus, AWS. This is a on-site contract position focused on delivering high-quality software engineering work."
Junior Game Developer,Software Engineering,Unreal Engine; Game Design; C++; C#; Physics; OpenGL; Shaders,Junior,"Full-time · On-site. We are hiring a Junior Game Developer for our Healthcare team. The ideal candidate has 1-3 years of experience and is proficient in Unreal Engine, Game Design, C++, C#, Physics, OpenGL, Shaders. This is a on-site full-time position focused on delivering high-quality software engineering work."
Intern DevOps Engineer,Software Engineering,CI/CD; Ansible; Linux; Terraform; Kubernetes; AWS,Intern,"Full-time · Hybrid. We are hiring a Intern DevOps Engineer for our Enterprise team. The ideal candidate has 0-1 years of experience and is proficient in CI/CD, Ansible, Linux, Terraform, Kubernetes, AWS. This is a hybrid full-time position focused on delivering high-quality software engineering work."
Principal Full Stack Developer,Software Engineering,Docker; SQL; Node.js; Git; REST APIs,Principal,"Full-time · On-site. We are hiring a Principal Full Stack Developer for our Enterprise team. The ideal candidate has 12-20 years of experience and is proficient in Docker, SQL, Node.js, Git, REST APIs. This is a on-site full-time position focused on delivering high-quality software engineering work."
Mid-level Full Stack Developer,Software Engineering,Python; Docker; SQL; Git; React; MongoDB; Node.js,Mid-level,"Contract · On-site. We are hiring a Mid-level Full Stack Developer for our SaaS team. The ideal candidate has 3-6 years of experience and is proficient in Python, Docker, SQL, Git, React, MongoDB, Node.js. This is a on-site contract position focused on delivering high-quality software engineering work."
Lead Site Reliability Engineer,Software Engineering,AWS; Go; Linux; Prometheus; Incident Response; Grafana; Python,Lead,"Internship · On-site. We are hiring a Lead Site Reliability Engineer for our Healthcare team. The ideal candidate has 8-14 years of experience and is proficient in AWS, Go, Linux, Prometheus, Incident Response, Grafana, Python. This is a on-site internship position focused on delivering high-quality software engineering work."
Principal Mobile Developer,Software Engineering,Firebase; Flutter; Swift; Git; Kotlin,Principal,"Internship · Hybrid. We are hiring a Principal Mobile Developer for our Enterprise team. The ideal candidate has 12-20 years of experience and is proficient in Firebase, Flutter, Swift, Git, Kotlin. This is a hybrid internship position focused on delivering high-quality software engineering work."
Mid-level Mobile Developer,Software Engineering,Swift; Android SDK; REST APIs; Flutter; Git,Mid-level,"Internship · Hybrid. We are hiring a Mid-level Mobile Developer for our Fintech team. The ideal candidate has 3-6 years of experience and is proficient in Swift, Android SDK, REST APIs, Flutter, Git. This is a hybrid internship position focused on delivering high-quality software engineering work."
Principal Backend Developer,Software Engineering,REST APIs; GraphQL; Django; Redis; Spring Boot,Principal,"Full-time · On-site. We are hiring a Principal Backend Developer for our SaaS team. The ideal candidate has 12-20 years of experience and is proficient in REST APIs, GraphQL, Django, Redis, Spring Boot. This is a on-site full-time position focused on delivering high-quality software engineering work."
Intern Site Reliability Engineer,Software Engineering,Monitoring; Prometheus; Kubernetes; AWS; Go,Intern,"Contract · Hybrid. We are hiring a Intern Site Reliability Engineer for our Fintech team. The ideal candidate has 0-1 years of experience and is proficient in Monitoring, Prometheus, Kubernetes, AWS, Go. This is a hybrid contract position focused on delivering high-quality software engineering work."
Mid-level Site Reliability Engineer,Software Engineering,Python; Go; Prometheus; Incident Response; Terraform; Monitoring; Linux,Mid-level,"Full-time · Remote. We are hiring a Mid-level Site Reliability Engineer for our Enterprise team. The ideal candidate has 3-6 years of experience and is proficient in Python, Go, Prometheus, Incident Response, Terraform, Monitoring, Linux. This is a remote full-time position focused on delivering high-quality software engineering work."
Junior Software Architect,Software Engineering,Design Patterns; Scalability; Kafka; Leadership; System Design,Junior,"Contract · Remote. We are hiring a Junior Software Architect for our E-commerce team. The ideal candidate has 1-3 years of experience and is proficient in Design Patterns, Scalability, Kafka, Leadership, System Design. This is a remote contract position focused on delivering high-quality software engineering work."
Lead Site Reliability Engineer,Software Engineering,Python; Prometheus; Incident Response; Terraform; Grafana; Monitoring,Lead,"Contract · Hybrid. We are hiring a Lead Site Reliability Engineer for our SaaS team. The ideal candidate has 8-14 years of experience and is proficient in Python, Prometheus, Incident Response, Terraform, Grafana, Monitoring. This is a hybrid contract position focused on delivering high-quality software engineering work."
Mid-level Software Architect,Software Engineering,Microservices; Design Patterns; Kafka; Java; REST APIs; Scalability,Mid-level,"Contract · On-site. We are hiring a Mid-level Software Architect for our E-commerce team. The ideal candidate has 3-6 years of experience and is proficient in Microservices, Design Patterns, Kafka, Java, REST APIs, Scalability. This is a on-site contract position focused on delivering high-quality software engineering work."
Intern Software Architect,Software Engineering,Microservices; Design Patterns; System Design; Scalability; AWS; Docker; Java,Intern,"Contract · Remote. We are hiring a Intern Software Architect for our Enterprise team. The ideal candidate has 0-1 years of experience and is proficient in Microservices, Design Patterns, System Design, Scalability, AWS, Docker, Java. This is a remote contract position focused on delivering high-quality software engineering work."
Senior Mobile Developer,Software Engineering,Flutter; Firebase; iOS; UI Design; Swift; REST APIs; Git,Senior,"Full-time · Hybrid. We are hiring a Senior Mobile Developer for our Fintech team. The ideal candidate has 6-10 years of experience and is proficient in Flutter, Firebase, iOS, UI Design, Swift, REST APIs, Git. This is a hybrid full-time position focused on delivering high-quality software engineering work."
Junior Frontend Developer,Software Engineering,Accessibility; TypeScript; React; JavaScript; Jest,Junior,"Contract · Remote. We are hiring a Junior Frontend Developer for our SaaS team. The ideal candidate has 1-3 years of experience and is proficient in Accessibility, TypeScript, React, JavaScript, Jest. This is a remote contract position focused on delivering high-quality software engineering work."
Lead Site Reliability Engineer,Software Engineering,Go; Monitoring; AWS; Prometheus; Python; Linux,Lead,"Internship · Hybrid. We are hiring a Lead Site Reliability Engineer for our E-commerce team. The ideal candidate has 8-14 years of experience and is proficient in Go, Monitoring, AWS, Prometheus, Python, Linux. This is a hybrid internship position focused on delivering high-quality software engineering work."
Junior Software Architect,Software Engineering,Scalability; Java; System Design; Docker; Leadership; Kafka; REST APIs,Junior,"Internship · Hybrid. We are hiring a Junior Software Architect for our Startup team. The ideal candidate has 1-3 years of experience and is proficient in Scalability, Java, System Design, Docker, Leadership, Kafka, REST APIs. This is a hybrid internship position focused on delivering high-quality software engineering work."
Intern Full Stack Developer,Software Engineering,JavaScript; TypeScript; Node.js; React; REST APIs,Intern,"Full-time · Remote. We are hiring a Intern Full Stack Developer for our Gaming team. The ideal candidate has 0-1 years of experience and is proficient in JavaScript, TypeScript, Node.js, React, REST APIs. This is a remote full-time position focused on delivering high-quality software engineering work."
Lead Full Stack Developer,Software Engineering,React; Git; Node.js; Docker; Python; TypeScript,Lead,"Full-time · On-site. We are hiring a Lead Full Stack Developer for our SaaS team. The ideal candidate has 8-14 years of experience and is proficient in React, Git, Node.js, Docker, Python, TypeScript. This is a on-site full-time position focused on delivering high-quality software engineering work."
Senior Backend Developer,Software Engineering,REST APIs; Django; Node.js; Java; SQL; Spring Boot; Microservices,Senior,"Internship · Hybrid. We are hiring a Senior Backend Developer for our Enterprise team. The ideal candidate has 6-10 years of experience and is proficient in REST APIs, Django, Node.js, Java, SQL, Spring Boot, Microservices. This is a hybrid internship position focused on delivering high-quality software engineering work."
Senior Software Architect,Software Engineering,Java; Leadership; AWS; Design Patterns; Microservices; Scalability,Senior,"Internship · On-site. We are hiring a Senior Software Architect for our Enterprise team. The ideal candidate has 6-10 years of experience and is proficient in Java, Leadership, AWS, Design Patterns, Microservices, Scalability. This is a on-site internship position focused on delivering high-quality software engineering work."
Intern Mobile Developer,Software Engineering,Git; React Native; Firebase; Flutter; Kotlin; Android SDK,Intern,"Internship · Hybrid. We are hiring a Intern Mobile Developer for our SaaS team. The ideal candidate has 0-1 years of experience and is proficient in Git, React Native, Firebase, Flutter, Kotlin, Android SDK. This is a hybrid internship position focused on delivering high-quality software engineering work."
Intern Frontend Developer,Software Engineering,Accessibility; Sass; TypeScript; Webpack; CSS; Redux,Intern,"Internship · Remote. We are hiring a Intern Frontend Developer for our Fintech team. The ideal candidate has 0-1 years of experience and is proficient in Accessibility, Sass, TypeScript, Webpack, CSS, Redux. This is a remote internship position focused on delivering high-quality software engineering work."
Mid-level QA Engineer,Software Engineering,Bug Tracking; Test Automation; Manual Testing; Python; Selenium; CI/CD; Cypress,Mid-level,"Internship · Hybrid. We are hiring a Mid-level QA Engineer for our Gaming team. The ideal candidate has 3-6 years of experience and is proficient in Bug Tracking, Test Automation, Manual Testing, Python, Selenium, CI/CD, Cypress. This is a hybrid internship position focused on delivering high-quality software engineering work."
Mid-level Software Architect,Software Engineering,REST APIs; System Design; Microservices; Docker; Scalability; Design Patterns,Mid-level,"Contract · Remote. We are hiring a Mid-level Software Architect for our SaaS team. The ideal candidate has 3-6 years of experience and is proficient in REST APIs, System Design, Microservices, Docker, Scalability, Design Patterns. This is a remote contract position focused on delivering high-quality software engineering work."
Lead Backend Developer,Software Engineering,Django; Python; Node.js; GraphQL; Redis; Microservices,Lead,"Internship · On-site. We are hiring a Lead Backend Developer for our Startup team. The ideal candidate has 8-14 years of experience and is proficient in Django, Python, Node.js, GraphQL, Redis, Microservices. This is a on-site internship position focused on delivering high-quality software engineering work."
Intern Frontend Developer,Software Engineering,Redux; Accessibility; React; Webpack; HTML; Jest,Intern,"Contract · On-site. We are hiring a Intern Frontend Developer for our Gaming team. The ideal candidate has 0-1 years of experience and is proficient in Redux, Accessibility, React, Webpack, HTML, Jest. This is a on-site contract position focused on delivering high-quality software engineering work."
Intern Software Architect,Software Engineering,System Design; Kafka; AWS; Java; Docker; Scalability; Leadership,Intern,"Contract · Remote. We are hiring a Intern Software Architect for our EdTech team. The ideal candidate has 0-1 years of experience and is proficient in System Design, Kafka, AWS, Java, Docker, Scalability, Leadership. This is a remote contract position focused on delivering high-quality software engineering work."
Intern Game Developer,Software Engineering,Physics; Unity; Optimization; Game Design; Shaders; 3D Math; Unreal Engine,Intern,"Full-time · On-site. We are hiring a Intern Game Developer for our Startup team. The ideal candidate has 0-1 years of experience and is proficient in Physics, Unity, Optimization, Game Design, Shaders, 3D Math, Unreal Engine. This is a on-site full-time position focused on delivering high-quality software engineering work."
Lead Backend Developer,Software Engineering,Django; Microservices; GraphQL; SQL; Node.js; Java; Python,Lead,"Contract · On-site. We are hiring a Lead Backend Developer for our EdTech team. The ideal candidate has 8-14 years of experience and is proficient in Django, Microservices, GraphQL, SQL, Node.js, Java, Python. This is a on-site contract position focused on delivering high-quality software engineering work."
Junior Software Architect,Software Engineering,Microservices; Design Patterns; REST APIs; System Design; Scalability; AWS,Junior,"Contract · On-site. We are hiring a Junior Software Architect for our EdTech team. The ideal candidate has 1-3 years of experience and is proficient in Microservices, Design Patterns, REST APIs, System Design, Scalability, AWS. This is a on-site contract position focused on delivering high-quality software engineering work."
Mid-level Site Reliability Engineer,Software Engineering,Go; Monitoring; Grafana; Linux; Python; Terraform,Mid-level,"Internship · Hybrid. We are hiring a Mid-level Site Reliability Engineer for our SaaS team. The ideal candidate has 3-6 years of experience and is proficient in Go, Monitoring, Grafana, Linux, Python, Terraform. This is a hybrid internship position focused on delivering high-quality software engineering work."
Junior Mobile Developer,Software Engineering,Flutter; React Native; Swift; iOS; REST APIs,Junior,"Full-time · Hybrid. We are hiring a Junior Mobile Developer for our SaaS team. The ideal candidate has 1-3 years of experience and is proficient in Flutter, React Native, Swift, iOS, REST APIs. This is a hybrid full-time position focused on delivering high-quality software engineering work."
Principal Site Reliability Engineer,Software Engineering,AWS; Kubernetes; Linux; Go; Prometheus; Incident Response; Terraform,Principal,"Full-time · On-site. We are hiring a Principal Site Reliability Engineer for our Startup team. The ideal candidate has 12-20 years of experience and is proficient in AWS, Kubernetes, Linux, Go, Prometheus, Incident Response, Terraform. This is a on-site full-time position focused on delivering high-quality software engineering work."
Junior QA Engineer,Software Engineering,Jira; CI/CD; Cypress; Test Automation; Manual Testing,Junior,"Contract · Hybrid. We are hiring a Junior QA Engineer for our EdTech team. The ideal candidate has 1-3 years of experience and is proficient in Jira, CI/CD, Cypress, Test Automation, Manual Testing. This is a hybrid contract position focused on delivering high-quality software engineering work."
Intern Full Stack Developer,Software Engineering,TypeScript; Docker; REST APIs; Git; Node.js; JavaScript; React,Intern,"Internship · On-site. We are hiring a Intern Full Stack Developer for our Gaming team. The ideal candidate has 0-1 years of experience and is proficient in TypeScript, Docker, REST APIs, Git, Node.js, JavaScript, React. This is a on-site internship position focused on delivering high-quality software engineering work."
Senior Full Stack Developer,Software Engineering,MongoDB; SQL; REST APIs; Docker; JavaScript; Node.js; Python,Senior,"Contract · On-site. We are hiring a Senior Full Stack Developer for our SaaS team. The ideal candidate has 6-10 years of experience and is proficient in MongoDB, SQL, REST APIs, Docker, JavaScript, Node.js, Python. This is a on-site contract position focused on delivering high-quality software engineering work."
Junior QA Engineer,Software Engineering,Bug Tracking; Python; Cypress; Manual Testing; Jira,Junior,"Full-time · Remote. We are hiring a Junior QA Engineer for our Startup team. The ideal candidate has 1-3 years of experience and is proficient in Bug Tracking, Python, Cypress, Manual Testing, Jira. This is a remote full-time position focused on delivering high-quality software engineering work."
Lead Game Developer,Software Engineering,OpenGL; Physics; Unity; Optimization; Shaders; Unreal Engine; C#,Lead,"Full-time · On-site. We are hiring a Lead Game Developer for our Gaming team. The ideal candidate has 8-14 years of experience and is proficient in OpenGL, Physics, Unity, Optimization, Shaders, Unreal Engine, C#. This is a on-site full-time position focused on delivering high-quality software engineering work."
Lead DevOps Engineer,Software Engineering,Jenkins; Linux; Ansible; AWS; CI/CD,Lead,"Contract · Hybrid. We are hiring a Lead DevOps Engineer for our SaaS team. The ideal candidate has 8-14 years of experience and is proficient in Jenkins, Linux, Ansible, AWS, CI/CD. This is a hybrid contract position focused on delivering high-quality software engineering work."
Mid-level DevOps Engineer,Software Engineering,Linux; Docker; Kubernetes; Terraform; Bash,Mid-level,"Internship · Hybrid. We are hiring a Mid-level DevOps Engineer for our E-commerce team. The ideal candidate has 3-6 years of experience and is proficient in Linux, Docker, Kubernetes, Terraform, Bash. This is a hybrid internship position focused on delivering high-quality software engineering work."
Lead Site Reliability Engineer,Software Engineering,Monitoring; Incident Response; Terraform; Prometheus; Grafana,Lead,"Full-time · Hybrid. We are hiring a Lead Site Reliability Engineer for our Healthcare team. The ideal candidate has 8-14 years of experience and is proficient in Monitoring, Incident Response, Terraform, Prometheus, Grafana. This is a hybrid full-time position focused on delivering high-quality software engineering work."
Junior Game Developer,Software Engineering,Game Design; C#; Optimization; 3D Math; Shaders; Unreal Engine; C++,Junior,"Internship · On-site. We are hiring a Junior Game Developer for our Enterprise team. The ideal candidate has 1-3 years of experience and is proficient in Game Design, C#, Optimization, 3D Math, Shaders, Unreal Engine, C++. This is a on-site internship position focused on delivering high-quality software engineering work."
Intern DevOps Engineer,Software Engineering,Monitoring; Bash; Jenkins; Terraform; Linux; Kubernetes; Ansible,Intern,"Contract · On-site. We are hiring a Intern DevOps Engineer for our SaaS team. The ideal candidate has 0-1 years of experience and is proficient in Monitoring, Bash, Jenkins, Terraform, Linux, Kubernetes, Ansible. This is a on-site contract position focused on delivering high-quality software engineering work."
Principal Game Developer,Software Engineering,Shaders; C#; Physics; Game Design; OpenGL,Principal,"Full-time · On-site. We are hiring a Principal Game Developer for our Startup team. The ideal candidate has 12-20 years of experience and is proficient in Shaders, C#, Physics, Game Design, OpenGL. This is a on-site full-time position focused on delivering high-quality software engineering work."
Lead Site Reliability Engineer,Software Engineering,Incident Response; Linux; Go; Prometheus; Monitoring; Terraform; Grafana,Lead,"Full-time · Remote. We are hiring a Lead Site Reliability Engineer for our Gaming team. The ideal candidate has 8-14 years of experience and is proficient in Incident Response, Linux, Go, Prometheus, Monitoring, Terraform, Grafana. This is a remote full-time position focused on delivering high-quality software engineering work."
Senior DevOps Engineer,Software Engineering,Ansible; CI/CD; Bash; Docker; Monitoring,Senior,"Contract · Hybrid. We are hiring a Senior DevOps Engineer for our EdTech team. The ideal candidate has 6-10 years of experience and is proficient in Ansible, CI/CD, Bash, Docker, Monitoring. This is a hybrid contract position focused on delivering high-quality software engineering work."
Lead Software Architect,Software Engineering,REST APIs; AWS; Leadership; Docker; Kafka; Java; Microservices,Lead,"Contract · On-site. We are hiring a Lead Software Architect for our Gaming team. The ideal candidate has 8-14 years of experience and is proficient in REST APIs, AWS, Leadership, Docker, Kafka, Java, Microservices. This is a on-site contract position focused on delivering high-quality software engineering work."
Lead Mobile Developer,Software Engineering,REST APIs; UI Design; Android SDK; React Native; Kotlin; iOS,Lead,"Full-time · On-site. We are hiring a Lead Mobile Developer for our E-commerce team. The ideal candidate has 8-14 years of experience and is proficient in REST APIs, UI Design, Android SDK, React Native, Kotlin, iOS. This is a on-site full-time position focused on delivering high-quality software engineering work."
Intern QA Engineer,Software Engineering,Bug Tracking; Postman; Cypress; CI/CD; Manual Testing; Selenium,Intern,"Full-time · Remote. We are hiring a Intern QA Engineer for our Fintech team. The ideal candidate has 0-1 years of experience and is proficient in Bug Tracking, Postman, Cypress, CI/CD, Manual Testing, Selenium. This is a remote full-time position focused on delivering high-quality software engineering work."
Principal Game Developer,Software Engineering,Game Design; C++; Unreal Engine; OpenGL; Shaders; 3D Math; Unity,Principal,"Internship · Hybrid. We are hiring a Principal Game Developer for our Enterprise team. The ideal candidate has 12-20 years of experience and is proficient in Game Design, C++, Unreal Engine, OpenGL, Shaders, 3D Math, Unity. This is a hybrid internship position focused on delivering high-quality software engineering work."
Mid-level QA Engineer,Software Engineering,Selenium; Postman; CI/CD; JUnit; Manual Testing; Bug Tracking,Mid-level,"Full-time · Remote. We are hiring a Mid-level QA Engineer for our Enterprise team. The ideal candidate has 3-6 years of experience and is proficient in Selenium, Postman, CI/CD, JUnit, Manual Testing, Bug Tracking. This is a remote full-time position focused on delivering high-quality software engineering work."
Principal Game Developer,Software Engineering,Physics; Optimization; 3D Math; C#; Shaders; Unity,Principal,"Contract · Remote. We are hiring a Principal Game Developer for our Gaming team. The ideal candidate has 12-20 years of experience and is proficient in Physics, Optimization, 3D Math, C#, Shaders, Unity. This is a remote contract position focused on delivering high-quality software engineering work."
Mid-level QA Engineer,Software Engineering,Test Automation; Python; Postman; Bug Tracking; Manual Testing; Selenium; CI/CD,Mid-level,"Full-time · Remote. We are hiring a Mid-level QA Engineer for our Healthcare team. The ideal candidate has 3-6 years of experience and is proficient in Test Automation, Python, Postman, Bug Tracking, Manual Testing, Selenium, CI/CD. This is a remote full-time position focused on delivering high-quality software engineering work."
Principal Software Architect,Software Engineering,Design Patterns; REST APIs; AWS; Java; Docker; Scalability,Principal,"Full-time · On-site. We are hiring a Principal Software Architect for our Healthcare team. The ideal candidate has 12-20 years of experience and is proficient in Design Patterns, REST APIs, AWS, Java, Docker, Scalability. This is a on-site full-time position focused on delivering high-quality software engineering work."
Junior Full Stack Developer,Software Engineering,React; Git; SQL; MongoDB; REST APIs,Junior,"Full-time · Hybrid. We are hiring a Junior Full Stack Developer for our Gaming team. The ideal candidate has 1-3 years of experience and is proficient in React, Git, SQL, MongoDB, REST APIs. This is a hybrid full-time position focused on delivering high-quality software engineering work."
Principal Full Stack Developer,Software Engineering,MongoDB; React; Docker; SQL; Node.js; JavaScript; TypeScript,Principal,"Internship · Hybrid. We are hiring a Principal Full Stack Developer for our Healthcare team. The ideal candidate has 12-20 years of experience and is proficient in MongoDB, React, Docker, SQL, Node.js, JavaScript, TypeScript. This is a hybrid internship position focused on delivering high-quality software engineering work."
Principal Game Developer,Software Engineering,Unity; 3D Math; OpenGL; Optimization; C++; Shaders,Principal,"Contract · On-site. We are hiring a Principal Game Developer for our EdTech team. The ideal candidate has 12-20 years of experience and is proficient in Unity, 3D Math, OpenGL, Optimization, C++, Shaders. This is a on-site contract position focused on delivering high-quality software engineering work."
Junior DevOps Engineer,Software Engineering,Docker; Terraform; Linux; Monitoring; CI/CD; AWS; Ansible,Junior,"Internship · On-site. We are hiring a Junior DevOps Engineer for our Enterprise team. The ideal candidate has 1-3 years of experience and is proficient in Docker, Terraform, Linux, Monitoring, CI/CD, AWS, Ansible. This is a on-site internship position focused on delivering high-quality software engineering work."
Principal Game Developer,Software Engineering,3D Math; Physics; C#; Game Design; Unity; Unreal Engine; Optimization,Principal,"Contract · Remote. We are hiring a Principal Game Developer for our Startup team. The ideal candidate has 12-20 years of experience and is proficient in 3D Math, Physics, C#, Game Design, Unity, Unreal Engine, Optimization. This is a remote contract position focused on delivering high-quality software engineering work."
Principal Mobile Developer,Software Engineering,Flutter; Git; Android SDK; REST APIs; UI Design,Principal,"Full-time · Remote. We are hiring a Principal Mobile Developer for our E-commerce team. The ideal candidate has 12-20 years of experience and is proficient in Flutter, Git, Android SDK, REST APIs, UI Design. This is a remote full-time position focused on delivering high-quality software engineering work."
Principal Game Developer,Software Engineering,Game Design; 3D Math; Shaders; OpenGL; Optimization; Physics; C#,Principal,"Internship · On-site. We are hiring a Principal Game Developer for our Startup team. The ideal candidate has 12-20 years of experience and is proficient in Game Design, 3D Math, Shaders, OpenGL, Optimization, Physics, C#. This is a on-site internship position focused on delivering high-quality software engineering work."
Mid-level Site Reliability Engineer,Software Engineering,Kubernetes; Go; Monitoring; Prometheus; Linux,Mid-level,"Contract · Hybrid. We are hiring a Mid-level Site Reliability Engineer for our Fintech team. The ideal candidate has 3-6 years of experience and is proficient in Kubernetes, Go, Monitoring, Prometheus, Linux. This is a hybrid contract position focused on delivering high-quality software engineering work."
Lead Game Developer,Software Engineering,C++; Shaders; OpenGL; Game Design; 3D Math; Optimization,Lead,"Internship · Hybrid. We are hiring a Lead Game Developer for our Gaming team. The ideal candidate has 8-14 years of experience and is proficient in C++, Shaders, OpenGL, Game Design, 3D Math, Optimization. This is a hybrid internship position focused on delivering high-quality software engineering work."
Junior Backend Developer,Software Engineering,SQL; Python; Java; Spring Boot; Django; REST APIs,Junior,"Internship · Remote. We are hiring a Junior Backend Developer for our Gaming team. The ideal candidate has 1-3 years of experience and is proficient in SQL, Python, Java, Spring Boot, Django, REST APIs. This is a remote internship position focused on delivering high-quality software engineering work."
Senior Backend Developer,Software Engineering,Node.js; REST APIs; Redis; Spring Boot; Microservices,Senior,"Full-time · On-site. We are hiring a Senior Backend Developer for our Enterprise team. The ideal candidate has 6-10 years of experience and is proficient in Node.js, REST APIs, Redis, Spring Boot, Microservices. This is a on-site full-time position focused on delivering high-quality software engineering work."
Principal Software Architect,Software Engineering,Java; System Design; Docker; AWS; Leadership; Kafka; Scalability,Principal,"Contract · Remote. We are hiring a Principal Software Architect for our Startup team. The ideal candidate has 12-20 years of experience and is proficient in Java, System Design, Docker, AWS, Leadership, Kafka, Scalability. This is a remote contract position focused on delivering high-quality software engineering work."
Senior Site Reliability Engineer,Software Engineering,Incident Response; Python; Linux; Prometheus; Go,Senior,"Internship · Hybrid. We are hiring a Senior Site Reliability Engineer for our SaaS team. The ideal candidate has 6-10 years of experience and is proficient in Incident Response, Python, Linux, Prometheus, Go. This is a hybrid internship position focused on delivering high-quality software engineering work."
Principal Software Architect,Software Engineering,Scalability; Design Patterns; Microservices; Kafka; REST APIs,Principal,"Internship · Remote. We are hiring a Principal Software Architect for our Gaming team. The ideal candidate has 12-20 years of experience and is proficient in Scalability, Design Patterns, Microservices, Kafka, REST APIs. This is a remote internship position focused on delivering high-quality software engineering work."
Junior Site Reliability Engineer,Software Engineering,Prometheus; Linux; Go; Kubernetes; AWS,Junior,"Contract · On-site. We are hiring a Junior Site Reliability Engineer for our Gaming team. The ideal candidate has 1-3 years of experience and is proficient in Prometheus, Linux, Go, Kubernetes, AWS. This is a on-site contract position focused on delivering high-quality software engineering work."
Mid-level Game Developer,Software Engineering,C#; Physics; Shaders; C++; Unreal Engine; Optimization; OpenGL,Mid-level,"Contract · Remote. We are hiring a Mid-level Game Developer for our EdTech team. The ideal candidate has 3-6 years of experience and is proficient in C#, Physics, Shaders, C++, Unreal Engine, Optimization, OpenGL. This is a remote contract position focused on delivering high-quality software engineering work."
Lead DevOps Engineer,Software Engineering,AWS; Jenkins; Ansible; Linux; Terraform; Kubernetes,Lead,"Internship · On-site. We are hiring a Lead DevOps Engineer for our EdTech team. The ideal candidate has 8-14 years of experience and is proficient in AWS, Jenkins, Ansible, Linux, Terraform, Kubernetes. This is a on-site internship position focused on delivering high-quality software engineering work."
Junior DevOps Engineer,Software Engineering,Kubernetes; Monitoring; Linux; CI/CD; Terraform; Docker; Ansible,Junior,"Full-time · On-site. We are hiring a Junior DevOps Engineer for our Gaming team. The ideal candidate has 1-3 years of experience and is proficient in Kubernetes, Monitoring, Linux, CI/CD, Terraform, Docker, Ansible. This is a on-site full-time position focused on delivering high-quality software engineering work."
Intern Software Architect,Software Engineering,Design Patterns; Kafka; Java; System Design; AWS; Leadership; Docker,Intern,"Internship · Hybrid. We are hiring a Intern Software Architect for our E-commerce team. The ideal candidate has 0-1 years of experience and is proficient in Design Patterns, Kafka, Java, System Design, AWS, Leadership, Docker. This is a hybrid internship position focused on delivering high-quality software engineering work."
Senior Full Stack Developer,Software Engineering,Docker; Node.js; TypeScript; Python; React; REST APIs,Senior,"Contract · Hybrid. We are hiring a Senior Full Stack Developer for our E-commerce team. The ideal candidate has 6-10 years of experience and is proficient in Docker, Node.js, TypeScript, Python, React, REST APIs. This is a hybrid contract position focused on delivering high-quality software engineering work."
Mid-level Frontend Developer,Software Engineering,Jest; TypeScript; React; Sass; Webpack; Accessibility,Mid-level,"Contract · Hybrid. We are hiring a Mid-level Frontend Developer for our Healthcare team. The ideal candidate has 3-6 years of experience and is proficient in Jest, TypeScript, React, Sass, Webpack, Accessibility. This is a hybrid contract position focused on delivering high-quality software engineering work."
Mid-level Backend Developer,Software Engineering,SQL; GraphQL; Redis; Django; Microservices; REST APIs; Spring Boot,Mid-level,"Internship · Remote. We are hiring a Mid-level Backend Developer for our Healthcare team. The ideal candidate has 3-6 years of experience and is proficient in SQL, GraphQL, Redis, Django, Microservices, REST APIs, Spring Boot. This is a remote internship position focused on delivering high-quality software engineering work."
Lead Software Architect,Software Engineering,Docker; Java; Design Patterns; Microservices; Leadership; Kafka,Lead,"Full-time · Remote. We are hiring a Lead Software Architect for our Healthcare team. The ideal candidate has 8-14 years of experience and is proficient in Docker, Java, Design Patterns, Microservices, Leadership, Kafka. This is a remote full-time position focused on delivering high-quality software engineering work."
Mid-level Full Stack Developer,Software Engineering,React; SQL; TypeScript; Python; REST APIs,Mid-level,"Internship · Remote. We are hiring a Mid-level Full Stack Developer for our EdTech team. The ideal candidate has 3-6 years of experience and is proficient in React, SQL, TypeScript, Python, REST APIs. This is a remote internship position focused on delivering high-quality software engineering work."
Lead DevOps Engineer,Software Engineering,Linux; Monitoring; Docker; Terraform; Bash; CI/CD; Jenkins,Lead,"Contract · Hybrid. We are hiring a Lead DevOps Engineer for our Fintech team. The ideal candidate has 8-14 years of experience and is proficient in Linux, Monitoring, Docker, Terraform, Bash, CI/CD, Jenkins. This is a hybrid contract position focused on delivering high-quality software engineering work."
Intern Software Architect,Software Engineering,REST APIs; Design Patterns; System Design; AWS; Kafka; Microservices; Leadership,Intern,"Full-time · Remote. We are hiring a Intern Software Architect for our Startup team. The ideal candidate has 0-1 years of experience and is proficient in REST APIs, Design Patterns, System Design, AWS, Kafka, Microservices, Leadership. This is a remote full-time position focused on delivering high-quality software engineering work."
Mid-level Full Stack Developer,Software Engineering,Docker; MongoDB; Python; Node.js; Git; SQL,Mid-level,"Contract · Hybrid. We are hiring a Mid-level Full Stack Developer for our EdTech team. The ideal candidate has 3-6 years of experience and is proficient in Docker, MongoDB, Python, Node.js, Git, SQL. This is a hybrid contract position focused on delivering high-quality software engineering work."
Principal Software Architect,Software Engineering,Docker; AWS; Design Patterns; REST APIs; System Design,Principal,"Contract · Remote. We are hiring a Principal Software Architect for our E-commerce team. The ideal candidate has 12-20 years of experience and is proficient in Docker, AWS, Design Patterns, REST APIs, System Design. This is a remote contract position focused on delivering high-quality software engineering work."
Mid-level Site Reliability Engineer,Software Engineering,Terraform; Go; Kubernetes; AWS; Monitoring,Mid-level,"Internship · On-site. We are hiring a Mid-level Site Reliability Engineer for our Enterprise team. The ideal candidate has 3-6 years of experience and is proficient in Terraform, Go, Kubernetes, AWS, Monitoring. This is a on-site internship position focused on delivering high-quality software engineering work."
Senior Frontend Developer,Software Engineering,JavaScript; TypeScript; Accessibility; Webpack; HTML; CSS,Senior,"Full-time · Remote. We are hiring a Senior Frontend Developer for our E-commerce team. The ideal candidate has 6-10 years of experience and is proficient in JavaScript, TypeScript, Accessibility, Webpack, HTML, CSS. This is a remote full-time position focused on delivering high-quality software engineering work."
Junior Backend Developer,Software Engineering,Redis; Django; Python; Microservices; Spring Boot; REST APIs,Junior,"Full-time · On-site. We are hiring a Junior Backend Developer for our SaaS team. The ideal candidate has 1-3 years of experience and is proficient in Redis, Django, Python, Microservices, Spring Boot, REST APIs. This is a on-site full-time position focused on delivering high-quality software engineering work."
Mid-level Software Architect,Software Engineering,Scalability; Java; System Design; Microservices; Kafka; Design Patterns; Docker,Mid-level,"Internship · Hybrid. We are hiring a Mid-level Software Architect for our Gaming team. The ideal candidate has 3-6 years of experience and is proficient in Scalability, Java, System Design, Microservices, Kafka, Design Patterns, Docker. This is a hybrid internship position focused on delivering high-quality software engineering work."
Junior Game Developer,Software Engineering,3D Math; OpenGL; Game Design; Unity; C++; Physics; Optimization,Junior,"Contract · Remote. We are hiring a Junior Game Developer for our Gaming team. The ideal candidate has 1-3 years of experience and is proficient in 3D Math, OpenGL, Game Design, Unity, C++, Physics, Optimization. This is a remote contract position focused on delivering high-quality software engineering work."
Intern Full Stack Developer,Software Engineering,React; TypeScript; REST APIs; Docker; JavaScript,Intern,"Contract · Remote. We are hiring a Intern Full Stack Developer for our Enterprise team. The ideal candidate has 0-1 years of experience and is proficient in React, TypeScript, REST APIs, Docker, JavaScript. This is a remote contract position focused on delivering high-quality software engineering work."
Mid-level Game Developer,Software Engineering,Shaders; C#; Game Design; Optimization; Unity; Physics; C++,Mid-level,"Internship · Remote. We are hiring a Mid-level Game Developer for our EdTech team. The ideal candidate has 3-6 years of experience and is proficient in Shaders, C#, Game Design, Optimization, Unity, Physics, C++. This is a remote internship position focused on delivering high-quality software engineering work."
Lead Software Architect,Software Engineering,REST APIs; Microservices; Design Patterns; Scalability; Docker,Lead,"Full-time · On-site. We are hiring a Lead Software Architect for our Gaming team. The ideal candidate has 8-14 years of experience and is proficient in REST APIs, Microservices, Design Patterns, Scalability, Docker. This is a on-site full-time position focused on delivering high-quality software engineering work."
Senior Backend Developer,Software Engineering,Django; Python; Spring Boot; GraphQL; REST APIs,Senior,"Internship · On-site. We are hiring a Senior Backend Developer for our Gaming team. The ideal candidate has 6-10 years of experience and is proficient in Django, Python, Spring Boot, GraphQL, REST APIs. This is a on-site internship position focused on delivering high-quality software engineering work."
Lead Game Developer,Software Engineering,C++; OpenGL; Unity; Game Design; C#; Physics; 3D Math,Lead,"Internship · On-site. We are hiring a Lead Game Developer for our EdTech team. The ideal candidate has 8-14 years of experience and is proficient in C++, OpenGL, Unity, Game Design, C#, Physics, 3D Math. This is a on-site internship position focused on delivering high-quality software engineering work."
Senior Mobile Developer,Software Engineering,iOS; UI Design; Firebase; REST APIs; Kotlin,Senior,"Contract · Remote. We are hiring a Senior Mobile Developer for our Startup team. The ideal candidate has 6-10 years of experience and is proficient in iOS, UI Design, Firebase, REST APIs, Kotlin. This is a remote contract position focused on delivering high-quality software engineering work."
Mid-level Game Developer,Software Engineering,Shaders; C++; Game Design; C#; Physics; OpenGL,Mid-level,"Contract · Hybrid. We are hiring a Mid-level Game Developer for our Healthcare team. The ideal candidate has 3-6 years of experience and is proficient in Shaders, C++, Game Design, C#, Physics, OpenGL. This is a hybrid contract position focused on delivering high-quality software engineering work."
Intern Backend Developer,Software Engineering,Python; SQL; Django; Microservices; Java; Spring Boot; Redis,Intern,"Contract · On-site. We are hiring a Intern Backend Developer for our Gaming team. The ideal candidate has 0-1 years of experience and is proficient in Python, SQL, Django, Microservices, Java, Spring Boot, Redis. This is a on-site contract position focused on delivering high-quality software engineering work."
Principal Frontend Developer,Software Engineering,JavaScript; Redux; Webpack; CSS; TypeScript; HTML,Principal,"Internship · Remote. We are hiring a Principal Frontend Developer for our Gaming team. The ideal candidate has 12-20 years of experience and is proficient in JavaScript, Redux, Webpack, CSS, TypeScript, HTML. This is a remote internship position focused on delivering high-quality software engineering work."
Intern Backend Developer,Software Engineering,Spring Boot; Java; Microservices; Python; GraphQL; Node.js; Django,Intern,"Internship · On-site. We are hiring a Intern Backend Developer for our Fintech team. The ideal candidate has 0-1 years of experience and is proficient in Spring Boot, Java, Microservices, Python, GraphQL, Node.js, Django. This is a on-site internship position focused on delivering high-quality software engineering work."
Senior Backend Developer,Software Engineering,Python; Java; GraphQL; Microservices; Redis; Spring Boot,Senior,"Internship · On-site. We are hiring a Senior Backend Developer for our EdTech team. The ideal candidate has 6-10 years of experience and is proficient in Python, Java, GraphQL, Microservices, Redis, Spring Boot. This is a on-site internship position focused on delivering high-quality software engineering work."
Lead Backend Developer,Software Engineering,Microservices; SQL; Spring Boot; GraphQL; Java; Node.js; REST APIs,Lead,"Full-time · On-site. We are hiring a Lead Backend Developer for our E-commerce team. The ideal candidate has 8-14 years of experience and is proficient in Microservices, SQL, Spring Boot, GraphQL, Java, Node.js, REST APIs. This is a on-site full-time position focused on delivering high-quality software engineering work."
Lead Game Developer,Software Engineering,Physics; Game Design; C++; Unreal Engine; OpenGL,Lead,"Full-time · On-site. We are hiring a Lead Game Developer for our Fintech team. The ideal candidate has 8-14 years of experience and is proficient in Physics, Game Design, C++, Unreal Engine, OpenGL. This is a on-site full-time position focused on delivering high-quality software engineering work."
Principal QA Engineer,Software Engineering,Python; Selenium; Manual Testing; Test Automation; Bug Tracking; Jira; JUnit,Principal,"Contract · Remote. We are hiring a Principal QA Engineer for our Healthcare team. The ideal candidate has 12-20 years of experience and is proficient in Python, Selenium, Manual Testing, Test Automation, Bug Tracking, Jira, JUnit. This is a remote contract position focused on delivering high-quality software engineering work."
Principal Software Architect,Software Engineering,Leadership; Docker; Kafka; Scalability; System Design; AWS,Principal,"Contract · On-site. We are hiring a Principal Software Architect for our Enterprise team. The ideal candidate has 12-20 years of experience and is proficient in Leadership, Docker, Kafka, Scalability, System Design, AWS. This is a on-site contract position focused on delivering high-quality software engineering work."
Mid-level Backend Developer,Software Engineering,Node.js; Java; Microservices; Redis; Django; Spring Boot; Python,Mid-level,"Contract · Hybrid. We are hiring a Mid-level Backend Developer for our Enterprise team. The ideal candidate has 3-6 years of experience and is proficient in Node.js, Java, Microservices, Redis, Django, Spring Boot, Python. This is a hybrid contract position focused on delivering high-quality software engineering work."
Junior QA Engineer,Software Engineering,Python; Cypress; Selenium; Manual Testing; CI/CD,Junior,"Full-time · Remote. We are hiring a Junior QA Engineer for our EdTech team. The ideal candidate has 1-3 years of experience and is proficient in Python, Cypress, Selenium, Manual Testing, CI/CD. This is a remote full-time position focused on delivering high-quality software engineering work."
Lead QA Engineer,Software Engineering,Jira; JUnit; Python; Selenium; Cypress; Test Automation,Lead,"Internship · Hybrid. We are hiring a Lead QA Engineer for our Healthcare team. The ideal candidate has 8-14 years of experience and is proficient in Jira, JUnit, Python, Selenium, Cypress, Test Automation. This is a hybrid internship position focused on delivering high-quality software engineering work."
Junior Software Architect,Software Engineering,Java; REST APIs; AWS; Leadership; Docker; Kafka,Junior,"Full-time · On-site. We are hiring a Junior Software Architect for our E-commerce team. The ideal candidate has 1-3 years of experience and is proficient in Java, REST APIs, AWS, Leadership, Docker, Kafka. This is a on-site full-time position focused on delivering high-quality software engineering work."
Senior DevOps Engineer,Software Engineering,Docker; Bash; CI/CD; Jenkins; Linux,Senior,"Internship · On-site. We are hiring a Senior DevOps Engineer for our Healthcare team. The ideal candidate has 6-10 years of experience and is proficient in Docker, Bash, CI/CD, Jenkins, Linux. This is a on-site internship position focused on delivering high-quality software engineering work."
Senior Software Architect,Software Engineering,System Design; Design Patterns; Microservices; Docker; REST APIs; Scalability,Senior,"Contract · Hybrid. We are hiring a Senior Software Architect for our Enterprise team. The ideal candidate has 6-10 years of experience and is proficient in System Design, Design Patterns, Microservices, Docker, REST APIs, Scalability. This is a hybrid contract position focused on delivering high-quality software engineering work."
Senior Site Reliability Engineer,Software Engineering,Grafana; Prometheus; AWS; Python; Kubernetes; Terraform,Senior,"Internship · Hybrid. We are hiring a Senior Site Reliability Engineer for our Gaming team. The ideal candidate has 6-10 years of experience and is proficient in Grafana, Prometheus, AWS, Python, Kubernetes, Terraform. This is a hybrid internship position focused on delivering high-quality software engineering work."
Mid-level Backend Developer,Software Engineering,Node.js; Microservices; SQL; Django; REST APIs; Spring Boot,Mid-level,"Internship · Remote. We are hiring a Mid-level Backend Developer for our Fintech team. The ideal candidate has 3-6 years of experience and is proficient in Node.js, Microservices, SQL, Django, REST APIs, Spring Boot. This is a remote internship position focused on delivering high-quality software engineering work."
Senior Frontend Developer,Software Engineering,Jest; TypeScript; JavaScript; Accessibility; CSS; React,Senior,"Contract · Remote. We are hiring a Senior Frontend Developer for our EdTech team. The ideal candidate has 6-10 years of experience and is proficient in Jest, TypeScript, JavaScript, Accessibility, CSS, React. This is a remote contract position focused on delivering high-quality software engineering work."
Principal Software Architect,Software Engineering,Microservices; Java; Scalability; Docker; System Design,Principal,"Internship · Remote. We are hiring a Principal Software Architect for our Healthcare team. The ideal candidate has 12-20 years of experience and is proficient in Microservices, Java, Scalability, Docker, System Design. This is a remote internship position focused on delivering high-quality software engineering work."
Intern Game Developer,Software Engineering,Optimization; Shaders; 3D Math; C#; C++,Intern,"Full-time · Remote. We are hiring a Intern Game Developer for our Enterprise team. The ideal candidate has 0-1 years of experience and is proficient in Optimization, Shaders, 3D Math, C#, C++. This is a remote full-time position focused on delivering high-quality software engineering work."
Junior QA Engineer,Software Engineering,Bug Tracking; Test Automation; Jira; CI/CD; Cypress; JUnit,Junior,"Full-time · On-site. We are hiring a Junior QA Engineer for our Enterprise team. The ideal candidate has 1-3 years of experience and is proficient in Bug Tracking, Test Automation, Jira, CI/CD, Cypress, JUnit. This is a on-site full-time position focused on delivering high-quality software engineering work."
Principal Mobile Developer,Software Engineering,Swift; Firebase; Flutter; UI Design; Git; REST APIs,Principal,"Internship · Remote. We are hiring a Principal Mobile Developer for our SaaS team. The ideal candidate has 12-20 years of experience and is proficient in Swift, Firebase, Flutter, UI Design, Git, REST APIs. This is a remote internship position focused on delivering high-quality software engineering work."
Mid-level Frontend Developer,Software Engineering,React; Jest; HTML; Sass; CSS,Mid-level,"Internship · Remote. We are hiring a Mid-level Frontend Developer for our Startup team. The ideal candidate has 3-6 years of experience and is proficient in React, Jest, HTML, Sass, CSS. This is a remote internship position focused on delivering high-quality software engineering work."
Mid-level Software Architect,Software Engineering,Design Patterns; Leadership; Java; Microservices; Docker,Mid-level,"Internship · Remote. We are hiring a Mid-level Software Architect for our E-commerce team. The ideal candidate has 3-6 years of experience and is proficient in Design Patterns, Leadership, Java, Microservices, Docker. This is a remote internship position focused on delivering high-quality software engineering work."
Senior Game Developer,Software Engineering,Game Design; Physics; OpenGL; Optimization; Shaders,Senior,"Contract · Remote. We are hiring a Senior Game Developer for our Enterprise team. The ideal candidate has 6-10 years of experience and is proficient in Game Design, Physics, OpenGL, Optimization, Shaders. This is a remote contract position focused on delivering high-quality software engineering work."
Senior Software Architect,Software Engineering,Design Patterns; Microservices; System Design; Scalability; Kafka,Senior,"Internship · On-site. We are hiring a Senior Software Architect for our Healthcare team. The ideal candidate has 6-10 years of experience and is proficient in Design Patterns, Microservices, System Design, Scalability, Kafka. This is a on-site internship position focused on delivering high-quality software engineering work."
Senior Mobile Developer,Software Engineering,UI Design; Swift; Git; Firebase; Flutter,Senior,"Internship · Remote. We are hiring a Senior Mobile Developer for our Fintech team. The ideal candidate has 6-10 years of experience and is proficient in UI Design, Swift, Git, Firebase, Flutter. This is a remote internship position focused on delivering high-quality software engineering work."
Lead Frontend Developer,Software Engineering,Accessibility; Webpack; Redux; React; Sass,Lead,"Internship · Hybrid. We are hiring a Lead Frontend Developer for our EdTech team. The ideal candidate has 8-14 years of experience and is proficient in Accessibility, Webpack, Redux, React, Sass. This is a hybrid internship position focused on delivering high-quality software engineering work."
Principal Backend Developer,Software Engineering,GraphQL; Spring Boot; Node.js; Microservices; Django; REST APIs,Principal,"Contract · Hybrid. We are hiring a Principal Backend Developer for our EdTech team. The ideal candidate has 12-20 years of experience and is proficient in GraphQL, Spring Boot, Node.js, Microservices, Django, REST APIs. This is a hybrid contract position focused on delivering high-quality software engineering work."
Junior Frontend Developer,Software Engineering,JavaScript; CSS; HTML; TypeScript; Webpack; Jest; Sass,Junior,"Full-time · Remote. We are hiring a Junior Frontend Developer for our E-commerce team. The ideal candidate has 1-3 years of experience and is proficient in JavaScript, CSS, HTML, TypeScript, Webpack, Jest, Sass. This is a remote full-time position focused on delivering high-quality software engineering work."
Principal Site Reliability Engineer,Software Engineering,Linux; Incident Response; AWS; Prometheus; Terraform; Kubernetes,Principal,"Internship · Hybrid. We are hiring a Principal Site Reliability Engineer for our Enterprise team. The ideal candidate has 12-20 years of experience and is proficient in Linux, Incident Response, AWS, Prometheus, Terraform, Kubernetes. This is a hybrid internship position focused on delivering high-quality software engineering work."
Mid-level Backend Developer,Software Engineering,Spring Boot; GraphQL; REST APIs; Django; Node.js; SQL,Mid-level,"Contract · Remote. We are hiring a Mid-level Backend Developer for our E-commerce team. The ideal candidate has 3-6 years of experience and is proficient in Spring Boot, GraphQL, REST APIs, Django, Node.js, SQL. This is a remote contract position focused on delivering high-quality software engineering work."
Principal Frontend Developer,Software Engineering,CSS; Sass; JavaScript; HTML; Webpack; React; Jest,Principal,"Internship · On-site. We are hiring a Principal Frontend Developer for our E-commerce team. The ideal candidate has 12-20 years of experience and is proficient in CSS, Sass, JavaScript, HTML, Webpack, React, Jest. This is a on-site internship position focused on delivering high-quality software engineering work."
Junior Game Developer,Software Engineering,Game Design; C++; 3D Math; OpenGL; Unity; Unreal Engine; Optimization,Junior,"Internship · Remote. We are hiring a Junior Game Developer for our Enterprise team. The ideal candidate has 1-3 years of experience and is proficient in Game Design, C++, 3D Math, OpenGL, Unity, Unreal Engine, Optimization. This is a remote internship position focused on delivering high-quality software engineering work."
Senior DevOps Engineer,Software Engineering,Kubernetes; AWS; Linux; Terraform; Bash,Senior,"Full-time · Remote. We are hiring a Senior DevOps Engineer for our Enterprise team. The ideal candidate has 6-10 years of experience and is proficient in Kubernetes, AWS, Linux, Terraform, Bash. This is a remote full-time position focused on delivering high-quality software engineering work."
Mid-level Frontend Developer,Software Engineering,Jest; CSS; Redux; HTML; Accessibility; TypeScript,Mid-level,"Contract · Hybrid. We are hiring a Mid-level Frontend Developer for our Fintech team. The ideal candidate has 3-6 years of experience and is proficient in Jest, CSS, Redux, HTML, Accessibility, TypeScript. This is a hybrid contract position focused on delivering high-quality software engineering work."
Principal Backend Developer,Software Engineering,Python; Microservices; Java; Node.js; Spring Boot; Redis,Principal,"Full-time · Hybrid. We are hiring a Principal Backend Developer for our SaaS team. The ideal candidate has 12-20 years of experience and is proficient in Python, Microservices, Java, Node.js, Spring Boot, Redis. This is a hybrid full-time position focused on delivering high-quality software engineering work."
Lead Frontend Developer,Software Engineering,Redux; Accessibility; Webpack; HTML; CSS; JavaScript,Lead,"Internship · Hybrid. We are hiring a Lead Frontend Developer for our E-commerce team. The ideal candidate has 8-14 years of experience and is proficient in Redux, Accessibility, Webpack, HTML, CSS, JavaScript. This is a hybrid internship position focused on delivering high-quality software engineering work."
Senior QA Engineer,Software Engineering,Cypress; JUnit; Postman; Test Automation; CI/CD,Senior,"Full-time · Hybrid. We are hiring a Senior QA Engineer for our SaaS team. The ideal candidate has 6-10 years of experience and is proficient in Cypress, JUnit, Postman, Test Automation, CI/CD. This is a hybrid full-time position focused on delivering high-quality software engineering work."
Junior Mobile Developer,Software Engineering,Firebase; Flutter; REST APIs; Android SDK; UI Design; iOS,Junior,"Internship · Remote. We are hiring a Junior Mobile Developer for our EdTech team. The ideal candidate has 1-3 years of experience and is proficient in Firebase, Flutter, REST APIs, Android SDK, UI Design, iOS. This is a remote internship position focused on delivering high-quality software engineering work."
Principal QA Engineer,Software Engineering,Bug Tracking; JUnit; Postman; Python; Selenium,Principal,"Internship · Hybrid. We are hiring a Principal QA Engineer for our E-commerce team. The ideal candidate has 12-20 years of experience and is proficient in Bug Tracking, JUnit, Postman, Python, Selenium. This is a hybrid internship position focused on delivering high-quality software engineering work."
Senior QA Engineer,Software Engineering,Cypress; CI/CD; Test Automation; Postman; Bug Tracking; Jira; JUnit,Senior,"Internship · On-site. We are hiring a Senior QA Engineer for our Gaming team. The ideal candidate has 6-10 years of experience and is proficient in Cypress, CI/CD, Test Automation, Postman, Bug Tracking, Jira, JUnit. This is a on-site internship position focused on delivering high-quality software engineering work."
Senior QA Engineer,Software Engineering,Python; Manual Testing; Jira; CI/CD; Cypress; Test Automation; Postman,Senior,"Internship · Remote. We are hiring a Senior QA Engineer for our Fintech team. The ideal candidate has 6-10 years of experience and is proficient in Python, Manual Testing, Jira, CI/CD, Cypress, Test Automation, Postman. This is a remote internship position focused on delivering high-quality software engineering work."
Junior Backend Developer,Software Engineering,SQL; GraphQL; Redis; Node.js; Java; Microservices; Python,Junior,"Contract · On-site. We are hiring a Junior Backend Developer for our Fintech team. The ideal candidate has 1-3 years of experience and is proficient in SQL, GraphQL, Redis, Node.js, Java, Microservices, Python. This is a on-site contract position focused on delivering high-quality software engineering work."
Lead Backend Developer,Software Engineering,Redis; Java; Spring Boot; REST APIs; Django,Lead,"Contract · On-site. We are hiring a Lead Backend Developer for our Gaming team. The ideal candidate has 8-14 years of experience and is proficient in Redis, Java, Spring Boot, REST APIs, Django. This is a on-site contract position focused on delivering high-quality software engineering work."
Intern Mobile Developer,Software Engineering,Android SDK; Swift; Git; Firebase; Kotlin; Flutter; React Native,Intern,"Internship · Remote. We are hiring a Intern Mobile Developer for our E-commerce team. The ideal candidate has 0-1 years of experience and is proficient in Android SDK, Swift, Git, Firebase, Kotlin, Flutter, React Native. This is a remote internship position focused on delivering high-quality software engineering work."
Intern Frontend Developer,Software Engineering,Sass; TypeScript; Accessibility; React; Webpack,Intern,"Full-time · On-site. We are hiring a Intern Frontend Developer for our Fintech team. The ideal candidate has 0-1 years of experience and is proficient in Sass, TypeScript, Accessibility, React, Webpack. This is a on-site full-time position focused on delivering high-quality software engineering work."
Mid-level QA Engineer,Software Engineering,Python; Cypress; Selenium; Jira; Test Automation,Mid-level,"Internship · Hybrid. We are hiring a Mid-level QA Engineer for our E-commerce team. The ideal candidate has 3-6 years of experience and is proficient in Python, Cypress, Selenium, Jira, Test Automation. This is a hybrid internship position focused on delivering high-quality software engineering work."
Senior DevOps Engineer,Software Engineering,Terraform; Linux; AWS; Kubernetes; Monitoring; Bash; Jenkins,Senior,"Full-time · Hybrid. We are hiring a Senior DevOps Engineer for our SaaS team. The ideal candidate has 6-10 years of experience and is proficient in Terraform, Linux, AWS, Kubernetes, Monitoring, Bash, Jenkins. This is a hybrid full-time position focused on delivering high-quality software engineering work."
Lead QA Engineer,Software Engineering,Test Automation; Jira; Manual Testing; Postman; CI/CD,Lead,"Contract · Remote. We are hiring a Lead QA Engineer for our Fintech team. The ideal candidate has 8-14 years of experience and is proficient in Test Automation, Jira, Manual Testing, Postman, CI/CD. This is a remote contract position focused on delivering high-quality software engineering work."
Principal Software Architect,Software Engineering,Design Patterns; Docker; AWS; REST APIs; System Design; Java; Kafka,Principal,"Full-time · Remote. We are hiring a Principal Software Architect for our Gaming team. The ideal candidate has 12-20 years of experience and is proficient in Design Patterns, Docker, AWS, REST APIs, System Design, Java, Kafka. This is a remote full-time position focused on delivering high-quality software engineering work."
Junior Backend Developer,Software Engineering,Node.js; SQL; GraphQL; REST APIs; Spring Boot; Django,Junior,"Contract · Remote. We are hiring a Junior Backend Developer for our Startup team. The ideal candidate has 1-3 years of experience and is proficient in Node.js, SQL, GraphQL, REST APIs, Spring Boot, Django. This is a remote contract position focused on delivering high-quality software engineering work."
Mid-level Mobile Developer,Software Engineering,Flutter; REST APIs; Kotlin; Swift; Firebase; Android SDK,Mid-level,"Contract · Remote. We are hiring a Mid-level Mobile Developer for our Fintech team. The ideal candidate has 3-6 years of experience and is proficient in Flutter, REST APIs, Kotlin, Swift, Firebase, Android SDK. This is a remote contract position focused on delivering high-quality software engineering work."
Lead Site Reliability Engineer,Software Engineering,Python; Monitoring; Kubernetes; Grafana; Linux; AWS,Lead,"Full-time · Remote. We are hiring a Lead Site Reliability Engineer for our Enterprise team. The ideal candidate has 8-14 years of experience and is proficient in Python, Monitoring, Kubernetes, Grafana, Linux, AWS. This is a remote full-time position focused on delivering high-quality software engineering work."
Senior Full Stack Developer,Software Engineering,Docker; SQL; REST APIs; React; Node.js,Senior,"Contract · Hybrid. We are hiring a Senior Full Stack Developer for our EdTech team. The ideal candidate has 6-10 years of experience and is proficient in Docker, SQL, REST APIs, React, Node.js. This is a hybrid contract position focused on delivering high-quality software engineering work."
Junior DevOps Engineer,Software Engineering,Kubernetes; AWS; Terraform; CI/CD; Monitoring; Linux; Jenkins,Junior,"Full-time · Remote. We are hiring a Junior DevOps Engineer for our Enterprise team. The ideal candidate has 1-3 years of experience and is proficient in Kubernetes, AWS, Terraform, CI/CD, Monitoring, Linux, Jenkins. This is a remote full-time position focused on delivering high-quality software engineering work."
Junior Full Stack Developer,Software Engineering,MongoDB; REST APIs; TypeScript; SQL; Python,Junior,"Internship · Hybrid. We are hiring a Junior Full Stack Developer for our SaaS team. The ideal candidate has 1-3 years of experience and is proficient in MongoDB, REST APIs, TypeScript, SQL, Python. This is a hybrid internship position focused on delivering high-quality software engineering work."
Principal Site Reliability Engineer,Software Engineering,Grafana; Monitoring; Python; Linux; Kubernetes,Principal,"Full-time · Remote. We are hiring a Principal Site Reliability Engineer for our E-commerce team. The ideal candidate has 12-20 years of experience and is proficient in Grafana, Monitoring, Python, Linux, Kubernetes. This is a remote full-time position focused on delivering high-quality software engineering work."
Junior Full Stack Developer,Software Engineering,REST APIs; React; Git; Docker; JavaScript; Python; TypeScript,Junior,"Full-time · Hybrid. We are hiring a Junior Full Stack Developer for our Startup team. The ideal candidate has 1-3 years of experience and is proficient in REST APIs, React, Git, Docker, JavaScript, Python, TypeScript. This is a hybrid full-time position focused on delivering high-quality software engineering work."
Senior DevOps Engineer,Software Engineering,Kubernetes; Terraform; Bash; Docker; AWS,Senior,"Full-time · Hybrid. We are hiring a Senior DevOps Engineer for our Gaming team. The ideal candidate has 6-10 years of experience and is proficient in Kubernetes, Terraform, Bash, Docker, AWS. This is a hybrid full-time position focused on delivering high-quality software engineering work."
Intern DevOps Engineer,Software Engineering,Kubernetes; Ansible; Jenkins; Docker; Linux,Intern,"Internship · On-site. We are hiring a Intern DevOps Engineer for our Gaming team. The ideal candidate has 0-1 years of experience and is proficient in Kubernetes, Ansible, Jenkins, Docker, Linux. This is a on-site internship position focused on delivering high-quality software engineering work."
Junior Software Architect,Software Engineering,System Design; Docker; Java; AWS; REST APIs; Leadership; Design Patterns,Junior,"Internship · Hybrid. We are hiring a Junior Software Architect for our EdTech team. The ideal candidate has 1-3 years of experience and is proficient in System Design, Docker, Java, AWS, REST APIs, Leadership, Design Patterns. This is a hybrid internship position focused on delivering high-quality software engineering work."
Mid-level Software Architect,Software Engineering,Scalability; Kafka; Microservices; REST APIs; Java; System Design; AWS,Mid-level,"Full-time · Remote. We are hiring a Mid-level Software Architect for our Fintech team. The ideal candidate has 3-6 years of experience and is proficient in Scalability, Kafka, Microservices, REST APIs, Java, System Design, AWS. This is a remote full-time position focused on delivering high-quality software engineering work."
Mid-level Site Reliability Engineer,Software Engineering,Prometheus; Terraform; Kubernetes; Monitoring; Grafana; Python,Mid-level,"Full-time · Remote. We are hiring a Mid-level Site Reliability Engineer for our SaaS team. The ideal candidate has 3-6 years of experience and is proficient in Prometheus, Terraform, Kubernetes, Monitoring, Grafana, Python. This is a remote full-time position focused on delivering high-quality software engineering work."
Senior Mobile Developer,Software Engineering,Git; Kotlin; iOS; Firebase; Flutter; UI Design; React Native,Senior,"Full-time · Hybrid. We are hiring a Senior Mobile Developer for our Enterprise team. The ideal candidate has 6-10 years of experience and is proficient in Git, Kotlin, iOS, Firebase, Flutter, UI Design, React Native. This is a hybrid full-time position focused on delivering high-quality software engineering work."
Senior QA Engineer,Software Engineering,Bug Tracking; Python; Test Automation; CI/CD; Jira,Senior,"Full-time · Hybrid. We are hiring a Senior QA Engineer for our E-commerce team. The ideal candidate has 6-10 years of experience and is proficient in Bug Tracking, Python, Test Automation, CI/CD, Jira. This is a hybrid full-time position focused on delivering high-quality software engineering work."
Principal Software Architect,Software Engineering,Java; System Design; Leadership; AWS; Kafka; Docker; REST APIs,Principal,"Contract · Hybrid. We are hiring a Principal Software Architect for our Enterprise team. The ideal candidate has 12-20 years of experience and is proficient in Java, System Design, Leadership, AWS, Kafka, Docker, REST APIs. This is a hybrid contract position focused on delivering high-quality software engineering work."
Principal Full Stack Developer,Software Engineering,Node.js; SQL; Git; React; JavaScript,Principal,"Internship · Hybrid. We are hiring a Principal Full Stack Developer for our Gaming team. The ideal candidate has 12-20 years of experience and is proficient in Node.js, SQL, Git, React, JavaScript. This is a hybrid internship position focused on delivering high-quality software engineering work."
Intern Game Developer,Software Engineering,Physics; Unreal Engine; Unity; C#; 3D Math,Intern,"Contract · Hybrid. We are hiring a Intern Game Developer for our Enterprise team. The ideal candidate has 0-1 years of experience and is proficient in Physics, Unreal Engine, Unity, C#, 3D Math. This is a hybrid contract position focused on delivering high-quality software engineering work."
Intern Full Stack Developer,Software Engineering,TypeScript; Docker; JavaScript; REST APIs; Git,Intern,"Full-time · Hybrid. We are hiring a Intern Full Stack Developer for our Enterprise team. The ideal candidate has 0-1 years of experience and is proficient in TypeScript, Docker, JavaScript, REST APIs, Git. This is a hybrid full-time position focused on delivering high-quality software engineering work."
Intern DevOps Engineer,Software Engineering,AWS; Docker; Kubernetes; Jenkins; Bash,Intern,"Internship · Hybrid. We are hiring a Intern DevOps Engineer for our Gaming team. The ideal candidate has 0-1 years of experience and is proficient in AWS, Docker, Kubernetes, Jenkins, Bash. This is a hybrid internship position focused on delivering high-quality software engineering work."
Intern QA Engineer,Software Engineering,Manual Testing; Jira; CI/CD; Cypress; JUnit; Selenium,Intern,"Contract · Remote. We are hiring a Intern QA Engineer for our SaaS team. The ideal candidate has 0-1 years of experience and is proficient in Manual Testing, Jira, CI/CD, Cypress, JUnit, Selenium. This is a remote contract position focused on delivering high-quality software engineering work."
Lead Game Developer,Software Engineering,Unreal Engine; C#; Game Design; Shaders; Unity; C++; Optimization,Lead,"Contract · Hybrid. We are hiring a Lead Game Developer for our Gaming team. The ideal candidate has 8-14 years of experience and is proficient in Unreal Engine, C#, Game Design, Shaders, Unity, C++, Optimization. This is a hybrid contract position focused on delivering high-quality software engineering work."
Principal Full Stack Developer,Software Engineering,TypeScript; Docker; Git; React; JavaScript; SQL,Principal,"Full-time · On-site. We are hiring a Principal Full Stack Developer for our Startup team. The ideal candidate has 12-20 years of experience and is proficient in TypeScript, Docker, Git, React, JavaScript, SQL. This is a on-site full-time position focused on delivering high-quality software engineering work."
Junior Backend Developer,Software Engineering,GraphQL; Redis; Python; Django; Java; Microservices,Junior,"Internship · Hybrid. We are hiring a Junior Backend Developer for our Fintech team. The ideal candidate has 1-3 years of experience and is proficient in GraphQL, Redis, Python, Django, Java, Microservices. This is a hybrid internship position focused on delivering high-quality software engineering work."
Junior Frontend Developer,Software Engineering,CSS; Redux; Sass; Webpack; HTML; JavaScript; React,Junior,"Full-time · Hybrid. We are hiring a Junior Frontend Developer for our EdTech team. The ideal candidate has 1-3 years of experience and is proficient in CSS, Redux, Sass, Webpack, HTML, JavaScript, React. This is a hybrid full-time position focused on delivering high-quality software engineering work."
Junior Software Architect,Software Engineering,AWS; Java; System Design; Leadership; Microservices,Junior,"Full-time · On-site. We are hiring a Junior Software Architect for our Gaming team. The ideal candidate has 1-3 years of experience and is proficient in AWS, Java, System Design, Leadership, Microservices. This is a on-site full-time position focused on delivering high-quality software engineering work."
Junior Backend Developer,Software Engineering,Redis; SQL; Django; Node.js; Spring Boot; Java,Junior,"Internship · Hybrid. We are hiring a Junior Backend Developer for our Enterprise team. The ideal candidate has 1-3 years of experience and is proficient in Redis, SQL, Django, Node.js, Spring Boot, Java. This is a hybrid internship position focused on delivering high-quality software engineering work."
Principal DevOps Engineer,Software Engineering,Jenkins; Terraform; CI/CD; Docker; Linux; Monitoring,Principal,"Contract · Hybrid. We are hiring a Principal DevOps Engineer for our EdTech team. The ideal candidate has 12-20 years of experience and is proficient in Jenkins, Terraform, CI/CD, Docker, Linux, Monitoring. This is a hybrid contract position focused on delivering high-quality software engineering work."
Intern Site Reliability Engineer,Software Engineering,Kubernetes; Python; Terraform; Go; Linux,Intern,"Full-time · Remote. We are hiring a Intern Site Reliability Engineer for our E-commerce team. The ideal candidate has 0-1 years of experience and is proficient in Kubernetes, Python, Terraform, Go, Linux. This is a remote full-time position focused on delivering high-quality software engineering work."
Mid-level Software Architect,Software Engineering,AWS; Java; REST APIs; Docker; Microservices; System Design,Mid-level,"Internship · Remote. We are hiring a Mid-level Software Architect for our Enterprise team. The ideal candidate has 3-6 years of experience and is proficient in AWS, Java, REST APIs, Docker, Microservices, System Design. This is a remote internship position focused on delivering high-quality software engineering work."
Mid-level QA Engineer,Software Engineering,Python; Test Automation; CI/CD; Bug Tracking; Manual Testing; Cypress; Selenium,Mid-level,"Internship · Hybrid. We are hiring a Mid-level QA Engineer for our Startup team. The ideal candidate has 3-6 years of experience and is proficient in Python, Test Automation, CI/CD, Bug Tracking, Manual Testing, Cypress, Selenium. This is a hybrid internship position focused on delivering high-quality software engineering work."
Lead Full Stack Developer,Software Engineering,TypeScript; REST APIs; Git; SQL; MongoDB; Python,Lead,"Contract · Remote. We are hiring a Lead Full Stack Developer for our Gaming team. The ideal candidate has 8-14 years of experience and is proficient in TypeScript, REST APIs, Git, SQL, MongoDB, Python. This is a remote contract position focused on delivering high-quality software engineering work."
Lead QA Engineer,Software Engineering,Selenium; CI/CD; Postman; Cypress; Bug Tracking; JUnit,Lead,"Contract · Remote. We are hiring a Lead QA Engineer for our Startup team. The ideal candidate has 8-14 years of experience and is proficient in Selenium, CI/CD, Postman, Cypress, Bug Tracking, JUnit. This is a remote contract position focused on delivering high-quality software engineering work."
Intern Site Reliability Engineer,Software Engineering,AWS; Incident Response; Kubernetes; Grafana; Go,Intern,"Internship · Remote. We are hiring a Intern Site Reliability Engineer for our Startup team. The ideal candidate has 0-1 years of experience and is proficient in AWS, Incident Response, Kubernetes, Grafana, Go. This is a remote internship position focused on delivering high-quality software engineering work."
Lead Site Reliability Engineer,Software Engineering,Prometheus; Kubernetes; AWS; Grafana; Monitoring,Lead,"Contract · Hybrid. We are hiring a Lead Site Reliability Engineer for our E-commerce team. The ideal candidate has 8-14 years of experience and is proficient in Prometheus, Kubernetes, AWS, Grafana, Monitoring. This is a hybrid contract position focused on delivering high-quality software engineering work."
Senior Software Architect,Software Engineering,Microservices; REST APIs; System Design; Java; Kafka,Senior,"Contract · Remote. We are hiring a Senior Software Architect for our EdTech team. The ideal candidate has 6-10 years of experience and is proficient in Microservices, REST APIs, System Design, Java, Kafka. This is a remote contract position focused on delivering high-quality software engineering work."
Lead Backend Developer,Software Engineering,GraphQL; Java; Python; Redis; SQL; Django,Lead,"Internship · Hybrid. We are hiring a Lead Backend Developer for our Fintech team. The ideal candidate has 8-14 years of experience and is proficient in GraphQL, Java, Python, Redis, SQL, Django. This is a hybrid internship position focused on delivering high-quality software engineering work."
Lead Game Developer,Software Engineering,Unity; C++; Optimization; OpenGL; Game Design; Physics; C#,Lead,"Contract · Remote. We are hiring a Lead Game Developer for our EdTech team. The ideal candidate has 8-14 years of experience and is proficient in Unity, C++, Optimization, OpenGL, Game Design, Physics, C#. This is a remote contract position focused on delivering high-quality software engineering work."
Mid-level DevOps Engineer,Software Engineering,Kubernetes; CI/CD; Linux; Ansible; Terraform,Mid-level,"Internship · Hybrid. We are hiring a Mid-level DevOps Engineer for our SaaS team. The ideal candidate has 3-6 years of experience and is proficient in Kubernetes, CI/CD, Linux, Ansible, Terraform. This is a hybrid internship position focused on delivering high-quality software engineering work."
Senior Full Stack Developer,Software Engineering,Node.js; TypeScript; MongoDB; JavaScript; Docker; REST APIs,Senior,"Internship · On-site. We are hiring a Senior Full Stack Developer for our Gaming team. The ideal candidate has 6-10 years of experience and is proficient in Node.js, TypeScript, MongoDB, JavaScript, Docker, REST APIs. This is a on-site internship position focused on delivering high-quality software engineering work."
Intern Backend Developer,Software Engineering,GraphQL; Redis; Java; REST APIs; Spring Boot; Node.js; Microservices,Intern,"Full-time · Remote. We are hiring a Intern Backend Developer for our Enterprise team. The ideal candidate has 0-1 years of experience and is proficient in GraphQL, Redis, Java, REST APIs, Spring Boot, Node.js, Microservices. This is a remote full-time position focused on delivering high-quality software engineering work."
Lead QA Engineer,Software Engineering,Cypress; Python; Selenium; Postman; Jira; Test Automation,Lead,"Full-time · Remote. We are hiring a Lead QA Engineer for our EdTech team. The ideal candidate has 8-14 years of experience and is proficient in Cypress, Python, Selenium, Postman, Jira, Test Automation. This is a remote full-time position focused on delivering high-quality software engineering work."
Senior QA Engineer,Software Engineering,Test Automation; Bug Tracking; Jira; Cypress; JUnit,Senior,"Full-time · Hybrid. We are hiring a Senior QA Engineer for our Fintech team. The ideal candidate has 6-10 years of experience and is proficient in Test Automation, Bug Tracking, Jira, Cypress, JUnit. This is a hybrid full-time position focused on delivering high-quality software engineering work."
Intern Full Stack Developer,Software Engineering,MongoDB; Node.js; Git; Python; SQL,Intern,"Full-time · Hybrid. We are hiring a Intern Full Stack Developer for our Healthcare team. The ideal candidate has 0-1 years of experience and is proficient in MongoDB, Node.js, Git, Python, SQL. This is a hybrid full-time position focused on delivering high-quality software engineering work."
Intern Site Reliability Engineer,Software Engineering,Python; Monitoring; Linux; AWS; Go; Grafana,Intern,"Full-time · Hybrid. We are hiring a Intern Site Reliability Engineer for our Healthcare team. The ideal candidate has 0-1 years of experience and is proficient in Python, Monitoring, Linux, AWS, Go, Grafana. This is a hybrid full-time position focused on delivering high-quality software engineering work."
Junior Frontend Developer,Software Engineering,CSS; Jest; HTML; TypeScript; Webpack; React,Junior,"Contract · On-site. We are hiring a Junior Frontend Developer for our E-commerce team. The ideal candidate has 1-3 years of experience and is proficient in CSS, Jest, HTML, TypeScript, Webpack, React. This is a on-site contract position focused on delivering high-quality software engineering work."
Junior Site Reliability Engineer,Software Engineering,Terraform; Incident Response; Prometheus; Go; Grafana; Linux,Junior,"Contract · Hybrid. We are hiring a Junior Site Reliability Engineer for our Gaming team. The ideal candidate has 1-3 years of experience and is proficient in Terraform, Incident Response, Prometheus, Go, Grafana, Linux. This is a hybrid contract position focused on delivering high-quality software engineering work."
Intern Game Developer,Software Engineering,3D Math; Optimization; C#; Unity; Shaders,Intern,"Internship · On-site. We are hiring a Intern Game Developer for our Enterprise team. The ideal candidate has 0-1 years of experience and is proficient in 3D Math, Optimization, C#, Unity, Shaders. This is a on-site internship position focused on delivering high-quality software engineering work."
Principal Software Architect,Software Engineering,Java; Kafka; System Design; Docker; AWS; Design Patterns,Principal,"Full-time · On-site. We are hiring a Principal Software Architect for our Startup team. The ideal candidate has 12-20 years of experience and is proficient in Java, Kafka, System Design, Docker, AWS, Design Patterns. This is a on-site full-time position focused on delivering high-quality software engineering work."
Senior Frontend Developer,Software Engineering,HTML; Jest; React; JavaScript; Redux; Accessibility,Senior,"Contract · Hybrid. We are hiring a Senior Frontend Developer for our Startup team. The ideal candidate has 6-10 years of experience and is proficient in HTML, Jest, React, JavaScript, Redux, Accessibility. This is a hybrid contract position focused on delivering high-quality software engineering work."
Intern Full Stack Developer,Software Engineering,SQL; TypeScript; React; Git; Docker,Intern,"Full-time · On-site. We are hiring a Intern Full Stack Developer for our Fintech team. The ideal candidate has 0-1 years of experience and is proficient in SQL, TypeScript, React, Git, Docker. This is a on-site full-time position focused on delivering high-quality software engineering work."
Senior Software Architect,Software Engineering,Scalability; Leadership; Java; Design Patterns; AWS; System Design; Docker,Senior,"Full-time · Remote. We are hiring a Senior Software Architect for our Fintech team. The ideal candidate has 6-10 years of experience and is proficient in Scalability, Leadership, Java, Design Patterns, AWS, System Design, Docker. This is a remote full-time position focused on delivering high-quality software engineering work."
Mid-level Backend Developer,Software Engineering,Python; REST APIs; Java; Django; Node.js; Redis,Mid-level,"Contract · Remote. We are hiring a Mid-level Backend Developer for our Enterprise team. The ideal candidate has 3-6 years of experience and is proficient in Python, REST APIs, Java, Django, Node.js, Redis. This is a remote contract position focused on delivering high-quality software engineering work."
Senior QA Engineer,Software Engineering,JUnit; Manual Testing; Python; Jira; Selenium; Test Automation,Senior,"Full-time · On-site. We are hiring a Senior QA Engineer for our Gaming team. The ideal candidate has 6-10 years of experience and is proficient in JUnit, Manual Testing, Python, Jira, Selenium, Test Automation. This is a on-site full-time position focused on delivering high-quality software engineering work."
Principal Site Reliability Engineer,Software Engineering,Python; Monitoring; Linux; Grafana; Kubernetes; AWS; Incident Response,Principal,"Internship · Hybrid. We are hiring a Principal Site Reliability Engineer for our E-commerce team. The ideal candidate has 12-20 years of experience and is proficient in Python, Monitoring, Linux, Grafana, Kubernetes, AWS, Incident Response. This is a hybrid internship position focused on delivering high-quality software engineering work."
Junior Frontend Developer,Software Engineering,Jest; TypeScript; CSS; HTML; Webpack; Sass,Junior,"Internship · On-site. We are hiring a Junior Frontend Developer for our Startup team. The ideal candidate has 1-3 years of experience and is proficient in Jest, TypeScript, CSS, HTML, Webpack, Sass. This is a on-site internship position focused on delivering high-quality software engineering work."
Principal Frontend Developer,Software Engineering,Sass; TypeScript; JavaScript; React; Accessibility; Jest; Redux,Principal,"Full-time · Remote. We are hiring a Principal Frontend Developer for our Fintech team. The ideal candidate has 12-20 years of experience and is proficient in Sass, TypeScript, JavaScript, React, Accessibility, Jest, Redux. This is a remote full-time position focused on delivering high-quality software engineering work."
Lead Site Reliability Engineer,Software Engineering,Python; Linux; Kubernetes; Grafana; AWS; Monitoring,Lead,"Internship · Remote. We are hiring a Lead Site Reliability Engineer for our SaaS team. The ideal candidate has 8-14 years of experience and is proficient in Python, Linux, Kubernetes, Grafana, AWS, Monitoring. This is a remote internship position focused on delivering high-quality software engineering work."
Lead QA Engineer,Software Engineering,Postman; Manual Testing; JUnit; Selenium; Jira; Cypress; CI/CD,Lead,"Internship · Hybrid. We are hiring a Lead QA Engineer for our Startup team. The ideal candidate has 8-14 years of experience and is proficient in Postman, Manual Testing, JUnit, Selenium, Jira, Cypress, CI/CD. This is a hybrid internship position focused on delivering high-quality software engineering work."
Principal Frontend Developer,Software Engineering,Jest; Accessibility; TypeScript; HTML; Sass,Principal,"Full-time · Hybrid. We are hiring a Principal Frontend Developer for our Startup team. The ideal candidate has 12-20 years of experience and is proficient in Jest, Accessibility, TypeScript, HTML, Sass. This is a hybrid full-time position focused on delivering high-quality software engineering work."
Intern QA Engineer,Software Engineering,Manual Testing; Selenium; JUnit; CI/CD; Postman; Test Automation,Intern,"Full-time · On-site. We are hiring a Intern QA Engineer for our Enterprise team. The ideal candidate has 0-1 years of experience and is proficient in Manual Testing, Selenium, JUnit, CI/CD, Postman, Test Automation. This is a on-site full-time position focused on delivering high-quality software engineering work."
Lead Backend Developer,Software Engineering,Spring Boot; REST APIs; Django; Microservices; Node.js; GraphQL,Lead,"Full-time · Remote. We are hiring a Lead Backend Developer for our Gaming team. The ideal candidate has 8-14 years of experience and is proficient in Spring Boot, REST APIs, Django, Microservices, Node.js, GraphQL. This is a remote full-time position focused on delivering high-quality software engineering work."
Mid-level Full Stack Developer,Software Engineering,Python; JavaScript; React; TypeScript; Git; REST APIs,Mid-level,"Full-time · Hybrid. We are hiring a Mid-level Full Stack Developer for our Startup team. The ideal candidate has 3-6 years of experience and is proficient in Python, JavaScript, React, TypeScript, Git, REST APIs. This is a hybrid full-time position focused on delivering high-quality software engineering work."
Senior Frontend Developer,Software Engineering,Redux; Jest; Sass; JavaScript; TypeScript; CSS; Accessibility,Senior,"Internship · Hybrid. We are hiring a Senior Frontend Developer for our Healthcare team. The ideal candidate has 6-10 years of experience and is proficient in Redux, Jest, Sass, JavaScript, TypeScript, CSS, Accessibility. This is a hybrid internship position focused on delivering high-quality software engineering work."
Mid-level Mobile Developer,Software Engineering,iOS; Git; Flutter; Swift; REST APIs,Mid-level,"Internship · On-site. We are hiring a Mid-level Mobile Developer for our Healthcare team. The ideal candidate has 3-6 years of experience and is proficient in iOS, Git, Flutter, Swift, REST APIs. This is a on-site internship position focused on delivering high-quality software engineering work."
Senior QA Engineer,Software Engineering,Postman; JUnit; Python; Jira; Bug Tracking,Senior,"Internship · On-site. We are hiring a Senior QA Engineer for our EdTech team. The ideal candidate has 6-10 years of experience and is proficient in Postman, JUnit, Python, Jira, Bug Tracking. This is a on-site internship position focused on delivering high-quality software engineering work."
Principal Mobile Developer,Software Engineering,Git; Flutter; iOS; Kotlin; UI Design; React Native; Swift,Principal,"Internship · On-site. We are hiring a Principal Mobile Developer for our Fintech team. The ideal candidate has 12-20 years of experience and is proficient in Git, Flutter, iOS, Kotlin, UI Design, React Native, Swift. This is a on-site internship position focused on delivering high-quality software engineering work."
Lead Site Reliability Engineer,Software Engineering,AWS; Go; Kubernetes; Monitoring; Incident Response; Linux,Lead,"Contract · Remote. We are hiring a Lead Site Reliability Engineer for our Gaming team. The ideal candidate has 8-14 years of experience and is proficient in AWS, Go, Kubernetes, Monitoring, Incident Response, Linux. This is a remote contract position focused on delivering high-quality software engineering work."
Senior Game Developer,Software Engineering,C#; C++; Physics; Unreal Engine; OpenGL; Unity,Senior,"Internship · Remote. We are hiring a Senior Game Developer for our Gaming team. The ideal candidate has 6-10 years of experience and is proficient in C#, C++, Physics, Unreal Engine, OpenGL, Unity. This is a remote internship position focused on delivering high-quality software engineering work."
Senior Software Architect,Software Engineering,Design Patterns; Scalability; Docker; REST APIs; AWS; Java; Leadership,Senior,"Internship · Hybrid. We are hiring a Senior Software Architect for our Enterprise team. The ideal candidate has 6-10 years of experience and is proficient in Design Patterns, Scalability, Docker, REST APIs, AWS, Java, Leadership. This is a hybrid internship position focused on delivering high-quality software engineering work."
Principal Backend Developer,Software Engineering,SQL; Node.js; Java; Spring Boot; GraphQL,Principal,"Internship · On-site. We are hiring a Principal Backend Developer for our Enterprise team. The ideal candidate has 12-20 years of experience and is proficient in SQL, Node.js, Java, Spring Boot, GraphQL. This is a on-site internship position focused on delivering high-quality software engineering work."
Principal Frontend Developer,Software Engineering,JavaScript; Accessibility; Webpack; TypeScript; Redux; Jest,Principal,"Contract · Remote. We are hiring a Principal Frontend Developer for our Gaming team. The ideal candidate has 12-20 years of experience and is proficient in JavaScript, Accessibility, Webpack, TypeScript, Redux, Jest. This is a remote contract position focused on delivering high-quality software engineering work."
Senior Game Developer,Software Engineering,OpenGL; C++; 3D Math; Game Design; Unreal Engine; Unity; Physics,Senior,"Internship · Hybrid. We are hiring a Senior Game Developer for our E-commerce team. The ideal candidate has 6-10 years of experience and is proficient in OpenGL, C++, 3D Math, Game Design, Unreal Engine, Unity, Physics. This is a hybrid internship position focused on delivering high-quality software engineering work."
Intern Frontend Developer,Software Engineering,Webpack; Redux; Accessibility; Sass; CSS; React,Intern,"Full-time · Remote. We are hiring a Intern Frontend Developer for our Startup team. The ideal candidate has 0-1 years of experience and is proficient in Webpack, Redux, Accessibility, Sass, CSS, React. This is a remote full-time position focused on delivering high-quality software engineering work."
Senior Backend Developer,Software Engineering,Microservices; SQL; Node.js; Spring Boot; REST APIs,Senior,"Contract · On-site. We are hiring a Senior Backend Developer for our E-commerce team. The ideal candidate has 6-10 years of experience and is proficient in Microservices, SQL, Node.js, Spring Boot, REST APIs. This is a on-site contract position focused on delivering high-quality software engineering work."
Mid-level Full Stack Developer,Software Engineering,Python; MongoDB; JavaScript; Node.js; Git; Docker,Mid-level,"Contract · Remote. We are hiring a Mid-level Full Stack Developer for our Healthcare team. The ideal candidate has 3-6 years of experience and is proficient in Python, MongoDB, JavaScript, Node.js, Git, Docker. This is a remote contract position focused on delivering high-quality software engineering work."
Principal QA Engineer,Software Engineering,Manual Testing; Jira; JUnit; Cypress; Bug Tracking,Principal,"Contract · Remote. We are hiring a Principal QA Engineer for our E-commerce team. The ideal candidate has 12-20 years of experience and is proficient in Manual Testing, Jira, JUnit, Cypress, Bug Tracking. This is a remote contract position focused on delivering high-quality software engineering work."
Principal Site Reliability Engineer,Software Engineering,Prometheus; Python; AWS; Linux; Terraform; Grafana; Go,Principal,"Contract · Hybrid. We are hiring a Principal Site Reliability Engineer for our SaaS team. The ideal candidate has 12-20 years of experience and is proficient in Prometheus, Python, AWS, Linux, Terraform, Grafana, Go. This is a hybrid contract position focused on delivering high-quality software engineering work."
Junior Site Reliability Engineer,Software Engineering,AWS; Go; Terraform; Monitoring; Python,Junior,"Full-time · Remote. We are hiring a Junior Site Reliability Engineer for our EdTech team. The ideal candidate has 1-3 years of experience and is proficient in AWS, Go, Terraform, Monitoring, Python. This is a remote full-time position focused on delivering high-quality software engineering work."
Junior Software Architect,Software Engineering,REST APIs; Leadership; Microservices; Java; System Design; Design Patterns; Scalability,Junior,"Contract · Remote. We are hiring a Junior Software Architect for our Gaming team. The ideal candidate has 1-3 years of experience and is proficient in REST APIs, Leadership, Microservices, Java, System Design, Design Patterns, Scalability. This is a remote contract position focused on delivering high-quality software engineering work."
Lead Software Architect,Software Engineering,Java; Leadership; Kafka; Microservices; REST APIs; Scalability,Lead,"Full-time · Hybrid. We are hiring a Lead Software Architect for our Enterprise team. The ideal candidate has 8-14 years of experience and is proficient in Java, Leadership, Kafka, Microservices, REST APIs, Scalability. This is a hybrid full-time position focused on delivering high-quality software engineering work."
Mid-level DevOps Engineer,Software Engineering,Linux; AWS; CI/CD; Docker; Ansible,Mid-level,"Contract · On-site. We are hiring a Mid-level DevOps Engineer for our EdTech team. The ideal candidate has 3-6 years of experience and is proficient in Linux, AWS, CI/CD, Docker, Ansible. This is a on-site contract position focused on delivering high-quality software engineering work."
Intern Frontend Developer,Software Engineering,Sass; Webpack; Accessibility; Redux; JavaScript; React; HTML,Intern,"Contract · Hybrid. We are hiring a Intern Frontend Developer for our E-commerce team. The ideal candidate has 0-1 years of experience and is proficient in Sass, Webpack, Accessibility, Redux, JavaScript, React, HTML. This is a hybrid contract position focused on delivering high-quality software engineering work."
Junior Software Architect,Software Engineering,Microservices; Leadership; Docker; Design Patterns; System Design; Java,Junior,"Contract · Hybrid. We are hiring a Junior Software Architect for our Healthcare team. The ideal candidate has 1-3 years of experience and is proficient in Microservices, Leadership, Docker, Design Patterns, System Design, Java. This is a hybrid contract position focused on delivering high-quality software engineering work."
Mid-level Software Architect,Software Engineering,Kafka; Docker; AWS; System Design; Microservices; Leadership,Mid-level,"Internship · On-site. We are hiring a Mid-level Software Architect for our Gaming team. The ideal candidate has 3-6 years of experience and is proficient in Kafka, Docker, AWS, System Design, Microservices, Leadership. This is a on-site internship position focused on delivering high-quality software engineering work."
Lead Frontend Developer,Software Engineering,Jest; HTML; Redux; Webpack; Accessibility,Lead,"Internship · Hybrid. We are hiring a Lead Frontend Developer for our Healthcare team. The ideal candidate has 8-14 years of experience and is proficient in Jest, HTML, Redux, Webpack, Accessibility. This is a hybrid internship position focused on delivering high-quality software engineering work."
Principal DevOps Engineer,Software Engineering,Ansible; Docker; AWS; Kubernetes; Linux,Principal,"Internship · Remote. We are hiring a Principal DevOps Engineer for our SaaS team. The ideal candidate has 12-20 years of experience and is proficient in Ansible, Docker, AWS, Kubernetes, Linux. This is a remote internship position focused on delivering high-quality software engineering work."
Mid-level Site Reliability Engineer,Software Engineering,Monitoring; Python; Terraform; Linux; Prometheus; Incident Response,Mid-level,"Contract · Remote. We are hiring a Mid-level Site Reliability Engineer for our Startup team. The ideal candidate has 3-6 years of experience and is proficient in Monitoring, Python, Terraform, Linux, Prometheus, Incident Response. This is a remote contract position focused on delivering high-quality software engineering work."
Lead Frontend Developer,Software Engineering,React; Jest; Sass; Accessibility; TypeScript; JavaScript; Webpack,Lead,"Full-time · Hybrid. We are hiring a Lead Frontend Developer for our Fintech team. The ideal candidate has 8-14 years of experience and is proficient in React, Jest, Sass, Accessibility, TypeScript, JavaScript, Webpack. This is a hybrid full-time position focused on delivering high-quality software engineering work."
Mid-level Software Architect,Software Engineering,Leadership; AWS; Docker; System Design; REST APIs; Microservices,Mid-level,"Internship · Hybrid. We are hiring a Mid-level Software Architect for our Healthcare team. The ideal candidate has 3-6 years of experience and is proficient in Leadership, AWS, Docker, System Design, REST APIs, Microservices. This is a hybrid internship position focused on delivering high-quality software engineering work."
Mid-level Site Reliability Engineer,Software Engineering,Grafana; Go; Terraform; Kubernetes; Incident Response; Prometheus; Linux,Mid-level,"Full-time · On-site. We are hiring a Mid-level Site Reliability Engineer for our E-commerce team. The ideal candidate has 3-6 years of experience and is proficient in Grafana, Go, Terraform, Kubernetes, Incident Response, Prometheus, Linux. This is a on-site full-time position focused on delivering high-quality software engineering work."
Mid-level QA Engineer,Software Engineering,JUnit; Jira; Cypress; Manual Testing; Python; Test Automation; Selenium,Mid-level,"Internship · Hybrid. We are hiring a Mid-level QA Engineer for our Healthcare team. The ideal candidate has 3-6 years of experience and is proficient in JUnit, Jira, Cypress, Manual Testing, Python, Test Automation, Selenium. This is a hybrid internship position focused on delivering high-quality software engineering work."
Junior Game Developer,Software Engineering,Unreal Engine; C++; Unity; 3D Math; Game Design,Junior,"Contract · Remote. We are hiring a Junior Game Developer for our E-commerce team. The ideal candidate has 1-3 years of experience and is proficient in Unreal Engine, C++, Unity, 3D Math, Game Design. This is a remote contract position focused on delivering high-quality software engineering work."
Principal DevOps Engineer,Software Engineering,Bash; Linux; Jenkins; Docker; CI/CD; Terraform; AWS,Principal,"Full-time · Hybrid. We are hiring a Principal DevOps Engineer for our Healthcare team. The ideal candidate has 12-20 years of experience and is proficient in Bash, Linux, Jenkins, Docker, CI/CD, Terraform, AWS. This is a hybrid full-time position focused on delivering high-quality software engineering work."
Lead Full Stack Developer,Software Engineering,Git; JavaScript; Docker; MongoDB; SQL; REST APIs,Lead,"Internship · Remote. We are hiring a Lead Full Stack Developer for our Startup team. The ideal candidate has 8-14 years of experience and is proficient in Git, JavaScript, Docker, MongoDB, SQL, REST APIs. This is a remote internship position focused on delivering high-quality software engineering work."
Senior Software Architect,Software Engineering,REST APIs; Kafka; System Design; Java; Microservices,Senior,"Contract · Hybrid. We are hiring a Senior Software Architect for our Gaming team. The ideal candidate has 6-10 years of experience and is proficient in REST APIs, Kafka, System Design, Java, Microservices. This is a hybrid contract position focused on delivering high-quality software engineering work."
Principal Site Reliability Engineer,Software Engineering,Incident Response; Kubernetes; Linux; Python; Go; Prometheus; Monitoring,Principal,"Contract · On-site. We are hiring a Principal Site Reliability Engineer for our Healthcare team. The ideal candidate has 12-20 years of experience and is proficient in Incident Response, Kubernetes, Linux, Python, Go, Prometheus, Monitoring. This is a on-site contract position focused on delivering high-quality software engineering work."
Principal Frontend Developer,Software Engineering,Jest; JavaScript; Webpack; Accessibility; TypeScript; Redux; Sass,Principal,"Contract · Remote. We are hiring a Principal Frontend Developer for our Fintech team. The ideal candidate has 12-20 years of experience and is proficient in Jest, JavaScript, Webpack, Accessibility, TypeScript, Redux, Sass. This is a remote contract position focused on delivering high-quality software engineering work."
Mid-level Software Architect,Software Engineering,REST APIs; Docker; Java; System Design; Design Patterns; Kafka; Leadership,Mid-level,"Internship · Hybrid. We are hiring a Mid-level Software Architect for our Fintech team. The ideal candidate has 3-6 years of experience and is proficient in REST APIs, Docker, Java, System Design, Design Patterns, Kafka, Leadership. This is a hybrid internship position focused on delivering high-quality software engineering work."
Lead Mobile Developer,Software Engineering,REST APIs; Swift; React Native; Kotlin; UI Design,Lead,"Full-time · On-site. We are hiring a Lead Mobile Developer for our Gaming team. The ideal candidate has 8-14 years of experience and is proficient in REST APIs, Swift, React Native, Kotlin, UI Design. This is a on-site full-time position focused on delivering high-quality software engineering work."
Principal Frontend Developer,Software Engineering,Accessibility; Sass; HTML; JavaScript; Redux,Principal,"Full-time · Remote. We are hiring a Principal Frontend Developer for our EdTech team. The ideal candidate has 12-20 years of experience and is proficient in Accessibility, Sass, HTML, JavaScript, Redux. This is a remote full-time position focused on delivering high-quality software engineering work."
Principal Mobile Developer,Software Engineering,Flutter; Firebase; REST APIs; Android SDK; Kotlin; React Native,Principal,"Internship · Hybrid. We are hiring a Principal Mobile Developer for our Fintech team. The ideal candidate has 12-20 years of experience and is proficient in Flutter, Firebase, REST APIs, Android SDK, Kotlin, React Native. This is a hybrid internship position focused on delivering high-quality software engineering work."
Junior QA Engineer,Software Engineering,Manual Testing; Python; Selenium; JUnit; Cypress; Bug Tracking; Test Automation,Junior,"Contract · Hybrid. We are hiring a Junior QA Engineer for our Gaming team. The ideal candidate has 1-3 years of experience and is proficient in Manual Testing, Python, Selenium, JUnit, Cypress, Bug Tracking, Test Automation. This is a hybrid contract position focused on delivering high-quality software engineering work."
Intern Game Developer,Software Engineering,Game Design; Unity; C#; Optimization; C++; 3D Math,Intern,"Internship · Remote. We are hiring a Intern Game Developer for our EdTech team. The ideal candidate has 0-1 years of experience and is proficient in Game Design, Unity, C#, Optimization, C++, 3D Math. This is a remote internship position focused on delivering high-quality software engineering work."
Mid-level Software Architect,Software Engineering,Scalability; Leadership; REST APIs; Java; Design Patterns,Mid-level,"Full-time · Remote. We are hiring a Mid-level Software Architect for our Startup team. The ideal candidate has 3-6 years of experience and is proficient in Scalability, Leadership, REST APIs, Java, Design Patterns. This is a remote full-time position focused on delivering high-quality software engineering work."
Principal Mobile Developer,Software Engineering,Git; React Native; Kotlin; REST APIs; Swift; UI Design; Firebase,Principal,"Internship · Hybrid. We are hiring a Principal Mobile Developer for our E-commerce team. The ideal candidate has 12-20 years of experience and is proficient in Git, React Native, Kotlin, REST APIs, Swift, UI Design, Firebase. This is a hybrid internship position focused on delivering high-quality software engineering work."
Principal Game Developer,Software Engineering,C++; C#; Unity; 3D Math; OpenGL; Game Design; Physics,Principal,"Contract · On-site. We are hiring a Principal Game Developer for our Healthcare team. The ideal candidate has 12-20 years of experience and is proficient in C++, C#, Unity, 3D Math, OpenGL, Game Design, Physics. This is a on-site contract position focused on delivering high-quality software engineering work."
Intern Software Architect,Software Engineering,REST APIs; System Design; Kafka; Scalability; AWS; Docker,Intern,"Full-time · Remote. We are hiring a Intern Software Architect for our EdTech team. The ideal candidate has 0-1 years of experience and is proficient in REST APIs, System Design, Kafka, Scalability, AWS, Docker. This is a remote full-time position focused on delivering high-quality software engineering work."
Senior Full Stack Developer,Software Engineering,Docker; REST APIs; Node.js; Python; React; JavaScript; TypeScript,Senior,"Internship · Remote. We are hiring a Senior Full Stack Developer for our Healthcare team. The ideal candidate has 6-10 years of experience and is proficient in Docker, REST APIs, Node.js, Python, React, JavaScript, TypeScript. This is a remote internship position focused on delivering high-quality software engineering work."
Mid-level DevOps Engineer,Software Engineering,Kubernetes; Bash; Linux; AWS; Ansible; Docker; CI/CD,Mid-level,"Internship · Remote. We are hiring a Mid-level DevOps Engineer for our Healthcare team. The ideal candidate has 3-6 years of experience and is proficient in Kubernetes, Bash, Linux, AWS, Ansible, Docker, CI/CD. This is a remote internship position focused on delivering high-quality software engineering work."
Intern Game Developer,Software Engineering,OpenGL; C++; Physics; Game Design; Unreal Engine; C#; Shaders,Intern,"Contract · On-site. We are hiring a Intern Game Developer for our E-commerce team. The ideal candidate has 0-1 years of experience and is proficient in OpenGL, C++, Physics, Game Design, Unreal Engine, C#, Shaders. This is a on-site contract position focused on delivering high-quality software engineering work."
Junior Game Developer,Software Engineering,Game Design; C++; Unreal Engine; OpenGL; 3D Math,Junior,"Internship · Remote. We are hiring a Junior Game Developer for our Healthcare team. The ideal candidate has 1-3 years of experience and is proficient in Game Design, C++, Unreal Engine, OpenGL, 3D Math. This is a remote internship position focused on delivering high-quality software engineering work."
Intern Backend Developer,Software Engineering,SQL; Redis; Spring Boot; Node.js; GraphQL; Django; Python,Intern,"Full-time · Hybrid. We are hiring a Intern Backend Developer for our EdTech team. The ideal candidate has 0-1 years of experience and is proficient in SQL, Redis, Spring Boot, Node.js, GraphQL, Django, Python. This is a hybrid full-time position focused on delivering high-quality software engineering work."
Intern Backend Developer,Software Engineering,Spring Boot; SQL; Redis; Microservices; Django; GraphQL,Intern,"Full-time · Hybrid. We are hiring a Intern Backend Developer for our Enterprise team. The ideal candidate has 0-1 years of experience and is proficient in Spring Boot, SQL, Redis, Microservices, Django, GraphQL. This is a hybrid full-time position focused on delivering high-quality software engineering work."
Mid-level Backend Developer,Software Engineering,Redis; Python; SQL; Node.js; Spring Boot; REST APIs,Mid-level,"Full-time · On-site. We are hiring a Mid-level Backend Developer for our EdTech team. The ideal candidate has 3-6 years of experience and is proficient in Redis, Python, SQL, Node.js, Spring Boot, REST APIs. This is a on-site full-time position focused on delivering high-quality software engineering work."
Senior Mobile Developer,Software Engineering,Flutter; React Native; Swift; Kotlin; REST APIs; UI Design,Senior,"Internship · Hybrid. We are hiring a Senior Mobile Developer for our SaaS team. The ideal candidate has 6-10 years of experience and is proficient in Flutter, React Native, Swift, Kotlin, REST APIs, UI Design. This is a hybrid internship position focused on delivering high-quality software engineering work."
Principal DevOps Engineer,Software Engineering,Kubernetes; Bash; AWS; Docker; Jenkins,Principal,"Full-time · Hybrid. We are hiring a Principal DevOps Engineer for our E-commerce team. The ideal candidate has 12-20 years of experience and is proficient in Kubernetes, Bash, AWS, Docker, Jenkins. This is a hybrid full-time position focused on delivering high-quality software engineering work."
Junior Site Reliability Engineer,Software Engineering,Go; Terraform; Grafana; Monitoring; AWS; Prometheus,Junior,"Internship · Remote. We are hiring a Junior Site Reliability Engineer for our EdTech team. The ideal candidate has 1-3 years of experience and is proficient in Go, Terraform, Grafana, Monitoring, AWS, Prometheus. This is a remote internship position focused on delivering high-quality software engineering work."
Lead QA Engineer,Software Engineering,CI/CD; JUnit; Test Automation; Selenium; Postman; Manual Testing,Lead,"Full-time · Remote. We are hiring a Lead QA Engineer for our SaaS team. The ideal candidate has 8-14 years of experience and is proficient in CI/CD, JUnit, Test Automation, Selenium, Postman, Manual Testing. This is a remote full-time position focused on delivering high-quality software engineering work."
Mid-level Software Architect,Software Engineering,Leadership; Microservices; Scalability; Java; AWS,Mid-level,"Internship · On-site. We are hiring a Mid-level Software Architect for our Enterprise team. The ideal candidate has 3-6 years of experience and is proficient in Leadership, Microservices, Scalability, Java, AWS. This is a on-site internship position focused on delivering high-quality software engineering work."
Mid-level Game Developer,Software Engineering,Optimization; C++; OpenGL; Unreal Engine; C#; Unity; Physics,Mid-level,"Full-time · Remote. We are hiring a Mid-level Game Developer for our EdTech team. The ideal candidate has 3-6 years of experience and is proficient in Optimization, C++, OpenGL, Unreal Engine, C#, Unity, Physics. This is a remote full-time position focused on delivering high-quality software engineering work."
Mid-level DevOps Engineer,Software Engineering,Bash; Ansible; Docker; AWS; Terraform,Mid-level,"Contract · Hybrid. We are hiring a Mid-level DevOps Engineer for our E-commerce team. The ideal candidate has 3-6 years of experience and is proficient in Bash, Ansible, Docker, AWS, Terraform. This is a hybrid contract position focused on delivering high-quality software engineering work."
Mid-level DevOps Engineer,Software Engineering,Bash; Docker; CI/CD; Monitoring; Linux; Terraform; AWS,Mid-level,"Internship · Hybrid. We are hiring a Mid-level DevOps Engineer for our Enterprise team. The ideal candidate has 3-6 years of experience and is proficient in Bash, Docker, CI/CD, Monitoring, Linux, Terraform, AWS. This is a hybrid internship position focused on delivering high-quality software engineering work."
Junior DevOps Engineer,Software Engineering,Kubernetes; Bash; AWS; Monitoring; Terraform; Ansible,Junior,"Contract · On-site. We are hiring a Junior DevOps Engineer for our Enterprise team. The ideal candidate has 1-3 years of experience and is proficient in Kubernetes, Bash, AWS, Monitoring, Terraform, Ansible. This is a on-site contract position focused on delivering high-quality software engineering work."
Junior QA Engineer,Software Engineering,Postman; Bug Tracking; Selenium; Jira; Test Automation,Junior,"Full-time · Remote. We are hiring a Junior QA Engineer for our Fintech team. The ideal candidate has 1-3 years of experience and is proficient in Postman, Bug Tracking, Selenium, Jira, Test Automation. This is a remote full-time position focused on delivering high-quality software engineering work."
Mid-level Software Architect,Software Engineering,Microservices; System Design; Docker; Leadership; REST APIs,Mid-level,"Internship · Remote. We are hiring a Mid-level Software Architect for our Gaming team. The ideal candidate has 3-6 years of experience and is proficient in Microservices, System Design, Docker, Leadership, REST APIs. This is a remote internship position focused on delivering high-quality software engineering work."
Lead QA Engineer,Software Engineering,Selenium; Test Automation; JUnit; Cypress; Jira; Bug Tracking,Lead,"Contract · Remote. We are hiring a Lead QA Engineer for our E-commerce team. The ideal candidate has 8-14 years of experience and is proficient in Selenium, Test Automation, JUnit, Cypress, Jira, Bug Tracking. This is a remote contract position focused on delivering high-quality software engineering work."
Mid-level Full Stack Developer,Software Engineering,REST APIs; Node.js; MongoDB; Python; TypeScript; JavaScript; Docker,Mid-level,"Full-time · Hybrid. We are hiring a Mid-level Full Stack Developer for our E-commerce team. The ideal candidate has 3-6 years of experience and is proficient in REST APIs, Node.js, MongoDB, Python, TypeScript, JavaScript, Docker. This is a hybrid full-time position focused on delivering high-quality software engineering work."
Mid-level Backend Developer,Software Engineering,Java; Node.js; Redis; Python; GraphQL; REST APIs; Django,Mid-level,"Full-time · Hybrid. We are hiring a Mid-level Backend Developer for our EdTech team. The ideal candidate has 3-6 years of experience and is proficient in Java, Node.js, Redis, Python, GraphQL, REST APIs, Django. This is a hybrid full-time position focused on delivering high-quality software engineering work."
Lead Software Architect,Software Engineering,Design Patterns; Kafka; Microservices; Scalability; Docker,Lead,"Internship · On-site. We are hiring a Lead Software Architect for our Enterprise team. The ideal candidate has 8-14 years of experience and is proficient in Design Patterns, Kafka, Microservices, Scalability, Docker. This is a on-site internship position focused on delivering high-quality software engineering work."
Senior DevOps Engineer,Software Engineering,Jenkins; Docker; Monitoring; Bash; AWS,Senior,"Internship · On-site. We are hiring a Senior DevOps Engineer for our E-commerce team. The ideal candidate has 6-10 years of experience and is proficient in Jenkins, Docker, Monitoring, Bash, AWS. This is a on-site internship position focused on delivering high-quality software engineering work."
Lead Frontend Developer,Software Engineering,Redux; TypeScript; Accessibility; Webpack; React; CSS; Sass,Lead,"Full-time · On-site. We are hiring a Lead Frontend Developer for our Fintech team. The ideal candidate has 8-14 years of experience and is proficient in Redux, TypeScript, Accessibility, Webpack, React, CSS, Sass. This is a on-site full-time position focused on delivering high-quality software engineering work."
Mid-level QA Engineer,Software Engineering,JUnit; Jira; Manual Testing; Test Automation; CI/CD; Cypress; Selenium,Mid-level,"Full-time · On-site. We are hiring a Mid-level QA Engineer for our EdTech team. The ideal candidate has 3-6 years of experience and is proficient in JUnit, Jira, Manual Testing, Test Automation, CI/CD, Cypress, Selenium. This is a on-site full-time position focused on delivering high-quality software engineering work."
Lead QA Engineer,Software Engineering,CI/CD; Manual Testing; Test Automation; Cypress; Selenium,Lead,"Full-time · On-site. We are hiring a Lead QA Engineer for our Startup team. The ideal candidate has 8-14 years of experience and is proficient in CI/CD, Manual Testing, Test Automation, Cypress, Selenium. This is a on-site full-time position focused on delivering high-quality software engineering work."
Mid-level Software Architect,Software Engineering,Docker; Scalability; Microservices; AWS; Leadership; Java,Mid-level,"Contract · Remote. We are hiring a Mid-level Software Architect for our Gaming team. The ideal candidate has 3-6 years of experience and is proficient in Docker, Scalability, Microservices, AWS, Leadership, Java. This is a remote contract position focused on delivering high-quality software engineering work."
Lead Backend Developer,Software Engineering,REST APIs; Redis; SQL; Java; Spring Boot; Microservices; Node.js,Lead,"Full-time · On-site. We are hiring a Lead Backend Developer for our SaaS team. The ideal candidate has 8-14 years of experience and is proficient in REST APIs, Redis, SQL, Java, Spring Boot, Microservices, Node.js. This is a on-site full-time position focused on delivering high-quality software engineering work."
Intern Mobile Developer,Software Engineering,Kotlin; Android SDK; Git; REST APIs; UI Design; iOS; React Native,Intern,"Full-time · Hybrid. We are hiring a Intern Mobile Developer for our E-commerce team. The ideal candidate has 0-1 years of experience and is proficient in Kotlin, Android SDK, Git, REST APIs, UI Design, iOS, React Native. This is a hybrid full-time position focused on delivering high-quality software engineering work."
Intern QA Engineer,Software Engineering,Manual Testing; CI/CD; Python; Selenium; Test Automation; JUnit,Intern,"Contract · Remote. We are hiring a Intern QA Engineer for our Enterprise team. The ideal candidate has 0-1 years of experience and is proficient in Manual Testing, CI/CD, Python, Selenium, Test Automation, JUnit. This is a remote contract position focused on delivering high-quality software engineering work."
Principal QA Engineer,Software Engineering,Manual Testing; Bug Tracking; Test Automation; Jira; JUnit,Principal,"Contract · Hybrid. We are hiring a Principal QA Engineer for our SaaS team. The ideal candidate has 12-20 years of experience and is proficient in Manual Testing, Bug Tracking, Test Automation, Jira, JUnit. This is a hybrid contract position focused on delivering high-quality software engineering work."
Mid-level Backend Developer,Software Engineering,Java; REST APIs; SQL; Python; Microservices,Mid-level,"Full-time · On-site. We are hiring a Mid-level Backend Developer for our Healthcare team. The ideal candidate has 3-6 years of experience and is proficient in Java, REST APIs, SQL, Python, Microservices. This is a on-site full-time position focused on delivering high-quality software engineering work."
Mid-level QA Engineer,Software Engineering,JUnit; Python; Jira; CI/CD; Cypress; Manual Testing; Test Automation,Mid-level,"Full-time · Hybrid. We are hiring a Mid-level QA Engineer for our Gaming team. The ideal candidate has 3-6 years of experience and is proficient in JUnit, Python, Jira, CI/CD, Cypress, Manual Testing, Test Automation. This is a hybrid full-time position focused on delivering high-quality software engineering work."
Intern Software Architect,Software Engineering,Docker; REST APIs; Scalability; AWS; Leadership; Kafka; Microservices,Intern,"Internship · On-site. We are hiring a Intern Software Architect for our Gaming team. The ideal candidate has 0-1 years of experience and is proficient in Docker, REST APIs, Scalability, AWS, Leadership, Kafka, Microservices. This is a on-site internship position focused on delivering high-quality software engineering work."
Junior Game Developer,Software Engineering,Game Design; C++; Physics; Optimization; OpenGL; Unity,Junior,"Full-time · Hybrid. We are hiring a Junior Game Developer for our Startup team. The ideal candidate has 1-3 years of experience and is proficient in Game Design, C++, Physics, Optimization, OpenGL, Unity. This is a hybrid full-time position focused on delivering high-quality software engineering work."
Intern Full Stack Developer,Software Engineering,TypeScript; Node.js; JavaScript; Python; Git; Docker; React,Intern,"Full-time · On-site. We are hiring a Intern Full Stack Developer for our Gaming team. The ideal candidate has 0-1 years of experience and is proficient in TypeScript, Node.js, JavaScript, Python, Git, Docker, React. This is a on-site full-time position focused on delivering high-quality software engineering work."
Principal QA Engineer,Software Engineering,Python; Selenium; Test Automation; Cypress; Jira; JUnit,Principal,"Internship · On-site. We are hiring a Principal QA Engineer for our Enterprise team. The ideal candidate has 12-20 years of experience and is proficient in Python, Selenium, Test Automation, Cypress, Jira, JUnit. This is a on-site internship position focused on delivering high-quality software engineering work."
Junior Backend Developer,Software Engineering,Python; REST APIs; Spring Boot; Redis; Java,Junior,"Contract · Remote. We are hiring a Junior Backend Developer for our E-commerce team. The ideal candidate has 1-3 years of experience and is proficient in Python, REST APIs, Spring Boot, Redis, Java. This is a remote contract position focused on delivering high-quality software engineering work."
Intern Game Developer,Software Engineering,OpenGL; Shaders; Physics; 3D Math; Unreal Engine; Optimization,Intern,"Full-time · On-site. We are hiring a Intern Game Developer for our E-commerce team. The ideal candidate has 0-1 years of experience and is proficient in OpenGL, Shaders, Physics, 3D Math, Unreal Engine, Optimization. This is a on-site full-time position focused on delivering high-quality software engineering work."
Junior Game Developer,Software Engineering,Unity; C#; OpenGL; Optimization; Physics; C++,Junior,"Contract · On-site. We are hiring a Junior Game Developer for our E-commerce team. The ideal candidate has 1-3 years of experience and is proficient in Unity, C#, OpenGL, Optimization, Physics, C++. This is a on-site contract position focused on delivering high-quality software engineering work."
Principal QA Engineer,Software Engineering,Test Automation; Bug Tracking; JUnit; Manual Testing; Postman; CI/CD,Principal,"Full-time · Hybrid. We are hiring a Principal QA Engineer for our Gaming team. The ideal candidate has 12-20 years of experience and is proficient in Test Automation, Bug Tracking, JUnit, Manual Testing, Postman, CI/CD. This is a hybrid full-time position focused on delivering high-quality software engineering work."
Junior Full Stack Developer,Software Engineering,MongoDB; Git; React; TypeScript; JavaScript; Docker; REST APIs,Junior,"Full-time · Remote. We are hiring a Junior Full Stack Developer for our E-commerce team. The ideal candidate has 1-3 years of experience and is proficient in MongoDB, Git, React, TypeScript, JavaScript, Docker, REST APIs. This is a remote full-time position focused on delivering high-quality software engineering work."
Intern Game Developer,Software Engineering,Physics; Unreal Engine; C++; Shaders; Game Design; OpenGL; C#,Intern,"Full-time · On-site. We are hiring a Intern Game Developer for our Healthcare team. The ideal candidate has 0-1 years of experience and is proficient in Physics, Unreal Engine, C++, Shaders, Game Design, OpenGL, C#. This is a on-site full-time position focused on delivering high-quality software engineering work."
Mid-level Backend Developer,Software Engineering,Java; SQL; Redis; Python; Spring Boot,Mid-level,"Contract · Remote. We are hiring a Mid-level Backend Developer for our SaaS team. The ideal candidate has 3-6 years of experience and is proficient in Java, SQL, Redis, Python, Spring Boot. This is a remote contract position focused on delivering high-quality software engineering work."
Senior Site Reliability Engineer,Software Engineering,Kubernetes; Prometheus; AWS; Terraform; Go; Grafana; Incident Response,Senior,"Internship · Hybrid. We are hiring a Senior Site Reliability Engineer for our E-commerce team. The ideal candidate has 6-10 years of experience and is proficient in Kubernetes, Prometheus, AWS, Terraform, Go, Grafana, Incident Response. This is a hybrid internship position focused on delivering high-quality software engineering work."
Mid-level Frontend Developer,Software Engineering,Redux; Jest; JavaScript; CSS; Webpack; HTML,Mid-level,"Internship · Remote. We are hiring a Mid-level Frontend Developer for our SaaS team. The ideal candidate has 3-6 years of experience and is proficient in Redux, Jest, JavaScript, CSS, Webpack, HTML. This is a remote internship position focused on delivering high-quality software engineering work."
Junior Backend Developer,Software Engineering,GraphQL; REST APIs; Microservices; Node.js; Django; SQL; Spring Boot,Junior,"Full-time · Remote. We are hiring a Junior Backend Developer for our EdTech team. The ideal candidate has 1-3 years of experience and is proficient in GraphQL, REST APIs, Microservices, Node.js, Django, SQL, Spring Boot. This is a remote full-time position focused on delivering high-quality software engineering work."
Senior Site Reliability Engineer,Software Engineering,Prometheus; Grafana; Monitoring; Go; Python; Incident Response; Terraform,Senior,"Contract · On-site. We are hiring a Senior Site Reliability Engineer for our Enterprise team. The ideal candidate has 6-10 years of experience and is proficient in Prometheus, Grafana, Monitoring, Go, Python, Incident Response, Terraform. This is a on-site contract position focused on delivering high-quality software engineering work."
Junior Software Architect,Software Engineering,Microservices; Leadership; Scalability; Java; AWS; Kafka; Design Patterns,Junior,"Contract · Remote. We are hiring a Junior Software Architect for our Enterprise team. The ideal candidate has 1-3 years of experience and is proficient in Microservices, Leadership, Scalability, Java, AWS, Kafka, Design Patterns. This is a remote contract position focused on delivering high-quality software engineering work."
Lead Frontend Developer,Software Engineering,Sass; React; Accessibility; Jest; Webpack; Redux,Lead,"Internship · On-site. We are hiring a Lead Frontend Developer for our EdTech team. The ideal candidate has 8-14 years of experience and is proficient in Sass, React, Accessibility, Jest, Webpack, Redux. This is a on-site internship position focused on delivering high-quality software engineering work."
Principal Mobile Developer,Software Engineering,Swift; Git; Kotlin; UI Design; Firebase,Principal,"Contract · Remote. We are hiring a Principal Mobile Developer for our SaaS team. The ideal candidate has 12-20 years of experience and is proficient in Swift, Git, Kotlin, UI Design, Firebase. This is a remote contract position focused on delivering high-quality software engineering work."
Mid-level Backend Developer,Software Engineering,Django; Python; GraphQL; Node.js; Spring Boot; SQL; Microservices,Mid-level,"Contract · Hybrid. We are hiring a Mid-level Backend Developer for our EdTech team. The ideal candidate has 3-6 years of experience and is proficient in Django, Python, GraphQL, Node.js, Spring Boot, SQL, Microservices. This is a hybrid contract position focused on delivering high-quality software engineering work."
Junior Software Architect,Software Engineering,Design Patterns; Docker; System Design; AWS; Java,Junior,"Full-time · Hybrid. We are hiring a Junior Software Architect for our Startup team. The ideal candidate has 1-3 years of experience and is proficient in Design Patterns, Docker, System Design, AWS, Java. This is a hybrid full-time position focused on delivering high-quality software engineering work."
Mid-level QA Engineer,Software Engineering,Bug Tracking; Cypress; Test Automation; Manual Testing; CI/CD; Selenium,Mid-level,"Contract · On-site. We are hiring a Mid-level QA Engineer for our EdTech team. The ideal candidate has 3-6 years of experience and is proficient in Bug Tracking, Cypress, Test Automation, Manual Testing, CI/CD, Selenium. This is a on-site contract position focused on delivering high-quality software engineering work."
Senior Mobile Developer,Software Engineering,Swift; UI Design; Kotlin; Android SDK; React Native,Senior,"Contract · Remote. We are hiring a Senior Mobile Developer for our Enterprise team. The ideal candidate has 6-10 years of experience and is proficient in Swift, UI Design, Kotlin, Android SDK, React Native. This is a remote contract position focused on delivering high-quality software engineering work."
Intern Backend Developer,Software Engineering,GraphQL; REST APIs; Java; Spring Boot; SQL,Intern,"Contract · On-site. We are hiring a Intern Backend Developer for our EdTech team. The ideal candidate has 0-1 years of experience and is proficient in GraphQL, REST APIs, Java, Spring Boot, SQL. This is a on-site contract position focused on delivering high-quality software engineering work."
Intern QA Engineer,Software Engineering,Python; Selenium; Test Automation; Cypress; Bug Tracking,Intern,"Internship · Hybrid. We are hiring a Intern QA Engineer for our EdTech team. The ideal candidate has 0-1 years of experience and is proficient in Python, Selenium, Test Automation, Cypress, Bug Tracking. This is a hybrid internship position focused on delivering high-quality software engineering work."
Junior Game Developer,Software Engineering,Unity; C#; Shaders; Physics; OpenGL,Junior,"Full-time · Hybrid. We are hiring a Junior Game Developer for our Gaming team. The ideal candidate has 1-3 years of experience and is proficient in Unity, C#, Shaders, Physics, OpenGL. This is a hybrid full-time position focused on delivering high-quality software engineering work."
Senior Full Stack Developer,Software Engineering,SQL; REST APIs; Python; Git; Docker; React; MongoDB,Senior,"Full-time · Hybrid. We are hiring a Senior Full Stack Developer for our Healthcare team. The ideal candidate has 6-10 years of experience and is proficient in SQL, REST APIs, Python, Git, Docker, React, MongoDB. This is a hybrid full-time position focused on delivering high-quality software engineering work."
Junior Backend Developer,Software Engineering,GraphQL; Node.js; Python; Microservices; REST APIs; Django; Java,Junior,"Full-time · Remote. We are hiring a Junior Backend Developer for our Healthcare team. The ideal candidate has 1-3 years of experience and is proficient in GraphQL, Node.js, Python, Microservices, REST APIs, Django, Java. This is a remote full-time position focused on delivering high-quality software engineering work."
Mid-level Frontend Developer,Software Engineering,Accessibility; Sass; CSS; React; TypeScript; Jest; Redux,Mid-level,"Contract · On-site. We are hiring a Mid-level Frontend Developer for our Enterprise team. The ideal candidate has 3-6 years of experience and is proficient in Accessibility, Sass, CSS, React, TypeScript, Jest, Redux. This is a on-site contract position focused on delivering high-quality software engineering work."
Principal Full Stack Developer,Software Engineering,JavaScript; Docker; Node.js; React; SQL; MongoDB,Principal,"Internship · Remote. We are hiring a Principal Full Stack Developer for our EdTech team. The ideal candidate has 12-20 years of experience and is proficient in JavaScript, Docker, Node.js, React, SQL, MongoDB. This is a remote internship position focused on delivering high-quality software engineering work."
Senior Full Stack Developer,Software Engineering,TypeScript; JavaScript; REST APIs; SQL; MongoDB; Python; Git,Senior,"Contract · Remote. We are hiring a Senior Full Stack Developer for our E-commerce team. The ideal candidate has 6-10 years of experience and is proficient in TypeScript, JavaScript, REST APIs, SQL, MongoDB, Python, Git. This is a remote contract position focused on delivering high-quality software engineering work."
Intern Software Architect,Software Engineering,System Design; Leadership; REST APIs; Docker; Kafka; Java; Design Patterns,Intern,"Internship · Remote. We are hiring a Intern Software Architect for our Fintech team. The ideal candidate has 0-1 years of experience and is proficient in System Design, Leadership, REST APIs, Docker, Kafka, Java, Design Patterns. This is a remote internship position focused on delivering high-quality software engineering work."
Junior DevOps Engineer,Software Engineering,CI/CD; Jenkins; Terraform; Linux; AWS; Ansible,Junior,"Internship · Remote. We are hiring a Junior DevOps Engineer for our EdTech team. The ideal candidate has 1-3 years of experience and is proficient in CI/CD, Jenkins, Terraform, Linux, AWS, Ansible. This is a remote internship position focused on delivering high-quality software engineering work."
Senior QA Engineer,Software Engineering,Manual Testing; Postman; CI/CD; Test Automation; Python,Senior,"Internship · Remote. We are hiring a Senior QA Engineer for our Enterprise team. The ideal candidate has 6-10 years of experience and is proficient in Manual Testing, Postman, CI/CD, Test Automation, Python. This is a remote internship position focused on delivering high-quality software engineering work."
Lead Mobile Developer,Software Engineering,Firebase; Git; Swift; UI Design; Flutter; REST APIs,Lead,"Internship · Hybrid. We are hiring a Lead Mobile Developer for our Gaming team. The ideal candidate has 8-14 years of experience and is proficient in Firebase, Git, Swift, UI Design, Flutter, REST APIs. This is a hybrid internship position focused on delivering high-quality software engineering work."
Senior DevOps Engineer,Software Engineering,Monitoring; Ansible; Linux; AWS; Bash; Terraform,Senior,"Contract · On-site. We are hiring a Senior DevOps Engineer for our SaaS team. The ideal candidate has 6-10 years of experience and is proficient in Monitoring, Ansible, Linux, AWS, Bash, Terraform. This is a on-site contract position focused on delivering high-quality software engineering work."
Mid-level QA Engineer,Software Engineering,Jira; Bug Tracking; Postman; Test Automation; Cypress; CI/CD; Selenium,Mid-level,"Contract · Remote. We are hiring a Mid-level QA Engineer for our Enterprise team. The ideal candidate has 3-6 years of experience and is proficient in Jira, Bug Tracking, Postman, Test Automation, Cypress, CI/CD, Selenium. This is a remote contract position focused on delivering high-quality software engineering work."
Intern Game Developer,Software Engineering,Unreal Engine; Physics; OpenGL; C#; Game Design,Intern,"Full-time · On-site. We are hiring a Intern Game Developer for our Enterprise team. The ideal candidate has 0-1 years of experience and is proficient in Unreal Engine, Physics, OpenGL, C#, Game Design. This is a on-site full-time position focused on delivering high-quality software engineering work."
Intern DevOps Engineer,Software Engineering,Linux; AWS; Ansible; Kubernetes; Monitoring; Bash,Intern,"Internship · On-site. We are hiring a Intern DevOps Engineer for our Fintech team. The ideal candidate has 0-1 years of experience and is proficient in Linux, AWS, Ansible, Kubernetes, Monitoring, Bash. This is a on-site internship position focused on delivering high-quality software engineering work."
Principal Software Architect,Software Engineering,System Design; Kafka; AWS; Leadership; Microservices; Java; Scalability,Principal,"Contract · Hybrid. We are hiring a Principal Software Architect for our Gaming team. The ideal candidate has 12-20 years of experience and is proficient in System Design, Kafka, AWS, Leadership, Microservices, Java, Scalability. This is a hybrid contract position focused on delivering high-quality software engineering work."
Principal Mobile Developer,Software Engineering,Firebase; Flutter; Kotlin; iOS; REST APIs,Principal,"Internship · Hybrid. We are hiring a Principal Mobile Developer for our SaaS team. The ideal candidate has 12-20 years of experience and is proficient in Firebase, Flutter, Kotlin, iOS, REST APIs. This is a hybrid internship position focused on delivering high-quality software engineering work."
Mid-level QA Engineer,Software Engineering,JUnit; Selenium; Test Automation; Cypress; Bug Tracking; Python; CI/CD,Mid-level,"Full-time · Hybrid. We are hiring a Mid-level QA Engineer for our Enterprise team. The ideal candidate has 3-6 years of experience and is proficient in JUnit, Selenium, Test Automation, Cypress, Bug Tracking, Python, CI/CD. This is a hybrid full-time position focused on delivering high-quality software engineering work."
Lead Mobile Developer,Software Engineering,Flutter; UI Design; React Native; Swift; Kotlin,Lead,"Contract · Hybrid. We are hiring a Lead Mobile Developer for our Startup team. The ideal candidate has 8-14 years of experience and is proficient in Flutter, UI Design, React Native, Swift, Kotlin. This is a hybrid contract position focused on delivering high-quality software engineering work."
Intern Full Stack Developer,Software Engineering,Git; React; Python; TypeScript; Docker,Intern,"Contract · Hybrid. We are hiring a Intern Full Stack Developer for our E-commerce team. The ideal candidate has 0-1 years of experience and is proficient in Git, React, Python, TypeScript, Docker. This is a hybrid contract position focused on delivering high-quality software engineering work."
Intern Game Developer,Software Engineering,C#; 3D Math; C++; Unity; Optimization,Intern,"Internship · Remote. We are hiring a Intern Game Developer for our Healthcare team. The ideal candidate has 0-1 years of experience and is proficient in C#, 3D Math, C++, Unity, Optimization. This is a remote internship position focused on delivering high-quality software engineering work."
Junior DevOps Engineer,Software Engineering,AWS; Kubernetes; Ansible; CI/CD; Monitoring; Docker; Linux,Junior,"Internship · Remote. We are hiring a Junior DevOps Engineer for our Startup team. The ideal candidate has 1-3 years of experience and is proficient in AWS, Kubernetes, Ansible, CI/CD, Monitoring, Docker, Linux. This is a remote internship position focused on delivering high-quality software engineering work."
Senior QA Engineer,Software Engineering,Manual Testing; Postman; Selenium; Python; Jira; Bug Tracking; Test Automation,Senior,"Internship · On-site. We are hiring a Senior QA Engineer for our Fintech team. The ideal candidate has 6-10 years of experience and is proficient in Manual Testing, Postman, Selenium, Python, Jira, Bug Tracking, Test Automation. This is a on-site internship position focused on delivering high-quality software engineering work."
Junior Site Reliability Engineer,Software Engineering,Linux; Incident Response; Python; Terraform; Prometheus; Kubernetes; Go,Junior,"Full-time · Hybrid. We are hiring a Junior Site Reliability Engineer for our E-commerce team. The ideal candidate has 1-3 years of experience and is proficient in Linux, Incident Response, Python, Terraform, Prometheus, Kubernetes, Go. This is a hybrid full-time position focused on delivering high-quality software engineering work."
Intern Site Reliability Engineer,Software Engineering,Kubernetes; AWS; Python; Prometheus; Go,Intern,"Full-time · Remote. We are hiring a Intern Site Reliability Engineer for our Fintech team. The ideal candidate has 0-1 years of experience and is proficient in Kubernetes, AWS, Python, Prometheus, Go. This is a remote full-time position focused on delivering high-quality software engineering work."
Intern Site Reliability Engineer,Software Engineering,Kubernetes; Linux; Python; Monitoring; Go; Grafana; Terraform,Intern,"Internship · Remote. We are hiring a Intern Site Reliability Engineer for our SaaS team. The ideal candidate has 0-1 years of experience and is proficient in Kubernetes, Linux, Python, Monitoring, Go, Grafana, Terraform. This is a remote internship position focused on delivering high-quality software engineering work."
Intern Site Reliability Engineer,Software Engineering,Grafana; Terraform; Monitoring; Go; Linux,Intern,"Internship · Remote. We are hiring a Intern Site Reliability Engineer for our Healthcare team. The ideal candidate has 0-1 years of experience and is proficient in Grafana, Terraform, Monitoring, Go, Linux. This is a remote internship position focused on delivering high-quality software engineering work."
Junior Backend Developer,Software Engineering,Microservices; Redis; GraphQL; Python; Java; REST APIs; SQL,Junior,"Full-time · On-site. We are hiring a Junior Backend Developer for our Fintech team. The ideal candidate has 1-3 years of experience and is proficient in Microservices, Redis, GraphQL, Python, Java, REST APIs, SQL. This is a on-site full-time position focused on delivering high-quality software engineering work."
Intern QA Engineer,Software Engineering,JUnit; Postman; Jira; Selenium; Test Automation; Cypress,Intern,"Full-time · Hybrid. We are hiring a Intern QA Engineer for our Startup team. The ideal candidate has 0-1 years of experience and is proficient in JUnit, Postman, Jira, Selenium, Test Automation, Cypress. This is a hybrid full-time position focused on delivering high-quality software engineering work."
Lead Frontend Developer,Software Engineering,HTML; Sass; Accessibility; Webpack; CSS; TypeScript; JavaScript,Lead,"Full-time · Hybrid. We are hiring a Lead Frontend Developer for our Healthcare team. The ideal candidate has 8-14 years of experience and is proficient in HTML, Sass, Accessibility, Webpack, CSS, TypeScript, JavaScript. This is a hybrid full-time position focused on delivering high-quality software engineering work."
Mid-level Game Developer,Software Engineering,Unreal Engine; C#; Shaders; Optimization; OpenGL; 3D Math; Game Design,Mid-level,"Full-time · On-site. We are hiring a Mid-level Game Developer for our EdTech team. The ideal candidate has 3-6 years of experience and is proficient in Unreal Engine, C#, Shaders, Optimization, OpenGL, 3D Math, Game Design. This is a on-site full-time position focused on delivering high-quality software engineering work."
Lead QA Engineer,Software Engineering,Test Automation; Postman; Bug Tracking; Selenium; Manual Testing; Python; JUnit,Lead,"Full-time · On-site. We are hiring a Lead QA Engineer for our E-commerce team. The ideal candidate has 8-14 years of experience and is proficient in Test Automation, Postman, Bug Tracking, Selenium, Manual Testing, Python, JUnit. This is a on-site full-time position focused on delivering high-quality software engineering work."
Junior Frontend Developer,Software Engineering,React; Jest; Accessibility; Webpack; TypeScript; CSS,Junior,"Contract · Remote. We are hiring a Junior Frontend Developer for our Gaming team. The ideal candidate has 1-3 years of experience and is proficient in React, Jest, Accessibility, Webpack, TypeScript, CSS. This is a remote contract position focused on delivering high-quality software engineering work."
Senior Software Architect,Software Engineering,Leadership; Java; Design Patterns; System Design; Docker; AWS; Kafka,Senior,"Contract · Hybrid. We are hiring a Senior Software Architect for our Healthcare team. The ideal candidate has 6-10 years of experience and is proficient in Leadership, Java, Design Patterns, System Design, Docker, AWS, Kafka. This is a hybrid contract position focused on delivering high-quality software engineering work."
Senior DevOps Engineer,Software Engineering,CI/CD; Ansible; Kubernetes; AWS; Docker; Jenkins,Senior,"Internship · Hybrid. We are hiring a Senior DevOps Engineer for our Enterprise team. The ideal candidate has 6-10 years of experience and is proficient in CI/CD, Ansible, Kubernetes, AWS, Docker, Jenkins. This is a hybrid internship position focused on delivering high-quality software engineering work."
Mid-level Game Developer,Software Engineering,Physics; OpenGL; C#; C++; Unreal Engine; Unity; 3D Math,Mid-level,"Internship · Remote. We are hiring a Mid-level Game Developer for our Fintech team. The ideal candidate has 3-6 years of experience and is proficient in Physics, OpenGL, C#, C++, Unreal Engine, Unity, 3D Math. This is a remote internship position focused on delivering high-quality software engineering work."
Lead Game Developer,Software Engineering,Optimization; C#; Physics; 3D Math; OpenGL; Game Design; Shaders,Lead,"Internship · On-site. We are hiring a Lead Game Developer for our Fintech team. The ideal candidate has 8-14 years of experience and is proficient in Optimization, C#, Physics, 3D Math, OpenGL, Game Design, Shaders. This is a on-site internship position focused on delivering high-quality software engineering work."
Principal Game Developer,Software Engineering,Shaders; C++; Physics; 3D Math; C#,Principal,"Internship · Remote. We are hiring a Principal Game Developer for our Gaming team. The ideal candidate has 12-20 years of experience and is proficient in Shaders, C++, Physics, 3D Math, C#. This is a remote internship position focused on delivering high-quality software engineering work."
Mid-level DevOps Engineer,Software Engineering,Ansible; Docker; Kubernetes; Terraform; Bash; Jenkins,Mid-level,"Full-time · Hybrid. We are hiring a Mid-level DevOps Engineer for our Fintech team. The ideal candidate has 3-6 years of experience and is proficient in Ansible, Docker, Kubernetes, Terraform, Bash, Jenkins. This is a hybrid full-time position focused on delivering high-quality software engineering work."
Intern Mobile Developer,Software Engineering,Flutter; UI Design; Swift; Git; Android SDK,Intern,"Full-time · Remote. We are hiring a Intern Mobile Developer for our EdTech team. The ideal candidate has 0-1 years of experience and is proficient in Flutter, UI Design, Swift, Git, Android SDK. This is a remote full-time position focused on delivering high-quality software engineering work."
Senior Software Architect,Software Engineering,Kafka; Docker; Design Patterns; System Design; AWS; REST APIs; Microservices,Senior,"Contract · Hybrid. We are hiring a Senior Software Architect for our E-commerce team. The ideal candidate has 6-10 years of experience and is proficient in Kafka, Docker, Design Patterns, System Design, AWS, REST APIs, Microservices. This is a hybrid contract position focused on delivering high-quality software engineering work."
Junior Frontend Developer,Software Engineering,HTML; Webpack; JavaScript; Sass; CSS; Accessibility; React,Junior,"Contract · On-site. We are hiring a Junior Frontend Developer for our SaaS team. The ideal candidate has 1-3 years of experience and is proficient in HTML, Webpack, JavaScript, Sass, CSS, Accessibility, React. This is a on-site contract position focused on delivering high-quality software engineering work."
Principal Backend Developer,Software Engineering,GraphQL; Node.js; Java; Python; REST APIs,Principal,"Full-time · Remote. We are hiring a Principal Backend Developer for our E-commerce team. The ideal candidate has 12-20 years of experience and is proficient in GraphQL, Node.js, Java, Python, REST APIs. This is a remote full-time position focused on delivering high-quality software engineering work."
Lead QA Engineer,Software Engineering,CI/CD; Selenium; Jira; Bug Tracking; Test Automation; Manual Testing; Cypress,Lead,"Contract · Hybrid. We are hiring a Lead QA Engineer for our Gaming team. The ideal candidate has 8-14 years of experience and is proficient in CI/CD, Selenium, Jira, Bug Tracking, Test Automation, Manual Testing, Cypress. This is a hybrid contract position focused on delivering high-quality software engineering work."
Principal Mobile Developer,Software Engineering,Kotlin; REST APIs; Android SDK; iOS; React Native; Flutter,Principal,"Internship · On-site. We are hiring a Principal Mobile Developer for our Healthcare team. The ideal candidate has 12-20 years of experience and is proficient in Kotlin, REST APIs, Android SDK, iOS, React Native, Flutter. This is a on-site internship position focused on delivering high-quality software engineering work."
Intern Game Developer,Software Engineering,OpenGL; Shaders; Unity; 3D Math; Unreal Engine; Game Design; Physics,Intern,"Full-time · Remote. We are hiring a Intern Game Developer for our Startup team. The ideal candidate has 0-1 years of experience and is proficient in OpenGL, Shaders, Unity, 3D Math, Unreal Engine, Game Design, Physics. This is a remote full-time position focused on delivering high-quality software engineering work."
Principal Site Reliability Engineer,Software Engineering,Prometheus; Incident Response; Python; Go; Linux,Principal,"Contract · On-site. We are hiring a Principal Site Reliability Engineer for our Enterprise team. The ideal candidate has 12-20 years of experience and is proficient in Prometheus, Incident Response, Python, Go, Linux. This is a on-site contract position focused on delivering high-quality software engineering work."
Intern Frontend Developer,Software Engineering,JavaScript; Webpack; Accessibility; Redux; Jest; TypeScript; CSS,Intern,"Contract · Remote. We are hiring a Intern Frontend Developer for our Gaming team. The ideal candidate has 0-1 years of experience and is proficient in JavaScript, Webpack, Accessibility, Redux, Jest, TypeScript, CSS. This is a remote contract position focused on delivering high-quality software engineering work."
Lead Site Reliability Engineer,Software Engineering,Linux; Kubernetes; Monitoring; Prometheus; Grafana; Terraform; Go,Lead,"Contract · Remote. We are hiring a Lead Site Reliability Engineer for our E-commerce team. The ideal candidate has 8-14 years of experience and is proficient in Linux, Kubernetes, Monitoring, Prometheus, Grafana, Terraform, Go. This is a remote contract position focused on delivering high-quality software engineering work."
Intern Game Developer,Software Engineering,C#; Optimization; Physics; 3D Math; Unity,Intern,"Internship · On-site. We are hiring a Intern Game Developer for our E-commerce team. The ideal candidate has 0-1 years of experience and is proficient in C#, Optimization, Physics, 3D Math, Unity. This is a on-site internship position focused on delivering high-quality software engineering work."
Mid-level Site Reliability Engineer,Software Engineering,AWS; Kubernetes; Go; Prometheus; Terraform; Grafana; Python,Mid-level,"Contract · On-site. We are hiring a Mid-level Site Reliability Engineer for our Startup team. The ideal candidate has 3-6 years of experience and is proficient in AWS, Kubernetes, Go, Prometheus, Terraform, Grafana, Python. This is a on-site contract position focused on delivering high-quality software engineering work."
Principal QA Engineer,Software Engineering,Selenium; Test Automation; Bug Tracking; Manual Testing; JUnit,Principal,"Contract · Hybrid. We are hiring a Principal QA Engineer for our Healthcare team. The ideal candidate has 12-20 years of experience and is proficient in Selenium, Test Automation, Bug Tracking, Manual Testing, JUnit. This is a hybrid contract position focused on delivering high-quality software engineering work."
Intern Backend Developer,Software Engineering,Microservices; Spring Boot; Node.js; REST APIs; Redis; Java; Django,Intern,"Internship · Hybrid. We are hiring a Intern Backend Developer for our SaaS team. The ideal candidate has 0-1 years of experience and is proficient in Microservices, Spring Boot, Node.js, REST APIs, Redis, Java, Django. This is a hybrid internship position focused on delivering high-quality software engineering work."
Junior Site Reliability Engineer,Software Engineering,Terraform; AWS; Incident Response; Linux; Python,Junior,"Internship · Remote. We are hiring a Junior Site Reliability Engineer for our E-commerce team. The ideal candidate has 1-3 years of experience and is proficient in Terraform, AWS, Incident Response, Linux, Python. This is a remote internship position focused on delivering high-quality software engineering work."
Intern QA Engineer,Software Engineering,JUnit; Test Automation; Manual Testing; Jira; CI/CD,Intern,"Contract · Hybrid. We are hiring a Intern QA Engineer for our Fintech team. The ideal candidate has 0-1 years of experience and is proficient in JUnit, Test Automation, Manual Testing, Jira, CI/CD. This is a hybrid contract position focused on delivering high-quality software engineering work."
Intern QA Engineer,Software Engineering,Postman; CI/CD; Python; Manual Testing; Bug Tracking; JUnit,Intern,"Contract · On-site. We are hiring a Intern QA Engineer for our Gaming team. The ideal candidate has 0-1 years of experience and is proficient in Postman, CI/CD, Python, Manual Testing, Bug Tracking, JUnit. This is a on-site contract position focused on delivering high-quality software engineering work."
Senior Mobile Developer,Software Engineering,React Native; Kotlin; Android SDK; Swift; Git; UI Design,Senior,"Full-time · Hybrid. We are hiring a Senior Mobile Developer for our E-commerce team. The ideal candidate has 6-10 years of experience and is proficient in React Native, Kotlin, Android SDK, Swift, Git, UI Design. This is a hybrid full-time position focused on delivering high-quality software engineering work."
Intern Software Architect,Software Engineering,Kafka; AWS; REST APIs; Leadership; Docker; Microservices; Java,Intern,"Full-time · Remote. We are hiring a Intern Software Architect for our E-commerce team. The ideal candidate has 0-1 years of experience and is proficient in Kafka, AWS, REST APIs, Leadership, Docker, Microservices, Java. This is a remote full-time position focused on delivering high-quality software engineering work."
Senior Frontend Developer,Software Engineering,Jest; React; Redux; TypeScript; HTML; Accessibility,Senior,"Full-time · Remote. We are hiring a Senior Frontend Developer for our Healthcare team. The ideal candidate has 6-10 years of experience and is proficient in Jest, React, Redux, TypeScript, HTML, Accessibility. This is a remote full-time position focused on delivering high-quality software engineering work."
Mid-level Game Developer,Software Engineering,Optimization; Physics; Unity; 3D Math; C#; OpenGL,Mid-level,"Contract · Hybrid. We are hiring a Mid-level Game Developer for our Gaming team. The ideal candidate has 3-6 years of experience and is proficient in Optimization, Physics, Unity, 3D Math, C#, OpenGL. This is a hybrid contract position focused on delivering high-quality software engineering work."
Principal Site Reliability Engineer,Software Engineering,AWS; Kubernetes; Prometheus; Monitoring; Linux; Incident Response; Terraform,Principal,"Internship · Hybrid. We are hiring a Principal Site Reliability Engineer for our Startup team. The ideal candidate has 12-20 years of experience and is proficient in AWS, Kubernetes, Prometheus, Monitoring, Linux, Incident Response, Terraform. This is a hybrid internship position focused on delivering high-quality software engineering work."
Junior Mobile Developer,Software Engineering,Kotlin; Android SDK; React Native; Git; Swift; iOS,Junior,"Contract · On-site. We are hiring a Junior Mobile Developer for our Fintech team. The ideal candidate has 1-3 years of experience and is proficient in Kotlin, Android SDK, React Native, Git, Swift, iOS. This is a on-site contract position focused on delivering high-quality software engineering work."
Junior Mobile Developer,Software Engineering,iOS; Kotlin; Swift; React Native; Firebase; Flutter; Git,Junior,"Full-time · Remote. We are hiring a Junior Mobile Developer for our EdTech team. The ideal candidate has 1-3 years of experience and is proficient in iOS, Kotlin, Swift, React Native, Firebase, Flutter, Git. This is a remote full-time position focused on delivering high-quality software engineering work."
Junior QA Engineer,Software Engineering,Postman; Jira; Python; Cypress; Test Automation; CI/CD; Bug Tracking,Junior,"Full-time · On-site. We are hiring a Junior QA Engineer for our E-commerce team. The ideal candidate has 1-3 years of experience and is proficient in Postman, Jira, Python, Cypress, Test Automation, CI/CD, Bug Tracking. This is a on-site full-time position focused on delivering high-quality software engineering work."
Junior Backend Developer,Software Engineering,Django; Redis; GraphQL; SQL; Python,Junior,"Contract · Remote. We are hiring a Junior Backend Developer for our Enterprise team. The ideal candidate has 1-3 years of experience and is proficient in Django, Redis, GraphQL, SQL, Python. This is a remote contract position focused on delivering high-quality software engineering work."
Junior Game Developer,Software Engineering,Unreal Engine; Unity; Game Design; OpenGL; Optimization; 3D Math,Junior,"Full-time · On-site. We are hiring a Junior Game Developer for our EdTech team. The ideal candidate has 1-3 years of experience and is proficient in Unreal Engine, Unity, Game Design, OpenGL, Optimization, 3D Math. This is a on-site full-time position focused on delivering high-quality software engineering work."
Senior Game Developer,Software Engineering,Shaders; OpenGL; Game Design; Unity; Optimization; C++; C#,Senior,"Contract · Hybrid. We are hiring a Senior Game Developer for our EdTech team. The ideal candidate has 6-10 years of experience and is proficient in Shaders, OpenGL, Game Design, Unity, Optimization, C++, C#. This is a hybrid contract position focused on delivering high-quality software engineering work."
Junior Game Developer,Software Engineering,Unity; Shaders; Unreal Engine; C++; Game Design; OpenGL; C#,Junior,"Internship · Remote. We are hiring a Junior Game Developer for our Gaming team. The ideal candidate has 1-3 years of experience and is proficient in Unity, Shaders, Unreal Engine, C++, Game Design, OpenGL, C#. This is a remote internship position focused on delivering high-quality software engineering work."
Intern QA Engineer,Software Engineering,Manual Testing; Postman; CI/CD; Bug Tracking; Cypress,Intern,"Internship · Remote. We are hiring a Intern QA Engineer for our Startup team. The ideal candidate has 0-1 years of experience and is proficient in Manual Testing, Postman, CI/CD, Bug Tracking, Cypress. This is a remote internship position focused on delivering high-quality software engineering work."
Senior Full Stack Developer,Software Engineering,Python; React; SQL; MongoDB; Node.js,Senior,"Contract · Remote. We are hiring a Senior Full Stack Developer for our Gaming team. The ideal candidate has 6-10 years of experience and is proficient in Python, React, SQL, MongoDB, Node.js. This is a remote contract position focused on delivering high-quality software engineering work."
Intern Software Architect,Software Engineering,Design Patterns; Leadership; System Design; REST APIs; Docker,Intern,"Full-time · Hybrid. We are hiring a Intern Software Architect for our SaaS team. The ideal candidate has 0-1 years of experience and is proficient in Design Patterns, Leadership, System Design, REST APIs, Docker. This is a hybrid full-time position focused on delivering high-quality software engineering work."
Principal Full Stack Developer,Software Engineering,Python; Node.js; React; TypeScript; REST APIs; Docker,Principal,"Full-time · Hybrid. We are hiring a Principal Full Stack Developer for our Startup team. The ideal candidate has 12-20 years of experience and is proficient in Python, Node.js, React, TypeScript, REST APIs, Docker. This is a hybrid full-time position focused on delivering high-quality software engineering work."
Intern QA Engineer,Software Engineering,Bug Tracking; Cypress; Test Automation; CI/CD; Python; Selenium; JUnit,Intern,"Internship · On-site. We are hiring a Intern QA Engineer for our Enterprise team. The ideal candidate has 0-1 years of experience and is proficient in Bug Tracking, Cypress, Test Automation, CI/CD, Python, Selenium, JUnit. This is a on-site internship position focused on delivering high-quality software engineering work."
Mid-level Game Developer,Software Engineering,C++; Game Design; Unreal Engine; Physics; Optimization,Mid-level,"Internship · On-site. We are hiring a Mid-level Game Developer for our EdTech team. The ideal candidate has 3-6 years of experience and is proficient in C++, Game Design, Unreal Engine, Physics, Optimization. This is a on-site internship position focused on delivering high-quality software engineering work."
Senior Mobile Developer,Software Engineering,Android SDK; REST APIs; React Native; UI Design; Kotlin,Senior,"Full-time · Remote. We are hiring a Senior Mobile Developer for our E-commerce team. The ideal candidate has 6-10 years of experience and is proficient in Android SDK, REST APIs, React Native, UI Design, Kotlin. This is a remote full-time position focused on delivering high-quality software engineering work."
Senior Mobile Developer,Software Engineering,Kotlin; UI Design; REST APIs; Git; Swift; Android SDK,Senior,"Contract · On-site. We are hiring a Senior Mobile Developer for our Gaming team. The ideal candidate has 6-10 years of experience and is proficient in Kotlin, UI Design, REST APIs, Git, Swift, Android SDK. This is a on-site contract position focused on delivering high-quality software engineering work."
Senior DevOps Engineer,Software Engineering,AWS; Ansible; Docker; Bash; Linux; Monitoring; Kubernetes,Senior,"Full-time · Hybrid. We are hiring a Senior DevOps Engineer for our Healthcare team. The ideal candidate has 6-10 years of experience and is proficient in AWS, Ansible, Docker, Bash, Linux, Monitoring, Kubernetes. This is a hybrid full-time position focused on delivering high-quality software engineering work."
Principal DevOps Engineer,Software Engineering,Monitoring; Linux; Jenkins; AWS; Docker; Ansible; CI/CD,Principal,"Internship · Remote. We are hiring a Principal DevOps Engineer for our Gaming team. The ideal candidate has 12-20 years of experience and is proficient in Monitoring, Linux, Jenkins, AWS, Docker, Ansible, CI/CD. This is a remote internship position focused on delivering high-quality software engineering work."
Intern Frontend Developer,Software Engineering,Jest; JavaScript; HTML; Redux; Accessibility,Intern,"Full-time · Hybrid. We are hiring a Intern Frontend Developer for our Gaming team. The ideal candidate has 0-1 years of experience and is proficient in Jest, JavaScript, HTML, Redux, Accessibility. This is a hybrid full-time position focused on delivering high-quality software engineering work."
Intern Frontend Developer,Software Engineering,Redux; HTML; React; JavaScript; CSS; Sass; Jest,Intern,"Contract · On-site. We are hiring a Intern Frontend Developer for our Enterprise team. The ideal candidate has 0-1 years of experience and is proficient in Redux, HTML, React, JavaScript, CSS, Sass, Jest. This is a on-site contract position focused on delivering high-quality software engineering work."
Intern DevOps Engineer,Software Engineering,Kubernetes; Docker; Monitoring; AWS; Terraform; Ansible,Intern,"Full-time · Remote. We are hiring a Intern DevOps Engineer for our Enterprise team. The ideal candidate has 0-1 years of experience and is proficient in Kubernetes, Docker, Monitoring, AWS, Terraform, Ansible. This is a remote full-time position focused on delivering high-quality software engineering work."
Junior Site Reliability Engineer,Software Engineering,Terraform; Go; Incident Response; Grafana; Linux; Monitoring,Junior,"Contract · Remote. We are hiring a Junior Site Reliability Engineer for our Enterprise team. The ideal candidate has 1-3 years of experience and is proficient in Terraform, Go, Incident Response, Grafana, Linux, Monitoring. This is a remote contract position focused on delivering high-quality software engineering work."
Lead Site Reliability Engineer,Software Engineering,Terraform; Monitoring; Kubernetes; Linux; Grafana,Lead,"Internship · Remote. We are hiring a Lead Site Reliability Engineer for our EdTech team. The ideal candidate has 8-14 years of experience and is proficient in Terraform, Monitoring, Kubernetes, Linux, Grafana. This is a remote internship position focused on delivering high-quality software engineering work."
Mid-level Mobile Developer,Software Engineering,React Native; UI Design; Kotlin; Swift; iOS; Flutter; Firebase,Mid-level,"Internship · On-site. We are hiring a Mid-level Mobile Developer for our Fintech team. The ideal candidate has 3-6 years of experience and is proficient in React Native, UI Design, Kotlin, Swift, iOS, Flutter, Firebase. This is a on-site internship position focused on delivering high-quality software engineering work."
Senior Site Reliability Engineer,Software Engineering,AWS; Prometheus; Terraform; Monitoring; Incident Response; Go,Senior,"Full-time · Remote. We are hiring a Senior Site Reliability Engineer for our Startup team. The ideal candidate has 6-10 years of experience and is proficient in AWS, Prometheus, Terraform, Monitoring, Incident Response, Go. This is a remote full-time position focused on delivering high-quality software engineering work."
Principal DevOps Engineer,Software Engineering,AWS; Ansible; CI/CD; Jenkins; Terraform; Linux,Principal,"Internship · On-site. We are hiring a Principal DevOps Engineer for our Startup team. The ideal candidate has 12-20 years of experience and is proficient in AWS, Ansible, CI/CD, Jenkins, Terraform, Linux. This is a on-site internship position focused on delivering high-quality software engineering work."
Mid-level Frontend Developer,Software Engineering,Jest; Accessibility; CSS; JavaScript; Webpack,Mid-level,"Contract · Remote. We are hiring a Mid-level Frontend Developer for our Gaming team. The ideal candidate has 3-6 years of experience and is proficient in Jest, Accessibility, CSS, JavaScript, Webpack. This is a remote contract position focused on delivering high-quality software engineering work."
Senior Game Developer,Software Engineering,OpenGL; C#; Shaders; Game Design; Unreal Engine; Unity; Optimization,Senior,"Contract · Hybrid. We are hiring a Senior Game Developer for our SaaS team. The ideal candidate has 6-10 years of experience and is proficient in OpenGL, C#, Shaders, Game Design, Unreal Engine, Unity, Optimization. This is a hybrid contract position focused on delivering high-quality software engineering work."
Intern Mobile Developer,Software Engineering,Kotlin; React Native; Android SDK; REST APIs; Swift,Intern,"Contract · Remote. We are hiring a Intern Mobile Developer for our Startup team. The ideal candidate has 0-1 years of experience and is proficient in Kotlin, React Native, Android SDK, REST APIs, Swift. This is a remote contract position focused on delivering high-quality software engineering work."
Mid-level Site Reliability Engineer,Software Engineering,Go; AWS; Kubernetes; Linux; Monitoring,Mid-level,"Internship · On-site. We are hiring a Mid-level Site Reliability Engineer for our EdTech team. The ideal candidate has 3-6 years of experience and is proficient in Go, AWS, Kubernetes, Linux, Monitoring. This is a on-site internship position focused on delivering high-quality software engineering work."
Principal Software Architect,Software Engineering,Leadership; Microservices; REST APIs; Kafka; AWS; Scalability,Principal,"Internship · Remote. We are hiring a Principal Software Architect for our Enterprise team. The ideal candidate has 12-20 years of experience and is proficient in Leadership, Microservices, REST APIs, Kafka, AWS, Scalability. This is a remote internship position focused on delivering high-quality software engineering work."
Intern DevOps Engineer,Software Engineering,Bash; Terraform; AWS; Jenkins; Monitoring; Docker,Intern,"Full-time · Hybrid. We are hiring a Intern DevOps Engineer for our Startup team. The ideal candidate has 0-1 years of experience and is proficient in Bash, Terraform, AWS, Jenkins, Monitoring, Docker. This is a hybrid full-time position focused on delivering high-quality software engineering work."
Principal Full Stack Developer,Software Engineering,React; MongoDB; SQL; Python; Git,Principal,"Contract · Hybrid. We are hiring a Principal Full Stack Developer for our Healthcare team. The ideal candidate has 12-20 years of experience and is proficient in React, MongoDB, SQL, Python, Git. This is a hybrid contract position focused on delivering high-quality software engineering work."
Senior DevOps Engineer,Software Engineering,Ansible; Docker; Terraform; Monitoring; Jenkins; Bash; AWS,Senior,"Full-time · On-site. We are hiring a Senior DevOps Engineer for our E-commerce team. The ideal candidate has 6-10 years of experience and is proficient in Ansible, Docker, Terraform, Monitoring, Jenkins, Bash, AWS. This is a on-site full-time position focused on delivering high-quality software engineering work."
Lead Game Developer,Software Engineering,Optimization; Unity; Physics; 3D Math; Shaders; C++; Unreal Engine,Lead,"Internship · On-site. We are hiring a Lead Game Developer for our Healthcare team. The ideal candidate has 8-14 years of experience and is proficient in Optimization, Unity, Physics, 3D Math, Shaders, C++, Unreal Engine. This is a on-site internship position focused on delivering high-quality software engineering work."
Principal QA Engineer,Software Engineering,Selenium; Postman; Cypress; Manual Testing; CI/CD; JUnit,Principal,"Full-time · Hybrid. We are hiring a Principal QA Engineer for our Enterprise team. The ideal candidate has 12-20 years of experience and is proficient in Selenium, Postman, Cypress, Manual Testing, CI/CD, JUnit. This is a hybrid full-time position focused on delivering high-quality software engineering work."
Senior Frontend Developer,Software Engineering,CSS; Accessibility; Webpack; HTML; Jest; Sass,Senior,"Contract · Hybrid. We are hiring a Senior Frontend Developer for our Fintech team. The ideal candidate has 6-10 years of experience and is proficient in CSS, Accessibility, Webpack, HTML, Jest, Sass. This is a hybrid contract position focused on delivering high-quality software engineering work."
Mid-level Site Reliability Engineer,Software Engineering,Terraform; Linux; Prometheus; Monitoring; AWS,Mid-level,"Internship · Remote. We are hiring a Mid-level Site Reliability Engineer for our EdTech team. The ideal candidate has 3-6 years of experience and is proficient in Terraform, Linux, Prometheus, Monitoring, AWS. This is a remote internship position focused on delivering high-quality software engineering work."
Senior Site Reliability Engineer,Software Engineering,Kubernetes; Python; Incident Response; Terraform; Go; Monitoring,Senior,"Full-time · Hybrid. We are hiring a Senior Site Reliability Engineer for our Startup team. The ideal candidate has 6-10 years of experience and is proficient in Kubernetes, Python, Incident Response, Terraform, Go, Monitoring. This is a hybrid full-time position focused on delivering high-quality software engineering work."
Senior Game Developer,Software Engineering,Unreal Engine; Game Design; Physics; Unity; Shaders; C#,Senior,"Full-time · Remote. We are hiring a Senior Game Developer for our Fintech team. The ideal candidate has 6-10 years of experience and is proficient in Unreal Engine, Game Design, Physics, Unity, Shaders, C#. This is a remote full-time position focused on delivering high-quality software engineering work."
Junior Mobile Developer,Software Engineering,iOS; Flutter; Git; Swift; React Native; Firebase; REST APIs,Junior,"Full-time · Remote. We are hiring a Junior Mobile Developer for our SaaS team. The ideal candidate has 1-3 years of experience and is proficient in iOS, Flutter, Git, Swift, React Native, Firebase, REST APIs. This is a remote full-time position focused on delivering high-quality software engineering work."
Intern Software Architect,Software Engineering,Kafka; Leadership; Java; REST APIs; Scalability; AWS; System Design,Intern,"Contract · Remote. We are hiring a Intern Software Architect for our E-commerce team. The ideal candidate has 0-1 years of experience and is proficient in Kafka, Leadership, Java, REST APIs, Scalability, AWS, System Design. This is a remote contract position focused on delivering high-quality software engineering work."
Lead Backend Developer,Software Engineering,Redis; Microservices; REST APIs; SQL; Node.js; Python,Lead,"Contract · Remote. We are hiring a Lead Backend Developer for our Healthcare team. The ideal candidate has 8-14 years of experience and is proficient in Redis, Microservices, REST APIs, SQL, Node.js, Python. This is a remote contract position focused on delivering high-quality software engineering work."
Senior Frontend Developer,Software Engineering,Sass; JavaScript; Accessibility; Webpack; TypeScript,Senior,"Contract · Hybrid. We are hiring a Senior Frontend Developer for our SaaS team. The ideal candidate has 6-10 years of experience and is proficient in Sass, JavaScript, Accessibility, Webpack, TypeScript. This is a hybrid contract position focused on delivering high-quality software engineering work."
Mid-level Frontend Developer,Software Engineering,Accessibility; Sass; Jest; React; JavaScript; TypeScript,Mid-level,"Internship · Remote. We are hiring a Mid-level Frontend Developer for our Fintech team. The ideal candidate has 3-6 years of experience and is proficient in Accessibility, Sass, Jest, React, JavaScript, TypeScript. This is a remote internship position focused on delivering high-quality software engineering work."
Mid-level Full Stack Developer,Software Engineering,Python; MongoDB; JavaScript; Node.js; Docker; TypeScript,Mid-level,"Full-time · Hybrid. We are hiring a Mid-level Full Stack Developer for our EdTech team. The ideal candidate has 3-6 years of experience and is proficient in Python, MongoDB, JavaScript, Node.js, Docker, TypeScript. This is a hybrid full-time position focused on delivering high-quality software engineering work."
Mid-level Site Reliability Engineer,Software Engineering,Python; AWS; Monitoring; Kubernetes; Go; Incident Response; Grafana,Mid-level,"Contract · Hybrid. We are hiring a Mid-level Site Reliability Engineer for our Startup team. The ideal candidate has 3-6 years of experience and is proficient in Python, AWS, Monitoring, Kubernetes, Go, Incident Response, Grafana. This is a hybrid contract position focused on delivering high-quality software engineering work."
Lead Full Stack Developer,Software Engineering,Node.js; Docker; TypeScript; REST APIs; React; Python; MongoDB,Lead,"Full-time · Hybrid. We are hiring a Lead Full Stack Developer for our Healthcare team. The ideal candidate has 8-14 years of experience and is proficient in Node.js, Docker, TypeScript, REST APIs, React, Python, MongoDB. This is a hybrid full-time position focused on delivering high-quality software engineering work."
Lead Backend Developer,Software Engineering,Redis; REST APIs; Java; Django; Python; Spring Boot; Microservices,Lead,"Full-time · Remote. We are hiring a Lead Backend Developer for our Healthcare team. The ideal candidate has 8-14 years of experience and is proficient in Redis, REST APIs, Java, Django, Python, Spring Boot, Microservices. This is a remote full-time position focused on delivering high-quality software engineering work."
Principal Software Architect,Software Engineering,AWS; Scalability; Java; Microservices; Design Patterns; REST APIs,Principal,"Contract · Hybrid. We are hiring a Principal Software Architect for our E-commerce team. The ideal candidate has 12-20 years of experience and is proficient in AWS, Scalability, Java, Microservices, Design Patterns, REST APIs. This is a hybrid contract position focused on delivering high-quality software engineering work."
Junior QA Engineer,Software Engineering,Python; Test Automation; Jira; Postman; Bug Tracking; CI/CD,Junior,"Internship · Remote. We are hiring a Junior QA Engineer for our E-commerce team. The ideal candidate has 1-3 years of experience and is proficient in Python, Test Automation, Jira, Postman, Bug Tracking, CI/CD. This is a remote internship position focused on delivering high-quality software engineering work."
Lead Frontend Developer,Software Engineering,Accessibility; React; JavaScript; Jest; TypeScript; Redux,Lead,"Contract · Remote. We are hiring a Lead Frontend Developer for our EdTech team. The ideal candidate has 8-14 years of experience and is proficient in Accessibility, React, JavaScript, Jest, TypeScript, Redux. This is a remote contract position focused on delivering high-quality software engineering work."
Junior Site Reliability Engineer,Software Engineering,Kubernetes; Prometheus; Python; Monitoring; Incident Response,Junior,"Contract · Hybrid. We are hiring a Junior Site Reliability Engineer for our Fintech team. The ideal candidate has 1-3 years of experience and is proficient in Kubernetes, Prometheus, Python, Monitoring, Incident Response. This is a hybrid contract position focused on delivering high-quality software engineering work."
Lead Backend Developer,Software Engineering,REST APIs; Django; Microservices; Python; Node.js; Spring Boot; Redis,Lead,"Contract · Hybrid. We are hiring a Lead Backend Developer for our SaaS team. The ideal candidate has 8-14 years of experience and is proficient in REST APIs, Django, Microservices, Python, Node.js, Spring Boot, Redis. This is a hybrid contract position focused on delivering high-quality software engineering work."
Principal Frontend Developer,Software Engineering,Accessibility; Redux; HTML; Webpack; Sass; React,Principal,"Full-time · Hybrid. We are hiring a Principal Frontend Developer for our E-commerce team. The ideal candidate has 12-20 years of experience and is proficient in Accessibility, Redux, HTML, Webpack, Sass, React. This is a hybrid full-time position focused on delivering high-quality software engineering work."
Junior Backend Developer,Software Engineering,SQL; Spring Boot; Redis; GraphQL; Node.js,Junior,"Contract · Hybrid. We are hiring a Junior Backend Developer for our Fintech team. The ideal candidate has 1-3 years of experience and is proficient in SQL, Spring Boot, Redis, GraphQL, Node.js. This is a hybrid contract position focused on delivering high-quality software engineering work."
Junior Mobile Developer,Software Engineering,Flutter; REST APIs; React Native; Firebase; Kotlin; Git; UI Design,Junior,"Contract · Hybrid. We are hiring a Junior Mobile Developer for our EdTech team. The ideal candidate has 1-3 years of experience and is proficient in Flutter, REST APIs, React Native, Firebase, Kotlin, Git, UI Design. This is a hybrid contract position focused on delivering high-quality software engineering work."
Principal Game Developer,Software Engineering,Physics; Optimization; C++; OpenGL; 3D Math; Unreal Engine,Principal,"Full-time · Remote. We are hiring a Principal Game Developer for our EdTech team. The ideal candidate has 12-20 years of experience and is proficient in Physics, Optimization, C++, OpenGL, 3D Math, Unreal Engine. This is a remote full-time position focused on delivering high-quality software engineering work."
Lead Game Developer,Software Engineering,Unity; Physics; 3D Math; C++; Optimization,Lead,"Internship · On-site. We are hiring a Lead Game Developer for our Gaming team. The ideal candidate has 8-14 years of experience and is proficient in Unity, Physics, 3D Math, C++, Optimization. This is a on-site internship position focused on delivering high-quality software engineering work."
Intern Game Developer,Software Engineering,Unity; 3D Math; Game Design; C++; Optimization,Intern,"Full-time · On-site. We are hiring a Intern Game Developer for our EdTech team. The ideal candidate has 0-1 years of experience and is proficient in Unity, 3D Math, Game Design, C++, Optimization. This is a on-site full-time position focused on delivering high-quality software engineering work."
Senior DevOps Engineer,Software Engineering,Jenkins; Docker; Monitoring; Terraform; Bash; Kubernetes; Ansible,Senior,"Full-time · Hybrid. We are hiring a Senior DevOps Engineer for our E-commerce team. The ideal candidate has 6-10 years of experience and is proficient in Jenkins, Docker, Monitoring, Terraform, Bash, Kubernetes, Ansible. This is a hybrid full-time position focused on delivering high-quality software engineering work."
Junior DevOps Engineer,Software Engineering,AWS; Ansible; Linux; Monitoring; Terraform; CI/CD; Jenkins,Junior,"Internship · Hybrid. We are hiring a Junior DevOps Engineer for our EdTech team. The ideal candidate has 1-3 years of experience and is proficient in AWS, Ansible, Linux, Monitoring, Terraform, CI/CD, Jenkins. This is a hybrid internship position focused on delivering high-quality software engineering work."
Junior Site Reliability Engineer,Software Engineering,AWS; Terraform; Linux; Monitoring; Go; Incident Response; Kubernetes,Junior,"Full-time · Remote. We are hiring a Junior Site Reliability Engineer for our Healthcare team. The ideal candidate has 1-3 years of experience and is proficient in AWS, Terraform, Linux, Monitoring, Go, Incident Response, Kubernetes. This is a remote full-time position focused on delivering high-quality software engineering work."
Mid-level Backend Developer,Software Engineering,Java; Spring Boot; Django; Microservices; SQL; REST APIs; Python,Mid-level,"Contract · Remote. We are hiring a Mid-level Backend Developer for our Fintech team. The ideal candidate has 3-6 years of experience and is proficient in Java, Spring Boot, Django, Microservices, SQL, REST APIs, Python. This is a remote contract position focused on delivering high-quality software engineering work."
Senior Backend Developer,Software Engineering,REST APIs; Microservices; Java; Spring Boot; GraphQL; Redis; Node.js,Senior,"Internship · Remote. We are hiring a Senior Backend Developer for our Gaming team. The ideal candidate has 6-10 years of experience and is proficient in REST APIs, Microservices, Java, Spring Boot, GraphQL, Redis, Node.js. This is a remote internship position focused on delivering high-quality software engineering work."
Senior Backend Developer,Software Engineering,Spring Boot; Python; Redis; SQL; REST APIs; Microservices; Java,Senior,"Full-time · Remote. We are hiring a Senior Backend Developer for our Startup team. The ideal candidate has 6-10 years of experience and is proficient in Spring Boot, Python, Redis, SQL, REST APIs, Microservices, Java. This is a remote full-time position focused on delivering high-quality software engineering work."
Senior DevOps Engineer,Software Engineering,AWS; Terraform; Linux; Bash; CI/CD; Monitoring; Ansible,Senior,"Full-time · Remote. We are hiring a Senior DevOps Engineer for our Healthcare team. The ideal candidate has 6-10 years of experience and is proficient in AWS, Terraform, Linux, Bash, CI/CD, Monitoring, Ansible. This is a remote full-time position focused on delivering high-quality software engineering work."
Junior Frontend Developer,Software Engineering,Webpack; Sass; HTML; Redux; TypeScript; Accessibility,Junior,"Internship · Hybrid. We are hiring a Junior Frontend Developer for our Gaming team. The ideal candidate has 1-3 years of experience and is proficient in Webpack, Sass, HTML, Redux, TypeScript, Accessibility. This is a hybrid internship position focused on delivering high-quality software engineering work."
Principal QA Engineer,Software Engineering,Jira; Postman; Manual Testing; Python; CI/CD,Principal,"Full-time · On-site. We are hiring a Principal QA Engineer for our Fintech team. The ideal candidate has 12-20 years of experience and is proficient in Jira, Postman, Manual Testing, Python, CI/CD. This is a on-site full-time position focused on delivering high-quality software engineering work."
Principal QA Engineer,Software Engineering,Postman; Python; Test Automation; Cypress; CI/CD,Principal,"Internship · On-site. We are hiring a Principal QA Engineer for our Healthcare team. The ideal candidate has 12-20 years of experience and is proficient in Postman, Python, Test Automation, Cypress, CI/CD. This is a on-site internship position focused on delivering high-quality software engineering work."
Intern QA Engineer,Software Engineering,Manual Testing; Selenium; Test Automation; Postman; Python,Intern,"Contract · Hybrid. We are hiring a Intern QA Engineer for our E-commerce team. The ideal candidate has 0-1 years of experience and is proficient in Manual Testing, Selenium, Test Automation, Postman, Python. This is a hybrid contract position focused on delivering high-quality software engineering work."
Junior Game Developer,Software Engineering,Shaders; Game Design; Optimization; Unreal Engine; OpenGL; C#; C++,Junior,"Full-time · On-site. We are hiring a Junior Game Developer for our Enterprise team. The ideal candidate has 1-3 years of experience and is proficient in Shaders, Game Design, Optimization, Unreal Engine, OpenGL, C#, C++. This is a on-site full-time position focused on delivering high-quality software engineering work."
Principal Frontend Developer,Software Engineering,CSS; Redux; Jest; TypeScript; HTML; Webpack,Principal,"Full-time · Remote. We are hiring a Principal Frontend Developer for our Enterprise team. The ideal candidate has 12-20 years of experience and is proficient in CSS, Redux, Jest, TypeScript, HTML, Webpack. This is a remote full-time position focused on delivering high-quality software engineering work."
Mid-level Backend Developer,Software Engineering,Python; Node.js; Java; Spring Boot; REST APIs; Django; Microservices,Mid-level,"Full-time · Remote. We are hiring a Mid-level Backend Developer for our Enterprise team. The ideal candidate has 3-6 years of experience and is proficient in Python, Node.js, Java, Spring Boot, REST APIs, Django, Microservices. This is a remote full-time position focused on delivering high-quality software engineering work."
Intern Software Architect,Software Engineering,REST APIs; Scalability; Design Patterns; Leadership; Java,Intern,"Internship · Remote. We are hiring a Intern Software Architect for our Startup team. The ideal candidate has 0-1 years of experience and is proficient in REST APIs, Scalability, Design Patterns, Leadership, Java. This is a remote internship position focused on delivering high-quality software engineering work."
Senior Frontend Developer,Software Engineering,Jest; Accessibility; Sass; Redux; Webpack,Senior,"Contract · Remote. We are hiring a Senior Frontend Developer for our Startup team. The ideal candidate has 6-10 years of experience and is proficient in Jest, Accessibility, Sass, Redux, Webpack. This is a remote contract position focused on delivering high-quality software engineering work."
Principal Frontend Developer,Software Engineering,React; JavaScript; Redux; Sass; CSS; Accessibility; TypeScript,Principal,"Contract · On-site. We are hiring a Principal Frontend Developer for our Enterprise team. The ideal candidate has 12-20 years of experience and is proficient in React, JavaScript, Redux, Sass, CSS, Accessibility, TypeScript. This is a on-site contract position focused on delivering high-quality software engineering work."
Senior Mobile Developer,Software Engineering,Git; Kotlin; iOS; REST APIs; Flutter,Senior,"Contract · On-site. We are hiring a Senior Mobile Developer for our EdTech team. The ideal candidate has 6-10 years of experience and is proficient in Git, Kotlin, iOS, REST APIs, Flutter. This is a on-site contract position focused on delivering high-quality software engineering work."
Junior Site Reliability Engineer,Software Engineering,Terraform; Linux; Incident Response; Prometheus; Kubernetes; Python; Monitoring,Junior,"Full-time · On-site. We are hiring a Junior Site Reliability Engineer for our Healthcare team. The ideal candidate has 1-3 years of experience and is proficient in Terraform, Linux, Incident Response, Prometheus, Kubernetes, Python, Monitoring. This is a on-site full-time position focused on delivering high-quality software engineering work."
Lead DevOps Engineer,Software Engineering,Monitoring; Ansible; Bash; Docker; CI/CD; Terraform; Jenkins,Lead,"Full-time · On-site. We are hiring a Lead DevOps Engineer for our Gaming team. The ideal candidate has 8-14 years of experience and is proficient in Monitoring, Ansible, Bash, Docker, CI/CD, Terraform, Jenkins. This is a on-site full-time position focused on delivering high-quality software engineering work."
Junior Mobile Developer,Software Engineering,React Native; Firebase; Flutter; Kotlin; Android SDK; Swift,Junior,"Contract · Remote. We are hiring a Junior Mobile Developer for our Gaming team. The ideal candidate has 1-3 years of experience and is proficient in React Native, Firebase, Flutter, Kotlin, Android SDK, Swift. This is a remote contract position focused on delivering high-quality software engineering work."
Principal Game Developer,Software Engineering,Optimization; C++; Game Design; Shaders; C#; OpenGL,Principal,"Full-time · Remote. We are hiring a Principal Game Developer for our Fintech team. The ideal candidate has 12-20 years of experience and is proficient in Optimization, C++, Game Design, Shaders, C#, OpenGL. This is a remote full-time position focused on delivering high-quality software engineering work."
Principal DevOps Engineer,Software Engineering,CI/CD; Kubernetes; Docker; Ansible; Linux,Principal,"Internship · Hybrid. We are hiring a Principal DevOps Engineer for our Gaming team. The ideal candidate has 12-20 years of experience and is proficient in CI/CD, Kubernetes, Docker, Ansible, Linux. This is a hybrid internship position focused on delivering high-quality software engineering work."
Junior Software Architect,Software Engineering,AWS; Kafka; Java; Design Patterns; Scalability; System Design,Junior,"Internship · Remote. We are hiring a Junior Software Architect for our E-commerce team. The ideal candidate has 1-3 years of experience and is proficient in AWS, Kafka, Java, Design Patterns, Scalability, System Design. This is a remote internship position focused on delivering high-quality software engineering work."
Lead Game Developer,Software Engineering,C#; Physics; OpenGL; Shaders; Game Design; 3D Math,Lead,"Full-time · Remote. We are hiring a Lead Game Developer for our Startup team. The ideal candidate has 8-14 years of experience and is proficient in C#, Physics, OpenGL, Shaders, Game Design, 3D Math. This is a remote full-time position focused on delivering high-quality software engineering work."
Junior Mobile Developer,Software Engineering,Android SDK; Kotlin; Firebase; UI Design; React Native,Junior,"Contract · Remote. We are hiring a Junior Mobile Developer for our SaaS team. The ideal candidate has 1-3 years of experience and is proficient in Android SDK, Kotlin, Firebase, UI Design, React Native. This is a remote contract position focused on delivering high-quality software engineering work."
Principal Frontend Developer,Software Engineering,TypeScript; React; JavaScript; Jest; Redux; Webpack; Sass,Principal,"Internship · On-site. We are hiring a Principal Frontend Developer for our Fintech team. The ideal candidate has 12-20 years of experience and is proficient in TypeScript, React, JavaScript, Jest, Redux, Webpack, Sass. This is a on-site internship position focused on delivering high-quality software engineering work."
Senior Frontend Developer,Software Engineering,React; TypeScript; Accessibility; HTML; Webpack; JavaScript,Senior,"Full-time · Hybrid. We are hiring a Senior Frontend Developer for our Startup team. The ideal candidate has 6-10 years of experience and is proficient in React, TypeScript, Accessibility, HTML, Webpack, JavaScript. This is a hybrid full-time position focused on delivering high-quality software engineering work."
Junior Site Reliability Engineer,Software Engineering,Terraform; Kubernetes; AWS; Python; Grafana,Junior,"Internship · On-site. We are hiring a Junior Site Reliability Engineer for our SaaS team. The ideal candidate has 1-3 years of experience and is proficient in Terraform, Kubernetes, AWS, Python, Grafana. This is a on-site internship position focused on delivering high-quality software engineering work."
Lead Full Stack Developer,Software Engineering,Git; REST APIs; Docker; TypeScript; Node.js; Python; MongoDB,Lead,"Full-time · Remote. We are hiring a Lead Full Stack Developer for our E-commerce team. The ideal candidate has 8-14 years of experience and is proficient in Git, REST APIs, Docker, TypeScript, Node.js, Python, MongoDB. This is a remote full-time position focused on delivering high-quality software engineering work."
Intern QA Engineer,Software Engineering,Postman; Jira; CI/CD; Test Automation; Selenium; Cypress,Intern,"Full-time · Hybrid. We are hiring a Intern QA Engineer for our Healthcare team. The ideal candidate has 0-1 years of experience and is proficient in Postman, Jira, CI/CD, Test Automation, Selenium, Cypress. This is a hybrid full-time position focused on delivering high-quality software engineering work."
Intern Backend Developer,Software Engineering,SQL; Redis; GraphQL; Node.js; Python; REST APIs; Java,Intern,"Full-time · On-site. We are hiring a Intern Backend Developer for our Healthcare team. The ideal candidate has 0-1 years of experience and is proficient in SQL, Redis, GraphQL, Node.js, Python, REST APIs, Java. This is a on-site full-time position focused on delivering high-quality software engineering work."
Junior Site Reliability Engineer,Software Engineering,Monitoring; AWS; Linux; Prometheus; Terraform,Junior,"Full-time · On-site. We are hiring a Junior Site Reliability Engineer for our Fintech team. The ideal candidate has 1-3 years of experience and is proficient in Monitoring, AWS, Linux, Prometheus, Terraform. This is a on-site full-time position focused on delivering high-quality software engineering work."
Junior Frontend Developer,Software Engineering,HTML; Sass; Accessibility; CSS; React; Redux; Webpack,Junior,"Internship · Remote. We are hiring a Junior Frontend Developer for our Healthcare team. The ideal candidate has 1-3 years of experience and is proficient in HTML, Sass, Accessibility, CSS, React, Redux, Webpack. This is a remote internship position focused on delivering high-quality software engineering work."
Senior Software Architect,Software Engineering,Scalability; Design Patterns; Leadership; Kafka; Docker; System Design,Senior,"Internship · Hybrid. We are hiring a Senior Software Architect for our Fintech team. The ideal candidate has 6-10 years of experience and is proficient in Scalability, Design Patterns, Leadership, Kafka, Docker, System Design. This is a hybrid internship position focused on delivering high-quality software engineering work."
Lead Backend Developer,Software Engineering,Microservices; SQL; REST APIs; Redis; GraphQL; Spring Boot,Lead,"Internship · On-site. We are hiring a Lead Backend Developer for our Healthcare team. The ideal candidate has 8-14 years of experience and is proficient in Microservices, SQL, REST APIs, Redis, GraphQL, Spring Boot. This is a on-site internship position focused on delivering high-quality software engineering work."
Intern DevOps Engineer,Software Engineering,Terraform; Bash; Ansible; Linux; Jenkins,Intern,"Internship · Remote. We are hiring a Intern DevOps Engineer for our EdTech team. The ideal candidate has 0-1 years of experience and is proficient in Terraform, Bash, Ansible, Linux, Jenkins. This is a remote internship position focused on delivering high-quality software engineering work."
Intern Software Architect,Software Engineering,AWS; Scalability; Leadership; Java; Docker; System Design,Intern,"Internship · Remote. We are hiring a Intern Software Architect for our Enterprise team. The ideal candidate has 0-1 years of experience and is proficient in AWS, Scalability, Leadership, Java, Docker, System Design. This is a remote internship position focused on delivering high-quality software engineering work."
Lead DevOps Engineer,Software Engineering,Terraform; Linux; Jenkins; Docker; CI/CD; Ansible; Bash,Lead,"Contract · On-site. We are hiring a Lead DevOps Engineer for our Startup team. The ideal candidate has 8-14 years of experience and is proficient in Terraform, Linux, Jenkins, Docker, CI/CD, Ansible, Bash. This is a on-site contract position focused on delivering high-quality software engineering work."
Mid-level Mobile Developer,Software Engineering,Swift; REST APIs; Git; React Native; Kotlin; Android SDK; Flutter,Mid-level,"Full-time · Hybrid. We are hiring a Mid-level Mobile Developer for our Fintech team. The ideal candidate has 3-6 years of experience and is proficient in Swift, REST APIs, Git, React Native, Kotlin, Android SDK, Flutter. This is a hybrid full-time position focused on delivering high-quality software engineering work."
Mid-level QA Engineer,Software Engineering,CI/CD; Test Automation; Python; Jira; Postman,Mid-level,"Internship · Remote. We are hiring a Mid-level QA Engineer for our Fintech team. The ideal candidate has 3-6 years of experience and is proficient in CI/CD, Test Automation, Python, Jira, Postman. This is a remote internship position focused on delivering high-quality software engineering work."
Mid-level Game Developer,Software Engineering,3D Math; Game Design; Unity; Optimization; Physics,Mid-level,"Contract · Remote. We are hiring a Mid-level Game Developer for our E-commerce team. The ideal candidate has 3-6 years of experience and is proficient in 3D Math, Game Design, Unity, Optimization, Physics. This is a remote contract position focused on delivering high-quality software engineering work."
Mid-level Game Developer,Software Engineering,Unity; Unreal Engine; OpenGL; Game Design; C#; Optimization; 3D Math,Mid-level,"Contract · Hybrid. We are hiring a Mid-level Game Developer for our SaaS team. The ideal candidate has 3-6 years of experience and is proficient in Unity, Unreal Engine, OpenGL, Game Design, C#, Optimization, 3D Math. This is a hybrid contract position focused on delivering high-quality software engineering work."
Senior Backend Developer,Software Engineering,GraphQL; Java; SQL; REST APIs; Django; Spring Boot; Python,Senior,"Internship · Hybrid. We are hiring a Senior Backend Developer for our EdTech team. The ideal candidate has 6-10 years of experience and is proficient in GraphQL, Java, SQL, REST APIs, Django, Spring Boot, Python. This is a hybrid internship position focused on delivering high-quality software engineering work."
Mid-level Full Stack Developer,Software Engineering,MongoDB; Node.js; Docker; React; JavaScript,Mid-level,"Contract · Hybrid. We are hiring a Mid-level Full Stack Developer for our SaaS team. The ideal candidate has 3-6 years of experience and is proficient in MongoDB, Node.js, Docker, React, JavaScript. This is a hybrid contract position focused on delivering high-quality software engineering work."
Mid-level QA Engineer,Software Engineering,Cypress; Bug Tracking; Postman; JUnit; CI/CD,Mid-level,"Full-time · On-site. We are hiring a Mid-level QA Engineer for our Enterprise team. The ideal candidate has 3-6 years of experience and is proficient in Cypress, Bug Tracking, Postman, JUnit, CI/CD. This is a on-site full-time position focused on delivering high-quality software engineering work."
Senior Software Architect,Software Engineering,Docker; System Design; AWS; Java; Leadership; Kafka,Senior,"Internship · Hybrid. We are hiring a Senior Software Architect for our E-commerce team. The ideal candidate has 6-10 years of experience and is proficient in Docker, System Design, AWS, Java, Leadership, Kafka. This is a hybrid internship position focused on delivering high-quality software engineering work."
Principal Mobile Developer,Software Engineering,Flutter; Firebase; UI Design; React Native; Swift,Principal,"Contract · Hybrid. We are hiring a Principal Mobile Developer for our SaaS team. The ideal candidate has 12-20 years of experience and is proficient in Flutter, Firebase, UI Design, React Native, Swift. This is a hybrid contract position focused on delivering high-quality software engineering work."
Mid-level Backend Developer,Software Engineering,Microservices; Django; Java; Python; Redis,Mid-level,"Contract · On-site. We are hiring a Mid-level Backend Developer for our E-commerce team. The ideal candidate has 3-6 years of experience and is proficient in Microservices, Django, Java, Python, Redis. This is a on-site contract position focused on delivering high-quality software engineering work."
Junior Mobile Developer,Software Engineering,REST APIs; Flutter; Swift; Git; React Native; Kotlin; iOS,Junior,"Full-time · Hybrid. We are hiring a Junior Mobile Developer for our EdTech team. The ideal candidate has 1-3 years of experience and is proficient in REST APIs, Flutter, Swift, Git, React Native, Kotlin, iOS. This is a hybrid full-time position focused on delivering high-quality software engineering work."
Intern Game Developer,Software Engineering,Shaders; Unity; 3D Math; OpenGL; Optimization,Intern,"Internship · Hybrid. We are hiring a Intern Game Developer for our Fintech team. The ideal candidate has 0-1 years of experience and is proficient in Shaders, Unity, 3D Math, OpenGL, Optimization. This is a hybrid internship position focused on delivering high-quality software engineering work."
Principal Mobile Developer,Software Engineering,React Native; Git; Flutter; Swift; REST APIs; Firebase,Principal,"Full-time · Remote. We are hiring a Principal Mobile Developer for our SaaS team. The ideal candidate has 12-20 years of experience and is proficient in React Native, Git, Flutter, Swift, REST APIs, Firebase. This is a remote full-time position focused on delivering high-quality software engineering work."
Senior QA Engineer,Software Engineering,JUnit; Test Automation; Jira; Manual Testing; Selenium; Cypress,Senior,"Contract · Hybrid. We are hiring a Senior QA Engineer for our Gaming team. The ideal candidate has 6-10 years of experience and is proficient in JUnit, Test Automation, Jira, Manual Testing, Selenium, Cypress. This is a hybrid contract position focused on delivering high-quality software engineering work."
Senior Site Reliability Engineer,Software Engineering,Python; Grafana; Incident Response; Monitoring; Go; AWS,Senior,"Full-time · On-site. We are hiring a Senior Site Reliability Engineer for our EdTech team. The ideal candidate has 6-10 years of experience and is proficient in Python, Grafana, Incident Response, Monitoring, Go, AWS. This is a on-site full-time position focused on delivering high-quality software engineering work."
Mid-level Frontend Developer,Software Engineering,CSS; TypeScript; React; Accessibility; JavaScript,Mid-level,"Contract · Remote. We are hiring a Mid-level Frontend Developer for our Enterprise team. The ideal candidate has 3-6 years of experience and is proficient in CSS, TypeScript, React, Accessibility, JavaScript. This is a remote contract position focused on delivering high-quality software engineering work."
Intern Backend Developer,Software Engineering,Django; Spring Boot; Java; Node.js; REST APIs; Microservices,Intern,"Contract · Remote. We are hiring a Intern Backend Developer for our Enterprise team. The ideal candidate has 0-1 years of experience and is proficient in Django, Spring Boot, Java, Node.js, REST APIs, Microservices. This is a remote contract position focused on delivering high-quality software engineering work."
Senior QA Engineer,Software Engineering,Jira; CI/CD; Test Automation; Postman; JUnit,Senior,"Full-time · Remote. We are hiring a Senior QA Engineer for our Gaming team. The ideal candidate has 6-10 years of experience and is proficient in Jira, CI/CD, Test Automation, Postman, JUnit. This is a remote full-time position focused on delivering high-quality software engineering work."
Intern Mobile Developer,Software Engineering,Kotlin; Firebase; Flutter; Swift; UI Design; React Native; iOS,Intern,"Contract · Remote. We are hiring a Intern Mobile Developer for our Enterprise team. The ideal candidate has 0-1 years of experience and is proficient in Kotlin, Firebase, Flutter, Swift, UI Design, React Native, iOS. This is a remote contract position focused on delivering high-quality software engineering work."
Senior Software Architect,Software Engineering,Docker; Microservices; Kafka; REST APIs; Design Patterns; Scalability,Senior,"Internship · On-site. We are hiring a Senior Software Architect for our Gaming team. The ideal candidate has 6-10 years of experience and is proficient in Docker, Microservices, Kafka, REST APIs, Design Patterns, Scalability. This is a on-site internship position focused on delivering high-quality software engineering work."
Senior Site Reliability Engineer,Software Engineering,Incident Response; Kubernetes; Grafana; Linux; Python,Senior,"Full-time · Remote. We are hiring a Senior Site Reliability Engineer for our E-commerce team. The ideal candidate has 6-10 years of experience and is proficient in Incident Response, Kubernetes, Grafana, Linux, Python. This is a remote full-time position focused on delivering high-quality software engineering work."
Principal Frontend Developer,Software Engineering,Redux; Accessibility; JavaScript; Sass; Jest; React; Webpack,Principal,"Contract · On-site. We are hiring a Principal Frontend Developer for our EdTech team. The ideal candidate has 12-20 years of experience and is proficient in Redux, Accessibility, JavaScript, Sass, Jest, React, Webpack. This is a on-site contract position focused on delivering high-quality software engineering work."
Junior Backend Developer,Software Engineering,Node.js; REST APIs; GraphQL; Microservices; Django; Python; Redis,Junior,"Internship · Hybrid. We are hiring a Junior Backend Developer for our E-commerce team. The ideal candidate has 1-3 years of experience and is proficient in Node.js, REST APIs, GraphQL, Microservices, Django, Python, Redis. This is a hybrid internship position focused on delivering high-quality software engineering work."
Principal Site Reliability Engineer,Software Engineering,Prometheus; Python; Go; Linux; Incident Response,Principal,"Full-time · On-site. We are hiring a Principal Site Reliability Engineer for our Fintech team. The ideal candidate has 12-20 years of experience and is proficient in Prometheus, Python, Go, Linux, Incident Response. This is a on-site full-time position focused on delivering high-quality software engineering work."
Mid-level Backend Developer,Software Engineering,Microservices; Redis; Python; Node.js; Django; SQL; Spring Boot,Mid-level,"Contract · Remote. We are hiring a Mid-level Backend Developer for our Healthcare team. The ideal candidate has 3-6 years of experience and is proficient in Microservices, Redis, Python, Node.js, Django, SQL, Spring Boot. This is a remote contract position focused on delivering high-quality software engineering work."
Principal Full Stack Developer,Software Engineering,Git; TypeScript; JavaScript; React; REST APIs,Principal,"Contract · Hybrid. We are hiring a Principal Full Stack Developer for our SaaS team. The ideal candidate has 12-20 years of experience and is proficient in Git, TypeScript, JavaScript, React, REST APIs. This is a hybrid contract position focused on delivering high-quality software engineering work."
Junior Software Architect,Software Engineering,REST APIs; Microservices; Java; Kafka; Scalability; Docker; Design Patterns,Junior,"Contract · Hybrid. We are hiring a Junior Software Architect for our SaaS team. The ideal candidate has 1-3 years of experience and is proficient in REST APIs, Microservices, Java, Kafka, Scalability, Docker, Design Patterns. This is a hybrid contract position focused on delivering high-quality software engineering work."
Intern Backend Developer,Software Engineering,Spring Boot; Java; Redis; REST APIs; GraphQL,Intern,"Full-time · Remote. We are hiring a Intern Backend Developer for our Fintech team. The ideal candidate has 0-1 years of experience and is proficient in Spring Boot, Java, Redis, REST APIs, GraphQL. This is a remote full-time position focused on delivering high-quality software engineering work."
Senior Game Developer,Software Engineering,Optimization; C#; Unity; Physics; Game Design,Senior,"Contract · Remote. We are hiring a Senior Game Developer for our Healthcare team. The ideal candidate has 6-10 years of experience and is proficient in Optimization, C#, Unity, Physics, Game Design. This is a remote contract position focused on delivering high-quality software engineering work."
Mid-level Site Reliability Engineer,Software Engineering,Terraform; Linux; AWS; Monitoring; Kubernetes; Prometheus; Python,Mid-level,"Internship · Remote. We are hiring a Mid-level Site Reliability Engineer for our Enterprise team. The ideal candidate has 3-6 years of experience and is proficient in Terraform, Linux, AWS, Monitoring, Kubernetes, Prometheus, Python. This is a remote internship position focused on delivering high-quality software engineering work."
Lead Game Developer,Software Engineering,3D Math; Game Design; Shaders; Physics; OpenGL; Unity; C++,Lead,"Internship · On-site. We are hiring a Lead Game Developer for our SaaS team. The ideal candidate has 8-14 years of experience and is proficient in 3D Math, Game Design, Shaders, Physics, OpenGL, Unity, C++. This is a on-site internship position focused on delivering high-quality software engineering work."
Senior Frontend Developer,Software Engineering,React; Redux; TypeScript; Sass; Jest; HTML,Senior,"Internship · On-site. We are hiring a Senior Frontend Developer for our Healthcare team. The ideal candidate has 6-10 years of experience and is proficient in React, Redux, TypeScript, Sass, Jest, HTML. This is a on-site internship position focused on delivering high-quality software engineering work."
Senior DevOps Engineer,Software Engineering,Bash; Linux; Kubernetes; AWS; Jenkins,Senior,"Full-time · On-site. We are hiring a Senior DevOps Engineer for our Healthcare team. The ideal candidate has 6-10 years of experience and is proficient in Bash, Linux, Kubernetes, AWS, Jenkins. This is a on-site full-time position focused on delivering high-quality software engineering work."
Intern Full Stack Developer,Software Engineering,Python; Docker; React; REST APIs; MongoDB,Intern,"Contract · On-site. We are hiring a Intern Full Stack Developer for our Startup team. The ideal candidate has 0-1 years of experience and is proficient in Python, Docker, React, REST APIs, MongoDB. This is a on-site contract position focused on delivering high-quality software engineering work."
Principal Software Architect,Software Engineering,Design Patterns; Leadership; REST APIs; AWS; Microservices; Scalability; Docker,Principal,"Internship · Hybrid. We are hiring a Principal Software Architect for our SaaS team. The ideal candidate has 12-20 years of experience and is proficient in Design Patterns, Leadership, REST APIs, AWS, Microservices, Scalability, Docker. This is a hybrid internship position focused on delivering high-quality software engineering work."
Principal Software Architect,Software Engineering,Leadership; Design Patterns; Kafka; Docker; System Design; AWS,Principal,"Full-time · On-site. We are hiring a Principal Software Architect for our Enterprise team. The ideal candidate has 12-20 years of experience and is proficient in Leadership, Design Patterns, Kafka, Docker, System Design, AWS. This is a on-site full-time position focused on delivering high-quality software engineering work."
Junior Full Stack Developer,Software Engineering,Git; TypeScript; Docker; JavaScript; REST APIs; SQL,Junior,"Full-time · On-site. We are hiring a Junior Full Stack Developer for our Startup team. The ideal candidate has 1-3 years of experience and is proficient in Git, TypeScript, Docker, JavaScript, REST APIs, SQL. This is a on-site full-time position focused on delivering high-quality software engineering work."
Principal Software Architect,Software Engineering,AWS; REST APIs; Scalability; Design Patterns; System Design; Docker,Principal,"Full-time · On-site. We are hiring a Principal Software Architect for our EdTech team. The ideal candidate has 12-20 years of experience and is proficient in AWS, REST APIs, Scalability, Design Patterns, System Design, Docker. This is a on-site full-time position focused on delivering high-quality software engineering work."
Intern DevOps Engineer,Software Engineering,Ansible; Jenkins; Terraform; Monitoring; AWS,Intern,"Contract · Remote. We are hiring a Intern DevOps Engineer for our Gaming team. The ideal candidate has 0-1 years of experience and is proficient in Ansible, Jenkins, Terraform, Monitoring, AWS. This is a remote contract position focused on delivering high-quality software engineering work."
Lead Software Architect,Software Engineering,Microservices; AWS; Kafka; Java; Docker,Lead,"Contract · Remote. We are hiring a Lead Software Architect for our E-commerce team. The ideal candidate has 8-14 years of experience and is proficient in Microservices, AWS, Kafka, Java, Docker. This is a remote contract position focused on delivering high-quality software engineering work."
Lead Site Reliability Engineer,Software Engineering,Go; Linux; Terraform; AWS; Python; Kubernetes; Prometheus,Lead,"Contract · On-site. We are hiring a Lead Site Reliability Engineer for our Gaming team. The ideal candidate has 8-14 years of experience and is proficient in Go, Linux, Terraform, AWS, Python, Kubernetes, Prometheus. This is a on-site contract position focused on delivering high-quality software engineering work."
Lead Software Architect,Software Engineering,Scalability; Java; REST APIs; Leadership; System Design; AWS; Kafka,Lead,"Full-time · Hybrid. We are hiring a Lead Software Architect for our Startup team. The ideal candidate has 8-14 years of experience and is proficient in Scalability, Java, REST APIs, Leadership, System Design, AWS, Kafka. This is a hybrid full-time position focused on delivering high-quality software engineering work."
Junior Backend Developer,Software Engineering,Spring Boot; Node.js; REST APIs; Python; GraphQL; Microservices,Junior,"Full-time · On-site. We are hiring a Junior Backend Developer for our EdTech team. The ideal candidate has 1-3 years of experience and is proficient in Spring Boot, Node.js, REST APIs, Python, GraphQL, Microservices. This is a on-site full-time position focused on delivering high-quality software engineering work."
Intern Frontend Developer,Software Engineering,Redux; Webpack; Accessibility; Jest; React,Intern,"Contract · On-site. We are hiring a Intern Frontend Developer for our EdTech team. The ideal candidate has 0-1 years of experience and is proficient in Redux, Webpack, Accessibility, Jest, React. This is a on-site contract position focused on delivering high-quality software engineering work."
Lead DevOps Engineer,Software Engineering,Kubernetes; AWS; Linux; Ansible; Bash; Monitoring; CI/CD,Lead,"Full-time · Hybrid. We are hiring a Lead DevOps Engineer for our Startup team. The ideal candidate has 8-14 years of experience and is proficient in Kubernetes, AWS, Linux, Ansible, Bash, Monitoring, CI/CD. This is a hybrid full-time position focused on delivering high-quality software engineering work."
Junior Backend Developer,Software Engineering,GraphQL; Python; Django; Redis; REST APIs; SQL,Junior,"Contract · Remote. We are hiring a Junior Backend Developer for our Fintech team. The ideal candidate has 1-3 years of experience and is proficient in GraphQL, Python, Django, Redis, REST APIs, SQL. This is a remote contract position focused on delivering high-quality software engineering work."
Senior Game Developer,Software Engineering,OpenGL; C#; Shaders; C++; Unreal Engine,Senior,"Contract · On-site. We are hiring a Senior Game Developer for our Fintech team. The ideal candidate has 6-10 years of experience and is proficient in OpenGL, C#, Shaders, C++, Unreal Engine. This is a on-site contract position focused on delivering high-quality software engineering work."
Principal Backend Developer,Software Engineering,Redis; Spring Boot; Node.js; Microservices; Django; REST APIs; Java,Principal,"Contract · Remote. We are hiring a Principal Backend Developer for our Startup team. The ideal candidate has 12-20 years of experience and is proficient in Redis, Spring Boot, Node.js, Microservices, Django, REST APIs, Java. This is a remote contract position focused on delivering high-quality software engineering work."
Junior Game Developer,Software Engineering,Optimization; Unity; Unreal Engine; Physics; Shaders; C#; C++,Junior,"Full-time · Hybrid. We are hiring a Junior Game Developer for our Fintech team. The ideal candidate has 1-3 years of experience and is proficient in Optimization, Unity, Unreal Engine, Physics, Shaders, C#, C++. This is a hybrid full-time position focused on delivering high-quality software engineering work."
Principal DevOps Engineer,Software Engineering,Jenkins; Kubernetes; Monitoring; AWS; Terraform; Ansible; CI/CD,Principal,"Internship · Hybrid. We are hiring a Principal DevOps Engineer for our Enterprise team. The ideal candidate has 12-20 years of experience and is proficient in Jenkins, Kubernetes, Monitoring, AWS, Terraform, Ansible, CI/CD. This is a hybrid internship position focused on delivering high-quality software engineering work."
Lead Game Developer,Software Engineering,C++; Optimization; Unreal Engine; Game Design; 3D Math; C#,Lead,"Full-time · Remote. We are hiring a Lead Game Developer for our Gaming team. The ideal candidate has 8-14 years of experience and is proficient in C++, Optimization, Unreal Engine, Game Design, 3D Math, C#. This is a remote full-time position focused on delivering high-quality software engineering work."
Mid-level Software Architect,Software Engineering,Java; AWS; System Design; Scalability; Docker,Mid-level,"Internship · Hybrid. We are hiring a Mid-level Software Architect for our Startup team. The ideal candidate has 3-6 years of experience and is proficient in Java, AWS, System Design, Scalability, Docker. This is a hybrid internship position focused on delivering high-quality software engineering work."
Intern Software Architect,Software Engineering,Scalability; REST APIs; Microservices; Design Patterns; Java; System Design; Leadership,Intern,"Full-time · On-site. We are hiring a Intern Software Architect for our Healthcare team. The ideal candidate has 0-1 years of experience and is proficient in Scalability, REST APIs, Microservices, Design Patterns, Java, System Design, Leadership. This is a on-site full-time position focused on delivering high-quality software engineering work."
Mid-level Mobile Developer,Software Engineering,iOS; Flutter; Swift; Android SDK; REST APIs; React Native; Git,Mid-level,"Full-time · On-site. We are hiring a Mid-level Mobile Developer for our Fintech team. The ideal candidate has 3-6 years of experience and is proficient in iOS, Flutter, Swift, Android SDK, REST APIs, React Native, Git. This is a on-site full-time position focused on delivering high-quality software engineering work."
Lead QA Engineer,Software Engineering,Python; Test Automation; JUnit; Bug Tracking; Cypress; Jira; Manual Testing,Lead,"Internship · Hybrid. We are hiring a Lead QA Engineer for our Gaming team. The ideal candidate has 8-14 years of experience and is proficient in Python, Test Automation, JUnit, Bug Tracking, Cypress, Jira, Manual Testing. This is a hybrid internship position focused on delivering high-quality software engineering work."
Junior DevOps Engineer,Software Engineering,Jenkins; Bash; CI/CD; Docker; AWS; Linux,Junior,"Contract · Remote. We are hiring a Junior DevOps Engineer for our Fintech team. The ideal candidate has 1-3 years of experience and is proficient in Jenkins, Bash, CI/CD, Docker, AWS, Linux. This is a remote contract position focused on delivering high-quality software engineering work."
Intern Backend Developer,Software Engineering,Java; Python; Spring Boot; Django; SQL; REST APIs; Redis,Intern,"Full-time · Hybrid. We are hiring a Intern Backend Developer for our E-commerce team. The ideal candidate has 0-1 years of experience and is proficient in Java, Python, Spring Boot, Django, SQL, REST APIs, Redis. This is a hybrid full-time position focused on delivering high-quality software engineering work."
Principal DevOps Engineer,Software Engineering,Linux; Monitoring; Kubernetes; Jenkins; CI/CD; Docker; Ansible,Principal,"Internship · Hybrid. We are hiring a Principal DevOps Engineer for our Healthcare team. The ideal candidate has 12-20 years of experience and is proficient in Linux, Monitoring, Kubernetes, Jenkins, CI/CD, Docker, Ansible. This is a hybrid internship position focused on delivering high-quality software engineering work."
Lead QA Engineer,Software Engineering,Manual Testing; JUnit; Cypress; Jira; Selenium; CI/CD,Lead,"Full-time · On-site. We are hiring a Lead QA Engineer for our SaaS team. The ideal candidate has 8-14 years of experience and is proficient in Manual Testing, JUnit, Cypress, Jira, Selenium, CI/CD. This is a on-site full-time position focused on delivering high-quality software engineering work."
Intern Game Developer,Software Engineering,Unreal Engine; Unity; Optimization; Game Design; C#,Intern,"Contract · On-site. We are hiring a Intern Game Developer for our Healthcare team. The ideal candidate has 0-1 years of experience and is proficient in Unreal Engine, Unity, Optimization, Game Design, C#. This is a on-site contract position focused on delivering high-quality software engineering work."
Senior Frontend Developer,Software Engineering,JavaScript; React; Accessibility; CSS; Jest; TypeScript; Redux,Senior,"Internship · Remote. We are hiring a Senior Frontend Developer for our E-commerce team. The ideal candidate has 6-10 years of experience and is proficient in JavaScript, React, Accessibility, CSS, Jest, TypeScript, Redux. This is a remote internship position focused on delivering high-quality software engineering work."
Senior Game Developer,Software Engineering,Shaders; C++; Optimization; 3D Math; Physics; C#,Senior,"Internship · Remote. We are hiring a Senior Game Developer for our E-commerce team. The ideal candidate has 6-10 years of experience and is proficient in Shaders, C++, Optimization, 3D Math, Physics, C#. This is a remote internship position focused on delivering high-quality software engineering work."
Intern Site Reliability Engineer,Software Engineering,Terraform; AWS; Linux; Incident Response; Go; Grafana,Intern,"Internship · Hybrid. We are hiring a Intern Site Reliability Engineer for our Healthcare team. The ideal candidate has 0-1 years of experience and is proficient in Terraform, AWS, Linux, Incident Response, Go, Grafana. This is a hybrid internship position focused on delivering high-quality software engineering work."
Mid-level QA Engineer,Software Engineering,CI/CD; Cypress; Selenium; Test Automation; Bug Tracking; Manual Testing; Python,Mid-level,"Internship · Remote. We are hiring a Mid-level QA Engineer for our Gaming team. The ideal candidate has 3-6 years of experience and is proficient in CI/CD, Cypress, Selenium, Test Automation, Bug Tracking, Manual Testing, Python. This is a remote internship position focused on delivering high-quality software engineering work."
Intern QA Engineer,Software Engineering,Jira; Python; Selenium; Cypress; CI/CD,Intern,"Contract · Remote. We are hiring a Intern QA Engineer for our EdTech team. The ideal candidate has 0-1 years of experience and is proficient in Jira, Python, Selenium, Cypress, CI/CD. This is a remote contract position focused on delivering high-quality software engineering work."
Intern Full Stack Developer,Software Engineering,Node.js; React; SQL; Git; JavaScript,Intern,"Internship · On-site. We are hiring a Intern Full Stack Developer for our Enterprise team. The ideal candidate has 0-1 years of experience and is proficient in Node.js, React, SQL, Git, JavaScript. This is a on-site internship position focused on delivering high-quality software engineering work."
Mid-level DevOps Engineer,Software Engineering,Bash; Terraform; Ansible; Linux; Jenkins; Kubernetes; AWS,Mid-level,"Internship · On-site. We are hiring a Mid-level DevOps Engineer for our Healthcare team. The ideal candidate has 3-6 years of experience and is proficient in Bash, Terraform, Ansible, Linux, Jenkins, Kubernetes, AWS. This is a on-site internship position focused on delivering high-quality software engineering work."
Intern Frontend Developer,Software Engineering,Redux; HTML; TypeScript; CSS; Accessibility,Intern,"Internship · On-site. We are hiring a Intern Frontend Developer for our Gaming team. The ideal candidate has 0-1 years of experience and is proficient in Redux, HTML, TypeScript, CSS, Accessibility. This is a on-site internship position focused on delivering high-quality software engineering work."
Intern Site Reliability Engineer,Software Engineering,Incident Response; AWS; Terraform; Python; Go; Monitoring,Intern,"Internship · Remote. We are hiring a Intern Site Reliability Engineer for our E-commerce team. The ideal candidate has 0-1 years of experience and is proficient in Incident Response, AWS, Terraform, Python, Go, Monitoring. This is a remote internship position focused on delivering high-quality software engineering work."
Lead Software Architect,Software Engineering,AWS; Java; REST APIs; Docker; Kafka,Lead,"Contract · Hybrid. We are hiring a Lead Software Architect for our Startup team. The ideal candidate has 8-14 years of experience and is proficient in AWS, Java, REST APIs, Docker, Kafka. This is a hybrid contract position focused on delivering high-quality software engineering work."
Lead Mobile Developer,Software Engineering,REST APIs; Git; UI Design; Kotlin; iOS; Flutter; React Native,Lead,"Full-time · Remote. We are hiring a Lead Mobile Developer for our Gaming team. The ideal candidate has 8-14 years of experience and is proficient in REST APIs, Git, UI Design, Kotlin, iOS, Flutter, React Native. This is a remote full-time position focused on delivering high-quality software engineering work."
Principal Site Reliability Engineer,Software Engineering,Prometheus; Python; AWS; Monitoring; Linux; Grafana; Terraform,Principal,"Full-time · On-site. We are hiring a Principal Site Reliability Engineer for our EdTech team. The ideal candidate has 12-20 years of experience and is proficient in Prometheus, Python, AWS, Monitoring, Linux, Grafana, Terraform. This is a on-site full-time position focused on delivering high-quality software engineering work."
Lead Backend Developer,Software Engineering,Redis; Spring Boot; Microservices; Django; Python; Node.js; Java,Lead,"Internship · On-site. We are hiring a Lead Backend Developer for our Gaming team. The ideal candidate has 8-14 years of experience and is proficient in Redis, Spring Boot, Microservices, Django, Python, Node.js, Java. This is a on-site internship position focused on delivering high-quality software engineering work."
Junior QA Engineer,Software Engineering,Python; Bug Tracking; CI/CD; JUnit; Selenium; Test Automation,Junior,"Internship · Hybrid. We are hiring a Junior QA Engineer for our Fintech team. The ideal candidate has 1-3 years of experience and is proficient in Python, Bug Tracking, CI/CD, JUnit, Selenium, Test Automation. This is a hybrid internship position focused on delivering high-quality software engineering work."
Mid-level Frontend Developer,Software Engineering,Webpack; Sass; CSS; Accessibility; Jest,Mid-level,"Full-time · On-site. We are hiring a Mid-level Frontend Developer for our Healthcare team. The ideal candidate has 3-6 years of experience and is proficient in Webpack, Sass, CSS, Accessibility, Jest. This is a on-site full-time position focused on delivering high-quality software engineering work."
Intern Backend Developer,Software Engineering,Microservices; Python; REST APIs; SQL; Redis; Django; Spring Boot,Intern,"Contract · Remote. We are hiring a Intern Backend Developer for our E-commerce team. The ideal candidate has 0-1 years of experience and is proficient in Microservices, Python, REST APIs, SQL, Redis, Django, Spring Boot. This is a remote contract position focused on delivering high-quality software engineering work."
Lead Frontend Developer,Software Engineering,JavaScript; React; Jest; Accessibility; CSS,Lead,"Full-time · On-site. We are hiring a Lead Frontend Developer for our SaaS team. The ideal candidate has 8-14 years of experience and is proficient in JavaScript, React, Jest, Accessibility, CSS. This is a on-site full-time position focused on delivering high-quality software engineering work."
Junior Frontend Developer,Software Engineering,Jest; Webpack; Sass; Accessibility; React; HTML,Junior,"Contract · Remote. We are hiring a Junior Frontend Developer for our Fintech team. The ideal candidate has 1-3 years of experience and is proficient in Jest, Webpack, Sass, Accessibility, React, HTML. This is a remote contract position focused on delivering high-quality software engineering work."
Principal Site Reliability Engineer,Software Engineering,AWS; Prometheus; Kubernetes; Linux; Monitoring,Principal,"Internship · Remote. We are hiring a Principal Site Reliability Engineer for our Healthcare team. The ideal candidate has 12-20 years of experience and is proficient in AWS, Prometheus, Kubernetes, Linux, Monitoring. This is a remote internship position focused on delivering high-quality software engineering work."
Intern DevOps Engineer,Software Engineering,Docker; CI/CD; Monitoring; AWS; Jenkins,Intern,"Full-time · Remote. We are hiring a Intern DevOps Engineer for our SaaS team. The ideal candidate has 0-1 years of experience and is proficient in Docker, CI/CD, Monitoring, AWS, Jenkins. This is a remote full-time position focused on delivering high-quality software engineering work."
Principal DevOps Engineer,Software Engineering,Jenkins; Kubernetes; Bash; CI/CD; Docker; Ansible,Principal,"Contract · Hybrid. We are hiring a Principal DevOps Engineer for our E-commerce team. The ideal candidate has 12-20 years of experience and is proficient in Jenkins, Kubernetes, Bash, CI/CD, Docker, Ansible. This is a hybrid contract position focused on delivering high-quality software engineering work."
Lead Frontend Developer,Software Engineering,Jest; Redux; TypeScript; HTML; Webpack; JavaScript,Lead,"Internship · Hybrid. We are hiring a Lead Frontend Developer for our Fintech team. The ideal candidate has 8-14 years of experience and is proficient in Jest, Redux, TypeScript, HTML, Webpack, JavaScript. This is a hybrid internship position focused on delivering high-quality software engineering work."
Principal QA Engineer,Software Engineering,Manual Testing; Test Automation; JUnit; Cypress; CI/CD; Jira,Principal,"Internship · Remote. We are hiring a Principal QA Engineer for our SaaS team. The ideal candidate has 12-20 years of experience and is proficient in Manual Testing, Test Automation, JUnit, Cypress, CI/CD, Jira. This is a remote internship position focused on delivering high-quality software engineering work."
Junior DevOps Engineer,Software Engineering,Ansible; Kubernetes; Docker; Monitoring; Jenkins; Bash,Junior,"Full-time · Hybrid. We are hiring a Junior DevOps Engineer for our Enterprise team. The ideal candidate has 1-3 years of experience and is proficient in Ansible, Kubernetes, Docker, Monitoring, Jenkins, Bash. This is a hybrid full-time position focused on delivering high-quality software engineering work."
Lead Frontend Developer,Software Engineering,TypeScript; HTML; Webpack; Redux; React; Sass; JavaScript,Lead,"Full-time · Hybrid. We are hiring a Lead Frontend Developer for our Enterprise team. The ideal candidate has 8-14 years of experience and is proficient in TypeScript, HTML, Webpack, Redux, React, Sass, JavaScript. This is a hybrid full-time position focused on delivering high-quality software engineering work."
Lead Software Architect,Software Engineering,Kafka; Leadership; REST APIs; Design Patterns; Java; Docker; Microservices,Lead,"Contract · Hybrid. We are hiring a Lead Software Architect for our Enterprise team. The ideal candidate has 8-14 years of experience and is proficient in Kafka, Leadership, REST APIs, Design Patterns, Java, Docker, Microservices. This is a hybrid contract position focused on delivering high-quality software engineering work."
Lead Site Reliability Engineer,Software Engineering,AWS; Terraform; Grafana; Linux; Python; Monitoring; Go,Lead,"Full-time · Hybrid. We are hiring a Lead Site Reliability Engineer for our Fintech team. The ideal candidate has 8-14 years of experience and is proficient in AWS, Terraform, Grafana, Linux, Python, Monitoring, Go. This is a hybrid full-time position focused on delivering high-quality software engineering work."
Junior QA Engineer,Software Engineering,Cypress; Jira; Python; Bug Tracking; CI/CD; Manual Testing; Test Automation,Junior,"Contract · On-site. We are hiring a Junior QA Engineer for our Startup team. The ideal candidate has 1-3 years of experience and is proficient in Cypress, Jira, Python, Bug Tracking, CI/CD, Manual Testing, Test Automation. This is a on-site contract position focused on delivering high-quality software engineering work."
Lead Software Architect,Software Engineering,REST APIs; Kafka; Design Patterns; AWS; System Design; Microservices; Leadership,Lead,"Full-time · On-site. We are hiring a Lead Software Architect for our E-commerce team. The ideal candidate has 8-14 years of experience and is proficient in REST APIs, Kafka, Design Patterns, AWS, System Design, Microservices, Leadership. This is a on-site full-time position focused on delivering high-quality software engineering work."
Mid-level Software Architect,Software Engineering,REST APIs; Java; Docker; System Design; Kafka; Leadership; Scalability,Mid-level,"Contract · Hybrid. We are hiring a Mid-level Software Architect for our Gaming team. The ideal candidate has 3-6 years of experience and is proficient in REST APIs, Java, Docker, System Design, Kafka, Leadership, Scalability. This is a hybrid contract position focused on delivering high-quality software engineering work."
Intern Mobile Developer,Software Engineering,React Native; Git; iOS; Flutter; Android SDK; Kotlin,Intern,"Full-time · Remote. We are hiring a Intern Mobile Developer for our SaaS team. The ideal candidate has 0-1 years of experience and is proficient in React Native, Git, iOS, Flutter, Android SDK, Kotlin. This is a remote full-time position focused on delivering high-quality software engineering work."
Intern Software Architect,Software Engineering,System Design; REST APIs; Kafka; Leadership; Design Patterns; Scalability; Java,Intern,"Internship · On-site. We are hiring a Intern Software Architect for our Enterprise team. The ideal candidate has 0-1 years of experience and is proficient in System Design, REST APIs, Kafka, Leadership, Design Patterns, Scalability, Java. This is a on-site internship position focused on delivering high-quality software engineering work."
Senior Backend Developer,Software Engineering,Django; SQL; GraphQL; REST APIs; Redis,Senior,"Full-time · On-site. We are hiring a Senior Backend Developer for our Healthcare team. The ideal candidate has 6-10 years of experience and is proficient in Django, SQL, GraphQL, REST APIs, Redis. This is a on-site full-time position focused on delivering high-quality software engineering work."
Principal QA Engineer,Software Engineering,Jira; Cypress; Selenium; JUnit; Bug Tracking; CI/CD,Principal,"Full-time · Remote. We are hiring a Principal QA Engineer for our Enterprise team. The ideal candidate has 12-20 years of experience and is proficient in Jira, Cypress, Selenium, JUnit, Bug Tracking, CI/CD. This is a remote full-time position focused on delivering high-quality software engineering work."
Intern QA Engineer,Software Engineering,Bug Tracking; Postman; Manual Testing; Python; CI/CD; JUnit,Intern,"Internship · Remote. We are hiring a Intern QA Engineer for our Enterprise team. The ideal candidate has 0-1 years of experience and is proficient in Bug Tracking, Postman, Manual Testing, Python, CI/CD, JUnit. This is a remote internship position focused on delivering high-quality software engineering work."
Junior Site Reliability Engineer,Software Engineering,Kubernetes; Prometheus; Grafana; Monitoring; Linux; Terraform,Junior,"Full-time · Hybrid. We are hiring a Junior Site Reliability Engineer for our Healthcare team. The ideal candidate has 1-3 years of experience and is proficient in Kubernetes, Prometheus, Grafana, Monitoring, Linux, Terraform. This is a hybrid full-time position focused on delivering high-quality software engineering work."
Lead Full Stack Developer,Software Engineering,REST APIs; SQL; JavaScript; TypeScript; MongoDB; Docker,Lead,"Internship · Hybrid. We are hiring a Lead Full Stack Developer for our Enterprise team. The ideal candidate has 8-14 years of experience and is proficient in REST APIs, SQL, JavaScript, TypeScript, MongoDB, Docker. This is a hybrid internship position focused on delivering high-quality software engineering work."
Lead Full Stack Developer,Software Engineering,JavaScript; REST APIs; MongoDB; Git; Python; TypeScript,Lead,"Contract · Remote. We are hiring a Lead Full Stack Developer for our Enterprise team. The ideal candidate has 8-14 years of experience and is proficient in JavaScript, REST APIs, MongoDB, Git, Python, TypeScript. This is a remote contract position focused on delivering high-quality software engineering work."
Mid-level QA Engineer,Software Engineering,CI/CD; JUnit; Manual Testing; Postman; Test Automation; Bug Tracking; Selenium,Mid-level,"Full-time · Remote. We are hiring a Mid-level QA Engineer for our SaaS team. The ideal candidate has 3-6 years of experience and is proficient in CI/CD, JUnit, Manual Testing, Postman, Test Automation, Bug Tracking, Selenium. This is a remote full-time position focused on delivering high-quality software engineering work."
Mid-level Software Architect,Software Engineering,Microservices; REST APIs; AWS; Leadership; Docker; System Design,Mid-level,"Full-time · Hybrid. We are hiring a Mid-level Software Architect for our Startup team. The ideal candidate has 3-6 years of experience and is proficient in Microservices, REST APIs, AWS, Leadership, Docker, System Design. This is a hybrid full-time position focused on delivering high-quality software engineering work."
Senior DevOps Engineer,Software Engineering,CI/CD; Monitoring; Linux; Ansible; Kubernetes; Docker; Bash,Senior,"Full-time · Remote. We are hiring a Senior DevOps Engineer for our Startup team. The ideal candidate has 6-10 years of experience and is proficient in CI/CD, Monitoring, Linux, Ansible, Kubernetes, Docker, Bash. This is a remote full-time position focused on delivering high-quality software engineering work."
Principal DevOps Engineer,Software Engineering,Monitoring; Bash; Ansible; Docker; Linux; CI/CD,Principal,"Contract · Remote. We are hiring a Principal DevOps Engineer for our E-commerce team. The ideal candidate has 12-20 years of experience and is proficient in Monitoring, Bash, Ansible, Docker, Linux, CI/CD. This is a remote contract position focused on delivering high-quality software engineering work."
Mid-level Site Reliability Engineer,Software Engineering,Terraform; Monitoring; AWS; Incident Response; Linux,Mid-level,"Contract · Remote. We are hiring a Mid-level Site Reliability Engineer for our Fintech team. The ideal candidate has 3-6 years of experience and is proficient in Terraform, Monitoring, AWS, Incident Response, Linux. This is a remote contract position focused on delivering high-quality software engineering work."
Junior Game Developer,Software Engineering,C++; C#; Game Design; Physics; Unity; Shaders; OpenGL,Junior,"Internship · On-site. We are hiring a Junior Game Developer for our Fintech team. The ideal candidate has 1-3 years of experience and is proficient in C++, C#, Game Design, Physics, Unity, Shaders, OpenGL. This is a on-site internship position focused on delivering high-quality software engineering work."
Principal Game Developer,Software Engineering,Shaders; Game Design; C++; Optimization; 3D Math; Unreal Engine,Principal,"Full-time · On-site. We are hiring a Principal Game Developer for our Healthcare team. The ideal candidate has 12-20 years of experience and is proficient in Shaders, Game Design, C++, Optimization, 3D Math, Unreal Engine. This is a on-site full-time position focused on delivering high-quality software engineering work."
Junior Full Stack Developer,Software Engineering,Git; Docker; MongoDB; React; JavaScript; TypeScript; SQL,Junior,"Full-time · Remote. We are hiring a Junior Full Stack Developer for our Enterprise team. The ideal candidate has 1-3 years of experience and is proficient in Git, Docker, MongoDB, React, JavaScript, TypeScript, SQL. This is a remote full-time position focused on delivering high-quality software engineering work."
Junior QA Engineer,Software Engineering,Selenium; CI/CD; Manual Testing; Postman; Jira; Bug Tracking; Python,Junior,"Internship · Remote. We are hiring a Junior QA Engineer for our Enterprise team. The ideal candidate has 1-3 years of experience and is proficient in Selenium, CI/CD, Manual Testing, Postman, Jira, Bug Tracking, Python. This is a remote internship position focused on delivering high-quality software engineering work."
Senior Mobile Developer,Software Engineering,iOS; Flutter; Firebase; Swift; UI Design; Kotlin; REST APIs,Senior,"Contract · On-site. We are hiring a Senior Mobile Developer for our Startup team. The ideal candidate has 6-10 years of experience and is proficient in iOS, Flutter, Firebase, Swift, UI Design, Kotlin, REST APIs. This is a on-site contract position focused on delivering high-quality software engineering work."
Mid-level Site Reliability Engineer,Software Engineering,AWS; Prometheus; Monitoring; Kubernetes; Terraform; Go,Mid-level,"Internship · Hybrid. We are hiring a Mid-level Site Reliability Engineer for our Startup team. The ideal candidate has 3-6 years of experience and is proficient in AWS, Prometheus, Monitoring, Kubernetes, Terraform, Go. This is a hybrid internship position focused on delivering high-quality software engineering work."
Intern Game Developer,Software Engineering,Physics; Optimization; Unreal Engine; C#; C++; Unity; Game Design,Intern,"Full-time · On-site. We are hiring a Intern Game Developer for our Gaming team. The ideal candidate has 0-1 years of experience and is proficient in Physics, Optimization, Unreal Engine, C#, C++, Unity, Game Design. This is a on-site full-time position focused on delivering high-quality software engineering work."
Senior Full Stack Developer,Software Engineering,Python; REST APIs; React; Git; MongoDB,Senior,"Contract · On-site. We are hiring a Senior Full Stack Developer for our EdTech team. The ideal candidate has 6-10 years of experience and is proficient in Python, REST APIs, React, Git, MongoDB. This is a on-site contract position focused on delivering high-quality software engineering work."
Junior Frontend Developer,Software Engineering,TypeScript; React; HTML; JavaScript; Webpack; CSS; Redux,Junior,"Contract · Hybrid. We are hiring a Junior Frontend Developer for our EdTech team. The ideal candidate has 1-3 years of experience and is proficient in TypeScript, React, HTML, JavaScript, Webpack, CSS, Redux. This is a hybrid contract position focused on delivering high-quality software engineering work."
Lead Backend Developer,Software Engineering,REST APIs; Microservices; Spring Boot; Python; SQL,Lead,"Full-time · Remote. We are hiring a Lead Backend Developer for our Fintech team. The ideal candidate has 8-14 years of experience and is proficient in REST APIs, Microservices, Spring Boot, Python, SQL. This is a remote full-time position focused on delivering high-quality software engineering work."
Senior Software Architect,Software Engineering,Docker; Design Patterns; AWS; Scalability; System Design; Leadership; Kafka,Senior,"Contract · Remote. We are hiring a Senior Software Architect for our Fintech team. The ideal candidate has 6-10 years of experience and is proficient in Docker, Design Patterns, AWS, Scalability, System Design, Leadership, Kafka. This is a remote contract position focused on delivering high-quality software engineering work."
Lead Game Developer,Software Engineering,Physics; Shaders; Unity; C#; Optimization; C++,Lead,"Full-time · On-site. We are hiring a Lead Game Developer for our Healthcare team. The ideal candidate has 8-14 years of experience and is proficient in Physics, Shaders, Unity, C#, Optimization, C++. This is a on-site full-time position focused on delivering high-quality software engineering work."
Lead Software Architect,Software Engineering,REST APIs; Docker; Java; Kafka; Design Patterns; Microservices; Leadership,Lead,"Full-time · On-site. We are hiring a Lead Software Architect for our Enterprise team. The ideal candidate has 8-14 years of experience and is proficient in REST APIs, Docker, Java, Kafka, Design Patterns, Microservices, Leadership. This is a on-site full-time position focused on delivering high-quality software engineering work."
Intern Backend Developer,Software Engineering,REST APIs; GraphQL; Spring Boot; Java; Redis; Node.js,Intern,"Contract · Hybrid. We are hiring a Intern Backend Developer for our E-commerce team. The ideal candidate has 0-1 years of experience and is proficient in REST APIs, GraphQL, Spring Boot, Java, Redis, Node.js. This is a hybrid contract position focused on delivering high-quality software engineering work."
Intern Backend Developer,Software Engineering,SQL; REST APIs; Microservices; Redis; GraphQL; Node.js,Intern,"Contract · Hybrid. We are hiring a Intern Backend Developer for our EdTech team. The ideal candidate has 0-1 years of experience and is proficient in SQL, REST APIs, Microservices, Redis, GraphQL, Node.js. This is a hybrid contract position focused on delivering high-quality software engineering work."
Junior Software Architect,Software Engineering,Design Patterns; Kafka; Docker; Java; Microservices; Leadership,Junior,"Full-time · Remote. We are hiring a Junior Software Architect for our EdTech team. The ideal candidate has 1-3 years of experience and is proficient in Design Patterns, Kafka, Docker, Java, Microservices, Leadership. This is a remote full-time position focused on delivering high-quality software engineering work."
Senior QA Engineer,Software Engineering,Python; CI/CD; JUnit; Postman; Cypress,Senior,"Contract · Remote. We are hiring a Senior QA Engineer for our Fintech team. The ideal candidate has 6-10 years of experience and is proficient in Python, CI/CD, JUnit, Postman, Cypress. This is a remote contract position focused on delivering high-quality software engineering work."
Lead Site Reliability Engineer,Software Engineering,Incident Response; Linux; Prometheus; Go; Monitoring; Grafana; Python,Lead,"Internship · Hybrid. We are hiring a Lead Site Reliability Engineer for our SaaS team. The ideal candidate has 8-14 years of experience and is proficient in Incident Response, Linux, Prometheus, Go, Monitoring, Grafana, Python. This is a hybrid internship position focused on delivering high-quality software engineering work."
Senior DevOps Engineer,Software Engineering,Bash; Linux; Kubernetes; CI/CD; Terraform,Senior,"Contract · Hybrid. We are hiring a Senior DevOps Engineer for our Fintech team. The ideal candidate has 6-10 years of experience and is proficient in Bash, Linux, Kubernetes, CI/CD, Terraform. This is a hybrid contract position focused on delivering high-quality software engineering work."
Junior Site Reliability Engineer,Software Engineering,Linux; Grafana; Incident Response; Python; Monitoring; Prometheus,Junior,"Contract · Remote. We are hiring a Junior Site Reliability Engineer for our Startup team. The ideal candidate has 1-3 years of experience and is proficient in Linux, Grafana, Incident Response, Python, Monitoring, Prometheus. This is a remote contract position focused on delivering high-quality software engineering work."
Lead Game Developer,Software Engineering,Game Design; C#; 3D Math; Optimization; Shaders; Unity,Lead,"Full-time · On-site. We are hiring a Lead Game Developer for our E-commerce team. The ideal candidate has 8-14 years of experience and is proficient in Game Design, C#, 3D Math, Optimization, Shaders, Unity. This is a on-site full-time position focused on delivering high-quality software engineering work."
Mid-level Frontend Developer,Software Engineering,Redux; React; Accessibility; HTML; Jest; CSS; Webpack,Mid-level,"Full-time · Hybrid. We are hiring a Mid-level Frontend Developer for our Gaming team. The ideal candidate has 3-6 years of experience and is proficient in Redux, React, Accessibility, HTML, Jest, CSS, Webpack. This is a hybrid full-time position focused on delivering high-quality software engineering work."
Intern Mobile Developer,Software Engineering,UI Design; Firebase; React Native; Swift; Flutter; iOS; REST APIs,Intern,"Contract · On-site. We are hiring a Intern Mobile Developer for our Healthcare team. The ideal candidate has 0-1 years of experience and is proficient in UI Design, Firebase, React Native, Swift, Flutter, iOS, REST APIs. This is a on-site contract position focused on delivering high-quality software engineering work."
Intern Backend Developer,Software Engineering,Python; Redis; Microservices; REST APIs; SQL; Java,Intern,"Full-time · Remote. We are hiring a Intern Backend Developer for our EdTech team. The ideal candidate has 0-1 years of experience and is proficient in Python, Redis, Microservices, REST APIs, SQL, Java. This is a remote full-time position focused on delivering high-quality software engineering work."
Intern DevOps Engineer,Software Engineering,Docker; Kubernetes; AWS; CI/CD; Jenkins; Ansible; Monitoring,Intern,"Contract · On-site. We are hiring a Intern DevOps Engineer for our Startup team. The ideal candidate has 0-1 years of experience and is proficient in Docker, Kubernetes, AWS, CI/CD, Jenkins, Ansible, Monitoring. This is a on-site contract position focused on delivering high-quality software engineering work."
Senior Mobile Developer,Software Engineering,REST APIs; Git; Firebase; Flutter; Swift; React Native; Android SDK,Senior,"Internship · Remote. We are hiring a Senior Mobile Developer for our Startup team. The ideal candidate has 6-10 years of experience and is proficient in REST APIs, Git, Firebase, Flutter, Swift, React Native, Android SDK. This is a remote internship position focused on delivering high-quality software engineering work."
Senior DevOps Engineer,Software Engineering,Bash; Ansible; Jenkins; Monitoring; Kubernetes; Terraform,Senior,"Contract · Hybrid. We are hiring a Senior DevOps Engineer for our Startup team. The ideal candidate has 6-10 years of experience and is proficient in Bash, Ansible, Jenkins, Monitoring, Kubernetes, Terraform. This is a hybrid contract position focused on delivering high-quality software engineering work."
Mid-level Frontend Developer,Software Engineering,Jest; JavaScript; Redux; CSS; React; Webpack; HTML,Mid-level,"Contract · Hybrid. We are hiring a Mid-level Frontend Developer for our Gaming team. The ideal candidate has 3-6 years of experience and is proficient in Jest, JavaScript, Redux, CSS, React, Webpack, HTML. This is a hybrid contract position focused on delivering high-quality software engineering work."
Senior Frontend Developer,Software Engineering,HTML; Webpack; Sass; Jest; CSS; Redux; JavaScript,Senior,"Internship · Remote. We are hiring a Senior Frontend Developer for our SaaS team. The ideal candidate has 6-10 years of experience and is proficient in HTML, Webpack, Sass, Jest, CSS, Redux, JavaScript. This is a remote internship position focused on delivering high-quality software engineering work."
Principal Game Developer,Software Engineering,Optimization; Unreal Engine; OpenGL; C++; Physics; Shaders; 3D Math,Principal,"Internship · Remote. We are hiring a Principal Game Developer for our SaaS team. The ideal candidate has 12-20 years of experience and is proficient in Optimization, Unreal Engine, OpenGL, C++, Physics, Shaders, 3D Math. This is a remote internship position focused on delivering high-quality software engineering work."
Intern Mobile Developer,Software Engineering,Git; Kotlin; UI Design; Firebase; Swift; Android SDK; iOS,Intern,"Internship · Hybrid. We are hiring a Intern Mobile Developer for our Healthcare team. The ideal candidate has 0-1 years of experience and is proficient in Git, Kotlin, UI Design, Firebase, Swift, Android SDK, iOS. This is a hybrid internship position focused on delivering high-quality software engineering work."
Principal Full Stack Developer,Software Engineering,SQL; Git; Node.js; MongoDB; TypeScript; React,Principal,"Full-time · Remote. We are hiring a Principal Full Stack Developer for our Fintech team. The ideal candidate has 12-20 years of experience and is proficient in SQL, Git, Node.js, MongoDB, TypeScript, React. This is a remote full-time position focused on delivering high-quality software engineering work."
Junior Frontend Developer,Software Engineering,TypeScript; React; HTML; Webpack; Redux; Jest,Junior,"Internship · Hybrid. We are hiring a Junior Frontend Developer for our Enterprise team. The ideal candidate has 1-3 years of experience and is proficient in TypeScript, React, HTML, Webpack, Redux, Jest. This is a hybrid internship position focused on delivering high-quality software engineering work."
Principal Game Developer,Software Engineering,C#; 3D Math; Physics; Game Design; OpenGL; Optimization,Principal,"Contract · Hybrid. We are hiring a Principal Game Developer for our SaaS team. The ideal candidate has 12-20 years of experience and is proficient in C#, 3D Math, Physics, Game Design, OpenGL, Optimization. This is a hybrid contract position focused on delivering high-quality software engineering work."
Junior Full Stack Developer,Software Engineering,Docker; Python; SQL; React; MongoDB,Junior,"Internship · Remote. We are hiring a Junior Full Stack Developer for our Fintech team. The ideal candidate has 1-3 years of experience and is proficient in Docker, Python, SQL, React, MongoDB. This is a remote internship position focused on delivering high-quality software engineering work."
Mid-level DevOps Engineer,Software Engineering,AWS; Docker; Monitoring; CI/CD; Jenkins,Mid-level,"Internship · Hybrid. We are hiring a Mid-level DevOps Engineer for our Gaming team. The ideal candidate has 3-6 years of experience and is proficient in AWS, Docker, Monitoring, CI/CD, Jenkins. This is a hybrid internship position focused on delivering high-quality software engineering work."
Senior Mobile Developer,Software Engineering,React Native; UI Design; Git; Android SDK; REST APIs; Kotlin,Senior,"Contract · Remote. We are hiring a Senior Mobile Developer for our Fintech team. The ideal candidate has 6-10 years of experience and is proficient in React Native, UI Design, Git, Android SDK, REST APIs, Kotlin. This is a remote contract position focused on delivering high-quality software engineering work."
Principal Software Architect,Software Engineering,Docker; Design Patterns; Kafka; Leadership; System Design; Microservices; Java,Principal,"Internship · On-site. We are hiring a Principal Software Architect for our Enterprise team. The ideal candidate has 12-20 years of experience and is proficient in Docker, Design Patterns, Kafka, Leadership, System Design, Microservices, Java. This is a on-site internship position focused on delivering high-quality software engineering work."
Mid-level Site Reliability Engineer,Software Engineering,Linux; Go; Monitoring; Prometheus; AWS; Terraform,Mid-level,"Contract · Remote. We are hiring a Mid-level Site Reliability Engineer for our Gaming team. The ideal candidate has 3-6 years of experience and is proficient in Linux, Go, Monitoring, Prometheus, AWS, Terraform. This is a remote contract position focused on delivering high-quality software engineering work."
Intern Frontend Developer,Software Engineering,CSS; HTML; JavaScript; Redux; Webpack,Intern,"Internship · Remote. We are hiring a Intern Frontend Developer for our Enterprise team. The ideal candidate has 0-1 years of experience and is proficient in CSS, HTML, JavaScript, Redux, Webpack. This is a remote internship position focused on delivering high-quality software engineering work."
Junior Game Developer,Software Engineering,Shaders; Unreal Engine; Optimization; Physics; OpenGL,Junior,"Contract · Hybrid. We are hiring a Junior Game Developer for our Fintech team. The ideal candidate has 1-3 years of experience and is proficient in Shaders, Unreal Engine, Optimization, Physics, OpenGL. This is a hybrid contract position focused on delivering high-quality software engineering work."
Lead Backend Developer,Software Engineering,Spring Boot; Redis; Microservices; Java; GraphQL; Python,Lead,"Full-time · Remote. We are hiring a Lead Backend Developer for our Enterprise team. The ideal candidate has 8-14 years of experience and is proficient in Spring Boot, Redis, Microservices, Java, GraphQL, Python. This is a remote full-time position focused on delivering high-quality software engineering work."
Mid-level Mobile Developer,Software Engineering,iOS; UI Design; Android SDK; React Native; Flutter,Mid-level,"Contract · On-site. We are hiring a Mid-level Mobile Developer for our Gaming team. The ideal candidate has 3-6 years of experience and is proficient in iOS, UI Design, Android SDK, React Native, Flutter. This is a on-site contract position focused on delivering high-quality software engineering work."
Junior Software Architect,Software Engineering,Docker; Design Patterns; Java; System Design; Leadership; Scalability,Junior,"Internship · Hybrid. We are hiring a Junior Software Architect for our Fintech team. The ideal candidate has 1-3 years of experience and is proficient in Docker, Design Patterns, Java, System Design, Leadership, Scalability. This is a hybrid internship position focused on delivering high-quality software engineering work."
Principal Mobile Developer,Software Engineering,React Native; UI Design; Kotlin; Swift; Firebase; Git,Principal,"Full-time · On-site. We are hiring a Principal Mobile Developer for our E-commerce team. The ideal candidate has 12-20 years of experience and is proficient in React Native, UI Design, Kotlin, Swift, Firebase, Git. This is a on-site full-time position focused on delivering high-quality software engineering work."
Intern Game Developer,Software Engineering,OpenGL; Optimization; Physics; C#; Game Design; Unity; Shaders,Intern,"Full-time · Hybrid. We are hiring a Intern Game Developer for our Startup team. The ideal candidate has 0-1 years of experience and is proficient in OpenGL, Optimization, Physics, C#, Game Design, Unity, Shaders. This is a hybrid full-time position focused on delivering high-quality software engineering work."
Senior Software Architect,Software Engineering,Leadership; Scalability; REST APIs; System Design; Microservices; Kafka; AWS,Senior,"Full-time · Remote. We are hiring a Senior Software Architect for our EdTech team. The ideal candidate has 6-10 years of experience and is proficient in Leadership, Scalability, REST APIs, System Design, Microservices, Kafka, AWS. This is a remote full-time position focused on delivering high-quality software engineering work."
Principal Site Reliability Engineer,Software Engineering,Grafana; Go; Incident Response; Linux; Kubernetes; Prometheus; Python,Principal,"Contract · Remote. We are hiring a Principal Site Reliability Engineer for our Gaming team. The ideal candidate has 12-20 years of experience and is proficient in Grafana, Go, Incident Response, Linux, Kubernetes, Prometheus, Python. This is a remote contract position focused on delivering high-quality software engineering work."
Principal QA Engineer,Software Engineering,Python; Postman; Selenium; Manual Testing; Bug Tracking; Cypress,Principal,"Internship · Remote. We are hiring a Principal QA Engineer for our EdTech team. The ideal candidate has 12-20 years of experience and is proficient in Python, Postman, Selenium, Manual Testing, Bug Tracking, Cypress. This is a remote internship position focused on delivering high-quality software engineering work."
Lead Full Stack Developer,Software Engineering,Docker; Node.js; React; TypeScript; Python; MongoDB,Lead,"Internship · On-site. We are hiring a Lead Full Stack Developer for our Enterprise team. The ideal candidate has 8-14 years of experience and is proficient in Docker, Node.js, React, TypeScript, Python, MongoDB. This is a on-site internship position focused on delivering high-quality software engineering work."
Intern Site Reliability Engineer,Software Engineering,Grafana; Kubernetes; Monitoring; AWS; Prometheus; Terraform; Python,Intern,"Full-time · Hybrid. We are hiring a Intern Site Reliability Engineer for our Startup team. The ideal candidate has 0-1 years of experience and is proficient in Grafana, Kubernetes, Monitoring, AWS, Prometheus, Terraform, Python. This is a hybrid full-time position focused on delivering high-quality software engineering work."
Principal DevOps Engineer,Software Engineering,Linux; AWS; Docker; Kubernetes; Jenkins; CI/CD; Terraform,Principal,"Contract · On-site. We are hiring a Principal DevOps Engineer for our EdTech team. The ideal candidate has 12-20 years of experience and is proficient in Linux, AWS, Docker, Kubernetes, Jenkins, CI/CD, Terraform. This is a on-site contract position focused on delivering high-quality software engineering work."
Principal Mobile Developer,Software Engineering,Firebase; iOS; Swift; REST APIs; Flutter; UI Design,Principal,"Internship · On-site. We are hiring a Principal Mobile Developer for our EdTech team. The ideal candidate has 12-20 years of experience and is proficient in Firebase, iOS, Swift, REST APIs, Flutter, UI Design. This is a on-site internship position focused on delivering high-quality software engineering work."
Mid-level Mobile Developer,Software Engineering,Android SDK; Kotlin; Flutter; Firebase; React Native; Swift,Mid-level,"Full-time · Remote. We are hiring a Mid-level Mobile Developer for our SaaS team. The ideal candidate has 3-6 years of experience and is proficient in Android SDK, Kotlin, Flutter, Firebase, React Native, Swift. This is a remote full-time position focused on delivering high-quality software engineering work."
Principal Game Developer,Software Engineering,3D Math; Unreal Engine; Unity; Optimization; Shaders; Physics,Principal,"Full-time · Hybrid. We are hiring a Principal Game Developer for our Enterprise team. The ideal candidate has 12-20 years of experience and is proficient in 3D Math, Unreal Engine, Unity, Optimization, Shaders, Physics. This is a hybrid full-time position focused on delivering high-quality software engineering work."
Intern Backend Developer,Software Engineering,SQL; Spring Boot; REST APIs; Microservices; Django,Intern,"Internship · Hybrid. We are hiring a Intern Backend Developer for our Fintech team. The ideal candidate has 0-1 years of experience and is proficient in SQL, Spring Boot, REST APIs, Microservices, Django. This is a hybrid internship position focused on delivering high-quality software engineering work."
Lead Full Stack Developer,Software Engineering,Node.js; JavaScript; REST APIs; Docker; TypeScript; Python,Lead,"Full-time · Remote. We are hiring a Lead Full Stack Developer for our Healthcare team. The ideal candidate has 8-14 years of experience and is proficient in Node.js, JavaScript, REST APIs, Docker, TypeScript, Python. This is a remote full-time position focused on delivering high-quality software engineering work."
Intern QA Engineer,Software Engineering,Python; Manual Testing; Test Automation; Selenium; Postman,Intern,"Internship · On-site. We are hiring a Intern QA Engineer for our EdTech team. The ideal candidate has 0-1 years of experience and is proficient in Python, Manual Testing, Test Automation, Selenium, Postman. This is a on-site internship position focused on delivering high-quality software engineering work."
Junior Full Stack Developer,Software Engineering,Git; Docker; SQL; Python; React; TypeScript; JavaScript,Junior,"Internship · Hybrid. We are hiring a Junior Full Stack Developer for our Enterprise team. The ideal candidate has 1-3 years of experience and is proficient in Git, Docker, SQL, Python, React, TypeScript, JavaScript. This is a hybrid internship position focused on delivering high-quality software engineering work."
Lead Full Stack Developer,Software Engineering,TypeScript; Python; REST APIs; SQL; JavaScript; Node.js,Lead,"Full-time · On-site. We are hiring a Lead Full Stack Developer for our Fintech team. The ideal candidate has 8-14 years of experience and is proficient in TypeScript, Python, REST APIs, SQL, JavaScript, Node.js. This is a on-site full-time position focused on delivering high-quality software engineering work."
Mid-level DevOps Engineer,Software Engineering,Monitoring; Kubernetes; Docker; Linux; Terraform; Jenkins; Bash,Mid-level,"Contract · Hybrid. We are hiring a Mid-level DevOps Engineer for our EdTech team. The ideal candidate has 3-6 years of experience and is proficient in Monitoring, Kubernetes, Docker, Linux, Terraform, Jenkins, Bash. This is a hybrid contract position focused on delivering high-quality software engineering work."
Intern Site Reliability Engineer,Software Engineering,Go; AWS; Python; Grafana; Monitoring; Linux; Kubernetes,Intern,"Full-time · On-site. We are hiring a Intern Site Reliability Engineer for our EdTech team. The ideal candidate has 0-1 years of experience and is proficient in Go, AWS, Python, Grafana, Monitoring, Linux, Kubernetes. This is a on-site full-time position focused on delivering high-quality software engineering work."
Junior Site Reliability Engineer,Software Engineering,Monitoring; Incident Response; Python; AWS; Grafana,Junior,"Contract · Remote. We are hiring a Junior Site Reliability Engineer for our EdTech team. The ideal candidate has 1-3 years of experience and is proficient in Monitoring, Incident Response, Python, AWS, Grafana. This is a remote contract position focused on delivering high-quality software engineering work."
Lead Software Architect,Software Engineering,Java; Scalability; Microservices; Kafka; Design Patterns; AWS,Lead,"Internship · On-site. We are hiring a Lead Software Architect for our SaaS team. The ideal candidate has 8-14 years of experience and is proficient in Java, Scalability, Microservices, Kafka, Design Patterns, AWS. This is a on-site internship position focused on delivering high-quality software engineering work."
Principal Full Stack Developer,Software Engineering,MongoDB; TypeScript; JavaScript; SQL; Python; Docker; Git,Principal,"Contract · Remote. We are hiring a Principal Full Stack Developer for our E-commerce team. The ideal candidate has 12-20 years of experience and is proficient in MongoDB, TypeScript, JavaScript, SQL, Python, Docker, Git. This is a remote contract position focused on delivering high-quality software engineering work."
Mid-level DevOps Engineer,Software Engineering,Bash; Docker; Ansible; Jenkins; CI/CD,Mid-level,"Internship · Remote. We are hiring a Mid-level DevOps Engineer for our Enterprise team. The ideal candidate has 3-6 years of experience and is proficient in Bash, Docker, Ansible, Jenkins, CI/CD. This is a remote internship position focused on delivering high-quality software engineering work."
Junior Backend Developer,Software Engineering,Node.js; Django; GraphQL; Redis; REST APIs,Junior,"Contract · On-site. We are hiring a Junior Backend Developer for our Startup team. The ideal candidate has 1-3 years of experience and is proficient in Node.js, Django, GraphQL, Redis, REST APIs. This is a on-site contract position focused on delivering high-quality software engineering work."
Lead Mobile Developer,Software Engineering,React Native; Firebase; Kotlin; UI Design; Swift; iOS; Git,Lead,"Full-time · On-site. We are hiring a Lead Mobile Developer for our Startup team. The ideal candidate has 8-14 years of experience and is proficient in React Native, Firebase, Kotlin, UI Design, Swift, iOS, Git. This is a on-site full-time position focused on delivering high-quality software engineering work."
Intern QA Engineer,Software Engineering,Cypress; JUnit; Selenium; Bug Tracking; Manual Testing; Jira; CI/CD,Intern,"Internship · Remote. We are hiring a Intern QA Engineer for our EdTech team. The ideal candidate has 0-1 years of experience and is proficient in Cypress, JUnit, Selenium, Bug Tracking, Manual Testing, Jira, CI/CD. This is a remote internship position focused on delivering high-quality software engineering work."
Lead Full Stack Developer,Software Engineering,Docker; MongoDB; SQL; REST APIs; Git; TypeScript; Node.js,Lead,"Internship · On-site. We are hiring a Lead Full Stack Developer for our Startup team. The ideal candidate has 8-14 years of experience and is proficient in Docker, MongoDB, SQL, REST APIs, Git, TypeScript, Node.js. This is a on-site internship position focused on delivering high-quality software engineering work."
Mid-level Backend Developer,Software Engineering,Redis; REST APIs; GraphQL; Node.js; Python; Java,Mid-level,"Contract · On-site. We are hiring a Mid-level Backend Developer for our Startup team. The ideal candidate has 3-6 years of experience and is proficient in Redis, REST APIs, GraphQL, Node.js, Python, Java. This is a on-site contract position focused on delivering high-quality software engineering work."
Senior Site Reliability Engineer,Software Engineering,Kubernetes; Terraform; Prometheus; Monitoring; Python; Go,Senior,"Contract · On-site. We are hiring a Senior Site Reliability Engineer for our Startup team. The ideal candidate has 6-10 years of experience and is proficient in Kubernetes, Terraform, Prometheus, Monitoring, Python, Go. This is a on-site contract position focused on delivering high-quality software engineering work."
Mid-level Frontend Developer,Software Engineering,Jest; JavaScript; Accessibility; Sass; Webpack; React,Mid-level,"Internship · Hybrid. We are hiring a Mid-level Frontend Developer for our E-commerce team. The ideal candidate has 3-6 years of experience and is proficient in Jest, JavaScript, Accessibility, Sass, Webpack, React. This is a hybrid internship position focused on delivering high-quality software engineering work."
Junior Full Stack Developer,Software Engineering,Git; React; Python; MongoDB; REST APIs; Docker,Junior,"Contract · Hybrid. We are hiring a Junior Full Stack Developer for our Healthcare team. The ideal candidate has 1-3 years of experience and is proficient in Git, React, Python, MongoDB, REST APIs, Docker. This is a hybrid contract position focused on delivering high-quality software engineering work."
Lead DevOps Engineer,Software Engineering,CI/CD; Linux; Kubernetes; Docker; Ansible,Lead,"Full-time · Remote. We are hiring a Lead DevOps Engineer for our Fintech team. The ideal candidate has 8-14 years of experience and is proficient in CI/CD, Linux, Kubernetes, Docker, Ansible. This is a remote full-time position focused on delivering high-quality software engineering work."
Lead Backend Developer,Software Engineering,Redis; Microservices; Django; Node.js; Java; REST APIs; Python,Lead,"Internship · Hybrid. We are hiring a Lead Backend Developer for our Gaming team. The ideal candidate has 8-14 years of experience and is proficient in Redis, Microservices, Django, Node.js, Java, REST APIs, Python. This is a hybrid internship position focused on delivering high-quality software engineering work."
Senior QA Engineer,Software Engineering,Cypress; JUnit; Jira; CI/CD; Manual Testing; Bug Tracking,Senior,"Contract · Remote. We are hiring a Senior QA Engineer for our E-commerce team. The ideal candidate has 6-10 years of experience and is proficient in Cypress, JUnit, Jira, CI/CD, Manual Testing, Bug Tracking. This is a remote contract position focused on delivering high-quality software engineering work."
Lead Backend Developer,Software Engineering,Django; Redis; REST APIs; Java; Node.js; GraphQL,Lead,"Contract · Remote. We are hiring a Lead Backend Developer for our EdTech team. The ideal candidate has 8-14 years of experience and is proficient in Django, Redis, REST APIs, Java, Node.js, GraphQL. This is a remote contract position focused on delivering high-quality software engineering work."
Mid-level Full Stack Developer,Software Engineering,SQL; TypeScript; Node.js; Docker; JavaScript; Git; Python,Mid-level,"Internship · Remote. We are hiring a Mid-level Full Stack Developer for our Fintech team. The ideal candidate has 3-6 years of experience and is proficient in SQL, TypeScript, Node.js, Docker, JavaScript, Git, Python. This is a remote internship position focused on delivering high-quality software engineering work."
Principal Game Developer,Software Engineering,Physics; Unity; C#; 3D Math; Unreal Engine; C++,Principal,"Internship · On-site. We are hiring a Principal Game Developer for our E-commerce team. The ideal candidate has 12-20 years of experience and is proficient in Physics, Unity, C#, 3D Math, Unreal Engine, C++. This is a on-site internship position focused on delivering high-quality software engineering work."
Lead Game Developer,Software Engineering,3D Math; Game Design; Physics; OpenGL; C++,Lead,"Internship · Remote. We are hiring a Lead Game Developer for our Startup team. The ideal candidate has 8-14 years of experience and is proficient in 3D Math, Game Design, Physics, OpenGL, C++. This is a remote internship position focused on delivering high-quality software engineering work."
Principal Software Architect,Software Engineering,AWS; Leadership; Microservices; Java; Scalability; System Design; REST APIs,Principal,"Contract · On-site. We are hiring a Principal Software Architect for our EdTech team. The ideal candidate has 12-20 years of experience and is proficient in AWS, Leadership, Microservices, Java, Scalability, System Design, REST APIs. This is a on-site contract position focused on delivering high-quality software engineering work."
Lead DevOps Engineer,Software Engineering,Terraform; Ansible; Jenkins; Kubernetes; AWS; CI/CD; Docker,Lead,"Internship · On-site. We are hiring a Lead DevOps Engineer for our SaaS team. The ideal candidate has 8-14 years of experience and is proficient in Terraform, Ansible, Jenkins, Kubernetes, AWS, CI/CD, Docker. This is a on-site internship position focused on delivering high-quality software engineering work."
Senior Software Architect,Software Engineering,Leadership; Docker; System Design; Microservices; AWS,Senior,"Full-time · Remote. We are hiring a Senior Software Architect for our Gaming team. The ideal candidate has 6-10 years of experience and is proficient in Leadership, Docker, System Design, Microservices, AWS. This is a remote full-time position focused on delivering high-quality software engineering work."
Senior QA Engineer,Software Engineering,Selenium; JUnit; Python; Cypress; Manual Testing; Bug Tracking,Senior,"Internship · Remote. We are hiring a Senior QA Engineer for our E-commerce team. The ideal candidate has 6-10 years of experience and is proficient in Selenium, JUnit, Python, Cypress, Manual Testing, Bug Tracking. This is a remote internship position focused on delivering high-quality software engineering work."
Lead Full Stack Developer,Software Engineering,REST APIs; Python; TypeScript; Docker; Git; React; JavaScript,Lead,"Full-time · Hybrid. We are hiring a Lead Full Stack Developer for our Fintech team. The ideal candidate has 8-14 years of experience and is proficient in REST APIs, Python, TypeScript, Docker, Git, React, JavaScript. This is a hybrid full-time position focused on delivering high-quality software engineering work."
Lead Full Stack Developer,Software Engineering,MongoDB; React; Python; REST APIs; JavaScript; Git,Lead,"Contract · Hybrid. We are hiring a Lead Full Stack Developer for our SaaS team. The ideal candidate has 8-14 years of experience and is proficient in MongoDB, React, Python, REST APIs, JavaScript, Git. This is a hybrid contract position focused on delivering high-quality software engineering work."
Senior DevOps Engineer,Software Engineering,Terraform; Jenkins; Linux; CI/CD; Kubernetes; AWS; Ansible,Senior,"Full-time · Hybrid. We are hiring a Senior DevOps Engineer for our EdTech team. The ideal candidate has 6-10 years of experience and is proficient in Terraform, Jenkins, Linux, CI/CD, Kubernetes, AWS, Ansible. This is a hybrid full-time position focused on delivering high-quality software engineering work."
Mid-level Backend Developer,Software Engineering,Spring Boot; Java; SQL; REST APIs; Node.js,Mid-level,"Internship · On-site. We are hiring a Mid-level Backend Developer for our Healthcare team. The ideal candidate has 3-6 years of experience and is proficient in Spring Boot, Java, SQL, REST APIs, Node.js. This is a on-site internship position focused on delivering high-quality software engineering work."
Lead QA Engineer,Software Engineering,CI/CD; Jira; Cypress; Manual Testing; JUnit; Python,Lead,"Internship · Remote. We are hiring a Lead QA Engineer for our SaaS team. The ideal candidate has 8-14 years of experience and is proficient in CI/CD, Jira, Cypress, Manual Testing, JUnit, Python. This is a remote internship position focused on delivering high-quality software engineering work."
Mid-level Frontend Developer,Software Engineering,Redux; Accessibility; Webpack; Jest; TypeScript; HTML; JavaScript,Mid-level,"Internship · On-site. We are hiring a Mid-level Frontend Developer for our Gaming team. The ideal candidate has 3-6 years of experience and is proficient in Redux, Accessibility, Webpack, Jest, TypeScript, HTML, JavaScript. This is a on-site internship position focused on delivering high-quality software engineering work."
Junior QA Engineer,Software Engineering,Jira; Postman; CI/CD; Test Automation; Manual Testing; Selenium; Python,Junior,"Full-time · Remote. We are hiring a Junior QA Engineer for our Gaming team. The ideal candidate has 1-3 years of experience and is proficient in Jira, Postman, CI/CD, Test Automation, Manual Testing, Selenium, Python. This is a remote full-time position focused on delivering high-quality software engineering work."
Junior DevOps Engineer,Software Engineering,Docker; AWS; Jenkins; Bash; Ansible; Linux; Monitoring,Junior,"Internship · On-site. We are hiring a Junior DevOps Engineer for our SaaS team. The ideal candidate has 1-3 years of experience and is proficient in Docker, AWS, Jenkins, Bash, Ansible, Linux, Monitoring. This is a on-site internship position focused on delivering high-quality software engineering work."
Principal Frontend Developer,Software Engineering,Jest; Webpack; Sass; CSS; Accessibility; Redux,Principal,"Full-time · Remote. We are hiring a Principal Frontend Developer for our SaaS team. The ideal candidate has 12-20 years of experience and is proficient in Jest, Webpack, Sass, CSS, Accessibility, Redux. This is a remote full-time position focused on delivering high-quality software engineering work."
Principal Frontend Developer,Software Engineering,JavaScript; Jest; Sass; Webpack; Redux; CSS,Principal,"Internship · On-site. We are hiring a Principal Frontend Developer for our EdTech team. The ideal candidate has 12-20 years of experience and is proficient in JavaScript, Jest, Sass, Webpack, Redux, CSS. This is a on-site internship position focused on delivering high-quality software engineering work."
Junior Software Architect,Software Engineering,Docker; Kafka; Microservices; Scalability; Leadership; REST APIs; AWS,Junior,"Contract · On-site. We are hiring a Junior Software Architect for our Gaming team. The ideal candidate has 1-3 years of experience and is proficient in Docker, Kafka, Microservices, Scalability, Leadership, REST APIs, AWS. This is a on-site contract position focused on delivering high-quality software engineering work."
Junior Site Reliability Engineer,Software Engineering,Prometheus; Python; Kubernetes; AWS; Go,Junior,"Internship · Remote. We are hiring a Junior Site Reliability Engineer for our Gaming team. The ideal candidate has 1-3 years of experience and is proficient in Prometheus, Python, Kubernetes, AWS, Go. This is a remote internship position focused on delivering high-quality software engineering work."
Mid-level Mobile Developer,Software Engineering,Swift; UI Design; React Native; Firebase; Android SDK; REST APIs,Mid-level,"Contract · On-site. We are hiring a Mid-level Mobile Developer for our SaaS team. The ideal candidate has 3-6 years of experience and is proficient in Swift, UI Design, React Native, Firebase, Android SDK, REST APIs. This is a on-site contract position focused on delivering high-quality software engineering work."
Senior Backend Developer,Software Engineering,GraphQL; Python; Spring Boot; Redis; Node.js; REST APIs,Senior,"Full-time · Remote. We are hiring a Senior Backend Developer for our Healthcare team. The ideal candidate has 6-10 years of experience and is proficient in GraphQL, Python, Spring Boot, Redis, Node.js, REST APIs. This is a remote full-time position focused on delivering high-quality software engineering work."
Mid-level DevOps Engineer,Software Engineering,Bash; CI/CD; AWS; Jenkins; Terraform,Mid-level,"Contract · Hybrid. We are hiring a Mid-level DevOps Engineer for our Gaming team. The ideal candidate has 3-6 years of experience and is proficient in Bash, CI/CD, AWS, Jenkins, Terraform. This is a hybrid contract position focused on delivering high-quality software engineering work."
Intern Site Reliability Engineer,Software Engineering,Linux; Terraform; Kubernetes; Go; Monitoring; AWS,Intern,"Internship · On-site. We are hiring a Intern Site Reliability Engineer for our Enterprise team. The ideal candidate has 0-1 years of experience and is proficient in Linux, Terraform, Kubernetes, Go, Monitoring, AWS. This is a on-site internship position focused on delivering high-quality software engineering work."
Senior Game Developer,Software Engineering,Shaders; Unity; Optimization; C++; Unreal Engine; Game Design,Senior,"Full-time · Remote. We are hiring a Senior Game Developer for our Enterprise team. The ideal candidate has 6-10 years of experience and is proficient in Shaders, Unity, Optimization, C++, Unreal Engine, Game Design. This is a remote full-time position focused on delivering high-quality software engineering work."
Principal Software Architect,Software Engineering,Design Patterns; Scalability; Kafka; REST APIs; System Design; Microservices; AWS,Principal,"Contract · Remote. We are hiring a Principal Software Architect for our Healthcare team. The ideal candidate has 12-20 years of experience and is proficient in Design Patterns, Scalability, Kafka, REST APIs, System Design, Microservices, AWS. This is a remote contract position focused on delivering high-quality software engineering work."
Junior Game Developer,Software Engineering,Unity; OpenGL; 3D Math; Game Design; Shaders; C#,Junior,"Full-time · Hybrid. We are hiring a Junior Game Developer for our EdTech team. The ideal candidate has 1-3 years of experience and is proficient in Unity, OpenGL, 3D Math, Game Design, Shaders, C#. This is a hybrid full-time position focused on delivering high-quality software engineering work."
Intern Backend Developer,Software Engineering,Java; SQL; REST APIs; Node.js; Redis,Intern,"Internship · On-site. We are hiring a Intern Backend Developer for our Gaming team. The ideal candidate has 0-1 years of experience and is proficient in Java, SQL, REST APIs, Node.js, Redis. This is a on-site internship position focused on delivering high-quality software engineering work."
Mid-level Site Reliability Engineer,Software Engineering,Incident Response; Go; Prometheus; AWS; Kubernetes; Monitoring,Mid-level,"Internship · Remote. We are hiring a Mid-level Site Reliability Engineer for our Gaming team. The ideal candidate has 3-6 years of experience and is proficient in Incident Response, Go, Prometheus, AWS, Kubernetes, Monitoring. This is a remote internship position focused on delivering high-quality software engineering work."
Principal Software Architect,Software Engineering,Leadership; System Design; Docker; Java; REST APIs; Scalability; Design Patterns,Principal,"Full-time · Remote. We are hiring a Principal Software Architect for our SaaS team. The ideal candidate has 12-20 years of experience and is proficient in Leadership, System Design, Docker, Java, REST APIs, Scalability, Design Patterns. This is a remote full-time position focused on delivering high-quality software engineering work."
Senior Full Stack Developer,Software Engineering,TypeScript; MongoDB; REST APIs; Python; React; Node.js; JavaScript,Senior,"Full-time · Remote. We are hiring a Senior Full Stack Developer for our E-commerce team. The ideal candidate has 6-10 years of experience and is proficient in TypeScript, MongoDB, REST APIs, Python, React, Node.js, JavaScript. This is a remote full-time position focused on delivering high-quality software engineering work."
Senior QA Engineer,Software Engineering,Manual Testing; Python; Test Automation; Bug Tracking; JUnit; Cypress; Postman,Senior,"Full-time · Remote. We are hiring a Senior QA Engineer for our E-commerce team. The ideal candidate has 6-10 years of experience and is proficient in Manual Testing, Python, Test Automation, Bug Tracking, JUnit, Cypress, Postman. This is a remote full-time position focused on delivering high-quality software engineering work."
Junior Site Reliability Engineer,Software Engineering,Monitoring; Linux; Python; Grafana; Go; Prometheus,Junior,"Full-time · On-site. We are hiring a Junior Site Reliability Engineer for our Gaming team. The ideal candidate has 1-3 years of experience and is proficient in Monitoring, Linux, Python, Grafana, Go, Prometheus. This is a on-site full-time position focused on delivering high-quality software engineering work."
Junior Game Developer,Software Engineering,3D Math; Optimization; C++; Physics; Unreal Engine; Shaders; C#,Junior,"Contract · On-site. We are hiring a Junior Game Developer for our Fintech team. The ideal candidate has 1-3 years of experience and is proficient in 3D Math, Optimization, C++, Physics, Unreal Engine, Shaders, C#. This is a on-site contract position focused on delivering high-quality software engineering work."
Senior DevOps Engineer,Software Engineering,AWS; CI/CD; Linux; Bash; Ansible; Docker,Senior,"Contract · Remote. We are hiring a Senior DevOps Engineer for our EdTech team. The ideal candidate has 6-10 years of experience and is proficient in AWS, CI/CD, Linux, Bash, Ansible, Docker. This is a remote contract position focused on delivering high-quality software engineering work."
Mid-level QA Engineer,Software Engineering,JUnit; Bug Tracking; Selenium; Python; Test Automation,Mid-level,"Contract · Remote. We are hiring a Mid-level QA Engineer for our E-commerce team. The ideal candidate has 3-6 years of experience and is proficient in JUnit, Bug Tracking, Selenium, Python, Test Automation. This is a remote contract position focused on delivering high-quality software engineering work."
Mid-level Game Developer,Software Engineering,Unity; OpenGL; Shaders; Optimization; 3D Math; Game Design,Mid-level,"Full-time · Remote. We are hiring a Mid-level Game Developer for our E-commerce team. The ideal candidate has 3-6 years of experience and is proficient in Unity, OpenGL, Shaders, Optimization, 3D Math, Game Design. This is a remote full-time position focused on delivering high-quality software engineering work."
Senior Software Architect,Software Engineering,System Design; Java; Leadership; REST APIs; AWS; Kafka; Docker,Senior,"Full-time · On-site. We are hiring a Senior Software Architect for our SaaS team. The ideal candidate has 6-10 years of experience and is proficient in System Design, Java, Leadership, REST APIs, AWS, Kafka, Docker. This is a on-site full-time position focused on delivering high-quality software engineering work."
Principal Frontend Developer,Software Engineering,Accessibility; Sass; CSS; React; TypeScript; Jest; HTML,Principal,"Full-time · Remote. We are hiring a Principal Frontend Developer for our Startup team. The ideal candidate has 12-20 years of experience and is proficient in Accessibility, Sass, CSS, React, TypeScript, Jest, HTML. This is a remote full-time position focused on delivering high-quality software engineering work."
Senior Software Architect,Software Engineering,Microservices; Kafka; AWS; Leadership; Docker; Design Patterns,Senior,"Full-time · On-site. We are hiring a Senior Software Architect for our Fintech team. The ideal candidate has 6-10 years of experience and is proficient in Microservices, Kafka, AWS, Leadership, Docker, Design Patterns. This is a on-site full-time position focused on delivering high-quality software engineering work."
Principal Backend Developer,Software Engineering,Spring Boot; SQL; REST APIs; Microservices; Java,Principal,"Internship · On-site. We are hiring a Principal Backend Developer for our Healthcare team. The ideal candidate has 12-20 years of experience and is proficient in Spring Boot, SQL, REST APIs, Microservices, Java. This is a on-site internship position focused on delivering high-quality software engineering work."
Junior Mobile Developer,Software Engineering,Swift; React Native; Firebase; Android SDK; iOS,Junior,"Contract · Remote. We are hiring a Junior Mobile Developer for our E-commerce team. The ideal candidate has 1-3 years of experience and is proficient in Swift, React Native, Firebase, Android SDK, iOS. This is a remote contract position focused on delivering high-quality software engineering work."
Senior Game Developer,Software Engineering,C#; Shaders; 3D Math; OpenGL; Unreal Engine,Senior,"Full-time · Remote. We are hiring a Senior Game Developer for our Healthcare team. The ideal candidate has 6-10 years of experience and is proficient in C#, Shaders, 3D Math, OpenGL, Unreal Engine. This is a remote full-time position focused on delivering high-quality software engineering work."
Intern Software Architect,Software Engineering,Kafka; System Design; Docker; Microservices; AWS; Design Patterns,Intern,"Internship · Remote. We are hiring a Intern Software Architect for our Gaming team. The ideal candidate has 0-1 years of experience and is proficient in Kafka, System Design, Docker, Microservices, AWS, Design Patterns. This is a remote internship position focused on delivering high-quality software engineering work."
Lead Software Architect,Software Engineering,Java; System Design; Design Patterns; AWS; Kafka; REST APIs,Lead,"Internship · Hybrid. We are hiring a Lead Software Architect for our Gaming team. The ideal candidate has 8-14 years of experience and is proficient in Java, System Design, Design Patterns, AWS, Kafka, REST APIs. This is a hybrid internship position focused on delivering high-quality software engineering work."
Mid-level Mobile Developer,Software Engineering,Kotlin; Flutter; Android SDK; Swift; REST APIs; React Native; Firebase,Mid-level,"Contract · On-site. We are hiring a Mid-level Mobile Developer for our Fintech team. The ideal candidate has 3-6 years of experience and is proficient in Kotlin, Flutter, Android SDK, Swift, REST APIs, React Native, Firebase. This is a on-site contract position focused on delivering high-quality software engineering work."
Principal Frontend Developer,Software Engineering,TypeScript; React; Redux; Sass; Webpack; Jest,Principal,"Internship · Hybrid. We are hiring a Principal Frontend Developer for our EdTech team. The ideal candidate has 12-20 years of experience and is proficient in TypeScript, React, Redux, Sass, Webpack, Jest. This is a hybrid internship position focused on delivering high-quality software engineering work."
Junior Software Architect,Software Engineering,Scalability; Java; System Design; Kafka; Leadership; Microservices,Junior,"Contract · Remote. We are hiring a Junior Software Architect for our EdTech team. The ideal candidate has 1-3 years of experience and is proficient in Scalability, Java, System Design, Kafka, Leadership, Microservices. This is a remote contract position focused on delivering high-quality software engineering work."
Principal Mobile Developer,Software Engineering,Swift; Android SDK; Firebase; REST APIs; Git; UI Design; Flutter,Principal,"Full-time · On-site. We are hiring a Principal Mobile Developer for our SaaS team. The ideal candidate has 12-20 years of experience and is proficient in Swift, Android SDK, Firebase, REST APIs, Git, UI Design, Flutter. This is a on-site full-time position focused on delivering high-quality software engineering work."
Senior Full Stack Developer,Software Engineering,MongoDB; Docker; REST APIs; SQL; TypeScript; Git,Senior,"Internship · On-site. We are hiring a Senior Full Stack Developer for our EdTech team. The ideal candidate has 6-10 years of experience and is proficient in MongoDB, Docker, REST APIs, SQL, TypeScript, Git. This is a on-site internship position focused on delivering high-quality software engineering work."
Lead Site Reliability Engineer,Software Engineering,Prometheus; Python; Go; AWS; Grafana; Monitoring,Lead,"Full-time · On-site. We are hiring a Lead Site Reliability Engineer for our Healthcare team. The ideal candidate has 8-14 years of experience and is proficient in Prometheus, Python, Go, AWS, Grafana, Monitoring. This is a on-site full-time position focused on delivering high-quality software engineering work."
Junior DevOps Engineer,Software Engineering,CI/CD; Terraform; Kubernetes; Docker; Jenkins,Junior,"Full-time · Remote. We are hiring a Junior DevOps Engineer for our Fintech team. The ideal candidate has 1-3 years of experience and is proficient in CI/CD, Terraform, Kubernetes, Docker, Jenkins. This is a remote full-time position focused on delivering high-quality software engineering work."
Intern DevOps Engineer,Software Engineering,Bash; Jenkins; AWS; Monitoring; Ansible; Terraform,Intern,"Internship · Remote. We are hiring a Intern DevOps Engineer for our Gaming team. The ideal candidate has 0-1 years of experience and is proficient in Bash, Jenkins, AWS, Monitoring, Ansible, Terraform. This is a remote internship position focused on delivering high-quality software engineering work."
Senior Backend Developer,Software Engineering,Microservices; GraphQL; Node.js; Redis; Java; Spring Boot,Senior,"Internship · On-site. We are hiring a Senior Backend Developer for our Enterprise team. The ideal candidate has 6-10 years of experience and is proficient in Microservices, GraphQL, Node.js, Redis, Java, Spring Boot. This is a on-site internship position focused on delivering high-quality software engineering work."
Mid-level Full Stack Developer,Software Engineering,MongoDB; SQL; Python; React; Docker,Mid-level,"Full-time · On-site. We are hiring a Mid-level Full Stack Developer for our Healthcare team. The ideal candidate has 3-6 years of experience and is proficient in MongoDB, SQL, Python, React, Docker. This is a on-site full-time position focused on delivering high-quality software engineering work."
Mid-level Mobile Developer,Software Engineering,UI Design; Swift; Flutter; Firebase; Android SDK; Git,Mid-level,"Contract · Remote. We are hiring a Mid-level Mobile Developer for our Healthcare team. The ideal candidate has 3-6 years of experience and is proficient in UI Design, Swift, Flutter, Firebase, Android SDK, Git. This is a remote contract position focused on delivering high-quality software engineering work."
Senior Full Stack Developer,Software Engineering,REST APIs; React; Git; TypeScript; Python,Senior,"Internship · Hybrid. We are hiring a Senior Full Stack Developer for our Gaming team. The ideal candidate has 6-10 years of experience and is proficient in REST APIs, React, Git, TypeScript, Python. This is a hybrid internship position focused on delivering high-quality software engineering work."
Lead DevOps Engineer,Software Engineering,Monitoring; Docker; Terraform; Linux; Jenkins; CI/CD; Ansible,Lead,"Full-time · Hybrid. We are hiring a Lead DevOps Engineer for our E-commerce team. The ideal candidate has 8-14 years of experience and is proficient in Monitoring, Docker, Terraform, Linux, Jenkins, CI/CD, Ansible. This is a hybrid full-time position focused on delivering high-quality software engineering work."
Lead Mobile Developer,Software Engineering,UI Design; Flutter; iOS; Swift; Kotlin; REST APIs,Lead,"Contract · Remote. We are hiring a Lead Mobile Developer for our SaaS team. The ideal candidate has 8-14 years of experience and is proficient in UI Design, Flutter, iOS, Swift, Kotlin, REST APIs. This is a remote contract position focused on delivering high-quality software engineering work."
Lead Full Stack Developer,Software Engineering,Docker; SQL; TypeScript; Git; React; Python; Node.js,Lead,"Contract · Remote. We are hiring a Lead Full Stack Developer for our E-commerce team. The ideal candidate has 8-14 years of experience and is proficient in Docker, SQL, TypeScript, Git, React, Python, Node.js. This is a remote contract position focused on delivering high-quality software engineering work."
Mid-level Software Architect,Software Engineering,System Design; Design Patterns; Scalability; REST APIs; AWS,Mid-level,"Internship · Remote. We are hiring a Mid-level Software Architect for our Startup team. The ideal candidate has 3-6 years of experience and is proficient in System Design, Design Patterns, Scalability, REST APIs, AWS. This is a remote internship position focused on delivering high-quality software engineering work."
Mid-level Site Reliability Engineer,Software Engineering,Prometheus; Monitoring; Terraform; Grafana; Go; Linux; Python,Mid-level,"Full-time · On-site. We are hiring a Mid-level Site Reliability Engineer for our Healthcare team. The ideal candidate has 3-6 years of experience and is proficient in Prometheus, Monitoring, Terraform, Grafana, Go, Linux, Python. This is a on-site full-time position focused on delivering high-quality software engineering work."
Junior Frontend Developer,Software Engineering,Redux; CSS; Webpack; Accessibility; TypeScript; Jest,Junior,"Internship · Hybrid. We are hiring a Junior Frontend Developer for our Healthcare team. The ideal candidate has 1-3 years of experience and is proficient in Redux, CSS, Webpack, Accessibility, TypeScript, Jest. This is a hybrid internship position focused on delivering high-quality software engineering work."
Mid-level DevOps Engineer,Software Engineering,Kubernetes; CI/CD; Bash; Terraform; Jenkins; Linux; Ansible,Mid-level,"Full-time · Remote. We are hiring a Mid-level DevOps Engineer for our Fintech team. The ideal candidate has 3-6 years of experience and is proficient in Kubernetes, CI/CD, Bash, Terraform, Jenkins, Linux, Ansible. This is a remote full-time position focused on delivering high-quality software engineering work."
Lead Frontend Developer,Software Engineering,Accessibility; CSS; React; Sass; Redux; Jest,Lead,"Contract · On-site. We are hiring a Lead Frontend Developer for our SaaS team. The ideal candidate has 8-14 years of experience and is proficient in Accessibility, CSS, React, Sass, Redux, Jest. This is a on-site contract position focused on delivering high-quality software engineering work."
Principal Mobile Developer,Software Engineering,Android SDK; Git; Firebase; React Native; iOS,Principal,"Contract · Remote. We are hiring a Principal Mobile Developer for our Healthcare team. The ideal candidate has 12-20 years of experience and is proficient in Android SDK, Git, Firebase, React Native, iOS. This is a remote contract position focused on delivering high-quality software engineering work."
Junior Backend Developer,Software Engineering,SQL; Python; REST APIs; GraphQL; Django; Node.js; Microservices,Junior,"Internship · On-site. We are hiring a Junior Backend Developer for our Gaming team. The ideal candidate has 1-3 years of experience and is proficient in SQL, Python, REST APIs, GraphQL, Django, Node.js, Microservices. This is a on-site internship position focused on delivering high-quality software engineering work."
Junior Backend Developer,Software Engineering,Spring Boot; Python; GraphQL; Java; Microservices; REST APIs,Junior,"Contract · On-site. We are hiring a Junior Backend Developer for our SaaS team. The ideal candidate has 1-3 years of experience and is proficient in Spring Boot, Python, GraphQL, Java, Microservices, REST APIs. This is a on-site contract position focused on delivering high-quality software engineering work."
Intern Software Architect,Software Engineering,System Design; AWS; Microservices; Kafka; Java; Design Patterns,Intern,"Contract · On-site. We are hiring a Intern Software Architect for our Healthcare team. The ideal candidate has 0-1 years of experience and is proficient in System Design, AWS, Microservices, Kafka, Java, Design Patterns. This is a on-site contract position focused on delivering high-quality software engineering work."
Intern Frontend Developer,Software Engineering,React; HTML; Accessibility; Redux; CSS; Webpack; Jest,Intern,"Full-time · Hybrid. We are hiring a Intern Frontend Developer for our Fintech team. The ideal candidate has 0-1 years of experience and is proficient in React, HTML, Accessibility, Redux, CSS, Webpack, Jest. This is a hybrid full-time position focused on delivering high-quality software engineering work."
Junior Site Reliability Engineer,Software Engineering,Linux; Prometheus; Go; Grafana; Kubernetes; Monitoring,Junior,"Contract · Remote. We are hiring a Junior Site Reliability Engineer for our E-commerce team. The ideal candidate has 1-3 years of experience and is proficient in Linux, Prometheus, Go, Grafana, Kubernetes, Monitoring. This is a remote contract position focused on delivering high-quality software engineering work."
Intern Game Developer,Software Engineering,C#; Unreal Engine; Game Design; Physics; Optimization,Intern,"Contract · Remote. We are hiring a Intern Game Developer for our Startup team. The ideal candidate has 0-1 years of experience and is proficient in C#, Unreal Engine, Game Design, Physics, Optimization. This is a remote contract position focused on delivering high-quality software engineering work."
Intern Full Stack Developer,Software Engineering,REST APIs; Python; Docker; SQL; Git; MongoDB; React,Intern,"Full-time · On-site. We are hiring a Intern Full Stack Developer for our Enterprise team. The ideal candidate has 0-1 years of experience and is proficient in REST APIs, Python, Docker, SQL, Git, MongoDB, React. This is a on-site full-time position focused on delivering high-quality software engineering work."
Mid-level Software Architect,Software Engineering,Design Patterns; AWS; Java; Scalability; Microservices; System Design,Mid-level,"Full-time · Remote. We are hiring a Mid-level Software Architect for our SaaS team. The ideal candidate has 3-6 years of experience and is proficient in Design Patterns, AWS, Java, Scalability, Microservices, System Design. This is a remote full-time position focused on delivering high-quality software engineering work."
Lead Software Architect,Software Engineering,REST APIs; Scalability; AWS; Design Patterns; Leadership; Docker; Kafka,Lead,"Contract · On-site. We are hiring a Lead Software Architect for our E-commerce team. The ideal candidate has 8-14 years of experience and is proficient in REST APIs, Scalability, AWS, Design Patterns, Leadership, Docker, Kafka. This is a on-site contract position focused on delivering high-quality software engineering work."
Mid-level QA Engineer,Software Engineering,Jira; Postman; Python; JUnit; Test Automation; CI/CD; Manual Testing,Mid-level,"Contract · Hybrid. We are hiring a Mid-level QA Engineer for our E-commerce team. The ideal candidate has 3-6 years of experience and is proficient in Jira, Postman, Python, JUnit, Test Automation, CI/CD, Manual Testing. This is a hybrid contract position focused on delivering high-quality software engineering work."
Junior Mobile Developer,Software Engineering,REST APIs; React Native; Swift; Git; Kotlin; UI Design,Junior,"Contract · On-site. We are hiring a Junior Mobile Developer for our SaaS team. The ideal candidate has 1-3 years of experience and is proficient in REST APIs, React Native, Swift, Git, Kotlin, UI Design. This is a on-site contract position focused on delivering high-quality software engineering work."
Mid-level QA Engineer,Software Engineering,Bug Tracking; CI/CD; Postman; Cypress; Python; Selenium; JUnit,Mid-level,"Internship · Remote. We are hiring a Mid-level QA Engineer for our Startup team. The ideal candidate has 3-6 years of experience and is proficient in Bug Tracking, CI/CD, Postman, Cypress, Python, Selenium, JUnit. This is a remote internship position focused on delivering high-quality software engineering work."
Principal QA Engineer,Software Engineering,Jira; Test Automation; Python; CI/CD; Manual Testing; Cypress,Principal,"Internship · Hybrid. We are hiring a Principal QA Engineer for our EdTech team. The ideal candidate has 12-20 years of experience and is proficient in Jira, Test Automation, Python, CI/CD, Manual Testing, Cypress. This is a hybrid internship position focused on delivering high-quality software engineering work."
Principal Mobile Developer,Software Engineering,Flutter; Firebase; REST APIs; UI Design; React Native; Android SDK; Git,Principal,"Contract · On-site. We are hiring a Principal Mobile Developer for our Startup team. The ideal candidate has 12-20 years of experience and is proficient in Flutter, Firebase, REST APIs, UI Design, React Native, Android SDK, Git. This is a on-site contract position focused on delivering high-quality software engineering work."
Mid-level QA Engineer,Software Engineering,Postman; Python; CI/CD; Manual Testing; JUnit; Bug Tracking; Jira,Mid-level,"Contract · Hybrid. We are hiring a Mid-level QA Engineer for our Healthcare team. The ideal candidate has 3-6 years of experience and is proficient in Postman, Python, CI/CD, Manual Testing, JUnit, Bug Tracking, Jira. This is a hybrid contract position focused on delivering high-quality software engineering work."
Lead Full Stack Developer,Software Engineering,JavaScript; REST APIs; Docker; Node.js; SQL,Lead,"Full-time · Remote. We are hiring a Lead Full Stack Developer for our EdTech team. The ideal candidate has 8-14 years of experience and is proficient in JavaScript, REST APIs, Docker, Node.js, SQL. This is a remote full-time position focused on delivering high-quality software engineering work."
Junior Site Reliability Engineer,Software Engineering,Prometheus; Go; AWS; Linux; Terraform,Junior,"Internship · On-site. We are hiring a Junior Site Reliability Engineer for our Startup team. The ideal candidate has 1-3 years of experience and is proficient in Prometheus, Go, AWS, Linux, Terraform. This is a on-site internship position focused on delivering high-quality software engineering work."
Principal Full Stack Developer,Software Engineering,Docker; Python; Git; JavaScript; MongoDB; SQL; REST APIs,Principal,"Contract · On-site. We are hiring a Principal Full Stack Developer for our Fintech team. The ideal candidate has 12-20 years of experience and is proficient in Docker, Python, Git, JavaScript, MongoDB, SQL, REST APIs. This is a on-site contract position focused on delivering high-quality software engineering work."
Lead DevOps Engineer,Software Engineering,Ansible; Linux; Jenkins; Kubernetes; Monitoring; Docker,Lead,"Internship · Remote. We are hiring a Lead DevOps Engineer for our SaaS team. The ideal candidate has 8-14 years of experience and is proficient in Ansible, Linux, Jenkins, Kubernetes, Monitoring, Docker. This is a remote internship position focused on delivering high-quality software engineering work."
Senior Game Developer,Software Engineering,Unity; 3D Math; Shaders; OpenGL; Unreal Engine; Physics,Senior,"Internship · On-site. We are hiring a Senior Game Developer for our Enterprise team. The ideal candidate has 6-10 years of experience and is proficient in Unity, 3D Math, Shaders, OpenGL, Unreal Engine, Physics. This is a on-site internship position focused on delivering high-quality software engineering work."
Lead Game Developer,Software Engineering,C++; OpenGL; 3D Math; Optimization; Unreal Engine,Lead,"Contract · Hybrid. We are hiring a Lead Game Developer for our EdTech team. The ideal candidate has 8-14 years of experience and is proficient in C++, OpenGL, 3D Math, Optimization, Unreal Engine. This is a hybrid contract position focused on delivering high-quality software engineering work."
Senior Backend Developer,Software Engineering,Django; Java; GraphQL; Spring Boot; Python; Redis,Senior,"Internship · Hybrid. We are hiring a Senior Backend Developer for our SaaS team. The ideal candidate has 6-10 years of experience and is proficient in Django, Java, GraphQL, Spring Boot, Python, Redis. This is a hybrid internship position focused on delivering high-quality software engineering work."
Principal Full Stack Developer,Software Engineering,Git; Node.js; Docker; MongoDB; TypeScript; JavaScript; SQL,Principal,"Contract · Hybrid. We are hiring a Principal Full Stack Developer for our Fintech team. The ideal candidate has 12-20 years of experience and is proficient in Git, Node.js, Docker, MongoDB, TypeScript, JavaScript, SQL. This is a hybrid contract position focused on delivering high-quality software engineering work."
Mid-level Mobile Developer,Software Engineering,Android SDK; Git; React Native; REST APIs; iOS,Mid-level,"Full-time · Remote. We are hiring a Mid-level Mobile Developer for our Fintech team. The ideal candidate has 3-6 years of experience and is proficient in Android SDK, Git, React Native, REST APIs, iOS. This is a remote full-time position focused on delivering high-quality software engineering work."
Principal Game Developer,Software Engineering,Unreal Engine; C++; C#; Optimization; Unity; Shaders; OpenGL,Principal,"Internship · Remote. We are hiring a Principal Game Developer for our Healthcare team. The ideal candidate has 12-20 years of experience and is proficient in Unreal Engine, C++, C#, Optimization, Unity, Shaders, OpenGL. This is a remote internship position focused on delivering high-quality software engineering work."
Principal Full Stack Developer,Software Engineering,MongoDB; SQL; TypeScript; Node.js; React,Principal,"Contract · Hybrid. We are hiring a Principal Full Stack Developer for our EdTech team. The ideal candidate has 12-20 years of experience and is proficient in MongoDB, SQL, TypeScript, Node.js, React. This is a hybrid contract position focused on delivering high-quality software engineering work."
Mid-level Mobile Developer,Software Engineering,Android SDK; Firebase; Kotlin; Git; iOS; UI Design,Mid-level,"Full-time · Remote. We are hiring a Mid-level Mobile Developer for our Startup team. The ideal candidate has 3-6 years of experience and is proficient in Android SDK, Firebase, Kotlin, Git, iOS, UI Design. This is a remote full-time position focused on delivering high-quality software engineering work."
Junior Backend Developer,Software Engineering,Microservices; Redis; Django; REST APIs; Java,Junior,"Full-time · On-site. We are hiring a Junior Backend Developer for our Startup team. The ideal candidate has 1-3 years of experience and is proficient in Microservices, Redis, Django, REST APIs, Java. This is a on-site full-time position focused on delivering high-quality software engineering work."
Lead Software Architect,Software Engineering,System Design; Leadership; REST APIs; Kafka; Scalability; Microservices; Docker,Lead,"Full-time · Remote. We are hiring a Lead Software Architect for our Enterprise team. The ideal candidate has 8-14 years of experience and is proficient in System Design, Leadership, REST APIs, Kafka, Scalability, Microservices, Docker. This is a remote full-time position focused on delivering high-quality software engineering work."
Intern Site Reliability Engineer,Software Engineering,Terraform; Monitoring; Go; Python; Kubernetes,Intern,"Contract · Remote. We are hiring a Intern Site Reliability Engineer for our EdTech team. The ideal candidate has 0-1 years of experience and is proficient in Terraform, Monitoring, Go, Python, Kubernetes. This is a remote contract position focused on delivering high-quality software engineering work."
Lead QA Engineer,Software Engineering,Test Automation; Bug Tracking; Python; JUnit; Postman,Lead,"Contract · Remote. We are hiring a Lead QA Engineer for our Healthcare team. The ideal candidate has 8-14 years of experience and is proficient in Test Automation, Bug Tracking, Python, JUnit, Postman. This is a remote contract position focused on delivering high-quality software engineering work."
Mid-level QA Engineer,Software Engineering,Python; Jira; JUnit; Selenium; Test Automation,Mid-level,"Full-time · On-site. We are hiring a Mid-level QA Engineer for our Startup team. The ideal candidate has 3-6 years of experience and is proficient in Python, Jira, JUnit, Selenium, Test Automation. This is a on-site full-time position focused on delivering high-quality software engineering work."
Intern Full Stack Developer,Software Engineering,Git; Docker; JavaScript; MongoDB; Node.js; React; TypeScript,Intern,"Full-time · Remote. We are hiring a Intern Full Stack Developer for our Startup team. The ideal candidate has 0-1 years of experience and is proficient in Git, Docker, JavaScript, MongoDB, Node.js, React, TypeScript. This is a remote full-time position focused on delivering high-quality software engineering work."
Lead Backend Developer,Software Engineering,REST APIs; GraphQL; Redis; Microservices; Django,Lead,"Full-time · On-site. We are hiring a Lead Backend Developer for our Startup team. The ideal candidate has 8-14 years of experience and is proficient in REST APIs, GraphQL, Redis, Microservices, Django. This is a on-site full-time position focused on delivering high-quality software engineering work."
Senior Game Developer,Software Engineering,Shaders; 3D Math; Unity; Physics; Game Design; C++,Senior,"Contract · Remote. We are hiring a Senior Game Developer for our E-commerce team. The ideal candidate has 6-10 years of experience and is proficient in Shaders, 3D Math, Unity, Physics, Game Design, C++. This is a remote contract position focused on delivering high-quality software engineering work."
Mid-level Site Reliability Engineer,Software Engineering,Incident Response; Grafana; Kubernetes; Python; Terraform; Prometheus; Go,Mid-level,"Contract · On-site. We are hiring a Mid-level Site Reliability Engineer for our EdTech team. The ideal candidate has 3-6 years of experience and is proficient in Incident Response, Grafana, Kubernetes, Python, Terraform, Prometheus, Go. This is a on-site contract position focused on delivering high-quality software engineering work."
Senior DevOps Engineer,Software Engineering,AWS; Kubernetes; Terraform; Docker; Monitoring,Senior,"Internship · Remote. We are hiring a Senior DevOps Engineer for our E-commerce team. The ideal candidate has 6-10 years of experience and is proficient in AWS, Kubernetes, Terraform, Docker, Monitoring. This is a remote internship position focused on delivering high-quality software engineering work."
Lead Site Reliability Engineer,Software Engineering,Monitoring; Python; Go; Grafana; AWS; Incident Response; Terraform,Lead,"Full-time · Hybrid. We are hiring a Lead Site Reliability Engineer for our Enterprise team. The ideal candidate has 8-14 years of experience and is proficient in Monitoring, Python, Go, Grafana, AWS, Incident Response, Terraform. This is a hybrid full-time position focused on delivering high-quality software engineering work."
Intern Mobile Developer,Software Engineering,UI Design; Firebase; Swift; Android SDK; Kotlin,Intern,"Full-time · On-site. We are hiring a Intern Mobile Developer for our E-commerce team. The ideal candidate has 0-1 years of experience and is proficient in UI Design, Firebase, Swift, Android SDK, Kotlin. This is a on-site full-time position focused on delivering high-quality software engineering work."
Senior Game Developer,Software Engineering,Shaders; OpenGL; 3D Math; C#; Game Design,Senior,"Contract · Remote. We are hiring a Senior Game Developer for our Startup team. The ideal candidate has 6-10 years of experience and is proficient in Shaders, OpenGL, 3D Math, C#, Game Design. This is a remote contract position focused on delivering high-quality software engineering work."
Senior QA Engineer,Software Engineering,Selenium; Manual Testing; JUnit; Jira; Bug Tracking; CI/CD,Senior,"Contract · On-site. We are hiring a Senior QA Engineer for our SaaS team. The ideal candidate has 6-10 years of experience and is proficient in Selenium, Manual Testing, JUnit, Jira, Bug Tracking, CI/CD. This is a on-site contract position focused on delivering high-quality software engineering work."
Principal Game Developer,Software Engineering,Game Design; OpenGL; Shaders; C++; 3D Math,Principal,"Internship · Remote. We are hiring a Principal Game Developer for our Startup team. The ideal candidate has 12-20 years of experience and is proficient in Game Design, OpenGL, Shaders, C++, 3D Math. This is a remote internship position focused on delivering high-quality software engineering work."
Lead Frontend Developer,Software Engineering,Jest; Webpack; JavaScript; CSS; Redux; HTML,Lead,"Contract · On-site. We are hiring a Lead Frontend Developer for our EdTech team. The ideal candidate has 8-14 years of experience and is proficient in Jest, Webpack, JavaScript, CSS, Redux, HTML. This is a on-site contract position focused on delivering high-quality software engineering work."
Junior Mobile Developer,Software Engineering,Flutter; REST APIs; Android SDK; iOS; Firebase; Kotlin,Junior,"Full-time · Remote. We are hiring a Junior Mobile Developer for our E-commerce team. The ideal candidate has 1-3 years of experience and is proficient in Flutter, REST APIs, Android SDK, iOS, Firebase, Kotlin. This is a remote full-time position focused on delivering high-quality software engineering work."
Principal QA Engineer,Software Engineering,Manual Testing; JUnit; Python; Postman; Selenium; Jira,Principal,"Contract · On-site. We are hiring a Principal QA Engineer for our Startup team. The ideal candidate has 12-20 years of experience and is proficient in Manual Testing, JUnit, Python, Postman, Selenium, Jira. This is a on-site contract position focused on delivering high-quality software engineering work."
Senior DevOps Engineer,Software Engineering,Terraform; Kubernetes; Ansible; Jenkins; Docker,Senior,"Contract · Hybrid. We are hiring a Senior DevOps Engineer for our Gaming team. The ideal candidate has 6-10 years of experience and is proficient in Terraform, Kubernetes, Ansible, Jenkins, Docker. This is a hybrid contract position focused on delivering high-quality software engineering work."
Principal QA Engineer,Software Engineering,Bug Tracking; JUnit; Postman; Jira; CI/CD,Principal,"Contract · On-site. We are hiring a Principal QA Engineer for our Gaming team. The ideal candidate has 12-20 years of experience and is proficient in Bug Tracking, JUnit, Postman, Jira, CI/CD. This is a on-site contract position focused on delivering high-quality software engineering work."
Lead Backend Developer,Software Engineering,GraphQL; Spring Boot; Node.js; Python; REST APIs; Redis; Java,Lead,"Internship · Hybrid. We are hiring a Lead Backend Developer for our SaaS team. The ideal candidate has 8-14 years of experience and is proficient in GraphQL, Spring Boot, Node.js, Python, REST APIs, Redis, Java. This is a hybrid internship position focused on delivering high-quality software engineering work."
Mid-level Backend Developer,Software Engineering,Spring Boot; SQL; Python; Redis; GraphQL,Mid-level,"Internship · On-site. We are hiring a Mid-level Backend Developer for our Startup team. The ideal candidate has 3-6 years of experience and is proficient in Spring Boot, SQL, Python, Redis, GraphQL. This is a on-site internship position focused on delivering high-quality software engineering work."
Junior Frontend Developer,Software Engineering,Accessibility; TypeScript; CSS; React; Jest,Junior,"Internship · Hybrid. We are hiring a Junior Frontend Developer for our EdTech team. The ideal candidate has 1-3 years of experience and is proficient in Accessibility, TypeScript, CSS, React, Jest. This is a hybrid internship position focused on delivering high-quality software engineering work."
Principal Full Stack Developer,Software Engineering,React; SQL; REST APIs; JavaScript; Python; Docker; TypeScript,Principal,"Internship · Hybrid. We are hiring a Principal Full Stack Developer for our E-commerce team. The ideal candidate has 12-20 years of experience and is proficient in React, SQL, REST APIs, JavaScript, Python, Docker, TypeScript. This is a hybrid internship position focused on delivering high-quality software engineering work."
Junior Full Stack Developer,Software Engineering,TypeScript; Git; Docker; MongoDB; REST APIs; React,Junior,"Full-time · On-site. We are hiring a Junior Full Stack Developer for our Enterprise team. The ideal candidate has 1-3 years of experience and is proficient in TypeScript, Git, Docker, MongoDB, REST APIs, React. This is a on-site full-time position focused on delivering high-quality software engineering work."
Senior Site Reliability Engineer,Software Engineering,Python; Grafana; Incident Response; AWS; Go; Kubernetes; Prometheus,Senior,"Contract · Remote. We are hiring a Senior Site Reliability Engineer for our SaaS team. The ideal candidate has 6-10 years of experience and is proficient in Python, Grafana, Incident Response, AWS, Go, Kubernetes, Prometheus. This is a remote contract position focused on delivering high-quality software engineering work."
Junior QA Engineer,Software Engineering,JUnit; Bug Tracking; Manual Testing; Jira; Cypress; Selenium,Junior,"Full-time · Hybrid. We are hiring a Junior QA Engineer for our Fintech team. The ideal candidate has 1-3 years of experience and is proficient in JUnit, Bug Tracking, Manual Testing, Jira, Cypress, Selenium. This is a hybrid full-time position focused on delivering high-quality software engineering work."
Principal QA Engineer,Software Engineering,Cypress; Postman; Selenium; Test Automation; Jira,Principal,"Contract · Hybrid. We are hiring a Principal QA Engineer for our Gaming team. The ideal candidate has 12-20 years of experience and is proficient in Cypress, Postman, Selenium, Test Automation, Jira. This is a hybrid contract position focused on delivering high-quality software engineering work."
Mid-level Backend Developer,Software Engineering,REST APIs; GraphQL; Node.js; Spring Boot; SQL; Microservices,Mid-level,"Full-time · Remote. We are hiring a Mid-level Backend Developer for our Startup team. The ideal candidate has 3-6 years of experience and is proficient in REST APIs, GraphQL, Node.js, Spring Boot, SQL, Microservices. This is a remote full-time position focused on delivering high-quality software engineering work."
Mid-level Backend Developer,Software Engineering,SQL; GraphQL; Spring Boot; Java; Redis,Mid-level,"Contract · On-site. We are hiring a Mid-level Backend Developer for our Enterprise team. The ideal candidate has 3-6 years of experience and is proficient in SQL, GraphQL, Spring Boot, Java, Redis. This is a on-site contract position focused on delivering high-quality software engineering work."
Intern Site Reliability Engineer,Software Engineering,Monitoring; Linux; Go; AWS; Prometheus; Grafana,Intern,"Full-time · Hybrid. We are hiring a Intern Site Reliability Engineer for our SaaS team. The ideal candidate has 0-1 years of experience and is proficient in Monitoring, Linux, Go, AWS, Prometheus, Grafana. This is a hybrid full-time position focused on delivering high-quality software engineering work."
Mid-level Frontend Developer,Software Engineering,HTML; CSS; Accessibility; JavaScript; Jest; React,Mid-level,"Contract · Remote. We are hiring a Mid-level Frontend Developer for our E-commerce team. The ideal candidate has 3-6 years of experience and is proficient in HTML, CSS, Accessibility, JavaScript, Jest, React. This is a remote contract position focused on delivering high-quality software engineering work."
Principal Full Stack Developer,Software Engineering,REST APIs; Node.js; JavaScript; TypeScript; MongoDB; Docker,Principal,"Full-time · On-site. We are hiring a Principal Full Stack Developer for our Gaming team. The ideal candidate has 12-20 years of experience and is proficient in REST APIs, Node.js, JavaScript, TypeScript, MongoDB, Docker. This is a on-site full-time position focused on delivering high-quality software engineering work."
