title,category,skills,level,description
Principal Backend Developer,Software Engineering,Microservices; GraphQL; Python; SQL; Spring Boot,Principal,"We are seeking a Principal Backend Developer to join our SaaS team. The ideal candidate has 12-20 years of experience and is proficient in Microservices, GraphQL, Python, SQL, Spring Boot. Responsibilities include collaborating with cross-functional teams, delivering high-quality work, and driving software engineering initiatives."
Principal Project Manager,Product & Management,Planning; Jira; Stakeholder Management; Gantt Charts; Agile,Principal,"We are seeking a Principal Project Manager to join our Enterprise team. The ideal candidate has 12-20 years of experience and is proficient in Planning, Jira, Stakeholder Management, Gantt Charts, Agile. Responsibilities include collaborating with cross-functional teams, delivering high-quality work, and driving product & management initiatives."
Senior SEO Specialist,Marketing,Keyword Research; Technical SEO; Link Building; Copywriting; SEMrush; SEO,Senior,"We are seeking a Senior SEO Specialist to join our Healthcare team. The ideal candidate has 6-10 years of experience and is proficient in Keyword Research, Technical SEO, Link Building, Copywriting, SEMrush, SEO. Responsibilities include collaborating with cross-functional teams, delivering high-quality work, and driving marketing initiatives."
Lead Graphic Designer,Design,Layout Design; InDesign; Photoshop; Creativity; Branding; Color Theory; Illustrator,Lead,"We are seeking a Lead Graphic Designer to join our EdTech team. The ideal candidate has 8-14 years of experience and is proficient in Layout Design, InDesign, Photoshop, Creativity, Branding, Color Theory, Illustrator. Responsibilities include collaborating with cross-functional teams, delivering high-quality work, and driving design initiatives."
Principal AI Researcher,Data & AI,NLP; Publications; PyTorch; TensorFlow; Deep Learning; Python; Research,Principal,"We are seeking a Principal AI Researcher to join our Enterprise team. The ideal candidate has 12-20 years of experience and is proficient in NLP, Publications, PyTorch, TensorFlow, Deep Learning, Python, Research. Responsibilities include collaborating with cross-functional teams, delivering high-quality work, and driving data & ai initiatives."
Lead AI Researcher,Data & AI,Mathematics; Research; Python; TensorFlow; Deep Learning,Lead,"We are seeking a Lead AI Researcher to join our Gaming team. The ideal candidate has 8-14 years of experience and is proficient in Mathematics, Research, Python, TensorFlow, Deep Learning. Responsibilities include collaborating with cross-functional teams, delivering high-quality work, and driving data & ai initiatives."
Mid-level Product Owner,Product & Management,Scrum; Stakeholder Management; Roadmapping; Analytics; Communication,Mid-level,"We are seeking a Mid-level Product Owner to join our SaaS team. The ideal candidate has 3-6 years of experience and is proficient in Scrum, Stakeholder Management, Roadmapping, Analytics, Communication. Responsibilities include collaborating with cross-functional teams, delivering high-quality work, and driving product & management initiatives."
Intern Machine Learning Engineer,Data & AI,MLOps; Python; Scikit-learn; PyTorch; Machine Learning; SQL,Intern,"We are seeking a Intern Machine Learning Engineer to join our Gaming team. The ideal candidate has 0-1 years of experience and is proficient in MLOps, Python, Scikit-learn, PyTorch, Machine Learning, SQL. Responsibilities include collaborating with cross-functional teams, delivering high-quality work, and driving data & ai initiatives."
Lead AI Researcher,Data & AI,Machine Learning; Mathematics; Deep Learning; TensorFlow; PyTorch; Research; Reinforcement Learning,Lead,"We are seeking a Lead AI Researcher to join our E-commerce team. The ideal candidate has 8-14 years of experience and is proficient in Machine Learning, Mathematics, Deep Learning, TensorFlow, PyTorch, Research, Reinforcement Learning. Responsibilities include collaborating with cross-functional teams, delivering high-quality work, and driving data & ai initiatives."
Intern UI Designer,Design,HTML; Design Systems; Color Theory; Sketch; Prototyping; Wireframing; Adobe XD,Intern,"We are seeking a Intern UI Designer to join our Startup team. The ideal candidate has 0-1 years of experience and is proficient in HTML, Design Systems, Color Theory, Sketch, Prototyping, Wireframing, Adobe XD. Responsibilities include collaborating with cross-functional teams, delivering high-quality work, and driving design initiatives."
Senior HR Specialist,Business,Payroll; Onboarding; Communication; Recruitment; HRIS; Conflict Resolution; Training,Senior,"We are seeking a Senior HR Specialist to join our Healthcare team. The ideal candidate has 6-10 years of experience and is proficient in Payroll, Onboarding, Communication, Recruitment, HRIS, Conflict Resolution, Training. Responsibilities include collaborating with cross-functional teams, delivering high-quality work, and driving business initiatives."
Senior UX Designer,Design,Usability Testing; Information Architecture; Wireframing; User Research; Figma; Design Thinking; Accessibility,Senior,"We are seeking a Senior UX Designer to join our Enterprise team. The ideal candidate has 6-10 years of experience and is proficient in Usability Testing, Information Architecture, Wireframing, User Research, Figma, Design Thinking, Accessibility. Responsibilities include collaborating with cross-functional teams, delivering high-quality work, and driving design initiatives."
Junior Project Manager,Product & Management,Leadership; Planning; Risk Management; Jira; Budgeting; Communication,Junior,"We are seeking a Junior Project Manager to join our E-commerce team. The ideal candidate has 1-3 years of experience and is proficient in Leadership, Planning, Risk Management, Jira, Budgeting, Communication. Responsibilities include collaborating with cross-functional teams, delivering high-quality work, and driving product & management initiatives."
Junior Program Manager,Product & Management,Program Management; Agile; Communication; Roadmapping; Reporting; Leadership,Junior,"We are seeking a Junior Program Manager to join our EdTech team. The ideal candidate has 1-3 years of experience and is proficient in Program Management, Agile, Communication, Roadmapping, Reporting, Leadership. Responsibilities include collaborating with cross-functional teams, delivering high-quality work, and driving product & management initiatives."
Mid-level Scrum Master,Product & Management,Sprint Planning; Kanban; Facilitation; Scrum; Agile,Mid-level,"We are seeking a Mid-level Scrum Master to join our Fintech team. The ideal candidate has 3-6 years of experience and is proficient in Sprint Planning, Kanban, Facilitation, Scrum, Agile. Responsibilities include collaborating with cross-functional teams, delivering high-quality work, and driving product & management initiatives."
Lead Product Designer,Design,Sketch; Figma; Prototyping; UI Design; User Research; UX Design; Interaction Design,Lead,"We are seeking a Lead Product Designer to join our EdTech team. The ideal candidate has 8-14 years of experience and is proficient in Sketch, Figma, Prototyping, UI Design, User Research, UX Design, Interaction Design. Responsibilities include collaborating with cross-functional teams, delivering high-quality work, and driving design initiatives."
Principal Project Manager,Product & Management,Leadership; Agile; Risk Management; Jira; Budgeting; Communication,Principal,"We are seeking a Principal Project Manager to join our SaaS team. The ideal candidate has 12-20 years of experience and is proficient in Leadership, Agile, Risk Management, Jira, Budgeting, Communication. Responsibilities include collaborating with cross-functional teams, delivering high-quality work, and driving product & management initiatives."
Principal Interaction Designer,Design,Usability Testing; Prototyping; Motion Design; User Research; UX Design; Interaction Design,Principal,"We are seeking a Principal Interaction Designer to join our Healthcare team. The ideal candidate has 12-20 years of experience and is proficient in Usability Testing, Prototyping, Motion Design, User Research, UX Design, Interaction Design. Responsibilities include collaborating with cross-functional teams, delivering high-quality work, and driving design initiatives."
Intern Data Analyst,Data & AI,Python; Power BI; Excel; SQL; Statistics; Pandas,Intern,"We are seeking a Intern Data Analyst to join our EdTech team. The ideal candidate has 0-1 years of experience and is proficient in Python, Power BI, Excel, SQL, Statistics, Pandas. Responsibilities include collaborating with cross-functional teams, delivering high-quality work, and driving data & ai initiatives."
Senior UX Designer,Design,Design Thinking; Personas; Wireframing; Figma; Accessibility; Prototyping,Senior,"We are seeking a Senior UX Designer to join our Fintech team. The ideal candidate has 6-10 years of experience and is proficient in Design Thinking, Personas, Wireframing, Figma, Accessibility, Prototyping. Responsibilities include collaborating with cross-functional teams, delivering high-quality work, and driving design initiatives."
Principal Data Engineer,Data & AI,Hadoop; Kafka; Snowflake; SQL; Python,Principal,"We are seeking a Principal Data Engineer to join our Startup team. The ideal candidate has 12-20 years of experience and is proficient in Hadoop, Kafka, Snowflake, SQL, Python. Responsibilities include collaborating with cross-functional teams, delivering high-quality work, and driving data & ai initiatives."
Principal Full Stack Developer,Software Engineering,React; REST APIs; Node.js; MongoDB; Python,Principal,"We are seeking a Principal Full Stack Developer to join our Healthcare team. The ideal candidate has 12-20 years of experience and is proficient in React, REST APIs, Node.js, MongoDB, Python. Responsibilities include collaborating with cross-functional teams, delivering high-quality work, and driving software engineering initiatives."
Principal UX Designer,Design,Information Architecture; Accessibility; Wireframing; Usability Testing; Personas,Principal,"We are seeking a Principal UX Designer to join our Gaming team. The ideal candidate has 12-20 years of experience and is proficient in Information Architecture, Accessibility, Wireframing, Usability Testing, Personas. Responsibilities include collaborating with cross-functional teams, delivering high-quality work, and driving design initiatives."
Intern Database Administrator,Cloud & Infrastructure,Backup & Recovery; MySQL; Linux; Replication; MongoDB; Security,Intern,"We are seeking a Intern Database Administrator to join our Healthcare team. The ideal candidate has 0-1 years of experience and is proficient in Backup & Recovery, MySQL, Linux, Replication, MongoDB, Security. Responsibilities include collaborating with cross-functional teams, delivering high-quality work, and driving cloud & infrastructure initiatives."
Senior QA Engineer,Software Engineering,Test Automation; JUnit; Cypress; Bug Tracking; CI/CD,Senior,"We are seeking a Senior QA Engineer to join our E-commerce team. The ideal candidate has 6-10 years of experience and is proficient in Test Automation, JUnit, Cypress, Bug Tracking, CI/CD. Responsibilities include collaborating with cross-functional teams, delivering high-quality work, and driving software engineering initiatives."
Mid-level Site Reliability Engineer,Software Engineering,Terraform; Go; Monitoring; Linux; Python,Mid-level,"We are seeking a Mid-level Site Reliability Engineer to join our Healthcare team. The ideal candidate has 3-6 years of experience and is proficient in Terraform, Go, Monitoring, Linux, Python. Responsibilities include collaborating with cross-functional teams, delivering high-quality work, and driving software engineering initiatives."
Intern Growth Marketer,Marketing,CRM; A/B Testing; Experimentation; Analytics; SEO,Intern,"We are seeking a Intern Growth Marketer to join our Healthcare team. The ideal candidate has 0-1 years of experience and is proficient in CRM, A/B Testing, Experimentation, Analytics, SEO. Responsibilities include collaborating with cross-functional teams, delivering high-quality work, and driving marketing initiatives."
Principal Mobile Developer,Software Engineering,REST APIs; Git; Firebase; UI Design; React Native; Android SDK; Kotlin,Principal,"We are seeking a Principal Mobile Developer to join our SaaS team. The ideal candidate has 12-20 years of experience and is proficient in REST APIs, Git, Firebase, UI Design, React Native, Android SDK, Kotlin. Responsibilities include collaborating with cross-functional teams, delivering high-quality work, and driving software engineering initiatives."
Intern Data Engineer,Data & AI,ETL; SQL; Snowflake; Airflow; Hadoop,Intern,"We are seeking a Intern Data Engineer to join our EdTech team. The ideal candidate has 0-1 years of experience and is proficient in ETL, SQL, Snowflake, Airflow, Hadoop. Responsibilities include collaborating with cross-functional teams, delivering high-quality work, and driving data & ai initiatives."
Senior Growth Marketer,Marketing,Funnel Optimization; Analytics; Experimentation; Email Marketing; A/B Testing; SEO; Growth Hacking,Senior,"We are seeking a Senior Growth Marketer to join our E-commerce team. The ideal candidate has 6-10 years of experience and is proficient in Funnel Optimization, Analytics, Experimentation, Email Marketing, A/B Testing, SEO, Growth Hacking. Responsibilities include collaborating with cross-functional teams, delivering high-quality work, and driving marketing initiatives."
Intern Business Intelligence Analyst,Data & AI,Python; Tableau; DAX; Power BI; Excel,Intern,"We are seeking a Intern Business Intelligence Analyst to join our Healthcare team. The ideal candidate has 0-1 years of experience and is proficient in Python, Tableau, DAX, Power BI, Excel. Responsibilities include collaborating with cross-functional teams, delivering high-quality work, and driving data & ai initiatives."
Lead Sales Engineer,Business,Communication; Solution Design; Negotiation; Presentations; Technical Sales; Product Demos,Lead,"We are seeking a Lead Sales Engineer to join our Gaming team. The ideal candidate has 8-14 years of experience and is proficient in Communication, Solution Design, Negotiation, Presentations, Technical Sales, Product Demos. Responsibilities include collaborating with cross-functional teams, delivering high-quality work, and driving business initiatives."
Senior Frontend Developer,Software Engineering,Jest; CSS; React; Redux; Sass,Senior,"We are seeking a Senior Frontend Developer to join our SaaS team. The ideal candidate has 6-10 years of experience and is proficient in Jest, CSS, React, Redux, Sass. Responsibilities include collaborating with cross-functional teams, delivering high-quality work, and driving software engineering initiatives."
Senior Content Strategist,Marketing,Research; Copywriting; SEO; Storytelling; CMS; Social Media; Analytics,Senior,"We are seeking a Senior Content Strategist to join our Startup team. The ideal candidate has 6-10 years of experience and is proficient in Research, Copywriting, SEO, Storytelling, CMS, Social Media, Analytics. Responsibilities include collaborating with cross-functional teams, delivering high-quality work, and driving marketing initiatives."
Lead Operations Manager,Business,Communication; Analytics; Operations Management; Lean; Six Sigma; Vendor Management; Leadership,Lead,"We are seeking a Lead Operations Manager to join our E-commerce team. The ideal candidate has 8-14 years of experience and is proficient in Communication, Analytics, Operations Management, Lean, Six Sigma, Vendor Management, Leadership. Responsibilities include collaborating with cross-functional teams, delivering high-quality work, and driving business initiatives."
Junior Project Manager,Product & Management,Leadership; Stakeholder Management; Budgeting; Planning; Gantt Charts; Communication; Agile,Junior,"We are seeking a Junior Project Manager to join our SaaS team. The ideal candidate has 1-3 years of experience and is proficient in Leadership, Stakeholder Management, Budgeting, Planning, Gantt Charts, Communication, Agile. Responsibilities include collaborating with cross-functional teams, delivering high-quality work, and driving product & management initiatives."
Mid-level AI Researcher,Data & AI,Reinforcement Learning; Mathematics; Publications; Research; Deep Learning; TensorFlow,Mid-level,"We are seeking a Mid-level AI Researcher to join our Healthcare team. The ideal candidate has 3-6 years of experience and is proficient in Reinforcement Learning, Mathematics, Publications, Research, Deep Learning, TensorFlow. Responsibilities include collaborating with cross-functional teams, delivering high-quality work, and driving data & ai initiatives."
Senior Full Stack Developer,Software Engineering,REST APIs; React; JavaScript; Git; Python; MongoDB,Senior,"We are seeking a Senior Full Stack Developer to join our E-commerce team. The ideal candidate has 6-10 years of experience and is proficient in REST APIs, React, JavaScript, Git, Python, MongoDB. Responsibilities include collaborating with cross-functional teams, delivering high-quality work, and driving software engineering initiatives."
Lead SEO Specialist,Marketing,On-page SEO; Link Building; Technical SEO; Content Strategy; Keyword Research; Google Analytics,Lead,"We are seeking a Lead SEO Specialist to join our Gaming team. The ideal candidate has 8-14 years of experience and is proficient in On-page SEO, Link Building, Technical SEO, Content Strategy, Keyword Research, Google Analytics. Responsibilities include collaborating with cross-functional teams, delivering high-quality work, and driving marketing initiatives."
Principal Program Manager,Product & Management,Agile; Leadership; Communication; Stakeholder Management; Roadmapping; Budgeting; Program Management,Principal,"We are seeking a Principal Program Manager to join our Fintech team. The ideal candidate has 12-20 years of experience and is proficient in Agile, Leadership, Communication, Stakeholder Management, Roadmapping, Budgeting, Program Management. Responsibilities include collaborating with cross-functional teams, delivering high-quality work, and driving product & management initiatives."
Principal Frontend Developer,Software Engineering,HTML; Sass; TypeScript; React; Accessibility; Jest,Principal,"We are seeking a Principal Frontend Developer to join our E-commerce team. The ideal candidate has 12-20 years of experience and is proficient in HTML, Sass, TypeScript, React, Accessibility, Jest. Responsibilities include collaborating with cross-functional teams, delivering high-quality work, and driving software engineering initiatives."
Lead Network Engineer,Cloud & Infrastructure,TCP/IP; Networking; VPN; Firewalls; Linux,Lead,"We are seeking a Lead Network Engineer to join our Healthcare team. The ideal candidate has 8-14 years of experience and is proficient in TCP/IP, Networking, VPN, Firewalls, Linux. Responsibilities include collaborating with cross-functional teams, delivering high-quality work, and driving cloud & infrastructure initiatives."
Junior Project Manager,Product & Management,Budgeting; Risk Management; Jira; Stakeholder Management; Communication; Gantt Charts,Junior,"We are seeking a Junior Project Manager to join our Startup team. The ideal candidate has 1-3 years of experience and is proficient in Budgeting, Risk Management, Jira, Stakeholder Management, Communication, Gantt Charts. Responsibilities include collaborating with cross-functional teams, delivering high-quality work, and driving product & management initiatives."
Mid-level Backend Developer,Software Engineering,Node.js; Redis; Microservices; SQL; GraphQL,Mid-level,"We are seeking a Mid-level Backend Developer to join our EdTech team. The ideal candidate has 3-6 years of experience and is proficient in Node.js, Redis, Microservices, SQL, GraphQL. Responsibilities include collaborating with cross-functional teams, delivering high-quality work, and driving software engineering initiatives."
Principal Computer Vision Engineer,Data & AI,Python; OpenCV; TensorFlow; CNN; Deep Learning; C++,Principal,"We are seeking a Principal Computer Vision Engineer to join our Healthcare team. The ideal candidate has 12-20 years of experience and is proficient in Python, OpenCV, TensorFlow, CNN, Deep Learning, C++. Responsibilities include collaborating with cross-functional teams, delivering high-quality work, and driving data & ai initiatives."
Lead Product Designer,Design,UX Design; Wireframing; Figma; Sketch; Prototyping,Lead,"We are seeking a Lead Product Designer to join our Fintech team. The ideal candidate has 8-14 years of experience and is proficient in UX Design, Wireframing, Figma, Sketch, Prototyping. Responsibilities include collaborating with cross-functional teams, delivering high-quality work, and driving design initiatives."
Intern Operations Manager,Business,Communication; Six Sigma; Leadership; Vendor Management; Operations Management; Analytics,Intern,"We are seeking a Intern Operations Manager to join our Gaming team. The ideal candidate has 0-1 years of experience and is proficient in Communication, Six Sigma, Leadership, Vendor Management, Operations Management, Analytics. Responsibilities include collaborating with cross-functional teams, delivering high-quality work, and driving business initiatives."
Junior QA Engineer,Software Engineering,Cypress; Manual Testing; Postman; Jira; JUnit; Bug Tracking,Junior,"We are seeking a Junior QA Engineer to join our EdTech team. The ideal candidate has 1-3 years of experience and is proficient in Cypress, Manual Testing, Postman, Jira, JUnit, Bug Tracking. Responsibilities include collaborating with cross-functional teams, delivering high-quality work, and driving software engineering initiatives."
Senior Program Manager,Product & Management,Communication; Program Management; Risk Management; Roadmapping; Budgeting,Senior,"We are seeking a Senior Program Manager to join our EdTech team. The ideal candidate has 6-10 years of experience and is proficient in Communication, Program Management, Risk Management, Roadmapping, Budgeting. Responsibilities include collaborating with cross-functional teams, delivering high-quality work, and driving product & management initiatives."
Mid-level Software Architect,Software Engineering,Microservices; REST APIs; Scalability; Docker; AWS; Java,Mid-level,"We are seeking a Mid-level Software Architect to join our Fintech team. The ideal candidate has 3-6 years of experience and is proficient in Microservices, REST APIs, Scalability, Docker, AWS, Java. Responsibilities include collaborating with cross-functional teams, delivering high-quality work, and driving software engineering initiatives."
Intern NLP Engineer,Data & AI,Tokenization; NLP; spaCy; Python; Transformers; BERT; PyTorch,Intern,"We are seeking a Intern NLP Engineer to join our Gaming team. The ideal candidate has 0-1 years of experience and is proficient in Tokenization, NLP, spaCy, Python, Transformers, BERT, PyTorch. Responsibilities include collaborating with cross-functional teams, delivering high-quality work, and driving data & ai initiatives."
Senior Product Manager,Product & Management,Analytics; Stakeholder Management; User Stories; Market Research; Prioritization; Jira; Roadmapping,Senior,"We are seeking a Senior Product Manager to join our Healthcare team. The ideal candidate has 6-10 years of experience and is proficient in Analytics, Stakeholder Management, User Stories, Market Research, Prioritization, Jira, Roadmapping. Responsibilities include collaborating with cross-functional teams, delivering high-quality work, and driving product & management initiatives."
Principal Network Engineer,Cloud & Infrastructure,Networking; Cisco; Routing; Switching; Firewalls,Principal,"We are seeking a Principal Network Engineer to join our Healthcare team. The ideal candidate has 12-20 years of experience and is proficient in Networking, Cisco, Routing, Switching, Firewalls. Responsibilities include collaborating with cross-functional teams, delivering high-quality work, and driving cloud & infrastructure initiatives."
Lead UX Designer,Design,Journey Mapping; Figma; Design Thinking; Accessibility; Usability Testing; Personas; Wireframing,Lead,"We are seeking a Lead UX Designer to join our SaaS team. The ideal candidate has 8-14 years of experience and is proficient in Journey Mapping, Figma, Design Thinking, Accessibility, Usability Testing, Personas, Wireframing. Responsibilities include collaborating with cross-functional teams, delivering high-quality work, and driving design initiatives."
Principal Growth Marketer,Marketing,CRM; Paid Ads; Funnel Optimization; Experimentation; Email Marketing; SQL,Principal,"We are seeking a Principal Growth Marketer to join our EdTech team. The ideal candidate has 12-20 years of experience and is proficient in CRM, Paid Ads, Funnel Optimization, Experimentation, Email Marketing, SQL. Responsibilities include collaborating with cross-functional teams, delivering high-quality work, and driving marketing initiatives."
Intern Security Engineer,Cloud & Infrastructure,Network Security; Encryption; Incident Response; Python; Cybersecurity; SIEM,Intern,"We are seeking a Intern Security Engineer to join our EdTech team. The ideal candidate has 0-1 years of experience and is proficient in Network Security, Encryption, Incident Response, Python, Cybersecurity, SIEM. Responsibilities include collaborating with cross-functional teams, delivering high-quality work, and driving cloud & infrastructure initiatives."
Intern Content Strategist,Marketing,Copywriting; CMS; Storytelling; Research; Analytics; Content Marketing,Intern,"We are seeking a Intern Content Strategist to join our Enterprise team. The ideal candidate has 0-1 years of experience and is proficient in Copywriting, CMS, Storytelling, Research, Analytics, Content Marketing. Responsibilities include collaborating with cross-functional teams, delivering high-quality work, and driving marketing initiatives."
Junior Cloud Architect,Cloud & Infrastructure,Security; Terraform; System Design; Kubernetes; AWS; Microservices; Cost Optimization,Junior,"We are seeking a Junior Cloud Architect to join our Enterprise team. The ideal candidate has 1-3 years of experience and is proficient in Security, Terraform, System Design, Kubernetes, AWS, Microservices, Cost Optimization. Responsibilities include collaborating with cross-functional teams, delivering high-quality work, and driving cloud & infrastructure initiatives."
Intern Network Engineer,Cloud & Infrastructure,DNS; Switching; Cisco; Security; Routing,Intern,"We are seeking a Intern Network Engineer to join our Gaming team. The ideal candidate has 0-1 years of experience and is proficient in DNS, Switching, Cisco, Security, Routing. Responsibilities include collaborating with cross-functional teams, delivering high-quality work, and driving cloud & infrastructure initiatives."
Lead Backend Developer,Software Engineering,Python; Java; SQL; GraphQL; Redis,Lead,"We are seeking a Lead Backend Developer to join our SaaS team. The ideal candidate has 8-14 years of experience and is proficient in Python, Java, SQL, GraphQL, Redis. Responsibilities include collaborating with cross-functional teams, delivering high-quality work, and driving software engineering initiatives."
Senior Network Engineer,Cloud & Infrastructure,Switching; Cisco; Security; Routing; TCP/IP; Firewalls,Senior,"We are seeking a Senior Network Engineer to join our SaaS team. The ideal candidate has 6-10 years of experience and is proficient in Switching, Cisco, Security, Routing, TCP/IP, Firewalls. Responsibilities include collaborating with cross-functional teams, delivering high-quality work, and driving cloud & infrastructure initiatives."
Intern DevOps Engineer,Software Engineering,Monitoring; Linux; Docker; Jenkins; Kubernetes; CI/CD; Ansible,Intern,"We are seeking a Intern DevOps Engineer to join our Startup team. The ideal candidate has 0-1 years of experience and is proficient in Monitoring, Linux, Docker, Jenkins, Kubernetes, CI/CD, Ansible. Responsibilities include collaborating with cross-functional teams, delivering high-quality work, and driving software engineering initiatives."
Senior UI Designer,Design,Color Theory; HTML; Design Systems; Adobe XD; Sketch; Prototyping; CSS,Senior,"We are seeking a Senior UI Designer to join our EdTech team. The ideal candidate has 6-10 years of experience and is proficient in Color Theory, HTML, Design Systems, Adobe XD, Sketch, Prototyping, CSS. Responsibilities include collaborating with cross-functional teams, delivering high-quality work, and driving design initiatives."
Lead Scrum Master,Product & Management,Kanban; Coaching; Retrospectives; Agile; Sprint Planning; Facilitation; Communication,Lead,"We are seeking a Lead Scrum Master to join our Enterprise team. The ideal candidate has 8-14 years of experience and is proficient in Kanban, Coaching, Retrospectives, Agile, Sprint Planning, Facilitation, Communication. Responsibilities include collaborating with cross-functional teams, delivering high-quality work, and driving product & management initiatives."
Intern Security Engineer,Cloud & Infrastructure,Encryption; Network Security; Firewalls; Linux; Python,Intern,"We are seeking a Intern Security Engineer to join our Gaming team. The ideal candidate has 0-1 years of experience and is proficient in Encryption, Network Security, Firewalls, Linux, Python. Responsibilities include collaborating with cross-functional teams, delivering high-quality work, and driving cloud & infrastructure initiatives."
Senior Product Owner,Product & Management,Scrum; Analytics; Jira; Stakeholder Management; Communication; Agile,Senior,"We are seeking a Senior Product Owner to join our EdTech team. The ideal candidate has 6-10 years of experience and is proficient in Scrum, Analytics, Jira, Stakeholder Management, Communication, Agile. Responsibilities include collaborating with cross-functional teams, delivering high-quality work, and driving product & management initiatives."
Lead Interaction Designer,Design,Prototyping; After Effects; Design Systems; Interaction Design; Motion Design; UX Design,Lead,"We are seeking a Lead Interaction Designer to join our E-commerce team. The ideal candidate has 8-14 years of experience and is proficient in Prototyping, After Effects, Design Systems, Interaction Design, Motion Design, UX Design. Responsibilities include collaborating with cross-functional teams, delivering high-quality work, and driving design initiatives."
Lead Digital Marketing Specialist,Marketing,SEO; Analytics; Google Ads; Content Marketing; Email Marketing; Campaign Management,Lead,"We are seeking a Lead Digital Marketing Specialist to join our Enterprise team. The ideal candidate has 8-14 years of experience and is proficient in SEO, Analytics, Google Ads, Content Marketing, Email Marketing, Campaign Management. Responsibilities include collaborating with cross-functional teams, delivering high-quality work, and driving marketing initiatives."
Principal Data Scientist,Data & AI,TensorFlow; Scikit-learn; Data Visualization; SQL; Machine Learning; NumPy; Statistics,Principal,"We are seeking a Principal Data Scientist to join our EdTech team. The ideal candidate has 12-20 years of experience and is proficient in TensorFlow, Scikit-learn, Data Visualization, SQL, Machine Learning, NumPy, Statistics. Responsibilities include collaborating with cross-functional teams, delivering high-quality work, and driving data & ai initiatives."
Mid-level Data Engineer,Data & AI,SQL; Airflow; Data Modeling; Python; ETL,Mid-level,"We are seeking a Mid-level Data Engineer to join our SaaS team. The ideal candidate has 3-6 years of experience and is proficient in SQL, Airflow, Data Modeling, Python, ETL. Responsibilities include collaborating with cross-functional teams, delivering high-quality work, and driving data & ai initiatives."
Junior Data Engineer,Data & AI,Airflow; Hadoop; Python; Snowflake; Data Modeling; Spark; ETL,Junior,"We are seeking a Junior Data Engineer to join our Healthcare team. The ideal candidate has 1-3 years of experience and is proficient in Airflow, Hadoop, Python, Snowflake, Data Modeling, Spark, ETL. Responsibilities include collaborating with cross-functional teams, delivering high-quality work, and driving data & ai initiatives."
Mid-level Product Manager,Product & Management,Stakeholder Management; Roadmapping; Strategy; User Stories; Analytics,Mid-level,"We are seeking a Mid-level Product Manager to join our Fintech team. The ideal candidate has 3-6 years of experience and is proficient in Stakeholder Management, Roadmapping, Strategy, User Stories, Analytics. Responsibilities include collaborating with cross-functional teams, delivering high-quality work, and driving product & management initiatives."
Mid-level Product Manager,Product & Management,Jira; User Stories; Market Research; Stakeholder Management; Prioritization; Roadmapping,Mid-level,"We are seeking a Mid-level Product Manager to join our EdTech team. The ideal candidate has 3-6 years of experience and is proficient in Jira, User Stories, Market Research, Stakeholder Management, Prioritization, Roadmapping. Responsibilities include collaborating with cross-functional teams, delivering high-quality work, and driving product & management initiatives."
Mid-level Scrum Master,Product & Management,Servant Leadership; Jira; Scrum; Agile; Communication,Mid-level,"We are seeking a Mid-level Scrum Master to join our E-commerce team. The ideal candidate has 3-6 years of experience and is proficient in Servant Leadership, Jira, Scrum, Agile, Communication. Responsibilities include collaborating with cross-functional teams, delivering high-quality work, and driving product & management initiatives."
Senior Network Engineer,Cloud & Infrastructure,Networking; Switching; Linux; TCP/IP; Routing,Senior,"We are seeking a Senior Network Engineer to join our Enterprise team. The ideal candidate has 6-10 years of experience and is proficient in Networking, Switching, Linux, TCP/IP, Routing. Responsibilities include collaborating with cross-functional teams, delivering high-quality work, and driving cloud & infrastructure initiatives."
Mid-level Security Engineer,Cloud & Infrastructure,Cybersecurity; Network Security; Encryption; Incident Response; Python; OWASP,Mid-level,"We are seeking a Mid-level Security Engineer to join our EdTech team. The ideal candidate has 3-6 years of experience and is proficient in Cybersecurity, Network Security, Encryption, Incident Response, Python, OWASP. Responsibilities include collaborating with cross-functional teams, delivering high-quality work, and driving cloud & infrastructure initiatives."
Principal HR Specialist,Business,Payroll; Performance Management; Training; Onboarding; Conflict Resolution; HRIS,Principal,"We are seeking a Principal HR Specialist to join our Gaming team. The ideal candidate has 12-20 years of experience and is proficient in Payroll, Performance Management, Training, Onboarding, Conflict Resolution, HRIS. Responsibilities include collaborating with cross-functional teams, delivering high-quality work, and driving business initiatives."
Intern Social Media Manager,Marketing,Community Management; Content Creation; Campaign Management; Branding; Scheduling Tools; Engagement,Intern,"We are seeking a Intern Social Media Manager to join our SaaS team. The ideal candidate has 0-1 years of experience and is proficient in Community Management, Content Creation, Campaign Management, Branding, Scheduling Tools, Engagement. Responsibilities include collaborating with cross-functional teams, delivering high-quality work, and driving marketing initiatives."
Lead Mobile Developer,Software Engineering,Android SDK; Flutter; Kotlin; iOS; Git; Firebase; Swift,Lead,"We are seeking a Lead Mobile Developer to join our Startup team. The ideal candidate has 8-14 years of experience and is proficient in Android SDK, Flutter, Kotlin, iOS, Git, Firebase, Swift. Responsibilities include collaborating with cross-functional teams, delivering high-quality work, and driving software engineering initiatives."
Mid-level Site Reliability Engineer,Software Engineering,Monitoring; Incident Response; Go; Python; Grafana,Mid-level,"We are seeking a Mid-level Site Reliability Engineer to join our E-commerce team. The ideal candidate has 3-6 years of experience and is proficient in Monitoring, Incident Response, Go, Python, Grafana. Responsibilities include collaborating with cross-functional teams, delivering high-quality work, and driving software engineering initiatives."
Intern Full Stack Developer,Software Engineering,Docker; React; Node.js; Git; Python,Intern,"We are seeking a Intern Full Stack Developer to join our Healthcare team. The ideal candidate has 0-1 years of experience and is proficient in Docker, React, Node.js, Git, Python. Responsibilities include collaborating with cross-functional teams, delivering high-quality work, and driving software engineering initiatives."
Intern Cloud Engineer,Cloud & Infrastructure,Kubernetes; AWS; Linux; Monitoring; Terraform; Python,Intern,"We are seeking a Intern Cloud Engineer to join our Healthcare team. The ideal candidate has 0-1 years of experience and is proficient in Kubernetes, AWS, Linux, Monitoring, Terraform, Python. Responsibilities include collaborating with cross-functional teams, delivering high-quality work, and driving cloud & infrastructure initiatives."
Lead Business Analyst,Business,Documentation; Stakeholder Management; Requirements Gathering; Excel; Communication; Agile,Lead,"We are seeking a Lead Business Analyst to join our Healthcare team. The ideal candidate has 8-14 years of experience and is proficient in Documentation, Stakeholder Management, Requirements Gathering, Excel, Communication, Agile. Responsibilities include collaborating with cross-functional teams, delivering high-quality work, and driving business initiatives."
Principal Social Media Manager,Marketing,Community Management; Social Media; Content Creation; Engagement; Analytics; Scheduling Tools; Canva,Principal,"We are seeking a Principal Social Media Manager to join our EdTech team. The ideal candidate has 12-20 years of experience and is proficient in Community Management, Social Media, Content Creation, Engagement, Analytics, Scheduling Tools, Canva. Responsibilities include collaborating with cross-functional teams, delivering high-quality work, and driving marketing initiatives."
Senior Business Intelligence Analyst,Data & AI,Python; DAX; Power BI; ETL; Tableau; Excel; Reporting,Senior,"We are seeking a Senior Business Intelligence Analyst to join our Fintech team. The ideal candidate has 6-10 years of experience and is proficient in Python, DAX, Power BI, ETL, Tableau, Excel, Reporting. Responsibilities include collaborating with cross-functional teams, delivering high-quality work, and driving data & ai initiatives."
Senior Security Engineer,Cloud & Infrastructure,SIEM; Incident Response; Network Security; Firewalls; Linux,Senior,"We are seeking a Senior Security Engineer to join our E-commerce team. The ideal candidate has 6-10 years of experience and is proficient in SIEM, Incident Response, Network Security, Firewalls, Linux. Responsibilities include collaborating with cross-functional teams, delivering high-quality work, and driving cloud & infrastructure initiatives."
Lead Computer Vision Engineer,Data & AI,Image Processing; TensorFlow; Machine Learning; C++; CNN; OpenCV; CUDA,Lead,"We are seeking a Lead Computer Vision Engineer to join our E-commerce team. The ideal candidate has 8-14 years of experience and is proficient in Image Processing, TensorFlow, Machine Learning, C++, CNN, OpenCV, CUDA. Responsibilities include collaborating with cross-functional teams, delivering high-quality work, and driving data & ai initiatives."
Mid-level Financial Analyst,Business,Analytics; Excel; Power BI; Valuation; SQL; Accounting; Financial Modeling,Mid-level,"We are seeking a Mid-level Financial Analyst to join our Fintech team. The ideal candidate has 3-6 years of experience and is proficient in Analytics, Excel, Power BI, Valuation, SQL, Accounting, Financial Modeling. Responsibilities include collaborating with cross-functional teams, delivering high-quality work, and driving business initiatives."
Lead Growth Marketer,Marketing,A/B Testing; Growth Hacking; SEO; Paid Ads; Email Marketing; CRM; Funnel Optimization,Lead,"We are seeking a Lead Growth Marketer to join our Enterprise team. The ideal candidate has 8-14 years of experience and is proficient in A/B Testing, Growth Hacking, SEO, Paid Ads, Email Marketing, CRM, Funnel Optimization. Responsibilities include collaborating with cross-functional teams, delivering high-quality work, and driving marketing initiatives."
Principal Product Designer,Design,UI Design; Sketch; User Research; Wireframing; UX Design; Interaction Design,Principal,"We are seeking a Principal Product Designer to join our Healthcare team. The ideal candidate has 12-20 years of experience and is proficient in UI Design, Sketch, User Research, Wireframing, UX Design, Interaction Design. Responsibilities include collaborating with cross-functional teams, delivering high-quality work, and driving design initiatives."
Senior Mobile Developer,Software Engineering,Swift; Git; REST APIs; Firebase; Kotlin; React Native,Senior,"We are seeking a Senior Mobile Developer to join our Gaming team. The ideal candidate has 6-10 years of experience and is proficient in Swift, Git, REST APIs, Firebase, Kotlin, React Native. Responsibilities include collaborating with cross-functional teams, delivering high-quality work, and driving software engineering initiatives."
Mid-level DevOps Engineer,Software Engineering,Bash; Ansible; Linux; CI/CD; Docker,Mid-level,"We are seeking a Mid-level DevOps Engineer to join our Startup team. The ideal candidate has 3-6 years of experience and is proficient in Bash, Ansible, Linux, CI/CD, Docker. Responsibilities include collaborating with cross-functional teams, delivering high-quality work, and driving software engineering initiatives."
Mid-level Business Intelligence Analyst,Data & AI,Reporting; DAX; SQL; Data Warehousing; Tableau; Dashboards; Power BI,Mid-level,"We are seeking a Mid-level Business Intelligence Analyst to join our Healthcare team. The ideal candidate has 3-6 years of experience and is proficient in Reporting, DAX, SQL, Data Warehousing, Tableau, Dashboards, Power BI. Responsibilities include collaborating with cross-functional teams, delivering high-quality work, and driving data & ai initiatives."
Intern Product Owner,Product & Management,User Stories; Backlog Management; Roadmapping; Agile; Scrum; Communication; Stakeholder Management,Intern,"We are seeking a Intern Product Owner to join our EdTech team. The ideal candidate has 0-1 years of experience and is proficient in User Stories, Backlog Management, Roadmapping, Agile, Scrum, Communication, Stakeholder Management. Responsibilities include collaborating with cross-functional teams, delivering high-quality work, and driving product & management initiatives."
Lead Program Manager,Product & Management,Strategy; Program Management; Budgeting; Risk Management; Stakeholder Management,Lead,"We are seeking a Lead Program Manager to join our E-commerce team. The ideal candidate has 8-14 years of experience and is proficient in Strategy, Program Management, Budgeting, Risk Management, Stakeholder Management. Responsibilities include collaborating with cross-functional teams, delivering high-quality work, and driving product & management initiatives."
Lead SEO Specialist,Marketing,SEMrush; Technical SEO; HTML; Link Building; On-page SEO,Lead,"We are seeking a Lead SEO Specialist to join our Healthcare team. The ideal candidate has 8-14 years of experience and is proficient in SEMrush, Technical SEO, HTML, Link Building, On-page SEO. Responsibilities include collaborating with cross-functional teams, delivering high-quality work, and driving marketing initiatives."
Mid-level Machine Learning Engineer,Data & AI,TensorFlow; SQL; PyTorch; Docker; Deep Learning; Python,Mid-level,"We are seeking a Mid-level Machine Learning Engineer to join our SaaS team. The ideal candidate has 3-6 years of experience and is proficient in TensorFlow, SQL, PyTorch, Docker, Deep Learning, Python. Responsibilities include collaborating with cross-functional teams, delivering high-quality work, and driving data & ai initiatives."
Senior Data Scientist,Data & AI,Data Visualization; SQL; NumPy; Statistics; Pandas,Senior,"We are seeking a Senior Data Scientist to join our E-commerce team. The ideal candidate has 6-10 years of experience and is proficient in Data Visualization, SQL, NumPy, Statistics, Pandas. Responsibilities include collaborating with cross-functional teams, delivering high-quality work, and driving data & ai initiatives."
Principal Security Engineer,Cloud & Infrastructure,Cybersecurity; Encryption; Incident Response; Linux; Python,Principal,"We are seeking a Principal Security Engineer to join our Startup team. The ideal candidate has 12-20 years of experience and is proficient in Cybersecurity, Encryption, Incident Response, Linux, Python. Responsibilities include collaborating with cross-functional teams, delivering high-quality work, and driving cloud & infrastructure initiatives."
Junior Backend Developer,Software Engineering,Spring Boot; Microservices; GraphQL; Redis; Java; Django; SQL,Junior,"We are seeking a Junior Backend Developer to join our Gaming team. The ideal candidate has 1-3 years of experience and is proficient in Spring Boot, Microservices, GraphQL, Redis, Java, Django, SQL. Responsibilities include collaborating with cross-functional teams, delivering high-quality work, and driving software engineering initiatives."
Intern NLP Engineer,Data & AI,spaCy; PyTorch; Transformers; Machine Learning; Python; Text Mining,Intern,"We are seeking a Intern NLP Engineer to join our Enterprise team. The ideal candidate has 0-1 years of experience and is proficient in spaCy, PyTorch, Transformers, Machine Learning, Python, Text Mining. Responsibilities include collaborating with cross-functional teams, delivering high-quality work, and driving data & ai initiatives."
Mid-level Business Intelligence Analyst,Data & AI,Excel; SQL; Data Warehousing; Power BI; Python; ETL; DAX,Mid-level,"We are seeking a Mid-level Business Intelligence Analyst to join our Fintech team. The ideal candidate has 3-6 years of experience and is proficient in Excel, SQL, Data Warehousing, Power BI, Python, ETL, DAX. Responsibilities include collaborating with cross-functional teams, delivering high-quality work, and driving data & ai initiatives."
Intern DevOps Engineer,Software Engineering,Monitoring; Docker; Terraform; Jenkins; Bash; Linux,Intern,"We are seeking a Intern DevOps Engineer to join our Gaming team. The ideal candidate has 0-1 years of experience and is proficient in Monitoring, Docker, Terraform, Jenkins, Bash, Linux. Responsibilities include collaborating with cross-functional teams, delivering high-quality work, and driving software engineering initiatives."
Mid-level Backend Developer,Software Engineering,SQL; Microservices; GraphQL; Spring Boot; Python; Java,Mid-level,"We are seeking a Mid-level Backend Developer to join our Gaming team. The ideal candidate has 3-6 years of experience and is proficient in SQL, Microservices, GraphQL, Spring Boot, Python, Java. Responsibilities include collaborating with cross-functional teams, delivering high-quality work, and driving software engineering initiatives."
Senior Business Intelligence Analyst,Data & AI,DAX; Data Warehousing; ETL; Dashboards; Excel; Tableau; Power BI,Senior,"We are seeking a Senior Business Intelligence Analyst to join our Enterprise team. The ideal candidate has 6-10 years of experience and is proficient in DAX, Data Warehousing, ETL, Dashboards, Excel, Tableau, Power BI. Responsibilities include collaborating with cross-functional teams, delivering high-quality work, and driving data & ai initiatives."
Mid-level Business Analyst,Business,Excel; UML; Process Modeling; Data Analysis; Communication; Documentation,Mid-level,"We are seeking a Mid-level Business Analyst to join our Gaming team. The ideal candidate has 3-6 years of experience and is proficient in Excel, UML, Process Modeling, Data Analysis, Communication, Documentation. Responsibilities include collaborating with cross-functional teams, delivering high-quality work, and driving business initiatives."
Mid-level UX Designer,Design,Design Thinking; Figma; Personas; Usability Testing; Prototyping,Mid-level,"We are seeking a Mid-level UX Designer to join our Enterprise team. The ideal candidate has 3-6 years of experience and is proficient in Design Thinking, Figma, Personas, Usability Testing, Prototyping. Responsibilities include collaborating with cross-functional teams, delivering high-quality work, and driving design initiatives."
Mid-level Project Manager,Product & Management,Jira; Planning; Leadership; Communication; Budgeting,Mid-level,"We are seeking a Mid-level Project Manager to join our SaaS team. The ideal candidate has 3-6 years of experience and is proficient in Jira, Planning, Leadership, Communication, Budgeting. Responsibilities include collaborating with cross-functional teams, delivering high-quality work, and driving product & management initiatives."
Junior UX Designer,Design,Figma; Usability Testing; Personas; Wireframing; Design Thinking; Prototyping,Junior,"We are seeking a Junior UX Designer to join our E-commerce team. The ideal candidate has 1-3 years of experience and is proficient in Figma, Usability Testing, Personas, Wireframing, Design Thinking, Prototyping. Responsibilities include collaborating with cross-functional teams, delivering high-quality work, and driving design initiatives."
Mid-level Security Engineer,Cloud & Infrastructure,Firewalls; Encryption; SIEM; Python; Network Security,Mid-level,"We are seeking a Mid-level Security Engineer to join our Fintech team. The ideal candidate has 3-6 years of experience and is proficient in Firewalls, Encryption, SIEM, Python, Network Security. Responsibilities include collaborating with cross-functional teams, delivering high-quality work, and driving cloud & infrastructure initiatives."
Senior QA Engineer,Software Engineering,CI/CD; Jira; Bug Tracking; Manual Testing; Python,Senior,"We are seeking a Senior QA Engineer to join our Fintech team. The ideal candidate has 6-10 years of experience and is proficient in CI/CD, Jira, Bug Tracking, Manual Testing, Python. Responsibilities include collaborating with cross-functional teams, delivering high-quality work, and driving software engineering initiatives."
Mid-level Operations Manager,Business,Lean; Budgeting; Leadership; Process Improvement; Supply Chain,Mid-level,"We are seeking a Mid-level Operations Manager to join our EdTech team. The ideal candidate has 3-6 years of experience and is proficient in Lean, Budgeting, Leadership, Process Improvement, Supply Chain. Responsibilities include collaborating with cross-functional teams, delivering high-quality work, and driving business initiatives."
Lead Operations Manager,Business,Process Improvement; Six Sigma; Analytics; Operations Management; Leadership; Communication; Lean,Lead,"We are seeking a Lead Operations Manager to join our SaaS team. The ideal candidate has 8-14 years of experience and is proficient in Process Improvement, Six Sigma, Analytics, Operations Management, Leadership, Communication, Lean. Responsibilities include collaborating with cross-functional teams, delivering high-quality work, and driving business initiatives."
Senior Graphic Designer,Design,Color Theory; Photoshop; Illustrator; Adobe XD; Branding; Layout Design,Senior,"We are seeking a Senior Graphic Designer to join our EdTech team. The ideal candidate has 6-10 years of experience and is proficient in Color Theory, Photoshop, Illustrator, Adobe XD, Branding, Layout Design. Responsibilities include collaborating with cross-functional teams, delivering high-quality work, and driving design initiatives."
Lead Full Stack Developer,Software Engineering,REST APIs; Python; MongoDB; Node.js; JavaScript,Lead,"We are seeking a Lead Full Stack Developer to join our Gaming team. The ideal candidate has 8-14 years of experience and is proficient in REST APIs, Python, MongoDB, Node.js, JavaScript. Responsibilities include collaborating with cross-functional teams, delivering high-quality work, and driving software engineering initiatives."
Principal Graphic Designer,Design,Typography; Illustrator; Adobe XD; Creativity; Layout Design,Principal,"We are seeking a Principal Graphic Designer to join our E-commerce team. The ideal candidate has 12-20 years of experience and is proficient in Typography, Illustrator, Adobe XD, Creativity, Layout Design. Responsibilities include collaborating with cross-functional teams, delivering high-quality work, and driving design initiatives."
Intern Business Analyst,Business,Process Modeling; Agile; Communication; Stakeholder Management; Excel; Documentation; Data Analysis,Intern,"We are seeking a Intern Business Analyst to join our Startup team. The ideal candidate has 0-1 years of experience and is proficient in Process Modeling, Agile, Communication, Stakeholder Management, Excel, Documentation, Data Analysis. Responsibilities include collaborating with cross-functional teams, delivering high-quality work, and driving business initiatives."
Junior Content Strategist,Marketing,Research; Analytics; Storytelling; SEO; CMS; Brand Voice,Junior,"We are seeking a Junior Content Strategist to join our Fintech team. The ideal candidate has 1-3 years of experience and is proficient in Research, Analytics, Storytelling, SEO, CMS, Brand Voice. Responsibilities include collaborating with cross-functional teams, delivering high-quality work, and driving marketing initiatives."
Senior Game Developer,Software Engineering,Game Design; C#; Optimization; Shaders; C++; OpenGL,Senior,"We are seeking a Senior Game Developer to join our Healthcare team. The ideal candidate has 6-10 years of experience and is proficient in Game Design, C#, Optimization, Shaders, C++, OpenGL. Responsibilities include collaborating with cross-functional teams, delivering high-quality work, and driving software engineering initiatives."
Intern Operations Manager,Business,Analytics; Lean; Operations Management; Leadership; Process Improvement; Communication,Intern,"We are seeking a Intern Operations Manager to join our Healthcare team. The ideal candidate has 0-1 years of experience and is proficient in Analytics, Lean, Operations Management, Leadership, Process Improvement, Communication. Responsibilities include collaborating with cross-functional teams, delivering high-quality work, and driving business initiatives."
Principal Project Manager,Product & Management,Stakeholder Management; Gantt Charts; Planning; Risk Management; Scrum,Principal,"We are seeking a Principal Project Manager to join our Healthcare team. The ideal candidate has 12-20 years of experience and is proficient in Stakeholder Management, Gantt Charts, Planning, Risk Management, Scrum. Responsibilities include collaborating with cross-functional teams, delivering high-quality work, and driving product & management initiatives."
Lead UX Designer,Design,Information Architecture; Prototyping; Personas; Usability Testing; Wireframing,Lead,"We are seeking a Lead UX Designer to join our EdTech team. The ideal candidate has 8-14 years of experience and is proficient in Information Architecture, Prototyping, Personas, Usability Testing, Wireframing. Responsibilities include collaborating with cross-functional teams, delivering high-quality work, and driving design initiatives."
Senior Network Engineer,Cloud & Infrastructure,DNS; Routing; VPN; Switching; Firewalls; Security,Senior,"We are seeking a Senior Network Engineer to join our EdTech team. The ideal candidate has 6-10 years of experience and is proficient in DNS, Routing, VPN, Switching, Firewalls, Security. Responsibilities include collaborating with cross-functional teams, delivering high-quality work, and driving cloud & infrastructure initiatives."
Lead Product Designer,Design,Prototyping; Wireframing; UX Design; User Research; UI Design; Interaction Design,Lead,"We are seeking a Lead Product Designer to join our Gaming team. The ideal candidate has 8-14 years of experience and is proficient in Prototyping, Wireframing, UX Design, User Research, UI Design, Interaction Design. Responsibilities include collaborating with cross-functional teams, delivering high-quality work, and driving design initiatives."
Lead Network Engineer,Cloud & Infrastructure,Cisco; DNS; Networking; VPN; Linux; Routing,Lead,"We are seeking a Lead Network Engineer to join our Enterprise team. The ideal candidate has 8-14 years of experience and is proficient in Cisco, DNS, Networking, VPN, Linux, Routing. Responsibilities include collaborating with cross-functional teams, delivering high-quality work, and driving cloud & infrastructure initiatives."
Senior QA Engineer,Software Engineering,Selenium; Bug Tracking; Jira; Test Automation; Postman; Python; CI/CD,Senior,"We are seeking a Senior QA Engineer to join our Healthcare team. The ideal candidate has 6-10 years of experience and is proficient in Selenium, Bug Tracking, Jira, Test Automation, Postman, Python, CI/CD. Responsibilities include collaborating with cross-functional teams, delivering high-quality work, and driving software engineering initiatives."
Mid-level Digital Marketing Specialist,Marketing,Content Marketing; SEO; Email Marketing; Analytics; Copywriting; A/B Testing; CRM,Mid-level,"We are seeking a Mid-level Digital Marketing Specialist to join our Enterprise team. The ideal candidate has 3-6 years of experience and is proficient in Content Marketing, SEO, Email Marketing, Analytics, Copywriting, A/B Testing, CRM. Responsibilities include collaborating with cross-functional teams, delivering high-quality work, and driving marketing initiatives."
Junior Game Developer,Software Engineering,Optimization; Game Design; OpenGL; Unity; Shaders; 3D Math; Unreal Engine,Junior,"We are seeking a Junior Game Developer to join our Fintech team. The ideal candidate has 1-3 years of experience and is proficient in Optimization, Game Design, OpenGL, Unity, Shaders, 3D Math, Unreal Engine. Responsibilities include collaborating with cross-functional teams, delivering high-quality work, and driving software engineering initiatives."
Mid-level Product Designer,Design,Figma; UI Design; Interaction Design; Sketch; Prototyping,Mid-level,"We are seeking a Mid-level Product Designer to join our Startup team. The ideal candidate has 3-6 years of experience and is proficient in Figma, UI Design, Interaction Design, Sketch, Prototyping. Responsibilities include collaborating with cross-functional teams, delivering high-quality work, and driving design initiatives."
Mid-level Project Manager,Product & Management,Gantt Charts; Planning; Risk Management; Agile; Leadership,Mid-level,"We are seeking a Mid-level Project Manager to join our Gaming team. The ideal candidate has 3-6 years of experience and is proficient in Gantt Charts, Planning, Risk Management, Agile, Leadership. Responsibilities include collaborating with cross-functional teams, delivering high-quality work, and driving product & management initiatives."
Mid-level Network Engineer,Cloud & Infrastructure,Cisco; Firewalls; DNS; VPN; Switching; Security; Routing,Mid-level,"We are seeking a Mid-level Network Engineer to join our Healthcare team. The ideal candidate has 3-6 years of experience and is proficient in Cisco, Firewalls, DNS, VPN, Switching, Security, Routing. Responsibilities include collaborating with cross-functional teams, delivering high-quality work, and driving cloud & infrastructure initiatives."
Intern Software Architect,Software Engineering,REST APIs; Microservices; Kafka; Design Patterns; Leadership; AWS,Intern,"We are seeking a Intern Software Architect to join our Fintech team. The ideal candidate has 0-1 years of experience and is proficient in REST APIs, Microservices, Kafka, Design Patterns, Leadership, AWS. Responsibilities include collaborating with cross-functional teams, delivering high-quality work, and driving software engineering initiatives."
Mid-level Financial Analyst,Business,Forecasting; Valuation; Excel; SQL; Budgeting,Mid-level,"We are seeking a Mid-level Financial Analyst to join our Startup team. The ideal candidate has 3-6 years of experience and is proficient in Forecasting, Valuation, Excel, SQL, Budgeting. Responsibilities include collaborating with cross-functional teams, delivering high-quality work, and driving business initiatives."
Intern Product Manager,Product & Management,Agile; Prioritization; Communication; User Stories; Market Research,Intern,"We are seeking a Intern Product Manager to join our EdTech team. The ideal candidate has 0-1 years of experience and is proficient in Agile, Prioritization, Communication, User Stories, Market Research. Responsibilities include collaborating with cross-functional teams, delivering high-quality work, and driving product & management initiatives."
Intern Game Developer,Software Engineering,Unity; Optimization; C++; OpenGL; Unreal Engine; Physics,Intern,"We are seeking a Intern Game Developer to join our Enterprise team. The ideal candidate has 0-1 years of experience and is proficient in Unity, Optimization, C++, OpenGL, Unreal Engine, Physics. Responsibilities include collaborating with cross-functional teams, delivering high-quality work, and driving software engineering initiatives."
Lead Social Media Manager,Marketing,Campaign Management; Content Creation; Social Media; Branding; Canva; Copywriting; Community Management,Lead,"We are seeking a Lead Social Media Manager to join our SaaS team. The ideal candidate has 8-14 years of experience and is proficient in Campaign Management, Content Creation, Social Media, Branding, Canva, Copywriting, Community Management. Responsibilities include collaborating with cross-functional teams, delivering high-quality work, and driving marketing initiatives."
Lead QA Engineer,Software Engineering,Selenium; Test Automation; Manual Testing; Python; Jira; Bug Tracking,Lead,"We are seeking a Lead QA Engineer to join our Gaming team. The ideal candidate has 8-14 years of experience and is proficient in Selenium, Test Automation, Manual Testing, Python, Jira, Bug Tracking. Responsibilities include collaborating with cross-functional teams, delivering high-quality work, and driving software engineering initiatives."
Mid-level Graphic Designer,Design,Layout Design; Photoshop; Typography; Branding; Illustrator,Mid-level,"We are seeking a Mid-level Graphic Designer to join our SaaS team. The ideal candidate has 3-6 years of experience and is proficient in Layout Design, Photoshop, Typography, Branding, Illustrator. Responsibilities include collaborating with cross-functional teams, delivering high-quality work, and driving design initiatives."
Mid-level Digital Marketing Specialist,Marketing,Campaign Management; Google Ads; Analytics; CRM; Copywriting; A/B Testing; Email Marketing,Mid-level,"We are seeking a Mid-level Digital Marketing Specialist to join our EdTech team. The ideal candidate has 3-6 years of experience and is proficient in Campaign Management, Google Ads, Analytics, CRM, Copywriting, A/B Testing, Email Marketing. Responsibilities include collaborating with cross-functional teams, delivering high-quality work, and driving marketing initiatives."
Intern Content Strategist,Marketing,Research; Analytics; CMS; Brand Voice; Social Media; Copywriting; Content Marketing,Intern,"We are seeking a Intern Content Strategist to join our SaaS team. The ideal candidate has 0-1 years of experience and is proficient in Research, Analytics, CMS, Brand Voice, Social Media, Copywriting, Content Marketing. Responsibilities include collaborating with cross-functional teams, delivering high-quality work, and driving marketing initiatives."
Principal Operations Manager,Business,Analytics; Operations Management; Process Improvement; Budgeting; Six Sigma; Vendor Management; Supply Chain,Principal,"We are seeking a Principal Operations Manager to join our Startup team. The ideal candidate has 12-20 years of experience and is proficient in Analytics, Operations Management, Process Improvement, Budgeting, Six Sigma, Vendor Management, Supply Chain. Responsibilities include collaborating with cross-functional teams, delivering high-quality work, and driving business initiatives."
Junior Social Media Manager,Marketing,Engagement; Canva; Campaign Management; Social Media; Scheduling Tools; Analytics; Community Management,Junior,"We are seeking a Junior Social Media Manager to join our Enterprise team. The ideal candidate has 1-3 years of experience and is proficient in Engagement, Canva, Campaign Management, Social Media, Scheduling Tools, Analytics, Community Management. Responsibilities include collaborating with cross-functional teams, delivering high-quality work, and driving marketing initiatives."
Principal Network Engineer,Cloud & Infrastructure,Firewalls; Routing; Switching; Security; TCP/IP; VPN,Principal,"We are seeking a Principal Network Engineer to join our Startup team. The ideal candidate has 12-20 years of experience and is proficient in Firewalls, Routing, Switching, Security, TCP/IP, VPN. Responsibilities include collaborating with cross-functional teams, delivering high-quality work, and driving cloud & infrastructure initiatives."
Intern HR Specialist,Business,Communication; Onboarding; Payroll; Conflict Resolution; Training; Recruitment; Performance Management,Intern,"We are seeking a Intern HR Specialist to join our EdTech team. The ideal candidate has 0-1 years of experience and is proficient in Communication, Onboarding, Payroll, Conflict Resolution, Training, Recruitment, Performance Management. Responsibilities include collaborating with cross-functional teams, delivering high-quality work, and driving business initiatives."
Intern Software Architect,Software Engineering,Java; REST APIs; Leadership; Kafka; Design Patterns; Scalability,Intern,"We are seeking a Intern Software Architect to join our SaaS team. The ideal candidate has 0-1 years of experience and is proficient in Java, REST APIs, Leadership, Kafka, Design Patterns, Scalability. Responsibilities include collaborating with cross-functional teams, delivering high-quality work, and driving software engineering initiatives."
Junior Machine Learning Engineer,Data & AI,TensorFlow; Model Deployment; Python; PyTorch; Scikit-learn; Machine Learning,Junior,"We are seeking a Junior Machine Learning Engineer to join our E-commerce team. The ideal candidate has 1-3 years of experience and is proficient in TensorFlow, Model Deployment, Python, PyTorch, Scikit-learn, Machine Learning. Responsibilities include collaborating with cross-functional teams, delivering high-quality work, and driving data & ai initiatives."
Lead Product Owner,Product & Management,User Stories; Agile; Jira; Analytics; Prioritization; Scrum,Lead,"We are seeking a Lead Product Owner to join our E-commerce team. The ideal candidate has 8-14 years of experience and is proficient in User Stories, Agile, Jira, Analytics, Prioritization, Scrum. Responsibilities include collaborating with cross-functional teams, delivering high-quality work, and driving product & management initiatives."
Lead Product Owner,Product & Management,Communication; Jira; Roadmapping; Backlog Management; Analytics; Scrum; Agile,Lead,"We are seeking a Lead Product Owner to join our Gaming team. The ideal candidate has 8-14 years of experience and is proficient in Communication, Jira, Roadmapping, Backlog Management, Analytics, Scrum, Agile. Responsibilities include collaborating with cross-functional teams, delivering high-quality work, and driving product & management initiatives."
Junior Network Engineer,Cloud & Infrastructure,TCP/IP; Routing; Switching; Networking; Cisco; Firewalls; VPN,Junior,"We are seeking a Junior Network Engineer to join our EdTech team. The ideal candidate has 1-3 years of experience and is proficient in TCP/IP, Routing, Switching, Networking, Cisco, Firewalls, VPN. Responsibilities include collaborating with cross-functional teams, delivering high-quality work, and driving cloud & infrastructure initiatives."
Junior Business Intelligence Analyst,Data & AI,Python; Data Warehousing; Tableau; ETL; Dashboards,Junior,"We are seeking a Junior Business Intelligence Analyst to join our SaaS team. The ideal candidate has 1-3 years of experience and is proficient in Python, Data Warehousing, Tableau, ETL, Dashboards. Responsibilities include collaborating with cross-functional teams, delivering high-quality work, and driving data & ai initiatives."
Intern Machine Learning Engineer,Data & AI,PyTorch; MLOps; SQL; Model Deployment; Scikit-learn,Intern,"We are seeking a Intern Machine Learning Engineer to join our E-commerce team. The ideal candidate has 0-1 years of experience and is proficient in PyTorch, MLOps, SQL, Model Deployment, Scikit-learn. Responsibilities include collaborating with cross-functional teams, delivering high-quality work, and driving data & ai initiatives."
Senior HR Specialist,Business,Onboarding; Employee Relations; Communication; Training; HRIS,Senior,"We are seeking a Senior HR Specialist to join our Gaming team. The ideal candidate has 6-10 years of experience and is proficient in Onboarding, Employee Relations, Communication, Training, HRIS. Responsibilities include collaborating with cross-functional teams, delivering high-quality work, and driving business initiatives."
Junior UX Designer,Design,Journey Mapping; Wireframing; Information Architecture; Figma; Design Thinking; Prototyping,Junior,"We are seeking a Junior UX Designer to join our Startup team. The ideal candidate has 1-3 years of experience and is proficient in Journey Mapping, Wireframing, Information Architecture, Figma, Design Thinking, Prototyping. Responsibilities include collaborating with cross-functional teams, delivering high-quality work, and driving design initiatives."
Principal Cloud Engineer,Cloud & Infrastructure,Monitoring; Kubernetes; Networking; AWS; Terraform; Docker; Python,Principal,"We are seeking a Principal Cloud Engineer to join our Gaming team. The ideal candidate has 12-20 years of experience and is proficient in Monitoring, Kubernetes, Networking, AWS, Terraform, Docker, Python. Responsibilities include collaborating with cross-functional teams, delivering high-quality work, and driving cloud & infrastructure initiatives."
Lead Frontend Developer,Software Engineering,Redux; Webpack; Accessibility; HTML; React; Jest,Lead,"We are seeking a Lead Frontend Developer to join our Fintech team. The ideal candidate has 8-14 years of experience and is proficient in Redux, Webpack, Accessibility, HTML, React, Jest. Responsibilities include collaborating with cross-functional teams, delivering high-quality work, and driving software engineering initiatives."
Intern Operations Manager,Business,Communication; Supply Chain; Leadership; Vendor Management; Six Sigma; Process Improvement; Budgeting,Intern,"We are seeking a Intern Operations Manager to join our SaaS team. The ideal candidate has 0-1 years of experience and is proficient in Communication, Supply Chain, Leadership, Vendor Management, Six Sigma, Process Improvement, Budgeting. Responsibilities include collaborating with cross-functional teams, delivering high-quality work, and driving business initiatives."
Mid-level Financial Analyst,Business,Accounting; Budgeting; SQL; Analytics; Power BI; Forecasting,Mid-level,"We are seeking a Mid-level Financial Analyst to join our EdTech team. The ideal candidate has 3-6 years of experience and is proficient in Accounting, Budgeting, SQL, Analytics, Power BI, Forecasting. Responsibilities include collaborating with cross-functional teams, delivering high-quality work, and driving business initiatives."
Mid-level Product Owner,Product & Management,Prioritization; Scrum; Roadmapping; Agile; Jira; Analytics; Backlog Management,Mid-level,"We are seeking a Mid-level Product Owner to join our Healthcare team. The ideal candidate has 3-6 years of experience and is proficient in Prioritization, Scrum, Roadmapping, Agile, Jira, Analytics, Backlog Management. Responsibilities include collaborating with cross-functional teams, delivering high-quality work, and driving product & management initiatives."
Junior HR Specialist,Business,HRIS; Training; Employee Relations; Compliance; Payroll; Recruitment; Conflict Resolution,Junior,"We are seeking a Junior HR Specialist to join our Healthcare team. The ideal candidate has 1-3 years of experience and is proficient in HRIS, Training, Employee Relations, Compliance, Payroll, Recruitment, Conflict Resolution. Responsibilities include collaborating with cross-functional teams, delivering high-quality work, and driving business initiatives."
Junior Content Strategist,Marketing,Editorial Planning; Brand Voice; Storytelling; CMS; Analytics; Content Marketing; Social Media,Junior,"We are seeking a Junior Content Strategist to join our Healthcare team. The ideal candidate has 1-3 years of experience and is proficient in Editorial Planning, Brand Voice, Storytelling, CMS, Analytics, Content Marketing, Social Media. Responsibilities include collaborating with cross-functional teams, delivering high-quality work, and driving marketing initiatives."
Lead Business Analyst,Business,Data Analysis; Excel; Stakeholder Management; SQL; UML; Agile; Process Modeling,Lead,"We are seeking a Lead Business Analyst to join our Enterprise team. The ideal candidate has 8-14 years of experience and is proficient in Data Analysis, Excel, Stakeholder Management, SQL, UML, Agile, Process Modeling. Responsibilities include collaborating with cross-functional teams, delivering high-quality work, and driving business initiatives."
Intern Graphic Designer,Design,Illustrator; Adobe XD; Creativity; Branding; Typography; Color Theory,Intern,"We are seeking a Intern Graphic Designer to join our Startup team. The ideal candidate has 0-1 years of experience and is proficient in Illustrator, Adobe XD, Creativity, Branding, Typography, Color Theory. Responsibilities include collaborating with cross-functional teams, delivering high-quality work, and driving design initiatives."
Principal Digital Marketing Specialist,Marketing,Campaign Management; CRM; SEO; A/B Testing; Content Marketing; Analytics; Copywriting,Principal,"We are seeking a Principal Digital Marketing Specialist to join our EdTech team. The ideal candidate has 12-20 years of experience and is proficient in Campaign Management, CRM, SEO, A/B Testing, Content Marketing, Analytics, Copywriting. Responsibilities include collaborating with cross-functional teams, delivering high-quality work, and driving marketing initiatives."
Senior Data Scientist,Data & AI,Scikit-learn; Statistics; NumPy; Data Visualization; Machine Learning,Senior,"We are seeking a Senior Data Scientist to join our Startup team. The ideal candidate has 6-10 years of experience and is proficient in Scikit-learn, Statistics, NumPy, Data Visualization, Machine Learning. Responsibilities include collaborating with cross-functional teams, delivering high-quality work, and driving data & ai initiatives."
Junior Product Designer,Design,UX Design; Usability Testing; Wireframing; UI Design; Design Systems,Junior,"We are seeking a Junior Product Designer to join our Startup team. The ideal candidate has 1-3 years of experience and is proficient in UX Design, Usability Testing, Wireframing, UI Design, Design Systems. Responsibilities include collaborating with cross-functional teams, delivering high-quality work, and driving design initiatives."
Senior Site Reliability Engineer,Software Engineering,Kubernetes; Prometheus; Python; Go; AWS,Senior,"We are seeking a Senior Site Reliability Engineer to join our Healthcare team. The ideal candidate has 6-10 years of experience and is proficient in Kubernetes, Prometheus, Python, Go, AWS. Responsibilities include collaborating with cross-functional teams, delivering high-quality work, and driving software engineering initiatives."
Mid-level Business Intelligence Analyst,Data & AI,Python; Dashboards; Data Warehousing; Reporting; Tableau; Excel; DAX,Mid-level,"We are seeking a Mid-level Business Intelligence Analyst to join our Enterprise team. The ideal candidate has 3-6 years of experience and is proficient in Python, Dashboards, Data Warehousing, Reporting, Tableau, Excel, DAX. Responsibilities include collaborating with cross-functional teams, delivering high-quality work, and driving data & ai initiatives."
Lead Project Manager,Product & Management,Leadership; Gantt Charts; Risk Management; Communication; Agile; Budgeting; Jira,Lead,"We are seeking a Lead Project Manager to join our Healthcare team. The ideal candidate has 8-14 years of experience and is proficient in Leadership, Gantt Charts, Risk Management, Communication, Agile, Budgeting, Jira. Responsibilities include collaborating with cross-functional teams, delivering high-quality work, and driving product & management initiatives."
Mid-level Financial Analyst,Business,Budgeting; Excel; Reporting; Analytics; SQL; Power BI,Mid-level,"We are seeking a Mid-level Financial Analyst to join our Enterprise team. The ideal candidate has 3-6 years of experience and is proficient in Budgeting, Excel, Reporting, Analytics, SQL, Power BI. Responsibilities include collaborating with cross-functional teams, delivering high-quality work, and driving business initiatives."
Senior Graphic Designer,Design,Branding; Layout Design; Adobe XD; Color Theory; Illustrator; Print Design,Senior,"We are seeking a Senior Graphic Designer to join our E-commerce team. The ideal candidate has 6-10 years of experience and is proficient in Branding, Layout Design, Adobe XD, Color Theory, Illustrator, Print Design. Responsibilities include collaborating with cross-functional teams, delivering high-quality work, and driving design initiatives."
Mid-level Cloud Engineer,Cloud & Infrastructure,CI/CD; Networking; Terraform; Kubernetes; Monitoring; Python,Mid-level,"We are seeking a Mid-level Cloud Engineer to join our Healthcare team. The ideal candidate has 3-6 years of experience and is proficient in CI/CD, Networking, Terraform, Kubernetes, Monitoring, Python. Responsibilities include collaborating with cross-functional teams, delivering high-quality work, and driving cloud & infrastructure initiatives."
Principal Cloud Engineer,Cloud & Infrastructure,Terraform; Linux; AWS; Python; CI/CD; Networking,Principal,"We are seeking a Principal Cloud Engineer to join our SaaS team. The ideal candidate has 12-20 years of experience and is proficient in Terraform, Linux, AWS, Python, CI/CD, Networking. Responsibilities include collaborating with cross-functional teams, delivering high-quality work, and driving cloud & infrastructure initiatives."
Lead SEO Specialist,Marketing,Technical SEO; Keyword Research; Google Analytics; HTML; Copywriting,Lead,"We are seeking a Lead SEO Specialist to join our Startup team. The ideal candidate has 8-14 years of experience and is proficient in Technical SEO, Keyword Research, Google Analytics, HTML, Copywriting. Responsibilities include collaborating with cross-functional teams, delivering high-quality work, and driving marketing initiatives."
Principal Graphic Designer,Design,InDesign; Creativity; Print Design; Adobe XD; Branding; Typography; Layout Design,Principal,"We are seeking a Principal Graphic Designer to join our Enterprise team. The ideal candidate has 12-20 years of experience and is proficient in InDesign, Creativity, Print Design, Adobe XD, Branding, Typography, Layout Design. Responsibilities include collaborating with cross-functional teams, delivering high-quality work, and driving design initiatives."
Mid-level Cloud Engineer,Cloud & Infrastructure,Python; Docker; CloudFormation; CI/CD; Monitoring,Mid-level,"We are seeking a Mid-level Cloud Engineer to join our SaaS team. The ideal candidate has 3-6 years of experience and is proficient in Python, Docker, CloudFormation, CI/CD, Monitoring. Responsibilities include collaborating with cross-functional teams, delivering high-quality work, and driving cloud & infrastructure initiatives."
Principal Cloud Engineer,Cloud & Infrastructure,Python; AWS; Kubernetes; Networking; Linux; Monitoring,Principal,"We are seeking a Principal Cloud Engineer to join our EdTech team. The ideal candidate has 12-20 years of experience and is proficient in Python, AWS, Kubernetes, Networking, Linux, Monitoring. Responsibilities include collaborating with cross-functional teams, delivering high-quality work, and driving cloud & infrastructure initiatives."
Junior HR Specialist,Business,Recruitment; HRIS; Training; Employee Relations; Compliance; Conflict Resolution,Junior,"We are seeking a Junior HR Specialist to join our E-commerce team. The ideal candidate has 1-3 years of experience and is proficient in Recruitment, HRIS, Training, Employee Relations, Compliance, Conflict Resolution. Responsibilities include collaborating with cross-functional teams, delivering high-quality work, and driving business initiatives."
Senior Frontend Developer,Software Engineering,TypeScript; Jest; React; Sass; Webpack; Accessibility; HTML,Senior,"We are seeking a Senior Frontend Developer to join our Fintech team. The ideal candidate has 6-10 years of experience and is proficient in TypeScript, Jest, React, Sass, Webpack, Accessibility, HTML. Responsibilities include collaborating with cross-functional teams, delivering high-quality work, and driving software engineering initiatives."
Mid-level HR Specialist,Business,Payroll; Performance Management; Compliance; Conflict Resolution; HRIS,Mid-level,"We are seeking a Mid-level HR Specialist to join our E-commerce team. The ideal candidate has 3-6 years of experience and is proficient in Payroll, Performance Management, Compliance, Conflict Resolution, HRIS. Responsibilities include collaborating with cross-functional teams, delivering high-quality work, and driving business initiatives."
Mid-level Data Engineer,Data & AI,AWS; SQL; ETL; Spark; Airflow; Kafka; Data Modeling,Mid-level,"We are seeking a Mid-level Data Engineer to join our Healthcare team. The ideal candidate has 3-6 years of experience and is proficient in AWS, SQL, ETL, Spark, Airflow, Kafka, Data Modeling. Responsibilities include collaborating with cross-functional teams, delivering high-quality work, and driving data & ai initiatives."
Intern Growth Marketer,Marketing,Paid Ads; A/B Testing; Analytics; SQL; Growth Hacking; Experimentation; Email Marketing,Intern,"We are seeking a Intern Growth Marketer to join our Gaming team. The ideal candidate has 0-1 years of experience and is proficient in Paid Ads, A/B Testing, Analytics, SQL, Growth Hacking, Experimentation, Email Marketing. Responsibilities include collaborating with cross-functional teams, delivering high-quality work, and driving marketing initiatives."
Intern Digital Marketing Specialist,Marketing,Content Marketing; Social Media; A/B Testing; Analytics; Email Marketing,Intern,"We are seeking a Intern Digital Marketing Specialist to join our Startup team. The ideal candidate has 0-1 years of experience and is proficient in Content Marketing, Social Media, A/B Testing, Analytics, Email Marketing. Responsibilities include collaborating with cross-functional teams, delivering high-quality work, and driving marketing initiatives."
Junior QA Engineer,Software Engineering,Bug Tracking; Cypress; Jira; JUnit; Test Automation; Python,Junior,"We are seeking a Junior QA Engineer to join our SaaS team. The ideal candidate has 1-3 years of experience and is proficient in Bug Tracking, Cypress, Jira, JUnit, Test Automation, Python. Responsibilities include collaborating with cross-functional teams, delivering high-quality work, and driving software engineering initiatives."
Junior Graphic Designer,Design,Creativity; InDesign; Print Design; Typography; Adobe XD; Illustrator; Branding,Junior,"We are seeking a Junior Graphic Designer to join our E-commerce team. The ideal candidate has 1-3 years of experience and is proficient in Creativity, InDesign, Print Design, Typography, Adobe XD, Illustrator, Branding. Responsibilities include collaborating with cross-functional teams, delivering high-quality work, and driving design initiatives."
Senior Cloud Engineer,Cloud & Infrastructure,Networking; AWS; CI/CD; CloudFormation; Kubernetes; Terraform,Senior,"We are seeking a Senior Cloud Engineer to join our SaaS team. The ideal candidate has 6-10 years of experience and is proficient in Networking, AWS, CI/CD, CloudFormation, Kubernetes, Terraform. Responsibilities include collaborating with cross-functional teams, delivering high-quality work, and driving cloud & infrastructure initiatives."
Junior Product Owner,Product & Management,Roadmapping; Communication; Analytics; Prioritization; Scrum,Junior,"We are seeking a Junior Product Owner to join our Fintech team. The ideal candidate has 1-3 years of experience and is proficient in Roadmapping, Communication, Analytics, Prioritization, Scrum. Responsibilities include collaborating with cross-functional teams, delivering high-quality work, and driving product & management initiatives."
Lead AI Researcher,Data & AI,TensorFlow; NLP; Reinforcement Learning; Deep Learning; Python; Mathematics,Lead,"We are seeking a Lead AI Researcher to join our SaaS team. The ideal candidate has 8-14 years of experience and is proficient in TensorFlow, NLP, Reinforcement Learning, Deep Learning, Python, Mathematics. Responsibilities include collaborating with cross-functional teams, delivering high-quality work, and driving data & ai initiatives."
Principal Data Analyst,Data & AI,Power BI; Python; SQL; Tableau; Excel,Principal,"We are seeking a Principal Data Analyst to join our SaaS team. The ideal candidate has 12-20 years of experience and is proficient in Power BI, Python, SQL, Tableau, Excel. Responsibilities include collaborating with cross-functional teams, delivering high-quality work, and driving data & ai initiatives."
Lead QA Engineer,Software Engineering,Manual Testing; Cypress; Python; Bug Tracking; Postman; JUnit; Selenium,Lead,"We are seeking a Lead QA Engineer to join our E-commerce team. The ideal candidate has 8-14 years of experience and is proficient in Manual Testing, Cypress, Python, Bug Tracking, Postman, JUnit, Selenium. Responsibilities include collaborating with cross-functional teams, delivering high-quality work, and driving software engineering initiatives."
Intern Site Reliability Engineer,Software Engineering,Prometheus; Python; Terraform; Go; Kubernetes; Linux; Monitoring,Intern,"We are seeking a Intern Site Reliability Engineer to join our Healthcare team. The ideal candidate has 0-1 years of experience and is proficient in Prometheus, Python, Terraform, Go, Kubernetes, Linux, Monitoring. Responsibilities include collaborating with cross-functional teams, delivering high-quality work, and driving software engineering initiatives."
Lead SEO Specialist,Marketing,Keyword Research; Link Building; Content Strategy; SEMrush; SEO; Copywriting,Lead,"We are seeking a Lead SEO Specialist to join our Fintech team. The ideal candidate has 8-14 years of experience and is proficient in Keyword Research, Link Building, Content Strategy, SEMrush, SEO, Copywriting. Responsibilities include collaborating with cross-functional teams, delivering high-quality work, and driving marketing initiatives."
Principal Data Engineer,Data & AI,ETL; SQL; Snowflake; AWS; Python; Data Modeling,Principal,"We are seeking a Principal Data Engineer to join our EdTech team. The ideal candidate has 12-20 years of experience and is proficient in ETL, SQL, Snowflake, AWS, Python, Data Modeling. Responsibilities include collaborating with cross-functional teams, delivering high-quality work, and driving data & ai initiatives."
Senior Game Developer,Software Engineering,Optimization; Physics; Shaders; C#; 3D Math,Senior,"We are seeking a Senior Game Developer to join our SaaS team. The ideal candidate has 6-10 years of experience and is proficient in Optimization, Physics, Shaders, C#, 3D Math. Responsibilities include collaborating with cross-functional teams, delivering high-quality work, and driving software engineering initiatives."
Junior Mobile Developer,Software Engineering,React Native; UI Design; Kotlin; Android SDK; Flutter,Junior,"We are seeking a Junior Mobile Developer to join our Gaming team. The ideal candidate has 1-3 years of experience and is proficient in React Native, UI Design, Kotlin, Android SDK, Flutter. Responsibilities include collaborating with cross-functional teams, delivering high-quality work, and driving software engineering initiatives."
Junior UI Designer,Design,Typography; CSS; Adobe XD; HTML; Color Theory; Design Systems; Wireframing,Junior,"We are seeking a Junior UI Designer to join our Healthcare team. The ideal candidate has 1-3 years of experience and is proficient in Typography, CSS, Adobe XD, HTML, Color Theory, Design Systems, Wireframing. Responsibilities include collaborating with cross-functional teams, delivering high-quality work, and driving design initiatives."
Senior Machine Learning Engineer,Data & AI,MLOps; SQL; TensorFlow; Deep Learning; Scikit-learn; Python; PyTorch,Senior,"We are seeking a Senior Machine Learning Engineer to join our SaaS team. The ideal candidate has 6-10 years of experience and is proficient in MLOps, SQL, TensorFlow, Deep Learning, Scikit-learn, Python, PyTorch. Responsibilities include collaborating with cross-functional teams, delivering high-quality work, and driving data & ai initiatives."
Intern DevOps Engineer,Software Engineering,AWS; Monitoring; Terraform; Kubernetes; Jenkins; Bash; Ansible,Intern,"We are seeking a Intern DevOps Engineer to join our EdTech team. The ideal candidate has 0-1 years of experience and is proficient in AWS, Monitoring, Terraform, Kubernetes, Jenkins, Bash, Ansible. Responsibilities include collaborating with cross-functional teams, delivering high-quality work, and driving software engineering initiatives."
Mid-level Game Developer,Software Engineering,Shaders; Game Design; C++; 3D Math; Physics; OpenGL; Unreal Engine,Mid-level,"We are seeking a Mid-level Game Developer to join our EdTech team. The ideal candidate has 3-6 years of experience and is proficient in Shaders, Game Design, C++, 3D Math, Physics, OpenGL, Unreal Engine. Responsibilities include collaborating with cross-functional teams, delivering high-quality work, and driving software engineering initiatives."
Senior Software Architect,Software Engineering,Scalability; Microservices; Docker; Design Patterns; AWS; Java,Senior,"We are seeking a Senior Software Architect to join our SaaS team. The ideal candidate has 6-10 years of experience and is proficient in Scalability, Microservices, Docker, Design Patterns, AWS, Java. Responsibilities include collaborating with cross-functional teams, delivering high-quality work, and driving software engineering initiatives."
Junior Program Manager,Product & Management,Agile; Strategy; Reporting; Roadmapping; Budgeting; Program Management; Leadership,Junior,"We are seeking a Junior Program Manager to join our Enterprise team. The ideal candidate has 1-3 years of experience and is proficient in Agile, Strategy, Reporting, Roadmapping, Budgeting, Program Management, Leadership. Responsibilities include collaborating with cross-functional teams, delivering high-quality work, and driving product & management initiatives."
Mid-level Cloud Architect,Cloud & Infrastructure,Security; Kubernetes; Azure; Networking; Terraform; System Design; Cost Optimization,Mid-level,"We are seeking a Mid-level Cloud Architect to join our Gaming team. The ideal candidate has 3-6 years of experience and is proficient in Security, Kubernetes, Azure, Networking, Terraform, System Design, Cost Optimization. Responsibilities include collaborating with cross-functional teams, delivering high-quality work, and driving cloud & infrastructure initiatives."
Intern Data Engineer,Data & AI,Airflow; Snowflake; Kafka; Spark; AWS; ETL,Intern,"We are seeking a Intern Data Engineer to join our Fintech team. The ideal candidate has 0-1 years of experience and is proficient in Airflow, Snowflake, Kafka, Spark, AWS, ETL. Responsibilities include collaborating with cross-functional teams, delivering high-quality work, and driving data & ai initiatives."
Junior Product Manager,Product & Management,Strategy; Stakeholder Management; Jira; Prioritization; Communication; Roadmapping; Market Research,Junior,"We are seeking a Junior Product Manager to join our EdTech team. The ideal candidate has 1-3 years of experience and is proficient in Strategy, Stakeholder Management, Jira, Prioritization, Communication, Roadmapping, Market Research. Responsibilities include collaborating with cross-functional teams, delivering high-quality work, and driving product & management initiatives."
Lead DevOps Engineer,Software Engineering,Linux; Docker; Kubernetes; Ansible; Monitoring,Lead,"We are seeking a Lead DevOps Engineer to join our SaaS team. The ideal candidate has 8-14 years of experience and is proficient in Linux, Docker, Kubernetes, Ansible, Monitoring. Responsibilities include collaborating with cross-functional teams, delivering high-quality work, and driving software engineering initiatives."
Junior Program Manager,Product & Management,Strategy; Program Management; Communication; Stakeholder Management; Agile; Leadership,Junior,"We are seeking a Junior Program Manager to join our E-commerce team. The ideal candidate has 1-3 years of experience and is proficient in Strategy, Program Management, Communication, Stakeholder Management, Agile, Leadership. Responsibilities include collaborating with cross-functional teams, delivering high-quality work, and driving product & management initiatives."
Lead Mobile Developer,Software Engineering,Android SDK; Flutter; UI Design; Kotlin; iOS; Git; REST APIs,Lead,"We are seeking a Lead Mobile Developer to join our Enterprise team. The ideal candidate has 8-14 years of experience and is proficient in Android SDK, Flutter, UI Design, Kotlin, iOS, Git, REST APIs. Responsibilities include collaborating with cross-functional teams, delivering high-quality work, and driving software engineering initiatives."
Junior Software Architect,Software Engineering,Kafka; Java; System Design; Design Patterns; Leadership,Junior,"We are seeking a Junior Software Architect to join our Fintech team. The ideal candidate has 1-3 years of experience and is proficient in Kafka, Java, System Design, Design Patterns, Leadership. Responsibilities include collaborating with cross-functional teams, delivering high-quality work, and driving software engineering initiatives."
Junior Operations Manager,Business,Budgeting; Lean; Process Improvement; Analytics; Operations Management; Vendor Management,Junior,"We are seeking a Junior Operations Manager to join our Healthcare team. The ideal candidate has 1-3 years of experience and is proficient in Budgeting, Lean, Process Improvement, Analytics, Operations Management, Vendor Management. Responsibilities include collaborating with cross-functional teams, delivering high-quality work, and driving business initiatives."
Lead Game Developer,Software Engineering,Game Design; C#; C++; 3D Math; OpenGL,Lead,"We are seeking a Lead Game Developer to join our Fintech team. The ideal candidate has 8-14 years of experience and is proficient in Game Design, C#, C++, 3D Math, OpenGL. Responsibilities include collaborating with cross-functional teams, delivering high-quality work, and driving software engineering initiatives."
Principal Game Developer,Software Engineering,Game Design; Unity; OpenGL; Physics; C++; Optimization; Unreal Engine,Principal,"We are seeking a Principal Game Developer to join our Enterprise team. The ideal candidate has 12-20 years of experience and is proficient in Game Design, Unity, OpenGL, Physics, C++, Optimization, Unreal Engine. Responsibilities include collaborating with cross-functional teams, delivering high-quality work, and driving software engineering initiatives."
Lead Cloud Architect,Cloud & Infrastructure,GCP; Security; Azure; Microservices; System Design; AWS; Terraform,Lead,"We are seeking a Lead Cloud Architect to join our Startup team. The ideal candidate has 8-14 years of experience and is proficient in GCP, Security, Azure, Microservices, System Design, AWS, Terraform. Responsibilities include collaborating with cross-functional teams, delivering high-quality work, and driving cloud & infrastructure initiatives."
Senior Growth Marketer,Marketing,Funnel Optimization; CRM; Paid Ads; A/B Testing; SEO,Senior,"We are seeking a Senior Growth Marketer to join our Healthcare team. The ideal candidate has 6-10 years of experience and is proficient in Funnel Optimization, CRM, Paid Ads, A/B Testing, SEO. Responsibilities include collaborating with cross-functional teams, delivering high-quality work, and driving marketing initiatives."
Senior Full Stack Developer,Software Engineering,Node.js; React; JavaScript; SQL; MongoDB,Senior,"We are seeking a Senior Full Stack Developer to join our Healthcare team. The ideal candidate has 6-10 years of experience and is proficient in Node.js, React, JavaScript, SQL, MongoDB. Responsibilities include collaborating with cross-functional teams, delivering high-quality work, and driving software engineering initiatives."
Senior Business Intelligence Analyst,Data & AI,Reporting; ETL; Data Warehousing; Python; Excel,Senior,"We are seeking a Senior Business Intelligence Analyst to join our Gaming team. The ideal candidate has 6-10 years of experience and is proficient in Reporting, ETL, Data Warehousing, Python, Excel. Responsibilities include collaborating with cross-functional teams, delivering high-quality work, and driving data & ai initiatives."
Senior Program Manager,Product & Management,Communication; Strategy; Risk Management; Program Management; Leadership,Senior,"We are seeking a Senior Program Manager to join our Fintech team. The ideal candidate has 6-10 years of experience and is proficient in Communication, Strategy, Risk Management, Program Management, Leadership. Responsibilities include collaborating with cross-functional teams, delivering high-quality work, and driving product & management initiatives."
Intern Business Intelligence Analyst,Data & AI,Power BI; Excel; ETL; Data Warehousing; Tableau,Intern,"We are seeking a Intern Business Intelligence Analyst to join our SaaS team. The ideal candidate has 0-1 years of experience and is proficient in Power BI, Excel, ETL, Data Warehousing, Tableau. Responsibilities include collaborating with cross-functional teams, delivering high-quality work, and driving data & ai initiatives."
Junior Software Architect,Software Engineering,Design Patterns; AWS; Microservices; Scalability; Docker,Junior,"We are seeking a Junior Software Architect to join our Healthcare team. The ideal candidate has 1-3 years of experience and is proficient in Design Patterns, AWS, Microservices, Scalability, Docker. Responsibilities include collaborating with cross-functional teams, delivering high-quality work, and driving software engineering initiatives."
Junior Security Engineer,Cloud & Infrastructure,Network Security; Encryption; Cybersecurity; Python; Linux; SIEM; Penetration Testing,Junior,"We are seeking a Junior Security Engineer to join our EdTech team. The ideal candidate has 1-3 years of experience and is proficient in Network Security, Encryption, Cybersecurity, Python, Linux, SIEM, Penetration Testing. Responsibilities include collaborating with cross-functional teams, delivering high-quality work, and driving cloud & infrastructure initiatives."
Principal Computer Vision Engineer,Data & AI,CUDA; C++; Deep Learning; Image Processing; Machine Learning; PyTorch; Python,Principal,"We are seeking a Principal Computer Vision Engineer to join our Enterprise team. The ideal candidate has 12-20 years of experience and is proficient in CUDA, C++, Deep Learning, Image Processing, Machine Learning, PyTorch, Python. Responsibilities include collaborating with cross-functional teams, delivering high-quality work, and driving data & ai initiatives."
Junior Network Engineer,Cloud & Infrastructure,Linux; Switching; TCP/IP; Security; Firewalls,Junior,"We are seeking a Junior Network Engineer to join our Gaming team. The ideal candidate has 1-3 years of experience and is proficient in Linux, Switching, TCP/IP, Security, Firewalls. Responsibilities include collaborating with cross-functional teams, delivering high-quality work, and driving cloud & infrastructure initiatives."
Intern UX Designer,Design,Accessibility; Wireframing; User Research; Figma; Personas; Design Thinking; Prototyping,Intern,"We are seeking a Intern UX Designer to join our EdTech team. The ideal candidate has 0-1 years of experience and is proficient in Accessibility, Wireframing, User Research, Figma, Personas, Design Thinking, Prototyping. Responsibilities include collaborating with cross-functional teams, delivering high-quality work, and driving design initiatives."
Intern Product Designer,Design,Usability Testing; Wireframing; Prototyping; UX Design; Design Systems; Figma; Interaction Design,Intern,"We are seeking a Intern Product Designer to join our E-commerce team. The ideal candidate has 0-1 years of experience and is proficient in Usability Testing, Wireframing, Prototyping, UX Design, Design Systems, Figma, Interaction Design. Responsibilities include collaborating with cross-functional teams, delivering high-quality work, and driving design initiatives."
Junior UI Designer,Design,Sketch; Figma; Typography; Wireframing; CSS; Color Theory; Prototyping,Junior,"We are seeking a Junior UI Designer to join our Enterprise team. The ideal candidate has 1-3 years of experience and is proficient in Sketch, Figma, Typography, Wireframing, CSS, Color Theory, Prototyping. Responsibilities include collaborating with cross-functional teams, delivering high-quality work, and driving design initiatives."
Senior Scrum Master,Product & Management,Coaching; Communication; Sprint Planning; Jira; Kanban; Retrospectives; Scrum,Senior,"We are seeking a Senior Scrum Master to join our Healthcare team. The ideal candidate has 6-10 years of experience and is proficient in Coaching, Communication, Sprint Planning, Jira, Kanban, Retrospectives, Scrum. Responsibilities include collaborating with cross-functional teams, delivering high-quality work, and driving product & management initiatives."
Junior Social Media Manager,Marketing,Branding; Engagement; Analytics; Scheduling Tools; Social Media; Canva; Campaign Management,Junior,"We are seeking a Junior Social Media Manager to join our Gaming team. The ideal candidate has 1-3 years of experience and is proficient in Branding, Engagement, Analytics, Scheduling Tools, Social Media, Canva, Campaign Management. Responsibilities include collaborating with cross-functional teams, delivering high-quality work, and driving marketing initiatives."
Mid-level Computer Vision Engineer,Data & AI,Deep Learning; PyTorch; Image Processing; CUDA; CNN; Python; C++,Mid-level,"We are seeking a Mid-level Computer Vision Engineer to join our Startup team. The ideal candidate has 3-6 years of experience and is proficient in Deep Learning, PyTorch, Image Processing, CUDA, CNN, Python, C++. Responsibilities include collaborating with cross-functional teams, delivering high-quality work, and driving data & ai initiatives."
Intern Full Stack Developer,Software Engineering,Docker; Python; JavaScript; React; REST APIs; Git; MongoDB,Intern,"We are seeking a Intern Full Stack Developer to join our E-commerce team. The ideal candidate has 0-1 years of experience and is proficient in Docker, Python, JavaScript, React, REST APIs, Git, MongoDB. Responsibilities include collaborating with cross-functional teams, delivering high-quality work, and driving software engineering initiatives."
Intern UI Designer,Design,Wireframing; Figma; Typography; Color Theory; Design Systems; Sketch,Intern,"We are seeking a Intern UI Designer to join our SaaS team. The ideal candidate has 0-1 years of experience and is proficient in Wireframing, Figma, Typography, Color Theory, Design Systems, Sketch. Responsibilities include collaborating with cross-functional teams, delivering high-quality work, and driving design initiatives."
Mid-level Product Designer,Design,Figma; Prototyping; UX Design; User Research; Design Systems,Mid-level,"We are seeking a Mid-level Product Designer to join our EdTech team. The ideal candidate has 3-6 years of experience and is proficient in Figma, Prototyping, UX Design, User Research, Design Systems. Responsibilities include collaborating with cross-functional teams, delivering high-quality work, and driving design initiatives."
Intern Sales Engineer,Business,APIs; Cloud; Negotiation; CRM; Product Demos; Presentations,Intern,"We are seeking a Intern Sales Engineer to join our Fintech team. The ideal candidate has 0-1 years of experience and is proficient in APIs, Cloud, Negotiation, CRM, Product Demos, Presentations. Responsibilities include collaborating with cross-functional teams, delivering high-quality work, and driving business initiatives."
Mid-level Product Owner,Product & Management,Stakeholder Management; User Stories; Backlog Management; Agile; Prioritization; Roadmapping; Analytics,Mid-level,"We are seeking a Mid-level Product Owner to join our Fintech team. The ideal candidate has 3-6 years of experience and is proficient in Stakeholder Management, User Stories, Backlog Management, Agile, Prioritization, Roadmapping, Analytics. Responsibilities include collaborating with cross-functional teams, delivering high-quality work, and driving product & management initiatives."
Principal Database Administrator,Cloud & Infrastructure,Security; PostgreSQL; MongoDB; Oracle; Backup & Recovery; MySQL,Principal,"We are seeking a Principal Database Administrator to join our Fintech team. The ideal candidate has 12-20 years of experience and is proficient in Security, PostgreSQL, MongoDB, Oracle, Backup & Recovery, MySQL. Responsibilities include collaborating with cross-functional teams, delivering high-quality work, and driving cloud & infrastructure initiatives."
Senior Project Manager,Product & Management,Communication; Risk Management; Jira; Scrum; Gantt Charts,Senior,"We are seeking a Senior Project Manager to join our Gaming team. The ideal candidate has 6-10 years of experience and is proficient in Communication, Risk Management, Jira, Scrum, Gantt Charts. Responsibilities include collaborating with cross-functional teams, delivering high-quality work, and driving product & management initiatives."
Intern AI Researcher,Data & AI,Publications; Deep Learning; Research; Machine Learning; Mathematics,Intern,"We are seeking a Intern AI Researcher to join our E-commerce team. The ideal candidate has 0-1 years of experience and is proficient in Publications, Deep Learning, Research, Machine Learning, Mathematics. Responsibilities include collaborating with cross-functional teams, delivering high-quality work, and driving data & ai initiatives."
Mid-level Growth Marketer,Marketing,Growth Hacking; CRM; SEO; Experimentation; SQL,Mid-level,"We are seeking a Mid-level Growth Marketer to join our Healthcare team. The ideal candidate has 3-6 years of experience and is proficient in Growth Hacking, CRM, SEO, Experimentation, SQL. Responsibilities include collaborating with cross-functional teams, delivering high-quality work, and driving marketing initiatives."
Junior Site Reliability Engineer,Software Engineering,Incident Response; Grafana; Go; Monitoring; Kubernetes; Python,Junior,"We are seeking a Junior Site Reliability Engineer to join our Gaming team. The ideal candidate has 1-3 years of experience and is proficient in Incident Response, Grafana, Go, Monitoring, Kubernetes, Python. Responsibilities include collaborating with cross-functional teams, delivering high-quality work, and driving software engineering initiatives."
Mid-level Game Developer,Software Engineering,Shaders; Unreal Engine; Physics; C#; OpenGL; C++; 3D Math,Mid-level,"We are seeking a Mid-level Game Developer to join our Fintech team. The ideal candidate has 3-6 years of experience and is proficient in Shaders, Unreal Engine, Physics, C#, OpenGL, C++, 3D Math. Responsibilities include collaborating with cross-functional teams, delivering high-quality work, and driving software engineering initiatives."
Mid-level SEO Specialist,Marketing,HTML; Technical SEO; Keyword Research; Content Strategy; Copywriting,Mid-level,"We are seeking a Mid-level SEO Specialist to join our Gaming team. The ideal candidate has 3-6 years of experience and is proficient in HTML, Technical SEO, Keyword Research, Content Strategy, Copywriting. Responsibilities include collaborating with cross-functional teams, delivering high-quality work, and driving marketing initiatives."
Junior SEO Specialist,Marketing,Google Analytics; Link Building; SEO; Copywriting; On-page SEO,Junior,"We are seeking a Junior SEO Specialist to join our Healthcare team. The ideal candidate has 1-3 years of experience and is proficient in Google Analytics, Link Building, SEO, Copywriting, On-page SEO. Responsibilities include collaborating with cross-functional teams, delivering high-quality work, and driving marketing initiatives."
Mid-level Game Developer,Software Engineering,3D Math; Optimization; Physics; Unity; OpenGL; Unreal Engine,Mid-level,"We are seeking a Mid-level Game Developer to join our E-commerce team. The ideal candidate has 3-6 years of experience and is proficient in 3D Math, Optimization, Physics, Unity, OpenGL, Unreal Engine. Responsibilities include collaborating with cross-functional teams, delivering high-quality work, and driving software engineering initiatives."
Mid-level Network Engineer,Cloud & Infrastructure,Routing; Firewalls; VPN; Linux; Cisco,Mid-level,"We are seeking a Mid-level Network Engineer to join our SaaS team. The ideal candidate has 3-6 years of experience and is proficient in Routing, Firewalls, VPN, Linux, Cisco. Responsibilities include collaborating with cross-functional teams, delivering high-quality work, and driving cloud & infrastructure initiatives."
Principal Program Manager,Product & Management,Leadership; Risk Management; Strategy; Roadmapping; Budgeting; Reporting; Stakeholder Management,Principal,"We are seeking a Principal Program Manager to join our Enterprise team. The ideal candidate has 12-20 years of experience and is proficient in Leadership, Risk Management, Strategy, Roadmapping, Budgeting, Reporting, Stakeholder Management. Responsibilities include collaborating with cross-functional teams, delivering high-quality work, and driving product & management initiatives."
Principal Content Strategist,Marketing,Research; Editorial Planning; SEO; Content Marketing; Social Media; CMS; Copywriting,Principal,"We are seeking a Principal Content Strategist to join our SaaS team. The ideal candidate has 12-20 years of experience and is proficient in Research, Editorial Planning, SEO, Content Marketing, Social Media, CMS, Copywriting. Responsibilities include collaborating with cross-functional teams, delivering high-quality work, and driving marketing initiatives."
Mid-level Frontend Developer,Software Engineering,Redux; JavaScript; Accessibility; Jest; Sass; HTML; React,Mid-level,"We are seeking a Mid-level Frontend Developer to join our E-commerce team. The ideal candidate has 3-6 years of experience and is proficient in Redux, JavaScript, Accessibility, Jest, Sass, HTML, React. Responsibilities include collaborating with cross-functional teams, delivering high-quality work, and driving software engineering initiatives."
Mid-level Digital Marketing Specialist,Marketing,Email Marketing; CRM; A/B Testing; Copywriting; Campaign Management,Mid-level,"We are seeking a Mid-level Digital Marketing Specialist to join our SaaS team. The ideal candidate has 3-6 years of experience and is proficient in Email Marketing, CRM, A/B Testing, Copywriting, Campaign Management. Responsibilities include collaborating with cross-functional teams, delivering high-quality work, and driving marketing initiatives."
Junior Game Developer,Software Engineering,C++; 3D Math; C#; Unity; Game Design,Junior,"We are seeking a Junior Game Developer to join our EdTech team. The ideal candidate has 1-3 years of experience and is proficient in C++, 3D Math, C#, Unity, Game Design. Responsibilities include collaborating with cross-functional teams, delivering high-quality work, and driving software engineering initiatives."
Mid-level Site Reliability Engineer,Software Engineering,Incident Response; Terraform; AWS; Go; Kubernetes; Python; Monitoring,Mid-level,"We are seeking a Mid-level Site Reliability Engineer to join our Fintech team. The ideal candidate has 3-6 years of experience and is proficient in Incident Response, Terraform, AWS, Go, Kubernetes, Python, Monitoring. Responsibilities include collaborating with cross-functional teams, delivering high-quality work, and driving software engineering initiatives."
Lead AI Researcher,Data & AI,PyTorch; TensorFlow; Deep Learning; Mathematics; Reinforcement Learning; Python; Research,Lead,"We are seeking a Lead AI Researcher to join our Fintech team. The ideal candidate has 8-14 years of experience and is proficient in PyTorch, TensorFlow, Deep Learning, Mathematics, Reinforcement Learning, Python, Research. Responsibilities include collaborating with cross-functional teams, delivering high-quality work, and driving data & ai initiatives."
Senior Graphic Designer,Design,InDesign; Typography; Branding; Print Design; Color Theory; Creativity; Layout Design,Senior,"We are seeking a Senior Graphic Designer to join our Fintech team. The ideal candidate has 6-10 years of experience and is proficient in InDesign, Typography, Branding, Print Design, Color Theory, Creativity, Layout Design. Responsibilities include collaborating with cross-functional teams, delivering high-quality work, and driving design initiatives."
Junior Scrum Master,Product & Management,Retrospectives; Coaching; Jira; Scrum; Agile; Kanban,Junior,"We are seeking a Junior Scrum Master to join our Startup team. The ideal candidate has 1-3 years of experience and is proficient in Retrospectives, Coaching, Jira, Scrum, Agile, Kanban. Responsibilities include collaborating with cross-functional teams, delivering high-quality work, and driving product & management initiatives."
Principal Cloud Engineer,Cloud & Infrastructure,Terraform; Docker; Monitoring; Networking; Kubernetes; CI/CD; CloudFormation,Principal,"We are seeking a Principal Cloud Engineer to join our Enterprise team. The ideal candidate has 12-20 years of experience and is proficient in Terraform, Docker, Monitoring, Networking, Kubernetes, CI/CD, CloudFormation. Responsibilities include collaborating with cross-functional teams, delivering high-quality work, and driving cloud & infrastructure initiatives."
Lead Database Administrator,Cloud & Infrastructure,PostgreSQL; Linux; Performance Tuning; Replication; Security; Oracle,Lead,"We are seeking a Lead Database Administrator to join our Healthcare team. The ideal candidate has 8-14 years of experience and is proficient in PostgreSQL, Linux, Performance Tuning, Replication, Security, Oracle. Responsibilities include collaborating with cross-functional teams, delivering high-quality work, and driving cloud & infrastructure initiatives."
Senior Growth Marketer,Marketing,SQL; Paid Ads; A/B Testing; Growth Hacking; CRM; Analytics,Senior,"We are seeking a Senior Growth Marketer to join our Fintech team. The ideal candidate has 6-10 years of experience and is proficient in SQL, Paid Ads, A/B Testing, Growth Hacking, CRM, Analytics. Responsibilities include collaborating with cross-functional teams, delivering high-quality work, and driving marketing initiatives."
Principal Business Intelligence Analyst,Data & AI,Dashboards; SQL; Data Warehousing; Excel; Tableau; Power BI; Python,Principal,"We are seeking a Principal Business Intelligence Analyst to join our Startup team. The ideal candidate has 12-20 years of experience and is proficient in Dashboards, SQL, Data Warehousing, Excel, Tableau, Power BI, Python. Responsibilities include collaborating with cross-functional teams, delivering high-quality work, and driving data & ai initiatives."
Mid-level Frontend Developer,Software Engineering,HTML; Redux; Webpack; CSS; JavaScript; React; Sass,Mid-level,"We are seeking a Mid-level Frontend Developer to join our Healthcare team. The ideal candidate has 3-6 years of experience and is proficient in HTML, Redux, Webpack, CSS, JavaScript, React, Sass. Responsibilities include collaborating with cross-functional teams, delivering high-quality work, and driving software engineering initiatives."
Lead DevOps Engineer,Software Engineering,Docker; Ansible; Linux; CI/CD; Jenkins,Lead,"We are seeking a Lead DevOps Engineer to join our Healthcare team. The ideal candidate has 8-14 years of experience and is proficient in Docker, Ansible, Linux, CI/CD, Jenkins. Responsibilities include collaborating with cross-functional teams, delivering high-quality work, and driving software engineering initiatives."
Intern AI Researcher,Data & AI,Research; Deep Learning; NLP; Python; Reinforcement Learning; TensorFlow; Mathematics,Intern,"We are seeking a Intern AI Researcher to join our Gaming team. The ideal candidate has 0-1 years of experience and is proficient in Research, Deep Learning, NLP, Python, Reinforcement Learning, TensorFlow, Mathematics. Responsibilities include collaborating with cross-functional teams, delivering high-quality work, and driving data & ai initiatives."
Principal Computer Vision Engineer,Data & AI,Deep Learning; PyTorch; CUDA; TensorFlow; Machine Learning,Principal,"We are seeking a Principal Computer Vision Engineer to join our Fintech team. The ideal candidate has 12-20 years of experience and is proficient in Deep Learning, PyTorch, CUDA, TensorFlow, Machine Learning. Responsibilities include collaborating with cross-functional teams, delivering high-quality work, and driving data & ai initiatives."
Principal Product Owner,Product & Management,User Stories; Stakeholder Management; Jira; Backlog Management; Roadmapping; Analytics,Principal,"We are seeking a Principal Product Owner to join our E-commerce team. The ideal candidate has 12-20 years of experience and is proficient in User Stories, Stakeholder Management, Jira, Backlog Management, Roadmapping, Analytics. Responsibilities include collaborating with cross-functional teams, delivering high-quality work, and driving product & management initiatives."
Mid-level Growth Marketer,Marketing,SQL; Analytics; A/B Testing; Email Marketing; Experimentation; Growth Hacking; Paid Ads,Mid-level,"We are seeking a Mid-level Growth Marketer to join our Fintech team. The ideal candidate has 3-6 years of experience and is proficient in SQL, Analytics, A/B Testing, Email Marketing, Experimentation, Growth Hacking, Paid Ads. Responsibilities include collaborating with cross-functional teams, delivering high-quality work, and driving marketing initiatives."
Principal Social Media Manager,Marketing,Social Media; Analytics; Canva; Scheduling Tools; Campaign Management; Community Management,Principal,"We are seeking a Principal Social Media Manager to join our E-commerce team. The ideal candidate has 12-20 years of experience and is proficient in Social Media, Analytics, Canva, Scheduling Tools, Campaign Management, Community Management. Responsibilities include collaborating with cross-functional teams, delivering high-quality work, and driving marketing initiatives."
Junior QA Engineer,Software Engineering,Selenium; Jira; CI/CD; Test Automation; Cypress; Python,Junior,"We are seeking a Junior QA Engineer to join our Gaming team. The ideal candidate has 1-3 years of experience and is proficient in Selenium, Jira, CI/CD, Test Automation, Cypress, Python. Responsibilities include collaborating with cross-functional teams, delivering high-quality work, and driving software engineering initiatives."
Intern HR Specialist,Business,Payroll; Conflict Resolution; Performance Management; Onboarding; Recruitment,Intern,"We are seeking a Intern HR Specialist to join our E-commerce team. The ideal candidate has 0-1 years of experience and is proficient in Payroll, Conflict Resolution, Performance Management, Onboarding, Recruitment. Responsibilities include collaborating with cross-functional teams, delivering high-quality work, and driving business initiatives."
Intern Interaction Designer,Design,UX Design; Interaction Design; User Research; After Effects; Design Systems; Usability Testing; Wireframing,Intern,"We are seeking a Intern Interaction Designer to join our Healthcare team. The ideal candidate has 0-1 years of experience and is proficient in UX Design, Interaction Design, User Research, After Effects, Design Systems, Usability Testing, Wireframing. Responsibilities include collaborating with cross-functional teams, delivering high-quality work, and driving design initiatives."
Lead Product Manager,Product & Management,Agile; Market Research; Prioritization; Strategy; User Stories,Lead,"We are seeking a Lead Product Manager to join our Healthcare team. The ideal candidate has 8-14 years of experience and is proficient in Agile, Market Research, Prioritization, Strategy, User Stories. Responsibilities include collaborating with cross-functional teams, delivering high-quality work, and driving product & management initiatives."
Lead HR Specialist,Business,Training; HRIS; Recruitment; Conflict Resolution; Compliance,Lead,"We are seeking a Lead HR Specialist to join our E-commerce team. The ideal candidate has 8-14 years of experience and is proficient in Training, HRIS, Recruitment, Conflict Resolution, Compliance. Responsibilities include collaborating with cross-functional teams, delivering high-quality work, and driving business initiatives."
Mid-level HR Specialist,Business,Performance Management; Training; Conflict Resolution; Employee Relations; Payroll; Compliance,Mid-level,"We are seeking a Mid-level HR Specialist to join our Gaming team. The ideal candidate has 3-6 years of experience and is proficient in Performance Management, Training, Conflict Resolution, Employee Relations, Payroll, Compliance. Responsibilities include collaborating with cross-functional teams, delivering high-quality work, and driving business initiatives."
Intern HR Specialist,Business,Communication; Payroll; Employee Relations; Recruitment; Performance Management; Training,Intern,"We are seeking a Intern HR Specialist to join our Healthcare team. The ideal candidate has 0-1 years of experience and is proficient in Communication, Payroll, Employee Relations, Recruitment, Performance Management, Training. Responsibilities include collaborating with cross-functional teams, delivering high-quality work, and driving business initiatives."
Senior Backend Developer,Software Engineering,Python; REST APIs; GraphQL; Spring Boot; SQL,Senior,"We are seeking a Senior Backend Developer to join our E-commerce team. The ideal candidate has 6-10 years of experience and is proficient in Python, REST APIs, GraphQL, Spring Boot, SQL. Responsibilities include collaborating with cross-functional teams, delivering high-quality work, and driving software engineering initiatives."
Mid-level Product Manager,Product & Management,Analytics; User Stories; Stakeholder Management; Roadmapping; Agile; Strategy; Jira,Mid-level,"We are seeking a Mid-level Product Manager to join our SaaS team. The ideal candidate has 3-6 years of experience and is proficient in Analytics, User Stories, Stakeholder Management, Roadmapping, Agile, Strategy, Jira. Responsibilities include collaborating with cross-functional teams, delivering high-quality work, and driving product & management initiatives."
Mid-level Growth Marketer,Marketing,Growth Hacking; SEO; Email Marketing; Analytics; A/B Testing; Funnel Optimization; Paid Ads,Mid-level,"We are seeking a Mid-level Growth Marketer to join our SaaS team. The ideal candidate has 3-6 years of experience and is proficient in Growth Hacking, SEO, Email Marketing, Analytics, A/B Testing, Funnel Optimization, Paid Ads. Responsibilities include collaborating with cross-functional teams, delivering high-quality work, and driving marketing initiatives."
Junior Product Manager,Product & Management,Analytics; Strategy; Roadmapping; Communication; Prioritization; Stakeholder Management; Agile,Junior,"We are seeking a Junior Product Manager to join our Startup team. The ideal candidate has 1-3 years of experience and is proficient in Analytics, Strategy, Roadmapping, Communication, Prioritization, Stakeholder Management, Agile. Responsibilities include collaborating with cross-functional teams, delivering high-quality work, and driving product & management initiatives."
Lead Sales Engineer,Business,Communication; Customer Success; Negotiation; CRM; Cloud; Technical Sales; APIs,Lead,"We are seeking a Lead Sales Engineer to join our Fintech team. The ideal candidate has 8-14 years of experience and is proficient in Communication, Customer Success, Negotiation, CRM, Cloud, Technical Sales, APIs. Responsibilities include collaborating with cross-functional teams, delivering high-quality work, and driving business initiatives."
Mid-level Data Engineer,Data & AI,Airflow; Hadoop; Python; Kafka; Data Modeling,Mid-level,"We are seeking a Mid-level Data Engineer to join our Fintech team. The ideal candidate has 3-6 years of experience and is proficient in Airflow, Hadoop, Python, Kafka, Data Modeling. Responsibilities include collaborating with cross-functional teams, delivering high-quality work, and driving data & ai initiatives."
Intern Content Strategist,Marketing,Analytics; Editorial Planning; SEO; Brand Voice; Social Media,Intern,"We are seeking a Intern Content Strategist to join our E-commerce team. The ideal candidate has 0-1 years of experience and is proficient in Analytics, Editorial Planning, SEO, Brand Voice, Social Media. Responsibilities include collaborating with cross-functional teams, delivering high-quality work, and driving marketing initiatives."
Lead Database Administrator,Cloud & Infrastructure,Performance Tuning; SQL; Linux; PostgreSQL; Backup & Recovery,Lead,"We are seeking a Lead Database Administrator to join our Startup team. The ideal candidate has 8-14 years of experience and is proficient in Performance Tuning, SQL, Linux, PostgreSQL, Backup & Recovery. Responsibilities include collaborating with cross-functional teams, delivering high-quality work, and driving cloud & infrastructure initiatives."
Intern Growth Marketer,Marketing,Analytics; A/B Testing; Funnel Optimization; Growth Hacking; CRM; SEO; Email Marketing,Intern,"We are seeking a Intern Growth Marketer to join our Fintech team. The ideal candidate has 0-1 years of experience and is proficient in Analytics, A/B Testing, Funnel Optimization, Growth Hacking, CRM, SEO, Email Marketing. Responsibilities include collaborating with cross-functional teams, delivering high-quality work, and driving marketing initiatives."
Lead UX Designer,Design,Usability Testing; Information Architecture; Figma; Wireframing; Design Thinking; Prototyping,Lead,"We are seeking a Lead UX Designer to join our Fintech team. The ideal candidate has 8-14 years of experience and is proficient in Usability Testing, Information Architecture, Figma, Wireframing, Design Thinking, Prototyping. Responsibilities include collaborating with cross-functional teams, delivering high-quality work, and driving design initiatives."
Lead Sales Engineer,Business,Customer Success; Solution Design; Product Demos; APIs; Negotiation; Presentations; Cloud,Lead,"We are seeking a Lead Sales Engineer to join our Startup team. The ideal candidate has 8-14 years of experience and is proficient in Customer Success, Solution Design, Product Demos, APIs, Negotiation, Presentations, Cloud. Responsibilities include collaborating with cross-functional teams, delivering high-quality work, and driving business initiatives."
Principal Data Analyst,Data & AI,A/B Testing; Tableau; Data Cleaning; Reporting; Statistics,Principal,"We are seeking a Principal Data Analyst to join our Startup team. The ideal candidate has 12-20 years of experience and is proficient in A/B Testing, Tableau, Data Cleaning, Reporting, Statistics. Responsibilities include collaborating with cross-functional teams, delivering high-quality work, and driving data & ai initiatives."
Lead Backend Developer,Software Engineering,REST APIs; Node.js; Microservices; Django; Python; GraphQL; SQL,Lead,"We are seeking a Lead Backend Developer to join our Enterprise team. The ideal candidate has 8-14 years of experience and is proficient in REST APIs, Node.js, Microservices, Django, Python, GraphQL, SQL. Responsibilities include collaborating with cross-functional teams, delivering high-quality work, and driving software engineering initiatives."
Lead Business Intelligence Analyst,Data & AI,SQL; Tableau; ETL; Excel; DAX; Power BI; Dashboards,Lead,"We are seeking a Lead Business Intelligence Analyst to join our Healthcare team. The ideal candidate has 8-14 years of experience and is proficient in SQL, Tableau, ETL, Excel, DAX, Power BI, Dashboards. Responsibilities include collaborating with cross-functional teams, delivering high-quality work, and driving data & ai initiatives."
Mid-level Full Stack Developer,Software Engineering,Node.js; MongoDB; React; REST APIs; TypeScript; Git,Mid-level,"We are seeking a Mid-level Full Stack Developer to join our Healthcare team. The ideal candidate has 3-6 years of experience and is proficient in Node.js, MongoDB, React, REST APIs, TypeScript, Git. Responsibilities include collaborating with cross-functional teams, delivering high-quality work, and driving software engineering initiatives."
Principal Product Owner,Product & Management,User Stories; Scrum; Analytics; Backlog Management; Agile,Principal,"We are seeking a Principal Product Owner to join our SaaS team. The ideal candidate has 12-20 years of experience and is proficient in User Stories, Scrum, Analytics, Backlog Management, Agile. Responsibilities include collaborating with cross-functional teams, delivering high-quality work, and driving product & management initiatives."
Lead AI Researcher,Data & AI,Research; Deep Learning; Machine Learning; PyTorch; Python,Lead,"We are seeking a Lead AI Researcher to join our Startup team. The ideal candidate has 8-14 years of experience and is proficient in Research, Deep Learning, Machine Learning, PyTorch, Python. Responsibilities include collaborating with cross-functional teams, delivering high-quality work, and driving data & ai initiatives."
Lead HR Specialist,Business,Recruitment; Conflict Resolution; Communication; HRIS; Compliance; Performance Management; Onboarding,Lead,"We are seeking a Lead HR Specialist to join our Fintech team. The ideal candidate has 8-14 years of experience and is proficient in Recruitment, Conflict Resolution, Communication, HRIS, Compliance, Performance Management, Onboarding. Responsibilities include collaborating with cross-functional teams, delivering high-quality work, and driving business initiatives."
Lead AI Researcher,Data & AI,NLP; TensorFlow; Machine Learning; Mathematics; Research; Python,Lead,"We are seeking a Lead AI Researcher to join our EdTech team. The ideal candidate has 8-14 years of experience and is proficient in NLP, TensorFlow, Machine Learning, Mathematics, Research, Python. Responsibilities include collaborating with cross-functional teams, delivering high-quality work, and driving data & ai initiatives."
Lead Cloud Engineer,Cloud & Infrastructure,Monitoring; Kubernetes; Docker; CloudFormation; AWS; CI/CD,Lead,"We are seeking a Lead Cloud Engineer to join our Startup team. The ideal candidate has 8-14 years of experience and is proficient in Monitoring, Kubernetes, Docker, CloudFormation, AWS, CI/CD. Responsibilities include collaborating with cross-functional teams, delivering high-quality work, and driving cloud & infrastructure initiatives."
Intern Site Reliability Engineer,Software Engineering,Kubernetes; Terraform; Python; Monitoring; Incident Response; Grafana,Intern,"We are seeking a Intern Site Reliability Engineer to join our SaaS team. The ideal candidate has 0-1 years of experience and is proficient in Kubernetes, Terraform, Python, Monitoring, Incident Response, Grafana. Responsibilities include collaborating with cross-functional teams, delivering high-quality work, and driving software engineering initiatives."
Principal Financial Analyst,Business,Budgeting; Accounting; Excel; Valuation; Financial Modeling,Principal,"We are seeking a Principal Financial Analyst to join our E-commerce team. The ideal candidate has 12-20 years of experience and is proficient in Budgeting, Accounting, Excel, Valuation, Financial Modeling. Responsibilities include collaborating with cross-functional teams, delivering high-quality work, and driving business initiatives."
Senior Content Strategist,Marketing,Social Media; Brand Voice; Content Marketing; Editorial Planning; Analytics; Copywriting,Senior,"We are seeking a Senior Content Strategist to join our Healthcare team. The ideal candidate has 6-10 years of experience and is proficient in Social Media, Brand Voice, Content Marketing, Editorial Planning, Analytics, Copywriting. Responsibilities include collaborating with cross-functional teams, delivering high-quality work, and driving marketing initiatives."
Mid-level Sales Engineer,Business,Presentations; Product Demos; Technical Sales; Customer Success; APIs; CRM; Negotiation,Mid-level,"We are seeking a Mid-level Sales Engineer to join our Startup team. The ideal candidate has 3-6 years of experience and is proficient in Presentations, Product Demos, Technical Sales, Customer Success, APIs, CRM, Negotiation. Responsibilities include collaborating with cross-functional teams, delivering high-quality work, and driving business initiatives."
Junior Business Intelligence Analyst,Data & AI,Python; Dashboards; DAX; ETL; Tableau; Excel,Junior,"We are seeking a Junior Business Intelligence Analyst to join our E-commerce team. The ideal candidate has 1-3 years of experience and is proficient in Python, Dashboards, DAX, ETL, Tableau, Excel. Responsibilities include collaborating with cross-functional teams, delivering high-quality work, and driving data & ai initiatives."
Principal Frontend Developer,Software Engineering,TypeScript; JavaScript; Webpack; CSS; Sass,Principal,"We are seeking a Principal Frontend Developer to join our EdTech team. The ideal candidate has 12-20 years of experience and is proficient in TypeScript, JavaScript, Webpack, CSS, Sass. Responsibilities include collaborating with cross-functional teams, delivering high-quality work, and driving software engineering initiatives."
Junior Security Engineer,Cloud & Infrastructure,SIEM; Cybersecurity; Linux; OWASP; Firewalls; Python,Junior,"We are seeking a Junior Security Engineer to join our E-commerce team. The ideal candidate has 1-3 years of experience and is proficient in SIEM, Cybersecurity, Linux, OWASP, Firewalls, Python. Responsibilities include collaborating with cross-functional teams, delivering high-quality work, and driving cloud & infrastructure initiatives."
Mid-level Project Manager,Product & Management,Leadership; Communication; Budgeting; Agile; Planning; Scrum,Mid-level,"We are seeking a Mid-level Project Manager to join our Healthcare team. The ideal candidate has 3-6 years of experience and is proficient in Leadership, Communication, Budgeting, Agile, Planning, Scrum. Responsibilities include collaborating with cross-functional teams, delivering high-quality work, and driving product & management initiatives."
Lead Backend Developer,Software Engineering,REST APIs; Java; Redis; Spring Boot; Python,Lead,"We are seeking a Lead Backend Developer to join our Startup team. The ideal candidate has 8-14 years of experience and is proficient in REST APIs, Java, Redis, Spring Boot, Python. Responsibilities include collaborating with cross-functional teams, delivering high-quality work, and driving software engineering initiatives."
Senior Social Media Manager,Marketing,Canva; Scheduling Tools; Branding; Campaign Management; Analytics; Social Media,Senior,"We are seeking a Senior Social Media Manager to join our Healthcare team. The ideal candidate has 6-10 years of experience and is proficient in Canva, Scheduling Tools, Branding, Campaign Management, Analytics, Social Media. Responsibilities include collaborating with cross-functional teams, delivering high-quality work, and driving marketing initiatives."
Junior Frontend Developer,Software Engineering,Jest; Webpack; React; Sass; HTML; Accessibility; TypeScript,Junior,"We are seeking a Junior Frontend Developer to join our E-commerce team. The ideal candidate has 1-3 years of experience and is proficient in Jest, Webpack, React, Sass, HTML, Accessibility, TypeScript. Responsibilities include collaborating with cross-functional teams, delivering high-quality work, and driving software engineering initiatives."
Lead Business Intelligence Analyst,Data & AI,SQL; DAX; Reporting; Data Warehousing; Tableau; Power BI,Lead,"We are seeking a Lead Business Intelligence Analyst to join our Startup team. The ideal candidate has 8-14 years of experience and is proficient in SQL, DAX, Reporting, Data Warehousing, Tableau, Power BI. Responsibilities include collaborating with cross-functional teams, delivering high-quality work, and driving data & ai initiatives."
Junior Interaction Designer,Design,UX Design; Figma; Motion Design; Design Systems; Wireframing; After Effects,Junior,"We are seeking a Junior Interaction Designer to join our Fintech team. The ideal candidate has 1-3 years of experience and is proficient in UX Design, Figma, Motion Design, Design Systems, Wireframing, After Effects. Responsibilities include collaborating with cross-functional teams, delivering high-quality work, and driving design initiatives."
Lead Program Manager,Product & Management,Agile; Reporting; Communication; Strategy; Budgeting,Lead,"We are seeking a Lead Program Manager to join our EdTech team. The ideal candidate has 8-14 years of experience and is proficient in Agile, Reporting, Communication, Strategy, Budgeting. Responsibilities include collaborating with cross-functional teams, delivering high-quality work, and driving product & management initiatives."
Mid-level DevOps Engineer,Software Engineering,Bash; Docker; Ansible; Linux; CI/CD,Mid-level,"We are seeking a Mid-level DevOps Engineer to join our EdTech team. The ideal candidate has 3-6 years of experience and is proficient in Bash, Docker, Ansible, Linux, CI/CD. Responsibilities include collaborating with cross-functional teams, delivering high-quality work, and driving software engineering initiatives."
Junior DevOps Engineer,Software Engineering,Bash; Linux; Terraform; Monitoring; AWS; Docker,Junior,"We are seeking a Junior DevOps Engineer to join our Startup team. The ideal candidate has 1-3 years of experience and is proficient in Bash, Linux, Terraform, Monitoring, AWS, Docker. Responsibilities include collaborating with cross-functional teams, delivering high-quality work, and driving software engineering initiatives."
Lead Financial Analyst,Business,Financial Modeling; Reporting; Accounting; Analytics; Forecasting; Excel,Lead,"We are seeking a Lead Financial Analyst to join our E-commerce team. The ideal candidate has 8-14 years of experience and is proficient in Financial Modeling, Reporting, Accounting, Analytics, Forecasting, Excel. Responsibilities include collaborating with cross-functional teams, delivering high-quality work, and driving business initiatives."
Senior Site Reliability Engineer,Software Engineering,Linux; Monitoring; Grafana; Kubernetes; Go,Senior,"We are seeking a Senior Site Reliability Engineer to join our Enterprise team. The ideal candidate has 6-10 years of experience and is proficient in Linux, Monitoring, Grafana, Kubernetes, Go. Responsibilities include collaborating with cross-functional teams, delivering high-quality work, and driving software engineering initiatives."
Senior UX Designer,Design,Personas; Prototyping; Figma; Accessibility; Usability Testing,Senior,"We are seeking a Senior UX Designer to join our Startup team. The ideal candidate has 6-10 years of experience and is proficient in Personas, Prototyping, Figma, Accessibility, Usability Testing. Responsibilities include collaborating with cross-functional teams, delivering high-quality work, and driving design initiatives."
Junior Product Designer,Design,Wireframing; User Research; UI Design; Design Systems; Interaction Design; Usability Testing,Junior,"We are seeking a Junior Product Designer to join our Fintech team. The ideal candidate has 1-3 years of experience and is proficient in Wireframing, User Research, UI Design, Design Systems, Interaction Design, Usability Testing. Responsibilities include collaborating with cross-functional teams, delivering high-quality work, and driving design initiatives."
Lead Content Strategist,Marketing,Analytics; Storytelling; Brand Voice; CMS; Content Marketing; Research; Editorial Planning,Lead,"We are seeking a Lead Content Strategist to join our Enterprise team. The ideal candidate has 8-14 years of experience and is proficient in Analytics, Storytelling, Brand Voice, CMS, Content Marketing, Research, Editorial Planning. Responsibilities include collaborating with cross-functional teams, delivering high-quality work, and driving marketing initiatives."
Intern Network Engineer,Cloud & Infrastructure,Switching; Cisco; DNS; VPN; Security,Intern,"We are seeking a Intern Network Engineer to join our Fintech team. The ideal candidate has 0-1 years of experience and is proficient in Switching, Cisco, DNS, VPN, Security. Responsibilities include collaborating with cross-functional teams, delivering high-quality work, and driving cloud & infrastructure initiatives."
Principal Computer Vision Engineer,Data & AI,OpenCV; CUDA; C++; TensorFlow; PyTorch; CNN; Image Processing,Principal,"We are seeking a Principal Computer Vision Engineer to join our EdTech team. The ideal candidate has 12-20 years of experience and is proficient in OpenCV, CUDA, C++, TensorFlow, PyTorch, CNN, Image Processing. Responsibilities include collaborating with cross-functional teams, delivering high-quality work, and driving data & ai initiatives."
Principal Network Engineer,Cloud & Infrastructure,VPN; Switching; Linux; Security; DNS; Firewalls,Principal,"We are seeking a Principal Network Engineer to join our Enterprise team. The ideal candidate has 12-20 years of experience and is proficient in VPN, Switching, Linux, Security, DNS, Firewalls. Responsibilities include collaborating with cross-functional teams, delivering high-quality work, and driving cloud & infrastructure initiatives."
Intern Scrum Master,Product & Management,Facilitation; Coaching; Sprint Planning; Agile; Communication,Intern,"We are seeking a Intern Scrum Master to join our E-commerce team. The ideal candidate has 0-1 years of experience and is proficient in Facilitation, Coaching, Sprint Planning, Agile, Communication. Responsibilities include collaborating with cross-functional teams, delivering high-quality work, and driving product & management initiatives."
Senior Computer Vision Engineer,Data & AI,TensorFlow; Python; CUDA; PyTorch; Image Processing; OpenCV; C++,Senior,"We are seeking a Senior Computer Vision Engineer to join our EdTech team. The ideal candidate has 6-10 years of experience and is proficient in TensorFlow, Python, CUDA, PyTorch, Image Processing, OpenCV, C++. Responsibilities include collaborating with cross-functional teams, delivering high-quality work, and driving data & ai initiatives."
Lead Scrum Master,Product & Management,Retrospectives; Coaching; Kanban; Scrum; Facilitation; Servant Leadership; Communication,Lead,"We are seeking a Lead Scrum Master to join our Startup team. The ideal candidate has 8-14 years of experience and is proficient in Retrospectives, Coaching, Kanban, Scrum, Facilitation, Servant Leadership, Communication. Responsibilities include collaborating with cross-functional teams, delivering high-quality work, and driving product & management initiatives."
Mid-level UI Designer,Design,HTML; Sketch; Prototyping; CSS; Adobe XD; Wireframing,Mid-level,"We are seeking a Mid-level UI Designer to join our Startup team. The ideal candidate has 3-6 years of experience and is proficient in HTML, Sketch, Prototyping, CSS, Adobe XD, Wireframing. Responsibilities include collaborating with cross-functional teams, delivering high-quality work, and driving design initiatives."
Junior Machine Learning Engineer,Data & AI,MLOps; Machine Learning; TensorFlow; Deep Learning; Scikit-learn; SQL,Junior,"We are seeking a Junior Machine Learning Engineer to join our Startup team. The ideal candidate has 1-3 years of experience and is proficient in MLOps, Machine Learning, TensorFlow, Deep Learning, Scikit-learn, SQL. Responsibilities include collaborating with cross-functional teams, delivering high-quality work, and driving data & ai initiatives."
Intern AI Researcher,Data & AI,NLP; Reinforcement Learning; Machine Learning; TensorFlow; Python; Mathematics,Intern,"We are seeking a Intern AI Researcher to join our Healthcare team. The ideal candidate has 0-1 years of experience and is proficient in NLP, Reinforcement Learning, Machine Learning, TensorFlow, Python, Mathematics. Responsibilities include collaborating with cross-functional teams, delivering high-quality work, and driving data & ai initiatives."
Principal NLP Engineer,Data & AI,NLP; PyTorch; Text Mining; Tokenization; Deep Learning,Principal,"We are seeking a Principal NLP Engineer to join our Startup team. The ideal candidate has 12-20 years of experience and is proficient in NLP, PyTorch, Text Mining, Tokenization, Deep Learning. Responsibilities include collaborating with cross-functional teams, delivering high-quality work, and driving data & ai initiatives."
Junior Interaction Designer,Design,Figma; Motion Design; Interaction Design; Design Systems; Prototyping; UX Design; Wireframing,Junior,"We are seeking a Junior Interaction Designer to join our Healthcare team. The ideal candidate has 1-3 years of experience and is proficient in Figma, Motion Design, Interaction Design, Design Systems, Prototyping, UX Design, Wireframing. Responsibilities include collaborating with cross-functional teams, delivering high-quality work, and driving design initiatives."
Intern Machine Learning Engineer,Data & AI,Deep Learning; Python; Docker; Model Deployment; TensorFlow,Intern,"We are seeking a Intern Machine Learning Engineer to join our Fintech team. The ideal candidate has 0-1 years of experience and is proficient in Deep Learning, Python, Docker, Model Deployment, TensorFlow. Responsibilities include collaborating with cross-functional teams, delivering high-quality work, and driving data & ai initiatives."
Principal SEO Specialist,Marketing,Technical SEO; On-page SEO; SEMrush; HTML; SEO; Copywriting,Principal,"We are seeking a Principal SEO Specialist to join our EdTech team. The ideal candidate has 12-20 years of experience and is proficient in Technical SEO, On-page SEO, SEMrush, HTML, SEO, Copywriting. Responsibilities include collaborating with cross-functional teams, delivering high-quality work, and driving marketing initiatives."
Principal Backend Developer,Software Engineering,Django; Redis; Microservices; Java; SQL,Principal,"We are seeking a Principal Backend Developer to join our Healthcare team. The ideal candidate has 12-20 years of experience and is proficient in Django, Redis, Microservices, Java, SQL. Responsibilities include collaborating with cross-functional teams, delivering high-quality work, and driving software engineering initiatives."
Intern Operations Manager,Business,Vendor Management; Analytics; Communication; Process Improvement; Supply Chain; Operations Management; Six Sigma,Intern,"We are seeking a Intern Operations Manager to join our E-commerce team. The ideal candidate has 0-1 years of experience and is proficient in Vendor Management, Analytics, Communication, Process Improvement, Supply Chain, Operations Management, Six Sigma. Responsibilities include collaborating with cross-functional teams, delivering high-quality work, and driving business initiatives."
Junior QA Engineer,Software Engineering,Jira; Selenium; Cypress; Bug Tracking; Manual Testing,Junior,"We are seeking a Junior QA Engineer to join our Enterprise team. The ideal candidate has 1-3 years of experience and is proficient in Jira, Selenium, Cypress, Bug Tracking, Manual Testing. Responsibilities include collaborating with cross-functional teams, delivering high-quality work, and driving software engineering initiatives."
Lead NLP Engineer,Data & AI,Transformers; Tokenization; Deep Learning; spaCy; Machine Learning,Lead,"We are seeking a Lead NLP Engineer to join our E-commerce team. The ideal candidate has 8-14 years of experience and is proficient in Transformers, Tokenization, Deep Learning, spaCy, Machine Learning. Responsibilities include collaborating with cross-functional teams, delivering high-quality work, and driving data & ai initiatives."
Intern Interaction Designer,Design,After Effects; Figma; UX Design; Interaction Design; Prototyping; Wireframing,Intern,"We are seeking a Intern Interaction Designer to join our EdTech team. The ideal candidate has 0-1 years of experience and is proficient in After Effects, Figma, UX Design, Interaction Design, Prototyping, Wireframing. Responsibilities include collaborating with cross-functional teams, delivering high-quality work, and driving design initiatives."
Mid-level Program Manager,Product & Management,Program Management; Risk Management; Budgeting; Strategy; Roadmapping; Agile; Reporting,Mid-level,"We are seeking a Mid-level Program Manager to join our Startup team. The ideal candidate has 3-6 years of experience and is proficient in Program Management, Risk Management, Budgeting, Strategy, Roadmapping, Agile, Reporting. Responsibilities include collaborating with cross-functional teams, delivering high-quality work, and driving product & management initiatives."
Mid-level SEO Specialist,Marketing,Technical SEO; On-page SEO; Content Strategy; Keyword Research; Link Building; Google Analytics,Mid-level,"We are seeking a Mid-level SEO Specialist to join our E-commerce team. The ideal candidate has 3-6 years of experience and is proficient in Technical SEO, On-page SEO, Content Strategy, Keyword Research, Link Building, Google Analytics. Responsibilities include collaborating with cross-functional teams, delivering high-quality work, and driving marketing initiatives."
Senior Computer Vision Engineer,Data & AI,C++; TensorFlow; OpenCV; Python; CNN; PyTorch; Image Processing,Senior,"We are seeking a Senior Computer Vision Engineer to join our Startup team. The ideal candidate has 6-10 years of experience and is proficient in C++, TensorFlow, OpenCV, Python, CNN, PyTorch, Image Processing. Responsibilities include collaborating with cross-functional teams, delivering high-quality work, and driving data & ai initiatives."
Junior UI Designer,Design,Sketch; HTML; Wireframing; Adobe XD; Design Systems; Color Theory,Junior,"We are seeking a Junior UI Designer to join our SaaS team. The ideal candidate has 1-3 years of experience and is proficient in Sketch, HTML, Wireframing, Adobe XD, Design Systems, Color Theory. Responsibilities include collaborating with cross-functional teams, delivering high-quality work, and driving design initiatives."
Principal Site Reliability Engineer,Software Engineering,Python; Monitoring; Linux; Prometheus; Go; Incident Response,Principal,"We are seeking a Principal Site Reliability Engineer to join our Gaming team. The ideal candidate has 12-20 years of experience and is proficient in Python, Monitoring, Linux, Prometheus, Go, Incident Response. Responsibilities include collaborating with cross-functional teams, delivering high-quality work, and driving software engineering initiatives."
Junior Growth Marketer,Marketing,CRM; Email Marketing; Funnel Optimization; SQL; A/B Testing,Junior,"We are seeking a Junior Growth Marketer to join our Startup team. The ideal candidate has 1-3 years of experience and is proficient in CRM, Email Marketing, Funnel Optimization, SQL, A/B Testing. Responsibilities include collaborating with cross-functional teams, delivering high-quality work, and driving marketing initiatives."
Lead Growth Marketer,Marketing,Growth Hacking; SQL; Paid Ads; Analytics; SEO; Funnel Optimization; Experimentation,Lead,"We are seeking a Lead Growth Marketer to join our E-commerce team. The ideal candidate has 8-14 years of experience and is proficient in Growth Hacking, SQL, Paid Ads, Analytics, SEO, Funnel Optimization, Experimentation. Responsibilities include collaborating with cross-functional teams, delivering high-quality work, and driving marketing initiatives."
Principal Data Analyst,Data & AI,SQL; Power BI; Statistics; Pandas; Data Cleaning; Excel; Reporting,Principal,"We are seeking a Principal Data Analyst to join our E-commerce team. The ideal candidate has 12-20 years of experience and is proficient in SQL, Power BI, Statistics, Pandas, Data Cleaning, Excel, Reporting. Responsibilities include collaborating with cross-functional teams, delivering high-quality work, and driving data & ai initiatives."
Lead Product Manager,Product & Management,Analytics; Communication; Market Research; Prioritization; Agile; Jira; Strategy,Lead,"We are seeking a Lead Product Manager to join our Fintech team. The ideal candidate has 8-14 years of experience and is proficient in Analytics, Communication, Market Research, Prioritization, Agile, Jira, Strategy. Responsibilities include collaborating with cross-functional teams, delivering high-quality work, and driving product & management initiatives."
Lead Content Strategist,Marketing,Copywriting; Brand Voice; SEO; Analytics; Research; Storytelling,Lead,"We are seeking a Lead Content Strategist to join our Gaming team. The ideal candidate has 8-14 years of experience and is proficient in Copywriting, Brand Voice, SEO, Analytics, Research, Storytelling. Responsibilities include collaborating with cross-functional teams, delivering high-quality work, and driving marketing initiatives."
Junior DevOps Engineer,Software Engineering,Jenkins; Kubernetes; Terraform; AWS; Bash,Junior,"We are seeking a Junior DevOps Engineer to join our E-commerce team. The ideal candidate has 1-3 years of experience and is proficient in Jenkins, Kubernetes, Terraform, AWS, Bash. Responsibilities include collaborating with cross-functional teams, delivering high-quality work, and driving software engineering initiatives."
Principal AI Researcher,Data & AI,Mathematics; TensorFlow; Machine Learning; PyTorch; Reinforcement Learning; Publications; NLP,Principal,"We are seeking a Principal AI Researcher to join our Healthcare team. The ideal candidate has 12-20 years of experience and is proficient in Mathematics, TensorFlow, Machine Learning, PyTorch, Reinforcement Learning, Publications, NLP. Responsibilities include collaborating with cross-functional teams, delivering high-quality work, and driving data & ai initiatives."
Intern Financial Analyst,Business,Excel; Power BI; Financial Modeling; Budgeting; SQL; Valuation,Intern,"We are seeking a Intern Financial Analyst to join our E-commerce team. The ideal candidate has 0-1 years of experience and is proficient in Excel, Power BI, Financial Modeling, Budgeting, SQL, Valuation. Responsibilities include collaborating with cross-functional teams, delivering high-quality work, and driving business initiatives."
Junior UX Designer,Design,Accessibility; Wireframing; Journey Mapping; Design Thinking; Usability Testing; User Research; Prototyping,Junior,"We are seeking a Junior UX Designer to join our Fintech team. The ideal candidate has 1-3 years of experience and is proficient in Accessibility, Wireframing, Journey Mapping, Design Thinking, Usability Testing, User Research, Prototyping. Responsibilities include collaborating with cross-functional teams, delivering high-quality work, and driving design initiatives."
Senior QA Engineer,Software Engineering,Manual Testing; Jira; Selenium; CI/CD; Test Automation; Postman; Bug Tracking,Senior,"We are seeking a Senior QA Engineer to join our EdTech team. The ideal candidate has 6-10 years of experience and is proficient in Manual Testing, Jira, Selenium, CI/CD, Test Automation, Postman, Bug Tracking. Responsibilities include collaborating with cross-functional teams, delivering high-quality work, and driving software engineering initiatives."
Principal Data Engineer,Data & AI,AWS; Snowflake; Spark; Data Modeling; ETL; SQL,Principal,"We are seeking a Principal Data Engineer to join our Fintech team. The ideal candidate has 12-20 years of experience and is proficient in AWS, Snowflake, Spark, Data Modeling, ETL, SQL. Responsibilities include collaborating with cross-functional teams, delivering high-quality work, and driving data & ai initiatives."
Intern Growth Marketer,Marketing,SQL; Funnel Optimization; Analytics; CRM; Experimentation,Intern,"We are seeking a Intern Growth Marketer to join our Startup team. The ideal candidate has 0-1 years of experience and is proficient in SQL, Funnel Optimization, Analytics, CRM, Experimentation. Responsibilities include collaborating with cross-functional teams, delivering high-quality work, and driving marketing initiatives."
Intern Interaction Designer,Design,Figma; Usability Testing; User Research; Prototyping; Design Systems,Intern,"We are seeking a Intern Interaction Designer to join our Startup team. The ideal candidate has 0-1 years of experience and is proficient in Figma, Usability Testing, User Research, Prototyping, Design Systems. Responsibilities include collaborating with cross-functional teams, delivering high-quality work, and driving design initiatives."
Principal Content Strategist,Marketing,SEO; Brand Voice; Copywriting; Research; Storytelling; Editorial Planning; Analytics,Principal,"We are seeking a Principal Content Strategist to join our Enterprise team. The ideal candidate has 12-20 years of experience and is proficient in SEO, Brand Voice, Copywriting, Research, Storytelling, Editorial Planning, Analytics. Responsibilities include collaborating with cross-functional teams, delivering high-quality work, and driving marketing initiatives."
Principal UI Designer,Design,Design Systems; HTML; Wireframing; Figma; CSS; Typography,Principal,"We are seeking a Principal UI Designer to join our Enterprise team. The ideal candidate has 12-20 years of experience and is proficient in Design Systems, HTML, Wireframing, Figma, CSS, Typography. Responsibilities include collaborating with cross-functional teams, delivering high-quality work, and driving design initiatives."
Lead Mobile Developer,Software Engineering,iOS; Kotlin; UI Design; Firebase; Android SDK,Lead,"We are seeking a Lead Mobile Developer to join our Fintech team. The ideal candidate has 8-14 years of experience and is proficient in iOS, Kotlin, UI Design, Firebase, Android SDK. Responsibilities include collaborating with cross-functional teams, delivering high-quality work, and driving software engineering initiatives."
Mid-level AI Researcher,Data & AI,Python; Publications; Research; Deep Learning; Machine Learning,Mid-level,"We are seeking a Mid-level AI Researcher to join our EdTech team. The ideal candidate has 3-6 years of experience and is proficient in Python, Publications, Research, Deep Learning, Machine Learning. Responsibilities include collaborating with cross-functional teams, delivering high-quality work, and driving data & ai initiatives."
Lead Database Administrator,Cloud & Infrastructure,Backup & Recovery; MySQL; PostgreSQL; Oracle; Security; Performance Tuning,Lead,"We are seeking a Lead Database Administrator to join our Fintech team. The ideal candidate has 8-14 years of experience and is proficient in Backup & Recovery, MySQL, PostgreSQL, Oracle, Security, Performance Tuning. Responsibilities include collaborating with cross-functional teams, delivering high-quality work, and driving cloud & infrastructure initiatives."
Intern Data Scientist,Data & AI,NumPy; Pandas; Python; Jupyter; SQL; Scikit-learn,Intern,"We are seeking a Intern Data Scientist to join our Startup team. The ideal candidate has 0-1 years of experience and is proficient in NumPy, Pandas, Python, Jupyter, SQL, Scikit-learn. Responsibilities include collaborating with cross-functional teams, delivering high-quality work, and driving data & ai initiatives."
Lead Computer Vision Engineer,Data & AI,C++; CUDA; Image Processing; Deep Learning; Machine Learning; OpenCV; PyTorch,Lead,"We are seeking a Lead Computer Vision Engineer to join our Gaming team. The ideal candidate has 8-14 years of experience and is proficient in C++, CUDA, Image Processing, Deep Learning, Machine Learning, OpenCV, PyTorch. Responsibilities include collaborating with cross-functional teams, delivering high-quality work, and driving data & ai initiatives."
Senior Interaction Designer,Design,Wireframing; Interaction Design; Motion Design; Design Systems; After Effects; Figma,Senior,"We are seeking a Senior Interaction Designer to join our Fintech team. The ideal candidate has 6-10 years of experience and is proficient in Wireframing, Interaction Design, Motion Design, Design Systems, After Effects, Figma. Responsibilities include collaborating with cross-functional teams, delivering high-quality work, and driving design initiatives."
Mid-level Game Developer,Software Engineering,Unreal Engine; C++; Optimization; Physics; Unity,Mid-level,"We are seeking a Mid-level Game Developer to join our Enterprise team. The ideal candidate has 3-6 years of experience and is proficient in Unreal Engine, C++, Optimization, Physics, Unity. Responsibilities include collaborating with cross-functional teams, delivering high-quality work, and driving software engineering initiatives."
Intern Product Manager,Product & Management,Communication; Stakeholder Management; Agile; Strategy; Analytics; Roadmapping; User Stories,Intern,"We are seeking a Intern Product Manager to join our Startup team. The ideal candidate has 0-1 years of experience and is proficient in Communication, Stakeholder Management, Agile, Strategy, Analytics, Roadmapping, User Stories. Responsibilities include collaborating with cross-functional teams, delivering high-quality work, and driving product & management initiatives."
Senior Digital Marketing Specialist,Marketing,Analytics; CRM; SEO; A/B Testing; Copywriting; Social Media; Campaign Management,Senior,"We are seeking a Senior Digital Marketing Specialist to join our Gaming team. The ideal candidate has 6-10 years of experience and is proficient in Analytics, CRM, SEO, A/B Testing, Copywriting, Social Media, Campaign Management. Responsibilities include collaborating with cross-functional teams, delivering high-quality work, and driving marketing initiatives."
Lead Project Manager,Product & Management,Scrum; Planning; Communication; Budgeting; Agile,Lead,"We are seeking a Lead Project Manager to join our SaaS team. The ideal candidate has 8-14 years of experience and is proficient in Scrum, Planning, Communication, Budgeting, Agile. Responsibilities include collaborating with cross-functional teams, delivering high-quality work, and driving product & management initiatives."
Intern Product Owner,Product & Management,Stakeholder Management; Analytics; Agile; User Stories; Scrum; Backlog Management; Communication,Intern,"We are seeking a Intern Product Owner to join our Healthcare team. The ideal candidate has 0-1 years of experience and is proficient in Stakeholder Management, Analytics, Agile, User Stories, Scrum, Backlog Management, Communication. Responsibilities include collaborating with cross-functional teams, delivering high-quality work, and driving product & management initiatives."
Senior Digital Marketing Specialist,Marketing,Google Ads; CRM; Analytics; Copywriting; Campaign Management; A/B Testing,Senior,"We are seeking a Senior Digital Marketing Specialist to join our Enterprise team. The ideal candidate has 6-10 years of experience and is proficient in Google Ads, CRM, Analytics, Copywriting, Campaign Management, A/B Testing. Responsibilities include collaborating with cross-functional teams, delivering high-quality work, and driving marketing initiatives."
Mid-level Database Administrator,Cloud & Infrastructure,PostgreSQL; Linux; Security; MySQL; SQL; Performance Tuning,Mid-level,"We are seeking a Mid-level Database Administrator to join our SaaS team. The ideal candidate has 3-6 years of experience and is proficient in PostgreSQL, Linux, Security, MySQL, SQL, Performance Tuning. Responsibilities include collaborating with cross-functional teams, delivering high-quality work, and driving cloud & infrastructure initiatives."
Intern Graphic Designer,Design,Typography; Print Design; Branding; Color Theory; Adobe XD; Illustrator,Intern,"We are seeking a Intern Graphic Designer to join our Enterprise team. The ideal candidate has 0-1 years of experience and is proficient in Typography, Print Design, Branding, Color Theory, Adobe XD, Illustrator. Responsibilities include collaborating with cross-functional teams, delivering high-quality work, and driving design initiatives."
Principal Program Manager,Product & Management,Communication; Budgeting; Roadmapping; Program Management; Reporting; Risk Management,Principal,"We are seeking a Principal Program Manager to join our SaaS team. The ideal candidate has 12-20 years of experience and is proficient in Communication, Budgeting, Roadmapping, Program Management, Reporting, Risk Management. Responsibilities include collaborating with cross-functional teams, delivering high-quality work, and driving product & management initiatives."
Senior Growth Marketer,Marketing,SQL; Funnel Optimization; SEO; Growth Hacking; Email Marketing,Senior,"We are seeking a Senior Growth Marketer to join our SaaS team. The ideal candidate has 6-10 years of experience and is proficient in SQL, Funnel Optimization, SEO, Growth Hacking, Email Marketing. Responsibilities include collaborating with cross-functional teams, delivering high-quality work, and driving marketing initiatives."
Principal NLP Engineer,Data & AI,NLP; Tokenization; BERT; Deep Learning; Python; PyTorch; Machine Learning,Principal,"We are seeking a Principal NLP Engineer to join our E-commerce team. The ideal candidate has 12-20 years of experience and is proficient in NLP, Tokenization, BERT, Deep Learning, Python, PyTorch, Machine Learning. Responsibilities include collaborating with cross-functional teams, delivering high-quality work, and driving data & ai initiatives."
Junior NLP Engineer,Data & AI,NLP; PyTorch; Transformers; BERT; spaCy; Machine Learning; Text Mining,Junior,"We are seeking a Junior NLP Engineer to join our Gaming team. The ideal candidate has 1-3 years of experience and is proficient in NLP, PyTorch, Transformers, BERT, spaCy, Machine Learning, Text Mining. Responsibilities include collaborating with cross-functional teams, delivering high-quality work, and driving data & ai initiatives."
Principal Site Reliability Engineer,Software Engineering,Prometheus; Grafana; Kubernetes; Incident Response; Go,Principal,"We are seeking a Principal Site Reliability Engineer to join our SaaS team. The ideal candidate has 12-20 years of experience and is proficient in Prometheus, Grafana, Kubernetes, Incident Response, Go. Responsibilities include collaborating with cross-functional teams, delivering high-quality work, and driving software engineering initiatives."
Senior HR Specialist,Business,Compliance; Communication; Onboarding; Recruitment; Training; Conflict Resolution,Senior,"We are seeking a Senior HR Specialist to join our E-commerce team. The ideal candidate has 6-10 years of experience and is proficient in Compliance, Communication, Onboarding, Recruitment, Training, Conflict Resolution. Responsibilities include collaborating with cross-functional teams, delivering high-quality work, and driving business initiatives."
Intern Data Engineer,Data & AI,Spark; ETL; Data Modeling; Airflow; Kafka,Intern,"We are seeking a Intern Data Engineer to join our Startup team. The ideal candidate has 0-1 years of experience and is proficient in Spark, ETL, Data Modeling, Airflow, Kafka. Responsibilities include collaborating with cross-functional teams, delivering high-quality work, and driving data & ai initiatives."
Principal Project Manager,Product & Management,Scrum; Jira; Gantt Charts; Leadership; Agile; Budgeting,Principal,"We are seeking a Principal Project Manager to join our Startup team. The ideal candidate has 12-20 years of experience and is proficient in Scrum, Jira, Gantt Charts, Leadership, Agile, Budgeting. Responsibilities include collaborating with cross-functional teams, delivering high-quality work, and driving product & management initiatives."
Intern Software Architect,Software Engineering,Scalability; AWS; REST APIs; Kafka; Design Patterns; Leadership,Intern,"We are seeking a Intern Software Architect to join our E-commerce team. The ideal candidate has 0-1 years of experience and is proficient in Scalability, AWS, REST APIs, Kafka, Design Patterns, Leadership. Responsibilities include collaborating with cross-functional teams, delivering high-quality work, and driving software engineering initiatives."
Intern Digital Marketing Specialist,Marketing,Content Marketing; Google Ads; A/B Testing; Social Media; Campaign Management; SEO; CRM,Intern,"We are seeking a Intern Digital Marketing Specialist to join our Enterprise team. The ideal candidate has 0-1 years of experience and is proficient in Content Marketing, Google Ads, A/B Testing, Social Media, Campaign Management, SEO, CRM. Responsibilities include collaborating with cross-functional teams, delivering high-quality work, and driving marketing initiatives."
Senior SEO Specialist,Marketing,SEMrush; On-page SEO; Copywriting; Keyword Research; Content Strategy,Senior,"We are seeking a Senior SEO Specialist to join our Fintech team. The ideal candidate has 6-10 years of experience and is proficient in SEMrush, On-page SEO, Copywriting, Keyword Research, Content Strategy. Responsibilities include collaborating with cross-functional teams, delivering high-quality work, and driving marketing initiatives."
Senior Program Manager,Product & Management,Agile; Program Management; Roadmapping; Risk Management; Communication; Reporting,Senior,"We are seeking a Senior Program Manager to join our Startup team. The ideal candidate has 6-10 years of experience and is proficient in Agile, Program Management, Roadmapping, Risk Management, Communication, Reporting. Responsibilities include collaborating with cross-functional teams, delivering high-quality work, and driving product & management initiatives."
Lead Growth Marketer,Marketing,SQL; Growth Hacking; A/B Testing; Analytics; Funnel Optimization; Email Marketing,Lead,"We are seeking a Lead Growth Marketer to join our Healthcare team. The ideal candidate has 8-14 years of experience and is proficient in SQL, Growth Hacking, A/B Testing, Analytics, Funnel Optimization, Email Marketing. Responsibilities include collaborating with cross-functional teams, delivering high-quality work, and driving marketing initiatives."
Mid-level Interaction Designer,Design,After Effects; Interaction Design; Wireframing; User Research; Design Systems,Mid-level,"We are seeking a Mid-level Interaction Designer to join our Fintech team. The ideal candidate has 3-6 years of experience and is proficient in After Effects, Interaction Design, Wireframing, User Research, Design Systems. Responsibilities include collaborating with cross-functional teams, delivering high-quality work, and driving design initiatives."
Intern AI Researcher,Data & AI,Publications; Deep Learning; TensorFlow; Machine Learning; NLP; Reinforcement Learning; Research,Intern,"We are seeking a Intern AI Researcher to join our SaaS team. The ideal candidate has 0-1 years of experience and is proficient in Publications, Deep Learning, TensorFlow, Machine Learning, NLP, Reinforcement Learning, Research. Responsibilities include collaborating with cross-functional teams, delivering high-quality work, and driving data & ai initiatives."
Mid-level Digital Marketing Specialist,Marketing,Campaign Management; Content Marketing; SEO; Copywriting; Social Media; Google Ads,Mid-level,"We are seeking a Mid-level Digital Marketing Specialist to join our Startup team. The ideal candidate has 3-6 years of experience and is proficient in Campaign Management, Content Marketing, SEO, Copywriting, Social Media, Google Ads. Responsibilities include collaborating with cross-functional teams, delivering high-quality work, and driving marketing initiatives."
Mid-level DevOps Engineer,Software Engineering,Linux; Monitoring; AWS; Docker; Terraform; Bash; Kubernetes,Mid-level,"We are seeking a Mid-level DevOps Engineer to join our Enterprise team. The ideal candidate has 3-6 years of experience and is proficient in Linux, Monitoring, AWS, Docker, Terraform, Bash, Kubernetes. Responsibilities include collaborating with cross-functional teams, delivering high-quality work, and driving software engineering initiatives."
Principal UX Designer,Design,Usability Testing; User Research; Prototyping; Accessibility; Information Architecture; Journey Mapping,Principal,"We are seeking a Principal UX Designer to join our Startup team. The ideal candidate has 12-20 years of experience and is proficient in Usability Testing, User Research, Prototyping, Accessibility, Information Architecture, Journey Mapping. Responsibilities include collaborating with cross-functional teams, delivering high-quality work, and driving design initiatives."
Principal Cloud Architect,Cloud & Infrastructure,System Design; Azure; Security; Cost Optimization; Terraform; Networking,Principal,"We are seeking a Principal Cloud Architect to join our EdTech team. The ideal candidate has 12-20 years of experience and is proficient in System Design, Azure, Security, Cost Optimization, Terraform, Networking. Responsibilities include collaborating with cross-functional teams, delivering high-quality work, and driving cloud & infrastructure initiatives."
Junior Sales Engineer,Business,Customer Success; Cloud; Solution Design; Technical Sales; Communication,Junior,"We are seeking a Junior Sales Engineer to join our Enterprise team. The ideal candidate has 1-3 years of experience and is proficient in Customer Success, Cloud, Solution Design, Technical Sales, Communication. Responsibilities include collaborating with cross-functional teams, delivering high-quality work, and driving business initiatives."
Senior Data Scientist,Data & AI,Python; Pandas; SQL; Scikit-learn; Jupyter; Machine Learning; Statistics,Senior,"We are seeking a Senior Data Scientist to join our EdTech team. The ideal candidate has 6-10 years of experience and is proficient in Python, Pandas, SQL, Scikit-learn, Jupyter, Machine Learning, Statistics. Responsibilities include collaborating with cross-functional teams, delivering high-quality work, and driving data & ai initiatives."
Intern Security Engineer,Cloud & Infrastructure,Network Security; Encryption; Firewalls; Linux; Python,Intern,"We are seeking a Intern Security Engineer to join our Healthcare team. The ideal candidate has 0-1 years of experience and is proficient in Network Security, Encryption, Firewalls, Linux, Python. Responsibilities include collaborating with cross-functional teams, delivering high-quality work, and driving cloud & infrastructure initiatives."
Principal Operations Manager,Business,Analytics; Communication; Operations Management; Lean; Process Improvement; Budgeting,Principal,"We are seeking a Principal Operations Manager to join our Gaming team. The ideal candidate has 12-20 years of experience and is proficient in Analytics, Communication, Operations Management, Lean, Process Improvement, Budgeting. Responsibilities include collaborating with cross-functional teams, delivering high-quality work, and driving business initiatives."
Mid-level Growth Marketer,Marketing,Experimentation; SQL; Funnel Optimization; CRM; SEO; Growth Hacking,Mid-level,"We are seeking a Mid-level Growth Marketer to join our EdTech team. The ideal candidate has 3-6 years of experience and is proficient in Experimentation, SQL, Funnel Optimization, CRM, SEO, Growth Hacking. Responsibilities include collaborating with cross-functional teams, delivering high-quality work, and driving marketing initiatives."
Senior Backend Developer,Software Engineering,SQL; Python; Django; Node.js; Redis,Senior,"We are seeking a Senior Backend Developer to join our Fintech team. The ideal candidate has 6-10 years of experience and is proficient in SQL, Python, Django, Node.js, Redis. Responsibilities include collaborating with cross-functional teams, delivering high-quality work, and driving software engineering initiatives."
Mid-level Project Manager,Product & Management,Gantt Charts; Leadership; Jira; Communication; Agile; Planning,Mid-level,"We are seeking a Mid-level Project Manager to join our Enterprise team. The ideal candidate has 3-6 years of experience and is proficient in Gantt Charts, Leadership, Jira, Communication, Agile, Planning. Responsibilities include collaborating with cross-functional teams, delivering high-quality work, and driving product & management initiatives."
Senior NLP Engineer,Data & AI,BERT; spaCy; Text Mining; Python; Deep Learning,Senior,"We are seeking a Senior NLP Engineer to join our Startup team. The ideal candidate has 6-10 years of experience and is proficient in BERT, spaCy, Text Mining, Python, Deep Learning. Responsibilities include collaborating with cross-functional teams, delivering high-quality work, and driving data & ai initiatives."
Mid-level Content Strategist,Marketing,Editorial Planning; Social Media; Copywriting; CMS; Research; Brand Voice; Analytics,Mid-level,"We are seeking a Mid-level Content Strategist to join our SaaS team. The ideal candidate has 3-6 years of experience and is proficient in Editorial Planning, Social Media, Copywriting, CMS, Research, Brand Voice, Analytics. Responsibilities include collaborating with cross-functional teams, delivering high-quality work, and driving marketing initiatives."
Senior UI Designer,Design,Color Theory; Sketch; Design Systems; Figma; Wireframing,Senior,"We are seeking a Senior UI Designer to join our E-commerce team. The ideal candidate has 6-10 years of experience and is proficient in Color Theory, Sketch, Design Systems, Figma, Wireframing. Responsibilities include collaborating with cross-functional teams, delivering high-quality work, and driving design initiatives."
Intern Interaction Designer,Design,UX Design; Prototyping; Usability Testing; Interaction Design; Wireframing; User Research; After Effects,Intern,"We are seeking a Intern Interaction Designer to join our Enterprise team. The ideal candidate has 0-1 years of experience and is proficient in UX Design, Prototyping, Usability Testing, Interaction Design, Wireframing, User Research, After Effects. Responsibilities include collaborating with cross-functional teams, delivering high-quality work, and driving design initiatives."
Junior Site Reliability Engineer,Software Engineering,Kubernetes; Go; Monitoring; Python; Linux; Incident Response,Junior,"We are seeking a Junior Site Reliability Engineer to join our Startup team. The ideal candidate has 1-3 years of experience and is proficient in Kubernetes, Go, Monitoring, Python, Linux, Incident Response. Responsibilities include collaborating with cross-functional teams, delivering high-quality work, and driving software engineering initiatives."
Senior Content Strategist,Marketing,Research; SEO; Social Media; Analytics; Copywriting; Content Marketing,Senior,"We are seeking a Senior Content Strategist to join our Fintech team. The ideal candidate has 6-10 years of experience and is proficient in Research, SEO, Social Media, Analytics, Copywriting, Content Marketing. Responsibilities include collaborating with cross-functional teams, delivering high-quality work, and driving marketing initiatives."
Lead Site Reliability Engineer,Software Engineering,Monitoring; Terraform; Incident Response; Linux; Python; Prometheus,Lead,"We are seeking a Lead Site Reliability Engineer to join our Enterprise team. The ideal candidate has 8-14 years of experience and is proficient in Monitoring, Terraform, Incident Response, Linux, Python, Prometheus. Responsibilities include collaborating with cross-functional teams, delivering high-quality work, and driving software engineering initiatives."
Mid-level Interaction Designer,Design,Design Systems; Wireframing; User Research; Interaction Design; Prototyping; After Effects,Mid-level,"We are seeking a Mid-level Interaction Designer to join our SaaS team. The ideal candidate has 3-6 years of experience and is proficient in Design Systems, Wireframing, User Research, Interaction Design, Prototyping, After Effects. Responsibilities include collaborating with cross-functional teams, delivering high-quality work, and driving design initiatives."
Senior Sales Engineer,Business,Cloud; APIs; Negotiation; Presentations; Solution Design; Customer Success,Senior,"We are seeking a Senior Sales Engineer to join our Healthcare team. The ideal candidate has 6-10 years of experience and is proficient in Cloud, APIs, Negotiation, Presentations, Solution Design, Customer Success. Responsibilities include collaborating with cross-functional teams, delivering high-quality work, and driving business initiatives."
Lead UI Designer,Design,CSS; Prototyping; Wireframing; Sketch; Typography; Adobe XD,Lead,"We are seeking a Lead UI Designer to join our Startup team. The ideal candidate has 8-14 years of experience and is proficient in CSS, Prototyping, Wireframing, Sketch, Typography, Adobe XD. Responsibilities include collaborating with cross-functional teams, delivering high-quality work, and driving design initiatives."
Junior Business Intelligence Analyst,Data & AI,ETL; Tableau; Python; DAX; Excel; Reporting; SQL,Junior,"We are seeking a Junior Business Intelligence Analyst to join our Healthcare team. The ideal candidate has 1-3 years of experience and is proficient in ETL, Tableau, Python, DAX, Excel, Reporting, SQL. Responsibilities include collaborating with cross-functional teams, delivering high-quality work, and driving data & ai initiatives."
Intern Social Media Manager,Marketing,Branding; Scheduling Tools; Canva; Campaign Management; Engagement; Copywriting,Intern,"We are seeking a Intern Social Media Manager to join our Gaming team. The ideal candidate has 0-1 years of experience and is proficient in Branding, Scheduling Tools, Canva, Campaign Management, Engagement, Copywriting. Responsibilities include collaborating with cross-functional teams, delivering high-quality work, and driving marketing initiatives."
Principal HR Specialist,Business,Communication; Recruitment; Onboarding; Training; HRIS; Performance Management,Principal,"We are seeking a Principal HR Specialist to join our EdTech team. The ideal candidate has 12-20 years of experience and is proficient in Communication, Recruitment, Onboarding, Training, HRIS, Performance Management. Responsibilities include collaborating with cross-functional teams, delivering high-quality work, and driving business initiatives."
Lead Operations Manager,Business,Operations Management; Budgeting; Leadership; Lean; Process Improvement,Lead,"We are seeking a Lead Operations Manager to join our Startup team. The ideal candidate has 8-14 years of experience and is proficient in Operations Management, Budgeting, Leadership, Lean, Process Improvement. Responsibilities include collaborating with cross-functional teams, delivering high-quality work, and driving business initiatives."
Principal Full Stack Developer,Software Engineering,SQL; Node.js; JavaScript; MongoDB; Git; React,Principal,"We are seeking a Principal Full Stack Developer to join our Fintech team. The ideal candidate has 12-20 years of experience and is proficient in SQL, Node.js, JavaScript, MongoDB, Git, React. Responsibilities include collaborating with cross-functional teams, delivering high-quality work, and driving software engineering initiatives."
Lead Interaction Designer,Design,Figma; Wireframing; Usability Testing; UX Design; User Research; After Effects; Prototyping,Lead,"We are seeking a Lead Interaction Designer to join our Healthcare team. The ideal candidate has 8-14 years of experience and is proficient in Figma, Wireframing, Usability Testing, UX Design, User Research, After Effects, Prototyping. Responsibilities include collaborating with cross-functional teams, delivering high-quality work, and driving design initiatives."
Principal Site Reliability Engineer,Software Engineering,Go; Incident Response; Linux; Python; Terraform; Grafana; Kubernetes,Principal,"We are seeking a Principal Site Reliability Engineer to join our E-commerce team. The ideal candidate has 12-20 years of experience and is proficient in Go, Incident Response, Linux, Python, Terraform, Grafana, Kubernetes. Responsibilities include collaborating with cross-functional teams, delivering high-quality work, and driving software engineering initiatives."
Lead Security Engineer,Cloud & Infrastructure,Python; Network Security; Linux; Encryption; Cybersecurity; Incident Response,Lead,"We are seeking a Lead Security Engineer to join our SaaS team. The ideal candidate has 8-14 years of experience and is proficient in Python, Network Security, Linux, Encryption, Cybersecurity, Incident Response. Responsibilities include collaborating with cross-functional teams, delivering high-quality work, and driving cloud & infrastructure initiatives."
Junior Sales Engineer,Business,Negotiation; Communication; Customer Success; Presentations; CRM; Product Demos; Solution Design,Junior,"We are seeking a Junior Sales Engineer to join our Healthcare team. The ideal candidate has 1-3 years of experience and is proficient in Negotiation, Communication, Customer Success, Presentations, CRM, Product Demos, Solution Design. Responsibilities include collaborating with cross-functional teams, delivering high-quality work, and driving business initiatives."
Principal Financial Analyst,Business,Forecasting; Valuation; Power BI; Excel; SQL; Financial Modeling; Budgeting,Principal,"We are seeking a Principal Financial Analyst to join our Fintech team. The ideal candidate has 12-20 years of experience and is proficient in Forecasting, Valuation, Power BI, Excel, SQL, Financial Modeling, Budgeting. Responsibilities include collaborating with cross-functional teams, delivering high-quality work, and driving business initiatives."
Senior Graphic Designer,Design,Creativity; Illustrator; Color Theory; Photoshop; Typography,Senior,"We are seeking a Senior Graphic Designer to join our SaaS team. The ideal candidate has 6-10 years of experience and is proficient in Creativity, Illustrator, Color Theory, Photoshop, Typography. Responsibilities include collaborating with cross-functional teams, delivering high-quality work, and driving design initiatives."
Junior Game Developer,Software Engineering,OpenGL; 3D Math; C++; C#; Optimization; Game Design,Junior,"We are seeking a Junior Game Developer to join our Healthcare team. The ideal candidate has 1-3 years of experience and is proficient in OpenGL, 3D Math, C++, C#, Optimization, Game Design. Responsibilities include collaborating with cross-functional teams, delivering high-quality work, and driving software engineering initiatives."
Senior Financial Analyst,Business,SQL; Power BI; Accounting; Financial Modeling; Excel,Senior,"We are seeking a Senior Financial Analyst to join our Fintech team. The ideal candidate has 6-10 years of experience and is proficient in SQL, Power BI, Accounting, Financial Modeling, Excel. Responsibilities include collaborating with cross-functional teams, delivering high-quality work, and driving business initiatives."
Mid-level Business Analyst,Business,Communication; Requirements Gathering; Stakeholder Management; Process Modeling; Data Analysis; Documentation,Mid-level,"We are seeking a Mid-level Business Analyst to join our SaaS team. The ideal candidate has 3-6 years of experience and is proficient in Communication, Requirements Gathering, Stakeholder Management, Process Modeling, Data Analysis, Documentation. Responsibilities include collaborating with cross-functional teams, delivering high-quality work, and driving business initiatives."
Junior Database Administrator,Cloud & Infrastructure,PostgreSQL; Performance Tuning; Oracle; Security; Backup & Recovery; SQL,Junior,"We are seeking a Junior Database Administrator to join our Startup team. The ideal candidate has 1-3 years of experience and is proficient in PostgreSQL, Performance Tuning, Oracle, Security, Backup & Recovery, SQL. Responsibilities include collaborating with cross-functional teams, delivering high-quality work, and driving cloud & infrastructure initiatives."
Senior Product Owner,Product & Management,Agile; Roadmapping; Communication; Backlog Management; Jira; User Stories; Stakeholder Management,Senior,"We are seeking a Senior Product Owner to join our Enterprise team. The ideal candidate has 6-10 years of experience and is proficient in Agile, Roadmapping, Communication, Backlog Management, Jira, User Stories, Stakeholder Management. Responsibilities include collaborating with cross-functional teams, delivering high-quality work, and driving product & management initiatives."
Principal Business Analyst,Business,Documentation; Communication; UML; Excel; SQL; Stakeholder Management; Process Modeling,Principal,"We are seeking a Principal Business Analyst to join our Healthcare team. The ideal candidate has 12-20 years of experience and is proficient in Documentation, Communication, UML, Excel, SQL, Stakeholder Management, Process Modeling. Responsibilities include collaborating with cross-functional teams, delivering high-quality work, and driving business initiatives."
Senior Scrum Master,Product & Management,Scrum; Agile; Kanban; Jira; Communication; Coaching; Retrospectives,Senior,"We are seeking a Senior Scrum Master to join our Fintech team. The ideal candidate has 6-10 years of experience and is proficient in Scrum, Agile, Kanban, Jira, Communication, Coaching, Retrospectives. Responsibilities include collaborating with cross-functional teams, delivering high-quality work, and driving product & management initiatives."
Mid-level Full Stack Developer,Software Engineering,MongoDB; Docker; React; Python; Node.js,Mid-level,"We are seeking a Mid-level Full Stack Developer to join our SaaS team. The ideal candidate has 3-6 years of experience and is proficient in MongoDB, Docker, React, Python, Node.js. Responsibilities include collaborating with cross-functional teams, delivering high-quality work, and driving software engineering initiatives."
Junior Computer Vision Engineer,Data & AI,CNN; Python; Image Processing; CUDA; TensorFlow; Deep Learning; Machine Learning,Junior,"We are seeking a Junior Computer Vision Engineer to join our Healthcare team. The ideal candidate has 1-3 years of experience and is proficient in CNN, Python, Image Processing, CUDA, TensorFlow, Deep Learning, Machine Learning. Responsibilities include collaborating with cross-functional teams, delivering high-quality work, and driving data & ai initiatives."
Intern Social Media Manager,Marketing,Copywriting; Community Management; Campaign Management; Engagement; Social Media,Intern,"We are seeking a Intern Social Media Manager to join our Startup team. The ideal candidate has 0-1 years of experience and is proficient in Copywriting, Community Management, Campaign Management, Engagement, Social Media. Responsibilities include collaborating with cross-functional teams, delivering high-quality work, and driving marketing initiatives."
Principal Interaction Designer,Design,Motion Design; After Effects; Figma; Wireframing; Usability Testing,Principal,"We are seeking a Principal Interaction Designer to join our E-commerce team. The ideal candidate has 12-20 years of experience and is proficient in Motion Design, After Effects, Figma, Wireframing, Usability Testing. Responsibilities include collaborating with cross-functional teams, delivering high-quality work, and driving design initiatives."
Lead UI Designer,Design,Prototyping; Design Systems; Sketch; HTML; Typography,Lead,"We are seeking a Lead UI Designer to join our EdTech team. The ideal candidate has 8-14 years of experience and is proficient in Prototyping, Design Systems, Sketch, HTML, Typography. Responsibilities include collaborating with cross-functional teams, delivering high-quality work, and driving design initiatives."
Principal Mobile Developer,Software Engineering,Firebase; Swift; Flutter; Kotlin; React Native; REST APIs; UI Design,Principal,"We are seeking a Principal Mobile Developer to join our Gaming team. The ideal candidate has 12-20 years of experience and is proficient in Firebase, Swift, Flutter, Kotlin, React Native, REST APIs, UI Design. Responsibilities include collaborating with cross-functional teams, delivering high-quality work, and driving software engineering initiatives."
Junior Cloud Architect,Cloud & Infrastructure,Azure; AWS; GCP; Networking; Security,Junior,"We are seeking a Junior Cloud Architect to join our Startup team. The ideal candidate has 1-3 years of experience and is proficient in Azure, AWS, GCP, Networking, Security. Responsibilities include collaborating with cross-functional teams, delivering high-quality work, and driving cloud & infrastructure initiatives."
Lead NLP Engineer,Data & AI,NLP; Transformers; PyTorch; Deep Learning; Text Mining; Machine Learning; BERT,Lead,"We are seeking a Lead NLP Engineer to join our Fintech team. The ideal candidate has 8-14 years of experience and is proficient in NLP, Transformers, PyTorch, Deep Learning, Text Mining, Machine Learning, BERT. Responsibilities include collaborating with cross-functional teams, delivering high-quality work, and driving data & ai initiatives."
Intern Product Designer,Design,Wireframing; Figma; Usability Testing; UX Design; UI Design; Interaction Design,Intern,"We are seeking a Intern Product Designer to join our Fintech team. The ideal candidate has 0-1 years of experience and is proficient in Wireframing, Figma, Usability Testing, UX Design, UI Design, Interaction Design. Responsibilities include collaborating with cross-functional teams, delivering high-quality work, and driving design initiatives."
Senior HR Specialist,Business,Conflict Resolution; Onboarding; Recruitment; Compliance; Performance Management,Senior,"We are seeking a Senior HR Specialist to join our EdTech team. The ideal candidate has 6-10 years of experience and is proficient in Conflict Resolution, Onboarding, Recruitment, Compliance, Performance Management. Responsibilities include collaborating with cross-functional teams, delivering high-quality work, and driving business initiatives."
Junior Business Intelligence Analyst,Data & AI,Python; Power BI; DAX; Excel; ETL; Tableau,Junior,"We are seeking a Junior Business Intelligence Analyst to join our Fintech team. The ideal candidate has 1-3 years of experience and is proficient in Python, Power BI, DAX, Excel, ETL, Tableau. Responsibilities include collaborating with cross-functional teams, delivering high-quality work, and driving data & ai initiatives."
Junior Business Analyst,Business,SQL; Stakeholder Management; Data Analysis; Process Modeling; Agile; Requirements Gathering; Documentation,Junior,"We are seeking a Junior Business Analyst to join our Healthcare team. The ideal candidate has 1-3 years of experience and is proficient in SQL, Stakeholder Management, Data Analysis, Process Modeling, Agile, Requirements Gathering, Documentation. Responsibilities include collaborating with cross-functional teams, delivering high-quality work, and driving business initiatives."
Mid-level Social Media Manager,Marketing,Branding; Community Management; Analytics; Campaign Management; Engagement,Mid-level,"We are seeking a Mid-level Social Media Manager to join our Enterprise team. The ideal candidate has 3-6 years of experience and is proficient in Branding, Community Management, Analytics, Campaign Management, Engagement. Responsibilities include collaborating with cross-functional teams, delivering high-quality work, and driving marketing initiatives."
Junior Full Stack Developer,Software Engineering,SQL; Node.js; TypeScript; MongoDB; Docker; Git; JavaScript,Junior,"We are seeking a Junior Full Stack Developer to join our Gaming team. The ideal candidate has 1-3 years of experience and is proficient in SQL, Node.js, TypeScript, MongoDB, Docker, Git, JavaScript. Responsibilities include collaborating with cross-functional teams, delivering high-quality work, and driving software engineering initiatives."
Junior Growth Marketer,Marketing,Experimentation; Analytics; A/B Testing; Growth Hacking; Email Marketing; Paid Ads; SEO,Junior,"We are seeking a Junior Growth Marketer to join our Gaming team. The ideal candidate has 1-3 years of experience and is proficient in Experimentation, Analytics, A/B Testing, Growth Hacking, Email Marketing, Paid Ads, SEO. Responsibilities include collaborating with cross-functional teams, delivering high-quality work, and driving marketing initiatives."
Principal Cloud Architect,Cloud & Infrastructure,Microservices; Azure; Terraform; Cost Optimization; Kubernetes; GCP; Networking,Principal,"We are seeking a Principal Cloud Architect to join our Fintech team. The ideal candidate has 12-20 years of experience and is proficient in Microservices, Azure, Terraform, Cost Optimization, Kubernetes, GCP, Networking. Responsibilities include collaborating with cross-functional teams, delivering high-quality work, and driving cloud & infrastructure initiatives."
Senior Database Administrator,Cloud & Infrastructure,Linux; MySQL; Security; PostgreSQL; Replication; Backup & Recovery,Senior,"We are seeking a Senior Database Administrator to join our SaaS team. The ideal candidate has 6-10 years of experience and is proficient in Linux, MySQL, Security, PostgreSQL, Replication, Backup & Recovery. Responsibilities include collaborating with cross-functional teams, delivering high-quality work, and driving cloud & infrastructure initiatives."
Lead Mobile Developer,Software Engineering,React Native; Swift; Flutter; iOS; Android SDK; Kotlin,Lead,"We are seeking a Lead Mobile Developer to join our Gaming team. The ideal candidate has 8-14 years of experience and is proficient in React Native, Swift, Flutter, iOS, Android SDK, Kotlin. Responsibilities include collaborating with cross-functional teams, delivering high-quality work, and driving software engineering initiatives."
Junior Mobile Developer,Software Engineering,REST APIs; Git; Swift; Flutter; iOS; Kotlin; Firebase,Junior,"We are seeking a Junior Mobile Developer to join our Startup team. The ideal candidate has 1-3 years of experience and is proficient in REST APIs, Git, Swift, Flutter, iOS, Kotlin, Firebase. Responsibilities include collaborating with cross-functional teams, delivering high-quality work, and driving software engineering initiatives."
Mid-level Software Architect,Software Engineering,Design Patterns; Scalability; Kafka; Java; Microservices,Mid-level,"We are seeking a Mid-level Software Architect to join our SaaS team. The ideal candidate has 3-6 years of experience and is proficient in Design Patterns, Scalability, Kafka, Java, Microservices. Responsibilities include collaborating with cross-functional teams, delivering high-quality work, and driving software engineering initiatives."
Mid-level AI Researcher,Data & AI,Research; Deep Learning; Mathematics; NLP; Python; Reinforcement Learning; PyTorch,Mid-level,"We are seeking a Mid-level AI Researcher to join our Enterprise team. The ideal candidate has 3-6 years of experience and is proficient in Research, Deep Learning, Mathematics, NLP, Python, Reinforcement Learning, PyTorch. Responsibilities include collaborating with cross-functional teams, delivering high-quality work, and driving data & ai initiatives."
Junior Network Engineer,Cloud & Infrastructure,Linux; Routing; VPN; DNS; Security; TCP/IP,Junior,"We are seeking a Junior Network Engineer to join our E-commerce team. The ideal candidate has 1-3 years of experience and is proficient in Linux, Routing, VPN, DNS, Security, TCP/IP. Responsibilities include collaborating with cross-functional teams, delivering high-quality work, and driving cloud & infrastructure initiatives."
Intern Data Analyst,Data & AI,A/B Testing; Statistics; Reporting; Power BI; Excel; SQL; Tableau,Intern,"We are seeking a Intern Data Analyst to join our Enterprise team. The ideal candidate has 0-1 years of experience and is proficient in A/B Testing, Statistics, Reporting, Power BI, Excel, SQL, Tableau. Responsibilities include collaborating with cross-functional teams, delivering high-quality work, and driving data & ai initiatives."
Mid-level Scrum Master,Product & Management,Jira; Sprint Planning; Coaching; Communication; Facilitation,Mid-level,"We are seeking a Mid-level Scrum Master to join our SaaS team. The ideal candidate has 3-6 years of experience and is proficient in Jira, Sprint Planning, Coaching, Communication, Facilitation. Responsibilities include collaborating with cross-functional teams, delivering high-quality work, and driving product & management initiatives."
Intern Site Reliability Engineer,Software Engineering,Terraform; AWS; Go; Linux; Grafana,Intern,"We are seeking a Intern Site Reliability Engineer to join our Fintech team. The ideal candidate has 0-1 years of experience and is proficient in Terraform, AWS, Go, Linux, Grafana. Responsibilities include collaborating with cross-functional teams, delivering high-quality work, and driving software engineering initiatives."
Principal Security Engineer,Cloud & Infrastructure,Incident Response; OWASP; Penetration Testing; Network Security; Linux; Encryption,Principal,"We are seeking a Principal Security Engineer to join our Fintech team. The ideal candidate has 12-20 years of experience and is proficient in Incident Response, OWASP, Penetration Testing, Network Security, Linux, Encryption. Responsibilities include collaborating with cross-functional teams, delivering high-quality work, and driving cloud & infrastructure initiatives."
Lead Mobile Developer,Software Engineering,Android SDK; Flutter; React Native; Git; iOS,Lead,"We are seeking a Lead Mobile Developer to join our EdTech team. The ideal candidate has 8-14 years of experience and is proficient in Android SDK, Flutter, React Native, Git, iOS. Responsibilities include collaborating with cross-functional teams, delivering high-quality work, and driving software engineering initiatives."
Mid-level Cloud Architect,Cloud & Infrastructure,Azure; Cost Optimization; AWS; Networking; Terraform; Security; System Design,Mid-level,"We are seeking a Mid-level Cloud Architect to join our Healthcare team. The ideal candidate has 3-6 years of experience and is proficient in Azure, Cost Optimization, AWS, Networking, Terraform, Security, System Design. Responsibilities include collaborating with cross-functional teams, delivering high-quality work, and driving cloud & infrastructure initiatives."
Intern Program Manager,Product & Management,Risk Management; Program Management; Budgeting; Strategy; Communication; Leadership; Stakeholder Management,Intern,"We are seeking a Intern Program Manager to join our E-commerce team. The ideal candidate has 0-1 years of experience and is proficient in Risk Management, Program Management, Budgeting, Strategy, Communication, Leadership, Stakeholder Management. Responsibilities include collaborating with cross-functional teams, delivering high-quality work, and driving product & management initiatives."
Intern Program Manager,Product & Management,Communication; Risk Management; Budgeting; Stakeholder Management; Reporting; Strategy,Intern,"We are seeking a Intern Program Manager to join our Fintech team. The ideal candidate has 0-1 years of experience and is proficient in Communication, Risk Management, Budgeting, Stakeholder Management, Reporting, Strategy. Responsibilities include collaborating with cross-functional teams, delivering high-quality work, and driving product & management initiatives."
Lead Business Intelligence Analyst,Data & AI,Power BI; Excel; ETL; DAX; SQL; Dashboards; Python,Lead,"We are seeking a Lead Business Intelligence Analyst to join our EdTech team. The ideal candidate has 8-14 years of experience and is proficient in Power BI, Excel, ETL, DAX, SQL, Dashboards, Python. Responsibilities include collaborating with cross-functional teams, delivering high-quality work, and driving data & ai initiatives."
Senior Sales Engineer,Business,Product Demos; Customer Success; Cloud; CRM; Negotiation; Solution Design; Presentations,Senior,"We are seeking a Senior Sales Engineer to join our SaaS team. The ideal candidate has 6-10 years of experience and is proficient in Product Demos, Customer Success, Cloud, CRM, Negotiation, Solution Design, Presentations. Responsibilities include collaborating with cross-functional teams, delivering high-quality work, and driving business initiatives."
Principal Network Engineer,Cloud & Infrastructure,Linux; Routing; Networking; TCP/IP; Firewalls; Switching; Security,Principal,"We are seeking a Principal Network Engineer to join our Fintech team. The ideal candidate has 12-20 years of experience and is proficient in Linux, Routing, Networking, TCP/IP, Firewalls, Switching, Security. Responsibilities include collaborating with cross-functional teams, delivering high-quality work, and driving cloud & infrastructure initiatives."
Intern Growth Marketer,Marketing,Funnel Optimization; SEO; Growth Hacking; CRM; A/B Testing; Paid Ads,Intern,"We are seeking a Intern Growth Marketer to join our E-commerce team. The ideal candidate has 0-1 years of experience and is proficient in Funnel Optimization, SEO, Growth Hacking, CRM, A/B Testing, Paid Ads. Responsibilities include collaborating with cross-functional teams, delivering high-quality work, and driving marketing initiatives."
Senior Network Engineer,Cloud & Infrastructure,Switching; Linux; DNS; Networking; Security; Cisco,Senior,"We are seeking a Senior Network Engineer to join our E-commerce team. The ideal candidate has 6-10 years of experience and is proficient in Switching, Linux, DNS, Networking, Security, Cisco. Responsibilities include collaborating with cross-functional teams, delivering high-quality work, and driving cloud & infrastructure initiatives."
Intern Product Owner,Product & Management,Communication; Stakeholder Management; Jira; Analytics; Roadmapping,Intern,"We are seeking a Intern Product Owner to join our Fintech team. The ideal candidate has 0-1 years of experience and is proficient in Communication, Stakeholder Management, Jira, Analytics, Roadmapping. Responsibilities include collaborating with cross-functional teams, delivering high-quality work, and driving product & management initiatives."
Mid-level Digital Marketing Specialist,Marketing,Content Marketing; Campaign Management; CRM; A/B Testing; Analytics; SEO; Copywriting,Mid-level,"We are seeking a Mid-level Digital Marketing Specialist to join our E-commerce team. The ideal candidate has 3-6 years of experience and is proficient in Content Marketing, Campaign Management, CRM, A/B Testing, Analytics, SEO, Copywriting. Responsibilities include collaborating with cross-functional teams, delivering high-quality work, and driving marketing initiatives."
Senior Site Reliability Engineer,Software Engineering,Linux; Go; Incident Response; Grafana; AWS; Monitoring,Senior,"We are seeking a Senior Site Reliability Engineer to join our Startup team. The ideal candidate has 6-10 years of experience and is proficient in Linux, Go, Incident Response, Grafana, AWS, Monitoring. Responsibilities include collaborating with cross-functional teams, delivering high-quality work, and driving software engineering initiatives."
Senior Database Administrator,Cloud & Infrastructure,Security; SQL; MySQL; Oracle; PostgreSQL; Performance Tuning,Senior,"We are seeking a Senior Database Administrator to join our EdTech team. The ideal candidate has 6-10 years of experience and is proficient in Security, SQL, MySQL, Oracle, PostgreSQL, Performance Tuning. Responsibilities include collaborating with cross-functional teams, delivering high-quality work, and driving cloud & infrastructure initiatives."
Principal Game Developer,Software Engineering,OpenGL; 3D Math; Unreal Engine; C#; Shaders,Principal,"We are seeking a Principal Game Developer to join our E-commerce team. The ideal candidate has 12-20 years of experience and is proficient in OpenGL, 3D Math, Unreal Engine, C#, Shaders. Responsibilities include collaborating with cross-functional teams, delivering high-quality work, and driving software engineering initiatives."
Principal Game Developer,Software Engineering,Physics; C#; Unreal Engine; Game Design; C++,Principal,"We are seeking a Principal Game Developer to join our EdTech team. The ideal candidate has 12-20 years of experience and is proficient in Physics, C#, Unreal Engine, Game Design, C++. Responsibilities include collaborating with cross-functional teams, delivering high-quality work, and driving software engineering initiatives."
Intern Backend Developer,Software Engineering,Java; Redis; Microservices; SQL; GraphQL; REST APIs; Django,Intern,"We are seeking a Intern Backend Developer to join our Healthcare team. The ideal candidate has 0-1 years of experience and is proficient in Java, Redis, Microservices, SQL, GraphQL, REST APIs, Django. Responsibilities include collaborating with cross-functional teams, delivering high-quality work, and driving software engineering initiatives."
Senior Program Manager,Product & Management,Communication; Program Management; Risk Management; Reporting; Stakeholder Management; Budgeting; Agile,Senior,"We are seeking a Senior Program Manager to join our Enterprise team. The ideal candidate has 6-10 years of experience and is proficient in Communication, Program Management, Risk Management, Reporting, Stakeholder Management, Budgeting, Agile. Responsibilities include collaborating with cross-functional teams, delivering high-quality work, and driving product & management initiatives."
Senior Business Intelligence Analyst,Data & AI,Python; SQL; Tableau; Dashboards; Power BI,Senior,"We are seeking a Senior Business Intelligence Analyst to join our EdTech team. The ideal candidate has 6-10 years of experience and is proficient in Python, SQL, Tableau, Dashboards, Power BI. Responsibilities include collaborating with cross-functional teams, delivering high-quality work, and driving data & ai initiatives."
Intern Database Administrator,Cloud & Infrastructure,MySQL; Linux; Replication; Backup & Recovery; MongoDB; SQL,Intern,"We are seeking a Intern Database Administrator to join our SaaS team. The ideal candidate has 0-1 years of experience and is proficient in MySQL, Linux, Replication, Backup & Recovery, MongoDB, SQL. Responsibilities include collaborating with cross-functional teams, delivering high-quality work, and driving cloud & infrastructure initiatives."
Lead NLP Engineer,Data & AI,PyTorch; NLP; Transformers; BERT; Tokenization; Text Mining; Machine Learning,Lead,"We are seeking a Lead NLP Engineer to join our Healthcare team. The ideal candidate has 8-14 years of experience and is proficient in PyTorch, NLP, Transformers, BERT, Tokenization, Text Mining, Machine Learning. Responsibilities include collaborating with cross-functional teams, delivering high-quality work, and driving data & ai initiatives."
Lead Machine Learning Engineer,Data & AI,Scikit-learn; Machine Learning; PyTorch; SQL; MLOps,Lead,"We are seeking a Lead Machine Learning Engineer to join our E-commerce team. The ideal candidate has 8-14 years of experience and is proficient in Scikit-learn, Machine Learning, PyTorch, SQL, MLOps. Responsibilities include collaborating with cross-functional teams, delivering high-quality work, and driving data & ai initiatives."
Mid-level Operations Manager,Business,Communication; Vendor Management; Leadership; Process Improvement; Analytics,Mid-level,"We are seeking a Mid-level Operations Manager to join our Gaming team. The ideal candidate has 3-6 years of experience and is proficient in Communication, Vendor Management, Leadership, Process Improvement, Analytics. Responsibilities include collaborating with cross-functional teams, delivering high-quality work, and driving business initiatives."
Lead Financial Analyst,Business,SQL; Power BI; Excel; Reporting; Forecasting; Analytics; Budgeting,Lead,"We are seeking a Lead Financial Analyst to join our Gaming team. The ideal candidate has 8-14 years of experience and is proficient in SQL, Power BI, Excel, Reporting, Forecasting, Analytics, Budgeting. Responsibilities include collaborating with cross-functional teams, delivering high-quality work, and driving business initiatives."
Junior Game Developer,Software Engineering,Unity; Unreal Engine; Shaders; Game Design; C#,Junior,"We are seeking a Junior Game Developer to join our Startup team. The ideal candidate has 1-3 years of experience and is proficient in Unity, Unreal Engine, Shaders, Game Design, C#. Responsibilities include collaborating with cross-functional teams, delivering high-quality work, and driving software engineering initiatives."
Principal Content Strategist,Marketing,Copywriting; SEO; Brand Voice; Storytelling; CMS; Content Marketing; Analytics,Principal,"We are seeking a Principal Content Strategist to join our Fintech team. The ideal candidate has 12-20 years of experience and is proficient in Copywriting, SEO, Brand Voice, Storytelling, CMS, Content Marketing, Analytics. Responsibilities include collaborating with cross-functional teams, delivering high-quality work, and driving marketing initiatives."
Junior SEO Specialist,Marketing,On-page SEO; Google Analytics; SEO; SEMrush; Technical SEO,Junior,"We are seeking a Junior SEO Specialist to join our Gaming team. The ideal candidate has 1-3 years of experience and is proficient in On-page SEO, Google Analytics, SEO, SEMrush, Technical SEO. Responsibilities include collaborating with cross-functional teams, delivering high-quality work, and driving marketing initiatives."
Junior Financial Analyst,Business,Budgeting; Reporting; Analytics; Accounting; Financial Modeling; Valuation; Forecasting,Junior,"We are seeking a Junior Financial Analyst to join our SaaS team. The ideal candidate has 1-3 years of experience and is proficient in Budgeting, Reporting, Analytics, Accounting, Financial Modeling, Valuation, Forecasting. Responsibilities include collaborating with cross-functional teams, delivering high-quality work, and driving business initiatives."
Principal Business Analyst,Business,Data Analysis; Agile; Documentation; Stakeholder Management; Communication,Principal,"We are seeking a Principal Business Analyst to join our Fintech team. The ideal candidate has 12-20 years of experience and is proficient in Data Analysis, Agile, Documentation, Stakeholder Management, Communication. Responsibilities include collaborating with cross-functional teams, delivering high-quality work, and driving business initiatives."
Intern Database Administrator,Cloud & Infrastructure,Security; PostgreSQL; Replication; Linux; MySQL; Oracle; MongoDB,Intern,"We are seeking a Intern Database Administrator to join our Fintech team. The ideal candidate has 0-1 years of experience and is proficient in Security, PostgreSQL, Replication, Linux, MySQL, Oracle, MongoDB. Responsibilities include collaborating with cross-functional teams, delivering high-quality work, and driving cloud & infrastructure initiatives."
Lead Digital Marketing Specialist,Marketing,Analytics; CRM; Campaign Management; Content Marketing; Google Ads,Lead,"We are seeking a Lead Digital Marketing Specialist to join our EdTech team. The ideal candidate has 8-14 years of experience and is proficient in Analytics, CRM, Campaign Management, Content Marketing, Google Ads. Responsibilities include collaborating with cross-functional teams, delivering high-quality work, and driving marketing initiatives."
Mid-level Mobile Developer,Software Engineering,Kotlin; Git; Swift; Android SDK; UI Design,Mid-level,"We are seeking a Mid-level Mobile Developer to join our Fintech team. The ideal candidate has 3-6 years of experience and is proficient in Kotlin, Git, Swift, Android SDK, UI Design. Responsibilities include collaborating with cross-functional teams, delivering high-quality work, and driving software engineering initiatives."
Junior Social Media Manager,Marketing,Community Management; Campaign Management; Canva; Analytics; Social Media; Content Creation,Junior,"We are seeking a Junior Social Media Manager to join our EdTech team. The ideal candidate has 1-3 years of experience and is proficient in Community Management, Campaign Management, Canva, Analytics, Social Media, Content Creation. Responsibilities include collaborating with cross-functional teams, delivering high-quality work, and driving marketing initiatives."
Lead NLP Engineer,Data & AI,Tokenization; PyTorch; Deep Learning; Text Mining; BERT; Transformers,Lead,"We are seeking a Lead NLP Engineer to join our Enterprise team. The ideal candidate has 8-14 years of experience and is proficient in Tokenization, PyTorch, Deep Learning, Text Mining, BERT, Transformers. Responsibilities include collaborating with cross-functional teams, delivering high-quality work, and driving data & ai initiatives."
Mid-level Sales Engineer,Business,Solution Design; Negotiation; Presentations; Customer Success; CRM; Communication; APIs,Mid-level,"We are seeking a Mid-level Sales Engineer to join our Fintech team. The ideal candidate has 3-6 years of experience and is proficient in Solution Design, Negotiation, Presentations, Customer Success, CRM, Communication, APIs. Responsibilities include collaborating with cross-functional teams, delivering high-quality work, and driving business initiatives."
Lead Sales Engineer,Business,Solution Design; APIs; Customer Success; Product Demos; Presentations,Lead,"We are seeking a Lead Sales Engineer to join our SaaS team. The ideal candidate has 8-14 years of experience and is proficient in Solution Design, APIs, Customer Success, Product Demos, Presentations. Responsibilities include collaborating with cross-functional teams, delivering high-quality work, and driving business initiatives."
Mid-level Cloud Architect,Cloud & Infrastructure,Kubernetes; Networking; GCP; Microservices; Cost Optimization; AWS; Azure,Mid-level,"We are seeking a Mid-level Cloud Architect to join our Startup team. The ideal candidate has 3-6 years of experience and is proficient in Kubernetes, Networking, GCP, Microservices, Cost Optimization, AWS, Azure. Responsibilities include collaborating with cross-functional teams, delivering high-quality work, and driving cloud & infrastructure initiatives."
Junior Digital Marketing Specialist,Marketing,Content Marketing; Google Ads; Email Marketing; Analytics; Copywriting; A/B Testing,Junior,"We are seeking a Junior Digital Marketing Specialist to join our Startup team. The ideal candidate has 1-3 years of experience and is proficient in Content Marketing, Google Ads, Email Marketing, Analytics, Copywriting, A/B Testing. Responsibilities include collaborating with cross-functional teams, delivering high-quality work, and driving marketing initiatives."
Mid-level SEO Specialist,Marketing,HTML; SEO; Google Analytics; Link Building; Technical SEO; Copywriting; Content Strategy,Mid-level,"We are seeking a Mid-level SEO Specialist to join our SaaS team. The ideal candidate has 3-6 years of experience and is proficient in HTML, SEO, Google Analytics, Link Building, Technical SEO, Copywriting, Content Strategy. Responsibilities include collaborating with cross-functional teams, delivering high-quality work, and driving marketing initiatives."
Mid-level DevOps Engineer,Software Engineering,Linux; Ansible; Kubernetes; Docker; AWS,Mid-level,"We are seeking a Mid-level DevOps Engineer to join our SaaS team. The ideal candidate has 3-6 years of experience and is proficient in Linux, Ansible, Kubernetes, Docker, AWS. Responsibilities include collaborating with cross-functional teams, delivering high-quality work, and driving software engineering initiatives."
Senior Business Analyst,Business,Documentation; SQL; Requirements Gathering; Communication; Process Modeling,Senior,"We are seeking a Senior Business Analyst to join our EdTech team. The ideal candidate has 6-10 years of experience and is proficient in Documentation, SQL, Requirements Gathering, Communication, Process Modeling. Responsibilities include collaborating with cross-functional teams, delivering high-quality work, and driving business initiatives."
Lead Data Analyst,Data & AI,A/B Testing; Reporting; Python; Statistics; Pandas; SQL,Lead,"We are seeking a Lead Data Analyst to join our Enterprise team. The ideal candidate has 8-14 years of experience and is proficient in A/B Testing, Reporting, Python, Statistics, Pandas, SQL. Responsibilities include collaborating with cross-functional teams, delivering high-quality work, and driving data & ai initiatives."
Junior NLP Engineer,Data & AI,BERT; Tokenization; Python; NLP; Machine Learning,Junior,"We are seeking a Junior NLP Engineer to join our Startup team. The ideal candidate has 1-3 years of experience and is proficient in BERT, Tokenization, Python, NLP, Machine Learning. Responsibilities include collaborating with cross-functional teams, delivering high-quality work, and driving data & ai initiatives."
Principal Cloud Architect,Cloud & Infrastructure,Terraform; System Design; AWS; Networking; Cost Optimization; Kubernetes; Azure,Principal,"We are seeking a Principal Cloud Architect to join our SaaS team. The ideal candidate has 12-20 years of experience and is proficient in Terraform, System Design, AWS, Networking, Cost Optimization, Kubernetes, Azure. Responsibilities include collaborating with cross-functional teams, delivering high-quality work, and driving cloud & infrastructure initiatives."
Lead Database Administrator,Cloud & Infrastructure,MySQL; SQL; Performance Tuning; PostgreSQL; MongoDB; Linux; Replication,Lead,"We are seeking a Lead Database Administrator to join our Enterprise team. The ideal candidate has 8-14 years of experience and is proficient in MySQL, SQL, Performance Tuning, PostgreSQL, MongoDB, Linux, Replication. Responsibilities include collaborating with cross-functional teams, delivering high-quality work, and driving cloud & infrastructure initiatives."
Principal Product Manager,Product & Management,Market Research; Prioritization; Analytics; Jira; User Stories,Principal,"We are seeking a Principal Product Manager to join our Gaming team. The ideal candidate has 12-20 years of experience and is proficient in Market Research, Prioritization, Analytics, Jira, User Stories. Responsibilities include collaborating with cross-functional teams, delivering high-quality work, and driving product & management initiatives."
Lead Game Developer,Software Engineering,Optimization; Unreal Engine; Unity; Physics; Shaders; Game Design,Lead,"We are seeking a Lead Game Developer to join our Healthcare team. The ideal candidate has 8-14 years of experience and is proficient in Optimization, Unreal Engine, Unity, Physics, Shaders, Game Design. Responsibilities include collaborating with cross-functional teams, delivering high-quality work, and driving software engineering initiatives."
Principal Growth Marketer,Marketing,Experimentation; Paid Ads; Funnel Optimization; Analytics; Email Marketing,Principal,"We are seeking a Principal Growth Marketer to join our Enterprise team. The ideal candidate has 12-20 years of experience and is proficient in Experimentation, Paid Ads, Funnel Optimization, Analytics, Email Marketing. Responsibilities include collaborating with cross-functional teams, delivering high-quality work, and driving marketing initiatives."
Principal Business Intelligence Analyst,Data & AI,Dashboards; Data Warehousing; Reporting; Python; DAX,Principal,"We are seeking a Principal Business Intelligence Analyst to join our SaaS team. The ideal candidate has 12-20 years of experience and is proficient in Dashboards, Data Warehousing, Reporting, Python, DAX. Responsibilities include collaborating with cross-functional teams, delivering high-quality work, and driving data & ai initiatives."
Mid-level Scrum Master,Product & Management,Coaching; Facilitation; Sprint Planning; Servant Leadership; Scrum,Mid-level,"We are seeking a Mid-level Scrum Master to join our Gaming team. The ideal candidate has 3-6 years of experience and is proficient in Coaching, Facilitation, Sprint Planning, Servant Leadership, Scrum. Responsibilities include collaborating with cross-functional teams, delivering high-quality work, and driving product & management initiatives."
Principal Operations Manager,Business,Process Improvement; Vendor Management; Leadership; Supply Chain; Operations Management; Six Sigma; Lean,Principal,"We are seeking a Principal Operations Manager to join our Enterprise team. The ideal candidate has 12-20 years of experience and is proficient in Process Improvement, Vendor Management, Leadership, Supply Chain, Operations Management, Six Sigma, Lean. Responsibilities include collaborating with cross-functional teams, delivering high-quality work, and driving business initiatives."
Mid-level Graphic Designer,Design,Print Design; Branding; Adobe XD; Typography; Creativity; Color Theory; Illustrator,Mid-level,"We are seeking a Mid-level Graphic Designer to join our Startup team. The ideal candidate has 3-6 years of experience and is proficient in Print Design, Branding, Adobe XD, Typography, Creativity, Color Theory, Illustrator. Responsibilities include collaborating with cross-functional teams, delivering high-quality work, and driving design initiatives."
Intern UX Designer,Design,Journey Mapping; Accessibility; User Research; Prototyping; Design Thinking; Figma,Intern,"We are seeking a Intern UX Designer to join our Gaming team. The ideal candidate has 0-1 years of experience and is proficient in Journey Mapping, Accessibility, User Research, Prototyping, Design Thinking, Figma. Responsibilities include collaborating with cross-functional teams, delivering high-quality work, and driving design initiatives."
Principal Cloud Engineer,Cloud & Infrastructure,Python; Kubernetes; CloudFormation; Monitoring; Docker,Principal,"We are seeking a Principal Cloud Engineer to join our Fintech team. The ideal candidate has 12-20 years of experience and is proficient in Python, Kubernetes, CloudFormation, Monitoring, Docker. Responsibilities include collaborating with cross-functional teams, delivering high-quality work, and driving cloud & infrastructure initiatives."
Mid-level Game Developer,Software Engineering,Physics; OpenGL; Unity; Optimization; C++; C#,Mid-level,"We are seeking a Mid-level Game Developer to join our Startup team. The ideal candidate has 3-6 years of experience and is proficient in Physics, OpenGL, Unity, Optimization, C++, C#. Responsibilities include collaborating with cross-functional teams, delivering high-quality work, and driving software engineering initiatives."
Junior AI Researcher,Data & AI,Deep Learning; TensorFlow; Machine Learning; Python; Mathematics; Publications,Junior,"We are seeking a Junior AI Researcher to join our Enterprise team. The ideal candidate has 1-3 years of experience and is proficient in Deep Learning, TensorFlow, Machine Learning, Python, Mathematics, Publications. Responsibilities include collaborating with cross-functional teams, delivering high-quality work, and driving data & ai initiatives."
Junior Computer Vision Engineer,Data & AI,Image Processing; CUDA; Deep Learning; CNN; PyTorch; OpenCV,Junior,"We are seeking a Junior Computer Vision Engineer to join our Gaming team. The ideal candidate has 1-3 years of experience and is proficient in Image Processing, CUDA, Deep Learning, CNN, PyTorch, OpenCV. Responsibilities include collaborating with cross-functional teams, delivering high-quality work, and driving data & ai initiatives."
Senior DevOps Engineer,Software Engineering,Terraform; Linux; Monitoring; Kubernetes; Jenkins; Ansible; AWS,Senior,"We are seeking a Senior DevOps Engineer to join our Gaming team. The ideal candidate has 6-10 years of experience and is proficient in Terraform, Linux, Monitoring, Kubernetes, Jenkins, Ansible, AWS. Responsibilities include collaborating with cross-functional teams, delivering high-quality work, and driving software engineering initiatives."
Principal Cloud Architect,Cloud & Infrastructure,System Design; Cost Optimization; Microservices; Networking; Terraform,Principal,"We are seeking a Principal Cloud Architect to join our Healthcare team. The ideal candidate has 12-20 years of experience and is proficient in System Design, Cost Optimization, Microservices, Networking, Terraform. Responsibilities include collaborating with cross-functional teams, delivering high-quality work, and driving cloud & infrastructure initiatives."
Junior Product Designer,Design,Prototyping; User Research; UI Design; Figma; Wireframing; Design Systems,Junior,"We are seeking a Junior Product Designer to join our Enterprise team. The ideal candidate has 1-3 years of experience and is proficient in Prototyping, User Research, UI Design, Figma, Wireframing, Design Systems. Responsibilities include collaborating with cross-functional teams, delivering high-quality work, and driving design initiatives."
Principal Business Intelligence Analyst,Data & AI,SQL; Python; Dashboards; Excel; Data Warehousing; Tableau; DAX,Principal,"We are seeking a Principal Business Intelligence Analyst to join our Healthcare team. The ideal candidate has 12-20 years of experience and is proficient in SQL, Python, Dashboards, Excel, Data Warehousing, Tableau, DAX. Responsibilities include collaborating with cross-functional teams, delivering high-quality work, and driving data & ai initiatives."
Senior Cloud Architect,Cloud & Infrastructure,Cost Optimization; Terraform; Security; Azure; Microservices; GCP,Senior,"We are seeking a Senior Cloud Architect to join our Startup team. The ideal candidate has 6-10 years of experience and is proficient in Cost Optimization, Terraform, Security, Azure, Microservices, GCP. Responsibilities include collaborating with cross-functional teams, delivering high-quality work, and driving cloud & infrastructure initiatives."
Mid-level Content Strategist,Marketing,Editorial Planning; SEO; Content Marketing; Storytelling; Social Media; Analytics,Mid-level,"We are seeking a Mid-level Content Strategist to join our EdTech team. The ideal candidate has 3-6 years of experience and is proficient in Editorial Planning, SEO, Content Marketing, Storytelling, Social Media, Analytics. Responsibilities include collaborating with cross-functional teams, delivering high-quality work, and driving marketing initiatives."
Mid-level UI Designer,Design,Figma; CSS; Color Theory; Prototyping; HTML; Sketch; Design Systems,Mid-level,"We are seeking a Mid-level UI Designer to join our Enterprise team. The ideal candidate has 3-6 years of experience and is proficient in Figma, CSS, Color Theory, Prototyping, HTML, Sketch, Design Systems. Responsibilities include collaborating with cross-functional teams, delivering high-quality work, and driving design initiatives."
Mid-level Graphic Designer,Design,Creativity; Adobe XD; Layout Design; Print Design; Photoshop,Mid-level,"We are seeking a Mid-level Graphic Designer to join our Healthcare team. The ideal candidate has 3-6 years of experience and is proficient in Creativity, Adobe XD, Layout Design, Print Design, Photoshop. Responsibilities include collaborating with cross-functional teams, delivering high-quality work, and driving design initiatives."
Lead Interaction Designer,Design,Interaction Design; Design Systems; Prototyping; Motion Design; After Effects,Lead,"We are seeking a Lead Interaction Designer to join our Gaming team. The ideal candidate has 8-14 years of experience and is proficient in Interaction Design, Design Systems, Prototyping, Motion Design, After Effects. Responsibilities include collaborating with cross-functional teams, delivering high-quality work, and driving design initiatives."
Senior Game Developer,Software Engineering,3D Math; C++; Optimization; C#; OpenGL; Unreal Engine; Physics,Senior,"We are seeking a Senior Game Developer to join our Gaming team. The ideal candidate has 6-10 years of experience and is proficient in 3D Math, C++, Optimization, C#, OpenGL, Unreal Engine, Physics. Responsibilities include collaborating with cross-functional teams, delivering high-quality work, and driving software engineering initiatives."
Principal QA Engineer,Software Engineering,Cypress; Python; Jira; Test Automation; JUnit; Bug Tracking,Principal,"We are seeking a Principal QA Engineer to join our Fintech team. The ideal candidate has 12-20 years of experience and is proficient in Cypress, Python, Jira, Test Automation, JUnit, Bug Tracking. Responsibilities include collaborating with cross-functional teams, delivering high-quality work, and driving software engineering initiatives."
Junior Software Architect,Software Engineering,REST APIs; AWS; Scalability; Microservices; Docker; Leadership,Junior,"We are seeking a Junior Software Architect to join our SaaS team. The ideal candidate has 1-3 years of experience and is proficient in REST APIs, AWS, Scalability, Microservices, Docker, Leadership. Responsibilities include collaborating with cross-functional teams, delivering high-quality work, and driving software engineering initiatives."
Intern AI Researcher,Data & AI,Research; Deep Learning; Mathematics; TensorFlow; Reinforcement Learning; NLP; Publications,Intern,"We are seeking a Intern AI Researcher to join our EdTech team. The ideal candidate has 0-1 years of experience and is proficient in Research, Deep Learning, Mathematics, TensorFlow, Reinforcement Learning, NLP, Publications. Responsibilities include collaborating with cross-functional teams, delivering high-quality work, and driving data & ai initiatives."
Senior Software Architect,Software Engineering,Design Patterns; Java; Docker; Leadership; System Design; Microservices,Senior,"We are seeking a Senior Software Architect to join our Startup team. The ideal candidate has 6-10 years of experience and is proficient in Design Patterns, Java, Docker, Leadership, System Design, Microservices. Responsibilities include collaborating with cross-functional teams, delivering high-quality work, and driving software engineering initiatives."
Principal Product Owner,Product & Management,Analytics; Agile; Scrum; Roadmapping; Prioritization; Communication,Principal,"We are seeking a Principal Product Owner to join our EdTech team. The ideal candidate has 12-20 years of experience and is proficient in Analytics, Agile, Scrum, Roadmapping, Prioritization, Communication. Responsibilities include collaborating with cross-functional teams, delivering high-quality work, and driving product & management initiatives."
Mid-level Interaction Designer,Design,After Effects; Figma; Design Systems; UX Design; Wireframing; Prototyping,Mid-level,"We are seeking a Mid-level Interaction Designer to join our E-commerce team. The ideal candidate has 3-6 years of experience and is proficient in After Effects, Figma, Design Systems, UX Design, Wireframing, Prototyping. Responsibilities include collaborating with cross-functional teams, delivering high-quality work, and driving design initiatives."
Mid-level Backend Developer,Software Engineering,SQL; REST APIs; Redis; Spring Boot; Django,Mid-level,"We are seeking a Mid-level Backend Developer to join our SaaS team. The ideal candidate has 3-6 years of experience and is proficient in SQL, REST APIs, Redis, Spring Boot, Django. Responsibilities include collaborating with cross-functional teams, delivering high-quality work, and driving software engineering initiatives."
Lead Data Engineer,Data & AI,Snowflake; ETL; Kafka; Spark; AWS,Lead,"We are seeking a Lead Data Engineer to join our Fintech team. The ideal candidate has 8-14 years of experience and is proficient in Snowflake, ETL, Kafka, Spark, AWS. Responsibilities include collaborating with cross-functional teams, delivering high-quality work, and driving data & ai initiatives."
Intern UI Designer,Design,CSS; Typography; Color Theory; Figma; Prototyping; Design Systems; Adobe XD,Intern,"We are seeking a Intern UI Designer to join our Enterprise team. The ideal candidate has 0-1 years of experience and is proficient in CSS, Typography, Color Theory, Figma, Prototyping, Design Systems, Adobe XD. Responsibilities include collaborating with cross-functional teams, delivering high-quality work, and driving design initiatives."
Lead UX Designer,Design,Accessibility; Prototyping; Figma; Personas; Journey Mapping; Information Architecture; Usability Testing,Lead,"We are seeking a Lead UX Designer to join our Startup team. The ideal candidate has 8-14 years of experience and is proficient in Accessibility, Prototyping, Figma, Personas, Journey Mapping, Information Architecture, Usability Testing. Responsibilities include collaborating with cross-functional teams, delivering high-quality work, and driving design initiatives."
Senior Scrum Master,Product & Management,Communication; Retrospectives; Servant Leadership; Scrum; Jira; Coaching; Facilitation,Senior,"We are seeking a Senior Scrum Master to join our EdTech team. The ideal candidate has 6-10 years of experience and is proficient in Communication, Retrospectives, Servant Leadership, Scrum, Jira, Coaching, Facilitation. Responsibilities include collaborating with cross-functional teams, delivering high-quality work, and driving product & management initiatives."
Lead SEO Specialist,Marketing,Google Analytics; HTML; Technical SEO; Link Building; On-page SEO; Content Strategy,Lead,"We are seeking a Lead SEO Specialist to join our E-commerce team. The ideal candidate has 8-14 years of experience and is proficient in Google Analytics, HTML, Technical SEO, Link Building, On-page SEO, Content Strategy. Responsibilities include collaborating with cross-functional teams, delivering high-quality work, and driving marketing initiatives."
Intern Scrum Master,Product & Management,Sprint Planning; Agile; Communication; Retrospectives; Facilitation; Servant Leadership; Kanban,Intern,"We are seeking a Intern Scrum Master to join our Gaming team. The ideal candidate has 0-1 years of experience and is proficient in Sprint Planning, Agile, Communication, Retrospectives, Facilitation, Servant Leadership, Kanban. Responsibilities include collaborating with cross-functional teams, delivering high-quality work, and driving product & management initiatives."
Intern Product Designer,Design,Interaction Design; UX Design; Usability Testing; Prototyping; Design Systems; Sketch,Intern,"We are seeking a Intern Product Designer to join our Gaming team. The ideal candidate has 0-1 years of experience and is proficient in Interaction Design, UX Design, Usability Testing, Prototyping, Design Systems, Sketch. Responsibilities include collaborating with cross-functional teams, delivering high-quality work, and driving design initiatives."
Senior Cloud Architect,Cloud & Infrastructure,Cost Optimization; Microservices; Security; System Design; Azure; Kubernetes; AWS,Senior,"We are seeking a Senior Cloud Architect to join our EdTech team. The ideal candidate has 6-10 years of experience and is proficient in Cost Optimization, Microservices, Security, System Design, Azure, Kubernetes, AWS. Responsibilities include collaborating with cross-functional teams, delivering high-quality work, and driving cloud & infrastructure initiatives."
Mid-level Database Administrator,Cloud & Infrastructure,Oracle; Backup & Recovery; PostgreSQL; MongoDB; Replication,Mid-level,"We are seeking a Mid-level Database Administrator to join our E-commerce team. The ideal candidate has 3-6 years of experience and is proficient in Oracle, Backup & Recovery, PostgreSQL, MongoDB, Replication. Responsibilities include collaborating with cross-functional teams, delivering high-quality work, and driving cloud & infrastructure initiatives."
Intern HR Specialist,Business,Onboarding; Conflict Resolution; Training; HRIS; Payroll; Recruitment,Intern,"We are seeking a Intern HR Specialist to join our Enterprise team. The ideal candidate has 0-1 years of experience and is proficient in Onboarding, Conflict Resolution, Training, HRIS, Payroll, Recruitment. Responsibilities include collaborating with cross-functional teams, delivering high-quality work, and driving business initiatives."
Junior Computer Vision Engineer,Data & AI,TensorFlow; C++; OpenCV; Python; PyTorch,Junior,"We are seeking a Junior Computer Vision Engineer to join our EdTech team. The ideal candidate has 1-3 years of experience and is proficient in TensorFlow, C++, OpenCV, Python, PyTorch. Responsibilities include collaborating with cross-functional teams, delivering high-quality work, and driving data & ai initiatives."
Senior Frontend Developer,Software Engineering,React; TypeScript; Webpack; Accessibility; Jest; Redux; Sass,Senior,"We are seeking a Senior Frontend Developer to join our Startup team. The ideal candidate has 6-10 years of experience and is proficient in React, TypeScript, Webpack, Accessibility, Jest, Redux, Sass. Responsibilities include collaborating with cross-functional teams, delivering high-quality work, and driving software engineering initiatives."
Junior Operations Manager,Business,Supply Chain; Communication; Vendor Management; Operations Management; Lean; Six Sigma,Junior,"We are seeking a Junior Operations Manager to join our Startup team. The ideal candidate has 1-3 years of experience and is proficient in Supply Chain, Communication, Vendor Management, Operations Management, Lean, Six Sigma. Responsibilities include collaborating with cross-functional teams, delivering high-quality work, and driving business initiatives."
Principal Product Owner,Product & Management,Analytics; Jira; Stakeholder Management; Communication; Prioritization; User Stories,Principal,"We are seeking a Principal Product Owner to join our Fintech team. The ideal candidate has 12-20 years of experience and is proficient in Analytics, Jira, Stakeholder Management, Communication, Prioritization, User Stories. Responsibilities include collaborating with cross-functional teams, delivering high-quality work, and driving product & management initiatives."
Principal AI Researcher,Data & AI,Reinforcement Learning; PyTorch; NLP; Machine Learning; TensorFlow; Mathematics; Research,Principal,"We are seeking a Principal AI Researcher to join our EdTech team. The ideal candidate has 12-20 years of experience and is proficient in Reinforcement Learning, PyTorch, NLP, Machine Learning, TensorFlow, Mathematics, Research. Responsibilities include collaborating with cross-functional teams, delivering high-quality work, and driving data & ai initiatives."
Junior Cloud Engineer,Cloud & Infrastructure,CloudFormation; Linux; CI/CD; Kubernetes; Monitoring; Terraform; AWS,Junior,"We are seeking a Junior Cloud Engineer to join our Fintech team. The ideal candidate has 1-3 years of experience and is proficient in CloudFormation, Linux, CI/CD, Kubernetes, Monitoring, Terraform, AWS. Responsibilities include collaborating with cross-functional teams, delivering high-quality work, and driving cloud & infrastructure initiatives."
Lead Data Analyst,Data & AI,Python; Statistics; Data Cleaning; Tableau; Excel; Pandas,Lead,"We are seeking a Lead Data Analyst to join our SaaS team. The ideal candidate has 8-14 years of experience and is proficient in Python, Statistics, Data Cleaning, Tableau, Excel, Pandas. Responsibilities include collaborating with cross-functional teams, delivering high-quality work, and driving data & ai initiatives."
Intern Product Manager,Product & Management,Roadmapping; Communication; Stakeholder Management; Jira; Prioritization,Intern,"We are seeking a Intern Product Manager to join our Fintech team. The ideal candidate has 0-1 years of experience and is proficient in Roadmapping, Communication, Stakeholder Management, Jira, Prioritization. Responsibilities include collaborating with cross-functional teams, delivering high-quality work, and driving product & management initiatives."
Senior Product Manager,Product & Management,Communication; Roadmapping; Jira; Prioritization; User Stories; Stakeholder Management,Senior,"We are seeking a Senior Product Manager to join our Gaming team. The ideal candidate has 6-10 years of experience and is proficient in Communication, Roadmapping, Jira, Prioritization, User Stories, Stakeholder Management. Responsibilities include collaborating with cross-functional teams, delivering high-quality work, and driving product & management initiatives."
Principal Data Analyst,Data & AI,Data Cleaning; Python; Power BI; A/B Testing; SQL,Principal,"We are seeking a Principal Data Analyst to join our EdTech team. The ideal candidate has 12-20 years of experience and is proficient in Data Cleaning, Python, Power BI, A/B Testing, SQL. Responsibilities include collaborating with cross-functional teams, delivering high-quality work, and driving data & ai initiatives."
Principal UX Designer,Design,Information Architecture; Prototyping; Personas; Usability Testing; Design Thinking; Accessibility; Wireframing,Principal,"We are seeking a Principal UX Designer to join our EdTech team. The ideal candidate has 12-20 years of experience and is proficient in Information Architecture, Prototyping, Personas, Usability Testing, Design Thinking, Accessibility, Wireframing. Responsibilities include collaborating with cross-functional teams, delivering high-quality work, and driving design initiatives."
Junior Cloud Engineer,Cloud & Infrastructure,Python; Monitoring; Kubernetes; Docker; AWS,Junior,"We are seeking a Junior Cloud Engineer to join our Enterprise team. The ideal candidate has 1-3 years of experience and is proficient in Python, Monitoring, Kubernetes, Docker, AWS. Responsibilities include collaborating with cross-functional teams, delivering high-quality work, and driving cloud & infrastructure initiatives."
Lead Security Engineer,Cloud & Infrastructure,Firewalls; OWASP; Encryption; SIEM; Linux; Incident Response,Lead,"We are seeking a Lead Security Engineer to join our E-commerce team. The ideal candidate has 8-14 years of experience and is proficient in Firewalls, OWASP, Encryption, SIEM, Linux, Incident Response. Responsibilities include collaborating with cross-functional teams, delivering high-quality work, and driving cloud & infrastructure initiatives."
Junior Operations Manager,Business,Lean; Budgeting; Process Improvement; Six Sigma; Communication; Supply Chain,Junior,"We are seeking a Junior Operations Manager to join our EdTech team. The ideal candidate has 1-3 years of experience and is proficient in Lean, Budgeting, Process Improvement, Six Sigma, Communication, Supply Chain. Responsibilities include collaborating with cross-functional teams, delivering high-quality work, and driving business initiatives."
Junior Growth Marketer,Marketing,SQL; CRM; Paid Ads; Funnel Optimization; Experimentation,Junior,"We are seeking a Junior Growth Marketer to join our Healthcare team. The ideal candidate has 1-3 years of experience and is proficient in SQL, CRM, Paid Ads, Funnel Optimization, Experimentation. Responsibilities include collaborating with cross-functional teams, delivering high-quality work, and driving marketing initiatives."
Principal AI Researcher,Data & AI,Research; Machine Learning; Python; Deep Learning; NLP; Mathematics,Principal,"We are seeking a Principal AI Researcher to join our Startup team. The ideal candidate has 12-20 years of experience and is proficient in Research, Machine Learning, Python, Deep Learning, NLP, Mathematics. Responsibilities include collaborating with cross-functional teams, delivering high-quality work, and driving data & ai initiatives."
Principal Growth Marketer,Marketing,Analytics; A/B Testing; Paid Ads; CRM; Experimentation,Principal,"We are seeking a Principal Growth Marketer to join our Gaming team. The ideal candidate has 12-20 years of experience and is proficient in Analytics, A/B Testing, Paid Ads, CRM, Experimentation. Responsibilities include collaborating with cross-functional teams, delivering high-quality work, and driving marketing initiatives."
Lead AI Researcher,Data & AI,NLP; Python; Research; Reinforcement Learning; Deep Learning; TensorFlow; Publications,Lead,"We are seeking a Lead AI Researcher to join our Healthcare team. The ideal candidate has 8-14 years of experience and is proficient in NLP, Python, Research, Reinforcement Learning, Deep Learning, TensorFlow, Publications. Responsibilities include collaborating with cross-functional teams, delivering high-quality work, and driving data & ai initiatives."
Intern Backend Developer,Software Engineering,Django; Spring Boot; REST APIs; Microservices; SQL,Intern,"We are seeking a Intern Backend Developer to join our EdTech team. The ideal candidate has 0-1 years of experience and is proficient in Django, Spring Boot, REST APIs, Microservices, SQL. Responsibilities include collaborating with cross-functional teams, delivering high-quality work, and driving software engineering initiatives."
Lead Product Owner,Product & Management,Analytics; Backlog Management; Scrum; Communication; User Stories; Roadmapping,Lead,"We are seeking a Lead Product Owner to join our Enterprise team. The ideal candidate has 8-14 years of experience and is proficient in Analytics, Backlog Management, Scrum, Communication, User Stories, Roadmapping. Responsibilities include collaborating with cross-functional teams, delivering high-quality work, and driving product & management initiatives."
Intern Product Designer,Design,Usability Testing; User Research; Sketch; UI Design; UX Design; Prototyping,Intern,"We are seeking a Intern Product Designer to join our SaaS team. The ideal candidate has 0-1 years of experience and is proficient in Usability Testing, User Research, Sketch, UI Design, UX Design, Prototyping. Responsibilities include collaborating with cross-functional teams, delivering high-quality work, and driving design initiatives."
Junior Cloud Architect,Cloud & Infrastructure,AWS; Azure; System Design; Security; Networking; Microservices,Junior,"We are seeking a Junior Cloud Architect to join our Gaming team. The ideal candidate has 1-3 years of experience and is proficient in AWS, Azure, System Design, Security, Networking, Microservices. Responsibilities include collaborating with cross-functional teams, delivering high-quality work, and driving cloud & infrastructure initiatives."
Junior Product Designer,Design,Figma; Design Systems; Sketch; Wireframing; UX Design; Interaction Design; User Research,Junior,"We are seeking a Junior Product Designer to join our EdTech team. The ideal candidate has 1-3 years of experience and is proficient in Figma, Design Systems, Sketch, Wireframing, UX Design, Interaction Design, User Research. Responsibilities include collaborating with cross-functional teams, delivering high-quality work, and driving design initiatives."
Intern QA Engineer,Software Engineering,Jira; Manual Testing; Postman; Test Automation; Python; Selenium,Intern,"We are seeking a Intern QA Engineer to join our SaaS team. The ideal candidate has 0-1 years of experience and is proficient in Jira, Manual Testing, Postman, Test Automation, Python, Selenium. Responsibilities include collaborating with cross-functional teams, delivering high-quality work, and driving software engineering initiatives."
Senior Game Developer,Software Engineering,OpenGL; Optimization; C#; C++; Unreal Engine; Shaders; Game Design,Senior,"We are seeking a Senior Game Developer to join our Enterprise team. The ideal candidate has 6-10 years of experience and is proficient in OpenGL, Optimization, C#, C++, Unreal Engine, Shaders, Game Design. Responsibilities include collaborating with cross-functional teams, delivering high-quality work, and driving software engineering initiatives."
Senior AI Researcher,Data & AI,Python; Research; Deep Learning; NLP; Machine Learning; Reinforcement Learning,Senior,"We are seeking a Senior AI Researcher to join our Fintech team. The ideal candidate has 6-10 years of experience and is proficient in Python, Research, Deep Learning, NLP, Machine Learning, Reinforcement Learning. Responsibilities include collaborating with cross-functional teams, delivering high-quality work, and driving data & ai initiatives."
Principal Social Media Manager,Marketing,Social Media; Analytics; Copywriting; Scheduling Tools; Engagement; Community Management,Principal,"We are seeking a Principal Social Media Manager to join our Enterprise team. The ideal candidate has 12-20 years of experience and is proficient in Social Media, Analytics, Copywriting, Scheduling Tools, Engagement, Community Management. Responsibilities include collaborating with cross-functional teams, delivering high-quality work, and driving marketing initiatives."
Mid-level Graphic Designer,Design,Photoshop; Print Design; Adobe XD; Layout Design; Branding,Mid-level,"We are seeking a Mid-level Graphic Designer to join our EdTech team. The ideal candidate has 3-6 years of experience and is proficient in Photoshop, Print Design, Adobe XD, Layout Design, Branding. Responsibilities include collaborating with cross-functional teams, delivering high-quality work, and driving design initiatives."
Mid-level Full Stack Developer,Software Engineering,MongoDB; React; Python; Git; REST APIs,Mid-level,"We are seeking a Mid-level Full Stack Developer to join our Fintech team. The ideal candidate has 3-6 years of experience and is proficient in MongoDB, React, Python, Git, REST APIs. Responsibilities include collaborating with cross-functional teams, delivering high-quality work, and driving software engineering initiatives."
Lead Sales Engineer,Business,Cloud; Solution Design; Technical Sales; Customer Success; Product Demos,Lead,"We are seeking a Lead Sales Engineer to join our Healthcare team. The ideal candidate has 8-14 years of experience and is proficient in Cloud, Solution Design, Technical Sales, Customer Success, Product Demos. Responsibilities include collaborating with cross-functional teams, delivering high-quality work, and driving business initiatives."
Senior Network Engineer,Cloud & Infrastructure,Cisco; DNS; TCP/IP; Linux; Firewalls; Switching; Security,Senior,"We are seeking a Senior Network Engineer to join our Startup team. The ideal candidate has 6-10 years of experience and is proficient in Cisco, DNS, TCP/IP, Linux, Firewalls, Switching, Security. Responsibilities include collaborating with cross-functional teams, delivering high-quality work, and driving cloud & infrastructure initiatives."
Intern NLP Engineer,Data & AI,Machine Learning; BERT; Transformers; Python; Tokenization; Deep Learning; spaCy,Intern,"We are seeking a Intern NLP Engineer to join our E-commerce team. The ideal candidate has 0-1 years of experience and is proficient in Machine Learning, BERT, Transformers, Python, Tokenization, Deep Learning, spaCy. Responsibilities include collaborating with cross-functional teams, delivering high-quality work, and driving data & ai initiatives."
Junior Scrum Master,Product & Management,Facilitation; Coaching; Scrum; Jira; Kanban; Sprint Planning; Servant Leadership,Junior,"We are seeking a Junior Scrum Master to join our Gaming team. The ideal candidate has 1-3 years of experience and is proficient in Facilitation, Coaching, Scrum, Jira, Kanban, Sprint Planning, Servant Leadership. Responsibilities include collaborating with cross-functional teams, delivering high-quality work, and driving product & management initiatives."
Junior Product Owner,Product & Management,Analytics; Prioritization; Agile; Stakeholder Management; Jira; Scrum; Communication,Junior,"We are seeking a Junior Product Owner to join our Startup team. The ideal candidate has 1-3 years of experience and is proficient in Analytics, Prioritization, Agile, Stakeholder Management, Jira, Scrum, Communication. Responsibilities include collaborating with cross-functional teams, delivering high-quality work, and driving product & management initiatives."
Intern Operations Manager,Business,Communication; Vendor Management; Supply Chain; Operations Management; Leadership; Process Improvement,Intern,"We are seeking a Intern Operations Manager to join our Fintech team. The ideal candidate has 0-1 years of experience and is proficient in Communication, Vendor Management, Supply Chain, Operations Management, Leadership, Process Improvement. Responsibilities include collaborating with cross-functional teams, delivering high-quality work, and driving business initiatives."
Junior Product Owner,Product & Management,Stakeholder Management; Jira; Scrum; Prioritization; Backlog Management; Communication,Junior,"We are seeking a Junior Product Owner to join our EdTech team. The ideal candidate has 1-3 years of experience and is proficient in Stakeholder Management, Jira, Scrum, Prioritization, Backlog Management, Communication. Responsibilities include collaborating with cross-functional teams, delivering high-quality work, and driving product & management initiatives."
Junior Product Manager,Product & Management,Stakeholder Management; Roadmapping; Analytics; Prioritization; Market Research; Agile,Junior,"We are seeking a Junior Product Manager to join our Healthcare team. The ideal candidate has 1-3 years of experience and is proficient in Stakeholder Management, Roadmapping, Analytics, Prioritization, Market Research, Agile. Responsibilities include collaborating with cross-functional teams, delivering high-quality work, and driving product & management initiatives."
Senior Operations Manager,Business,Process Improvement; Vendor Management; Lean; Communication; Leadership; Budgeting,Senior,"We are seeking a Senior Operations Manager to join our Gaming team. The ideal candidate has 6-10 years of experience and is proficient in Process Improvement, Vendor Management, Lean, Communication, Leadership, Budgeting. Responsibilities include collaborating with cross-functional teams, delivering high-quality work, and driving business initiatives."
Principal DevOps Engineer,Software Engineering,AWS; CI/CD; Jenkins; Terraform; Linux; Monitoring; Docker,Principal,"We are seeking a Principal DevOps Engineer to join our Enterprise team. The ideal candidate has 12-20 years of experience and is proficient in AWS, CI/CD, Jenkins, Terraform, Linux, Monitoring, Docker. Responsibilities include collaborating with cross-functional teams, delivering high-quality work, and driving software engineering initiatives."
Lead Cloud Architect,Cloud & Infrastructure,Microservices; Azure; AWS; Networking; Cost Optimization,Lead,"We are seeking a Lead Cloud Architect to join our E-commerce team. The ideal candidate has 8-14 years of experience and is proficient in Microservices, Azure, AWS, Networking, Cost Optimization. Responsibilities include collaborating with cross-functional teams, delivering high-quality work, and driving cloud & infrastructure initiatives."
Senior Network Engineer,Cloud & Infrastructure,Networking; Firewalls; TCP/IP; DNS; Linux,Senior,"We are seeking a Senior Network Engineer to join our Fintech team. The ideal candidate has 6-10 years of experience and is proficient in Networking, Firewalls, TCP/IP, DNS, Linux. Responsibilities include collaborating with cross-functional teams, delivering high-quality work, and driving cloud & infrastructure initiatives."
Intern Interaction Designer,Design,Figma; Design Systems; Usability Testing; User Research; After Effects,Intern,"We are seeking a Intern Interaction Designer to join our Fintech team. The ideal candidate has 0-1 years of experience and is proficient in Figma, Design Systems, Usability Testing, User Research, After Effects. Responsibilities include collaborating with cross-functional teams, delivering high-quality work, and driving design initiatives."
Senior Database Administrator,Cloud & Infrastructure,Security; Backup & Recovery; SQL; MySQL; PostgreSQL; Linux; MongoDB,Senior,"We are seeking a Senior Database Administrator to join our E-commerce team. The ideal candidate has 6-10 years of experience and is proficient in Security, Backup & Recovery, SQL, MySQL, PostgreSQL, Linux, MongoDB. Responsibilities include collaborating with cross-functional teams, delivering high-quality work, and driving cloud & infrastructure initiatives."
Lead Full Stack Developer,Software Engineering,Python; REST APIs; React; TypeScript; MongoDB,Lead,"We are seeking a Lead Full Stack Developer to join our Fintech team. The ideal candidate has 8-14 years of experience and is proficient in Python, REST APIs, React, TypeScript, MongoDB. Responsibilities include collaborating with cross-functional teams, delivering high-quality work, and driving software engineering initiatives."
Mid-level Social Media Manager,Marketing,Campaign Management; Branding; Canva; Scheduling Tools; Analytics,Mid-level,"We are seeking a Mid-level Social Media Manager to join our E-commerce team. The ideal candidate has 3-6 years of experience and is proficient in Campaign Management, Branding, Canva, Scheduling Tools, Analytics. Responsibilities include collaborating with cross-functional teams, delivering high-quality work, and driving marketing initiatives."
Senior Operations Manager,Business,Operations Management; Leadership; Communication; Analytics; Six Sigma; Supply Chain; Lean,Senior,"We are seeking a Senior Operations Manager to join our EdTech team. The ideal candidate has 6-10 years of experience and is proficient in Operations Management, Leadership, Communication, Analytics, Six Sigma, Supply Chain, Lean. Responsibilities include collaborating with cross-functional teams, delivering high-quality work, and driving business initiatives."
Principal Sales Engineer,Business,APIs; CRM; Cloud; Solution Design; Customer Success,Principal,"We are seeking a Principal Sales Engineer to join our EdTech team. The ideal candidate has 12-20 years of experience and is proficient in APIs, CRM, Cloud, Solution Design, Customer Success. Responsibilities include collaborating with cross-functional teams, delivering high-quality work, and driving business initiatives."
Principal Sales Engineer,Business,Presentations; Communication; APIs; Negotiation; Solution Design; CRM; Cloud,Principal,"We are seeking a Principal Sales Engineer to join our Startup team. The ideal candidate has 12-20 years of experience and is proficient in Presentations, Communication, APIs, Negotiation, Solution Design, CRM, Cloud. Responsibilities include collaborating with cross-functional teams, delivering high-quality work, and driving business initiatives."
Senior Business Analyst,Business,UML; Agile; SQL; Communication; Documentation; Stakeholder Management; Excel,Senior,"We are seeking a Senior Business Analyst to join our Fintech team. The ideal candidate has 6-10 years of experience and is proficient in UML, Agile, SQL, Communication, Documentation, Stakeholder Management, Excel. Responsibilities include collaborating with cross-functional teams, delivering high-quality work, and driving business initiatives."
Lead Product Designer,Design,Sketch; Usability Testing; User Research; UX Design; UI Design; Interaction Design; Design Systems,Lead,"We are seeking a Lead Product Designer to join our Enterprise team. The ideal candidate has 8-14 years of experience and is proficient in Sketch, Usability Testing, User Research, UX Design, UI Design, Interaction Design, Design Systems. Responsibilities include collaborating with cross-functional teams, delivering high-quality work, and driving design initiatives."
Principal Database Administrator,Cloud & Infrastructure,Performance Tuning; MySQL; MongoDB; Linux; Replication; Backup & Recovery; Security,Principal,"We are seeking a Principal Database Administrator to join our Startup team. The ideal candidate has 12-20 years of experience and is proficient in Performance Tuning, MySQL, MongoDB, Linux, Replication, Backup & Recovery, Security. Responsibilities include collaborating with cross-functional teams, delivering high-quality work, and driving cloud & infrastructure initiatives."
Senior Full Stack Developer,Software Engineering,Docker; TypeScript; MongoDB; SQL; React; Git,Senior,"We are seeking a Senior Full Stack Developer to join our EdTech team. The ideal candidate has 6-10 years of experience and is proficient in Docker, TypeScript, MongoDB, SQL, React, Git. Responsibilities include collaborating with cross-functional teams, delivering high-quality work, and driving software engineering initiatives."
Mid-level UI Designer,Design,Prototyping; Design Systems; Typography; Adobe XD; Wireframing; Color Theory; HTML,Mid-level,"We are seeking a Mid-level UI Designer to join our SaaS team. The ideal candidate has 3-6 years of experience and is proficient in Prototyping, Design Systems, Typography, Adobe XD, Wireframing, Color Theory, HTML. Responsibilities include collaborating with cross-functional teams, delivering high-quality work, and driving design initiatives."
Lead UI Designer,Design,Figma; Typography; Wireframing; CSS; Sketch,Lead,"We are seeking a Lead UI Designer to join our E-commerce team. The ideal candidate has 8-14 years of experience and is proficient in Figma, Typography, Wireframing, CSS, Sketch. Responsibilities include collaborating with cross-functional teams, delivering high-quality work, and driving design initiatives."
Junior AI Researcher,Data & AI,Python; Mathematics; Research; Deep Learning; PyTorch; Publications,Junior,"We are seeking a Junior AI Researcher to join our Gaming team. The ideal candidate has 1-3 years of experience and is proficient in Python, Mathematics, Research, Deep Learning, PyTorch, Publications. Responsibilities include collaborating with cross-functional teams, delivering high-quality work, and driving data & ai initiatives."
Junior Backend Developer,Software Engineering,REST APIs; Microservices; Node.js; Python; Spring Boot; SQL; Redis,Junior,"We are seeking a Junior Backend Developer to join our Enterprise team. The ideal candidate has 1-3 years of experience and is proficient in REST APIs, Microservices, Node.js, Python, Spring Boot, SQL, Redis. Responsibilities include collaborating with cross-functional teams, delivering high-quality work, and driving software engineering initiatives."
Intern Security Engineer,Cloud & Infrastructure,SIEM; Encryption; Linux; OWASP; Penetration Testing,Intern,"We are seeking a Intern Security Engineer to join our Fintech team. The ideal candidate has 0-1 years of experience and is proficient in SIEM, Encryption, Linux, OWASP, Penetration Testing. Responsibilities include collaborating with cross-functional teams, delivering high-quality work, and driving cloud & infrastructure initiatives."
Principal Financial Analyst,Business,Valuation; Analytics; Excel; Reporting; Forecasting,Principal,"We are seeking a Principal Financial Analyst to join our Startup team. The ideal candidate has 12-20 years of experience and is proficient in Valuation, Analytics, Excel, Reporting, Forecasting. Responsibilities include collaborating with cross-functional teams, delivering high-quality work, and driving business initiatives."
Principal Game Developer,Software Engineering,Unreal Engine; C#; Physics; Shaders; Optimization; OpenGL; Game Design,Principal,"We are seeking a Principal Game Developer to join our Fintech team. The ideal candidate has 12-20 years of experience and is proficient in Unreal Engine, C#, Physics, Shaders, Optimization, OpenGL, Game Design. Responsibilities include collaborating with cross-functional teams, delivering high-quality work, and driving software engineering initiatives."
Mid-level Machine Learning Engineer,Data & AI,Model Deployment; TensorFlow; MLOps; Python; Docker; Deep Learning; Scikit-learn,Mid-level,"We are seeking a Mid-level Machine Learning Engineer to join our E-commerce team. The ideal candidate has 3-6 years of experience and is proficient in Model Deployment, TensorFlow, MLOps, Python, Docker, Deep Learning, Scikit-learn. Responsibilities include collaborating with cross-functional teams, delivering high-quality work, and driving data & ai initiatives."
Lead Game Developer,Software Engineering,Unity; Physics; OpenGL; Shaders; Unreal Engine,Lead,"We are seeking a Lead Game Developer to join our SaaS team. The ideal candidate has 8-14 years of experience and is proficient in Unity, Physics, OpenGL, Shaders, Unreal Engine. Responsibilities include collaborating with cross-functional teams, delivering high-quality work, and driving software engineering initiatives."
Intern QA Engineer,Software Engineering,Test Automation; JUnit; Selenium; Postman; Jira; CI/CD,Intern,"We are seeking a Intern QA Engineer to join our Healthcare team. The ideal candidate has 0-1 years of experience and is proficient in Test Automation, JUnit, Selenium, Postman, Jira, CI/CD. Responsibilities include collaborating with cross-functional teams, delivering high-quality work, and driving software engineering initiatives."
Mid-level Database Administrator,Cloud & Infrastructure,Backup & Recovery; Linux; SQL; MySQL; Security,Mid-level,"We are seeking a Mid-level Database Administrator to join our Healthcare team. The ideal candidate has 3-6 years of experience and is proficient in Backup & Recovery, Linux, SQL, MySQL, Security. Responsibilities include collaborating with cross-functional teams, delivering high-quality work, and driving cloud & infrastructure initiatives."
Lead Business Intelligence Analyst,Data & AI,Tableau; ETL; Data Warehousing; Power BI; SQL; Reporting; DAX,Lead,"We are seeking a Lead Business Intelligence Analyst to join our E-commerce team. The ideal candidate has 8-14 years of experience and is proficient in Tableau, ETL, Data Warehousing, Power BI, SQL, Reporting, DAX. Responsibilities include collaborating with cross-functional teams, delivering high-quality work, and driving data & ai initiatives."
Lead Content Strategist,Marketing,Social Media; Research; Copywriting; Brand Voice; Editorial Planning; SEO; Analytics,Lead,"We are seeking a Lead Content Strategist to join our Startup team. The ideal candidate has 8-14 years of experience and is proficient in Social Media, Research, Copywriting, Brand Voice, Editorial Planning, SEO, Analytics. Responsibilities include collaborating with cross-functional teams, delivering high-quality work, and driving marketing initiatives."
Principal Product Designer,Design,Prototyping; Wireframing; User Research; Design Systems; Interaction Design,Principal,"We are seeking a Principal Product Designer to join our SaaS team. The ideal candidate has 12-20 years of experience and is proficient in Prototyping, Wireframing, User Research, Design Systems, Interaction Design. Responsibilities include collaborating with cross-functional teams, delivering high-quality work, and driving design initiatives."
Lead Frontend Developer,Software Engineering,JavaScript; Jest; Webpack; React; Accessibility; HTML; CSS,Lead,"We are seeking a Lead Frontend Developer to join our Healthcare team. The ideal candidate has 8-14 years of experience and is proficient in JavaScript, Jest, Webpack, React, Accessibility, HTML, CSS. Responsibilities include collaborating with cross-functional teams, delivering high-quality work, and driving software engineering initiatives."
Principal QA Engineer,Software Engineering,Cypress; Bug Tracking; Python; Manual Testing; Test Automation; JUnit; Jira,Principal,"We are seeking a Principal QA Engineer to join our Enterprise team. The ideal candidate has 12-20 years of experience and is proficient in Cypress, Bug Tracking, Python, Manual Testing, Test Automation, JUnit, Jira. Responsibilities include collaborating with cross-functional teams, delivering high-quality work, and driving software engineering initiatives."
Junior Content Strategist,Marketing,Social Media; Editorial Planning; Research; Copywriting; Content Marketing; SEO; Brand Voice,Junior,"We are seeking a Junior Content Strategist to join our SaaS team. The ideal candidate has 1-3 years of experience and is proficient in Social Media, Editorial Planning, Research, Copywriting, Content Marketing, SEO, Brand Voice. Responsibilities include collaborating with cross-functional teams, delivering high-quality work, and driving marketing initiatives."
Lead Product Owner,Product & Management,Jira; User Stories; Communication; Scrum; Prioritization; Roadmapping,Lead,"We are seeking a Lead Product Owner to join our Healthcare team. The ideal candidate has 8-14 years of experience and is proficient in Jira, User Stories, Communication, Scrum, Prioritization, Roadmapping. Responsibilities include collaborating with cross-functional teams, delivering high-quality work, and driving product & management initiatives."
Intern Full Stack Developer,Software Engineering,MongoDB; Python; TypeScript; Node.js; SQL; JavaScript,Intern,"We are seeking a Intern Full Stack Developer to join our EdTech team. The ideal candidate has 0-1 years of experience and is proficient in MongoDB, Python, TypeScript, Node.js, SQL, JavaScript. Responsibilities include collaborating with cross-functional teams, delivering high-quality work, and driving software engineering initiatives."
Senior UI Designer,Design,Adobe XD; Color Theory; HTML; Typography; Sketch; Prototyping,Senior,"We are seeking a Senior UI Designer to join our Startup team. The ideal candidate has 6-10 years of experience and is proficient in Adobe XD, Color Theory, HTML, Typography, Sketch, Prototyping. Responsibilities include collaborating with cross-functional teams, delivering high-quality work, and driving design initiatives."
Mid-level AI Researcher,Data & AI,Research; Publications; Machine Learning; Deep Learning; NLP,Mid-level,"We are seeking a Mid-level AI Researcher to join our SaaS team. The ideal candidate has 3-6 years of experience and is proficient in Research, Publications, Machine Learning, Deep Learning, NLP. Responsibilities include collaborating with cross-functional teams, delivering high-quality work, and driving data & ai initiatives."
Principal Operations Manager,Business,Process Improvement; Operations Management; Budgeting; Leadership; Communication,Principal,"We are seeking a Principal Operations Manager to join our SaaS team. The ideal candidate has 12-20 years of experience and is proficient in Process Improvement, Operations Management, Budgeting, Leadership, Communication. Responsibilities include collaborating with cross-functional teams, delivering high-quality work, and driving business initiatives."
Junior Scrum Master,Product & Management,Scrum; Kanban; Agile; Facilitation; Jira; Communication,Junior,"We are seeking a Junior Scrum Master to join our SaaS team. The ideal candidate has 1-3 years of experience and is proficient in Scrum, Kanban, Agile, Facilitation, Jira, Communication. Responsibilities include collaborating with cross-functional teams, delivering high-quality work, and driving product & management initiatives."
Junior Scrum Master,Product & Management,Kanban; Jira; Communication; Agile; Coaching,Junior,"We are seeking a Junior Scrum Master to join our E-commerce team. The ideal candidate has 1-3 years of experience and is proficient in Kanban, Jira, Communication, Agile, Coaching. Responsibilities include collaborating with cross-functional teams, delivering high-quality work, and driving product & management initiatives."
Lead Data Scientist,Data & AI,Machine Learning; Data Visualization; TensorFlow; Jupyter; Statistics; Pandas; Python,Lead,"We are seeking a Lead Data Scientist to join our Fintech team. The ideal candidate has 8-14 years of experience and is proficient in Machine Learning, Data Visualization, TensorFlow, Jupyter, Statistics, Pandas, Python. Responsibilities include collaborating with cross-functional teams, delivering high-quality work, and driving data & ai initiatives."
Lead Product Manager,Product & Management,Strategy; Communication; Roadmapping; Stakeholder Management; Agile; Jira,Lead,"We are seeking a Lead Product Manager to join our Enterprise team. The ideal candidate has 8-14 years of experience and is proficient in Strategy, Communication, Roadmapping, Stakeholder Management, Agile, Jira. Responsibilities include collaborating with cross-functional teams, delivering high-quality work, and driving product & management initiatives."
Lead Security Engineer,Cloud & Infrastructure,Firewalls; Encryption; Cybersecurity; Network Security; Linux; Incident Response,Lead,"We are seeking a Lead Security Engineer to join our Startup team. The ideal candidate has 8-14 years of experience and is proficient in Firewalls, Encryption, Cybersecurity, Network Security, Linux, Incident Response. Responsibilities include collaborating with cross-functional teams, delivering high-quality work, and driving cloud & infrastructure initiatives."
Mid-level Data Engineer,Data & AI,AWS; Kafka; ETL; Hadoop; Python,Mid-level,"We are seeking a Mid-level Data Engineer to join our Enterprise team. The ideal candidate has 3-6 years of experience and is proficient in AWS, Kafka, ETL, Hadoop, Python. Responsibilities include collaborating with cross-functional teams, delivering high-quality work, and driving data & ai initiatives."
Junior Business Analyst,Business,Stakeholder Management; Agile; Process Modeling; Data Analysis; Communication,Junior,"We are seeking a Junior Business Analyst to join our Enterprise team. The ideal candidate has 1-3 years of experience and is proficient in Stakeholder Management, Agile, Process Modeling, Data Analysis, Communication. Responsibilities include collaborating with cross-functional teams, delivering high-quality work, and driving business initiatives."
Senior Content Strategist,Marketing,Copywriting; Analytics; Brand Voice; CMS; Storytelling; Research; Content Marketing,Senior,"We are seeking a Senior Content Strategist to join our Enterprise team. The ideal candidate has 6-10 years of experience and is proficient in Copywriting, Analytics, Brand Voice, CMS, Storytelling, Research, Content Marketing. Responsibilities include collaborating with cross-functional teams, delivering high-quality work, and driving marketing initiatives."
Junior Database Administrator,Cloud & Infrastructure,Oracle; Linux; MongoDB; Backup & Recovery; Performance Tuning,Junior,"We are seeking a Junior Database Administrator to join our Healthcare team. The ideal candidate has 1-3 years of experience and is proficient in Oracle, Linux, MongoDB, Backup & Recovery, Performance Tuning. Responsibilities include collaborating with cross-functional teams, delivering high-quality work, and driving cloud & infrastructure initiatives."
Mid-level Cloud Engineer,Cloud & Infrastructure,AWS; Kubernetes; Linux; Docker; CloudFormation,Mid-level,"We are seeking a Mid-level Cloud Engineer to join our Fintech team. The ideal candidate has 3-6 years of experience and is proficient in AWS, Kubernetes, Linux, Docker, CloudFormation. Responsibilities include collaborating with cross-functional teams, delivering high-quality work, and driving cloud & infrastructure initiatives."
Junior Product Owner,Product & Management,Agile; Backlog Management; Scrum; Analytics; Jira; Roadmapping,Junior,"We are seeking a Junior Product Owner to join our E-commerce team. The ideal candidate has 1-3 years of experience and is proficient in Agile, Backlog Management, Scrum, Analytics, Jira, Roadmapping. Responsibilities include collaborating with cross-functional teams, delivering high-quality work, and driving product & management initiatives."
Lead Frontend Developer,Software Engineering,CSS; HTML; Accessibility; Webpack; JavaScript; React; Jest,Lead,"We are seeking a Lead Frontend Developer to join our Enterprise team. The ideal candidate has 8-14 years of experience and is proficient in CSS, HTML, Accessibility, Webpack, JavaScript, React, Jest. Responsibilities include collaborating with cross-functional teams, delivering high-quality work, and driving software engineering initiatives."
Principal Frontend Developer,Software Engineering,Jest; CSS; HTML; TypeScript; React,Principal,"We are seeking a Principal Frontend Developer to join our Enterprise team. The ideal candidate has 12-20 years of experience and is proficient in Jest, CSS, HTML, TypeScript, React. Responsibilities include collaborating with cross-functional teams, delivering high-quality work, and driving software engineering initiatives."
Mid-level Content Strategist,Marketing,SEO; Copywriting; CMS; Storytelling; Analytics; Brand Voice,Mid-level,"We are seeking a Mid-level Content Strategist to join our Fintech team. The ideal candidate has 3-6 years of experience and is proficient in SEO, Copywriting, CMS, Storytelling, Analytics, Brand Voice. Responsibilities include collaborating with cross-functional teams, delivering high-quality work, and driving marketing initiatives."
Principal Cloud Engineer,Cloud & Infrastructure,Kubernetes; Python; Monitoring; Linux; Terraform; Networking; Docker,Principal,"We are seeking a Principal Cloud Engineer to join our E-commerce team. The ideal candidate has 12-20 years of experience and is proficient in Kubernetes, Python, Monitoring, Linux, Terraform, Networking, Docker. Responsibilities include collaborating with cross-functional teams, delivering high-quality work, and driving cloud & infrastructure initiatives."
Lead Network Engineer,Cloud & Infrastructure,Routing; Linux; Cisco; TCP/IP; Security; Switching; VPN,Lead,"We are seeking a Lead Network Engineer to join our Gaming team. The ideal candidate has 8-14 years of experience and is proficient in Routing, Linux, Cisco, TCP/IP, Security, Switching, VPN. Responsibilities include collaborating with cross-functional teams, delivering high-quality work, and driving cloud & infrastructure initiatives."
Principal Growth Marketer,Marketing,Paid Ads; Experimentation; Analytics; SEO; A/B Testing,Principal,"We are seeking a Principal Growth Marketer to join our E-commerce team. The ideal candidate has 12-20 years of experience and is proficient in Paid Ads, Experimentation, Analytics, SEO, A/B Testing. Responsibilities include collaborating with cross-functional teams, delivering high-quality work, and driving marketing initiatives."
Principal Data Scientist,Data & AI,Jupyter; NumPy; Statistics; Python; Machine Learning; TensorFlow; SQL,Principal,"We are seeking a Principal Data Scientist to join our SaaS team. The ideal candidate has 12-20 years of experience and is proficient in Jupyter, NumPy, Statistics, Python, Machine Learning, TensorFlow, SQL. Responsibilities include collaborating with cross-functional teams, delivering high-quality work, and driving data & ai initiatives."
Lead Security Engineer,Cloud & Infrastructure,Linux; SIEM; Cybersecurity; Python; OWASP,Lead,"We are seeking a Lead Security Engineer to join our Enterprise team. The ideal candidate has 8-14 years of experience and is proficient in Linux, SIEM, Cybersecurity, Python, OWASP. Responsibilities include collaborating with cross-functional teams, delivering high-quality work, and driving cloud & infrastructure initiatives."
Lead DevOps Engineer,Software Engineering,Ansible; CI/CD; Linux; Jenkins; Monitoring; AWS,Lead,"We are seeking a Lead DevOps Engineer to join our E-commerce team. The ideal candidate has 8-14 years of experience and is proficient in Ansible, CI/CD, Linux, Jenkins, Monitoring, AWS. Responsibilities include collaborating with cross-functional teams, delivering high-quality work, and driving software engineering initiatives."
Principal Scrum Master,Product & Management,Jira; Agile; Facilitation; Communication; Scrum,Principal,"We are seeking a Principal Scrum Master to join our Enterprise team. The ideal candidate has 12-20 years of experience and is proficient in Jira, Agile, Facilitation, Communication, Scrum. Responsibilities include collaborating with cross-functional teams, delivering high-quality work, and driving product & management initiatives."
Principal Data Engineer,Data & AI,Hadoop; Kafka; Airflow; Data Modeling; SQL; ETL; Python,Principal,"We are seeking a Principal Data Engineer to join our Enterprise team. The ideal candidate has 12-20 years of experience and is proficient in Hadoop, Kafka, Airflow, Data Modeling, SQL, ETL, Python. Responsibilities include collaborating with cross-functional teams, delivering high-quality work, and driving data & ai initiatives."
Mid-level Product Manager,Product & Management,Agile; Jira; Stakeholder Management; Market Research; Prioritization; User Stories,Mid-level,"We are seeking a Mid-level Product Manager to join our Startup team. The ideal candidate has 3-6 years of experience and is proficient in Agile, Jira, Stakeholder Management, Market Research, Prioritization, User Stories. Responsibilities include collaborating with cross-functional teams, delivering high-quality work, and driving product & management initiatives."
Intern Data Analyst,Data & AI,Statistics; Tableau; Data Cleaning; Power BI; Pandas; Excel; Python,Intern,"We are seeking a Intern Data Analyst to join our E-commerce team. The ideal candidate has 0-1 years of experience and is proficient in Statistics, Tableau, Data Cleaning, Power BI, Pandas, Excel, Python. Responsibilities include collaborating with cross-functional teams, delivering high-quality work, and driving data & ai initiatives."
Junior Social Media Manager,Marketing,Community Management; Social Media; Canva; Scheduling Tools; Branding,Junior,"We are seeking a Junior Social Media Manager to join our E-commerce team. The ideal candidate has 1-3 years of experience and is proficient in Community Management, Social Media, Canva, Scheduling Tools, Branding. Responsibilities include collaborating with cross-functional teams, delivering high-quality work, and driving marketing initiatives."
Junior Security Engineer,Cloud & Infrastructure,Python; Firewalls; OWASP; Network Security; Penetration Testing; Cybersecurity,Junior,"We are seeking a Junior Security Engineer to join our Fintech team. The ideal candidate has 1-3 years of experience and is proficient in Python, Firewalls, OWASP, Network Security, Penetration Testing, Cybersecurity. Responsibilities include collaborating with cross-functional teams, delivering high-quality work, and driving cloud & infrastructure initiatives."
Senior Cloud Engineer,Cloud & Infrastructure,Networking; Monitoring; CI/CD; Python; Kubernetes,Senior,"We are seeking a Senior Cloud Engineer to join our Healthcare team. The ideal candidate has 6-10 years of experience and is proficient in Networking, Monitoring, CI/CD, Python, Kubernetes. Responsibilities include collaborating with cross-functional teams, delivering high-quality work, and driving cloud & infrastructure initiatives."
Lead Business Analyst,Business,Agile; Communication; Requirements Gathering; Stakeholder Management; Documentation,Lead,"We are seeking a Lead Business Analyst to join our Startup team. The ideal candidate has 8-14 years of experience and is proficient in Agile, Communication, Requirements Gathering, Stakeholder Management, Documentation. Responsibilities include collaborating with cross-functional teams, delivering high-quality work, and driving business initiatives."
Junior Cloud Architect,Cloud & Infrastructure,Kubernetes; Networking; AWS; Terraform; Security; System Design,Junior,"We are seeking a Junior Cloud Architect to join our EdTech team. The ideal candidate has 1-3 years of experience and is proficient in Kubernetes, Networking, AWS, Terraform, Security, System Design. Responsibilities include collaborating with cross-functional teams, delivering high-quality work, and driving cloud & infrastructure initiatives."
Principal Cloud Architect,Cloud & Infrastructure,AWS; System Design; Networking; Kubernetes; Cost Optimization; Terraform,Principal,"We are seeking a Principal Cloud Architect to join our Gaming team. The ideal candidate has 12-20 years of experience and is proficient in AWS, System Design, Networking, Kubernetes, Cost Optimization, Terraform. Responsibilities include collaborating with cross-functional teams, delivering high-quality work, and driving cloud & infrastructure initiatives."
Mid-level Product Manager,Product & Management,Communication; Roadmapping; User Stories; Stakeholder Management; Jira; Analytics,Mid-level,"We are seeking a Mid-level Product Manager to join our Healthcare team. The ideal candidate has 3-6 years of experience and is proficient in Communication, Roadmapping, User Stories, Stakeholder Management, Jira, Analytics. Responsibilities include collaborating with cross-functional teams, delivering high-quality work, and driving product & management initiatives."
Senior Cloud Engineer,Cloud & Infrastructure,Linux; Networking; Docker; Kubernetes; CloudFormation; Monitoring,Senior,"We are seeking a Senior Cloud Engineer to join our Startup team. The ideal candidate has 6-10 years of experience and is proficient in Linux, Networking, Docker, Kubernetes, CloudFormation, Monitoring. Responsibilities include collaborating with cross-functional teams, delivering high-quality work, and driving cloud & infrastructure initiatives."
Senior Full Stack Developer,Software Engineering,Git; Node.js; REST APIs; Docker; MongoDB,Senior,"We are seeking a Senior Full Stack Developer to join our Enterprise team. The ideal candidate has 6-10 years of experience and is proficient in Git, Node.js, REST APIs, Docker, MongoDB. Responsibilities include collaborating with cross-functional teams, delivering high-quality work, and driving software engineering initiatives."
Intern Scrum Master,Product & Management,Agile; Communication; Servant Leadership; Retrospectives; Coaching; Kanban,Intern,"We are seeking a Intern Scrum Master to join our Enterprise team. The ideal candidate has 0-1 years of experience and is proficient in Agile, Communication, Servant Leadership, Retrospectives, Coaching, Kanban. Responsibilities include collaborating with cross-functional teams, delivering high-quality work, and driving product & management initiatives."
Intern HR Specialist,Business,Communication; Conflict Resolution; Compliance; HRIS; Recruitment,Intern,"We are seeking a Intern HR Specialist to join our Fintech team. The ideal candidate has 0-1 years of experience and is proficient in Communication, Conflict Resolution, Compliance, HRIS, Recruitment. Responsibilities include collaborating with cross-functional teams, delivering high-quality work, and driving business initiatives."
Senior Operations Manager,Business,Six Sigma; Budgeting; Communication; Operations Management; Supply Chain,Senior,"We are seeking a Senior Operations Manager to join our Fintech team. The ideal candidate has 6-10 years of experience and is proficient in Six Sigma, Budgeting, Communication, Operations Management, Supply Chain. Responsibilities include collaborating with cross-functional teams, delivering high-quality work, and driving business initiatives."
Mid-level Site Reliability Engineer,Software Engineering,Grafana; Prometheus; Go; Kubernetes; Terraform; Linux,Mid-level,"We are seeking a Mid-level Site Reliability Engineer to join our Gaming team. The ideal candidate has 3-6 years of experience and is proficient in Grafana, Prometheus, Go, Kubernetes, Terraform, Linux. Responsibilities include collaborating with cross-functional teams, delivering high-quality work, and driving software engineering initiatives."
Intern Cloud Engineer,Cloud & Infrastructure,CI/CD; Terraform; Python; Monitoring; Linux; Networking; CloudFormation,Intern,"We are seeking a Intern Cloud Engineer to join our Startup team. The ideal candidate has 0-1 years of experience and is proficient in CI/CD, Terraform, Python, Monitoring, Linux, Networking, CloudFormation. Responsibilities include collaborating with cross-functional teams, delivering high-quality work, and driving cloud & infrastructure initiatives."
Senior NLP Engineer,Data & AI,Deep Learning; Text Mining; Python; Tokenization; NLP; spaCy,Senior,"We are seeking a Senior NLP Engineer to join our Gaming team. The ideal candidate has 6-10 years of experience and is proficient in Deep Learning, Text Mining, Python, Tokenization, NLP, spaCy. Responsibilities include collaborating with cross-functional teams, delivering high-quality work, and driving data & ai initiatives."
Junior Social Media Manager,Marketing,Analytics; Engagement; Branding; Content Creation; Campaign Management; Social Media; Community Management,Junior,"We are seeking a Junior Social Media Manager to join our Fintech team. The ideal candidate has 1-3 years of experience and is proficient in Analytics, Engagement, Branding, Content Creation, Campaign Management, Social Media, Community Management. Responsibilities include collaborating with cross-functional teams, delivering high-quality work, and driving marketing initiatives."
Principal Content Strategist,Marketing,Storytelling; Brand Voice; Social Media; Analytics; Copywriting; Content Marketing,Principal,"We are seeking a Principal Content Strategist to join our E-commerce team. The ideal candidate has 12-20 years of experience and is proficient in Storytelling, Brand Voice, Social Media, Analytics, Copywriting, Content Marketing. Responsibilities include collaborating with cross-functional teams, delivering high-quality work, and driving marketing initiatives."
Lead DevOps Engineer,Software Engineering,Terraform; Docker; CI/CD; Bash; Monitoring,Lead,"We are seeking a Lead DevOps Engineer to join our Startup team. The ideal candidate has 8-14 years of experience and is proficient in Terraform, Docker, CI/CD, Bash, Monitoring. Responsibilities include collaborating with cross-functional teams, delivering high-quality work, and driving software engineering initiatives."
Intern Mobile Developer,Software Engineering,REST APIs; Git; Kotlin; Android SDK; React Native; Swift,Intern,"We are seeking a Intern Mobile Developer to join our Fintech team. The ideal candidate has 0-1 years of experience and is proficient in REST APIs, Git, Kotlin, Android SDK, React Native, Swift. Responsibilities include collaborating with cross-functional teams, delivering high-quality work, and driving software engineering initiatives."
Senior Backend Developer,Software Engineering,GraphQL; Redis; Microservices; SQL; Spring Boot,Senior,"We are seeking a Senior Backend Developer to join our EdTech team. The ideal candidate has 6-10 years of experience and is proficient in GraphQL, Redis, Microservices, SQL, Spring Boot. Responsibilities include collaborating with cross-functional teams, delivering high-quality work, and driving software engineering initiatives."
Principal Graphic Designer,Design,Print Design; Photoshop; Typography; Branding; InDesign,Principal,"We are seeking a Principal Graphic Designer to join our Healthcare team. The ideal candidate has 12-20 years of experience and is proficient in Print Design, Photoshop, Typography, Branding, InDesign. Responsibilities include collaborating with cross-functional teams, delivering high-quality work, and driving design initiatives."
Lead Cloud Engineer,Cloud & Infrastructure,CloudFormation; Kubernetes; AWS; Terraform; Python; Networking; Docker,Lead,"We are seeking a Lead Cloud Engineer to join our SaaS team. The ideal candidate has 8-14 years of experience and is proficient in CloudFormation, Kubernetes, AWS, Terraform, Python, Networking, Docker. Responsibilities include collaborating with cross-functional teams, delivering high-quality work, and driving cloud & infrastructure initiatives."
Junior Graphic Designer,Design,InDesign; Photoshop; Branding; Print Design; Creativity,Junior,"We are seeking a Junior Graphic Designer to join our SaaS team. The ideal candidate has 1-3 years of experience and is proficient in InDesign, Photoshop, Branding, Print Design, Creativity. Responsibilities include collaborating with cross-functional teams, delivering high-quality work, and driving design initiatives."
Principal Operations Manager,Business,Process Improvement; Lean; Supply Chain; Communication; Analytics,Principal,"We are seeking a Principal Operations Manager to join our E-commerce team. The ideal candidate has 12-20 years of experience and is proficient in Process Improvement, Lean, Supply Chain, Communication, Analytics. Responsibilities include collaborating with cross-functional teams, delivering high-quality work, and driving business initiatives."
Principal Database Administrator,Cloud & Infrastructure,Security; Linux; MySQL; Oracle; Performance Tuning; Backup & Recovery,Principal,"We are seeking a Principal Database Administrator to join our Gaming team. The ideal candidate has 12-20 years of experience and is proficient in Security, Linux, MySQL, Oracle, Performance Tuning, Backup & Recovery. Responsibilities include collaborating with cross-functional teams, delivering high-quality work, and driving cloud & infrastructure initiatives."
Mid-level QA Engineer,Software Engineering,Selenium; Test Automation; Manual Testing; Cypress; Jira; JUnit,Mid-level,"We are seeking a Mid-level QA Engineer to join our Startup team. The ideal candidate has 3-6 years of experience and is proficient in Selenium, Test Automation, Manual Testing, Cypress, Jira, JUnit. Responsibilities include collaborating with cross-functional teams, delivering high-quality work, and driving software engineering initiatives."
Senior Mobile Developer,Software Engineering,Firebase; Git; Swift; Flutter; React Native,Senior,"We are seeking a Senior Mobile Developer to join our Fintech team. The ideal candidate has 6-10 years of experience and is proficient in Firebase, Git, Swift, Flutter, React Native. Responsibilities include collaborating with cross-functional teams, delivering high-quality work, and driving software engineering initiatives."
Intern Network Engineer,Cloud & Infrastructure,TCP/IP; VPN; Routing; DNS; Firewalls,Intern,"We are seeking a Intern Network Engineer to join our Enterprise team. The ideal candidate has 0-1 years of experience and is proficient in TCP/IP, VPN, Routing, DNS, Firewalls. Responsibilities include collaborating with cross-functional teams, delivering high-quality work, and driving cloud & infrastructure initiatives."
Lead Data Analyst,Data & AI,Power BI; A/B Testing; SQL; Pandas; Python; Statistics; Data Cleaning,Lead,"We are seeking a Lead Data Analyst to join our Healthcare team. The ideal candidate has 8-14 years of experience and is proficient in Power BI, A/B Testing, SQL, Pandas, Python, Statistics, Data Cleaning. Responsibilities include collaborating with cross-functional teams, delivering high-quality work, and driving data & ai initiatives."
Mid-level HR Specialist,Business,Conflict Resolution; Payroll; Communication; Training; Employee Relations; Compliance,Mid-level,"We are seeking a Mid-level HR Specialist to join our SaaS team. The ideal candidate has 3-6 years of experience and is proficient in Conflict Resolution, Payroll, Communication, Training, Employee Relations, Compliance. Responsibilities include collaborating with cross-functional teams, delivering high-quality work, and driving business initiatives."
Lead Game Developer,Software Engineering,Optimization; Physics; C++; 3D Math; Shaders; Unreal Engine; OpenGL,Lead,"We are seeking a Lead Game Developer to join our Enterprise team. The ideal candidate has 8-14 years of experience and is proficient in Optimization, Physics, C++, 3D Math, Shaders, Unreal Engine, OpenGL. Responsibilities include collaborating with cross-functional teams, delivering high-quality work, and driving software engineering initiatives."
Lead Graphic Designer,Design,InDesign; Typography; Branding; Illustrator; Photoshop; Layout Design,Lead,"We are seeking a Lead Graphic Designer to join our Healthcare team. The ideal candidate has 8-14 years of experience and is proficient in InDesign, Typography, Branding, Illustrator, Photoshop, Layout Design. Responsibilities include collaborating with cross-functional teams, delivering high-quality work, and driving design initiatives."
Junior Operations Manager,Business,Six Sigma; Process Improvement; Budgeting; Lean; Leadership,Junior,"We are seeking a Junior Operations Manager to join our Fintech team. The ideal candidate has 1-3 years of experience and is proficient in Six Sigma, Process Improvement, Budgeting, Lean, Leadership. Responsibilities include collaborating with cross-functional teams, delivering high-quality work, and driving business initiatives."
Lead Product Manager,Product & Management,Prioritization; Roadmapping; Analytics; Stakeholder Management; Market Research; Agile,Lead,"We are seeking a Lead Product Manager to join our Startup team. The ideal candidate has 8-14 years of experience and is proficient in Prioritization, Roadmapping, Analytics, Stakeholder Management, Market Research, Agile. Responsibilities include collaborating with cross-functional teams, delivering high-quality work, and driving product & management initiatives."
Junior Business Intelligence Analyst,Data & AI,Data Warehousing; DAX; Python; Excel; SQL,Junior,"We are seeking a Junior Business Intelligence Analyst to join our Enterprise team. The ideal candidate has 1-3 years of experience and is proficient in Data Warehousing, DAX, Python, Excel, SQL. Responsibilities include collaborating with cross-functional teams, delivering high-quality work, and driving data & ai initiatives."
Intern Sales Engineer,Business,Negotiation; APIs; Solution Design; Presentations; Technical Sales; Customer Success,Intern,"We are seeking a Intern Sales Engineer to join our Gaming team. The ideal candidate has 0-1 years of experience and is proficient in Negotiation, APIs, Solution Design, Presentations, Technical Sales, Customer Success. Responsibilities include collaborating with cross-functional teams, delivering high-quality work, and driving business initiatives."
Senior Operations Manager,Business,Analytics; Communication; Lean; Vendor Management; Leadership; Six Sigma; Operations Management,Senior,"We are seeking a Senior Operations Manager to join our Enterprise team. The ideal candidate has 6-10 years of experience and is proficient in Analytics, Communication, Lean, Vendor Management, Leadership, Six Sigma, Operations Management. Responsibilities include collaborating with cross-functional teams, delivering high-quality work, and driving business initiatives."
Senior Program Manager,Product & Management,Risk Management; Agile; Reporting; Strategy; Leadership,Senior,"We are seeking a Senior Program Manager to join our Gaming team. The ideal candidate has 6-10 years of experience and is proficient in Risk Management, Agile, Reporting, Strategy, Leadership. Responsibilities include collaborating with cross-functional teams, delivering high-quality work, and driving product & management initiatives."
Principal Business Intelligence Analyst,Data & AI,SQL; Tableau; Reporting; Power BI; ETL; Data Warehousing,Principal,"We are seeking a Principal Business Intelligence Analyst to join our Fintech team. The ideal candidate has 12-20 years of experience and is proficient in SQL, Tableau, Reporting, Power BI, ETL, Data Warehousing. Responsibilities include collaborating with cross-functional teams, delivering high-quality work, and driving data & ai initiatives."
Lead UX Designer,Design,Information Architecture; Journey Mapping; Personas; Accessibility; User Research; Usability Testing; Figma,Lead,"We are seeking a Lead UX Designer to join our E-commerce team. The ideal candidate has 8-14 years of experience and is proficient in Information Architecture, Journey Mapping, Personas, Accessibility, User Research, Usability Testing, Figma. Responsibilities include collaborating with cross-functional teams, delivering high-quality work, and driving design initiatives."
Lead Game Developer,Software Engineering,Physics; OpenGL; Unity; C#; 3D Math; C++; Optimization,Lead,"We are seeking a Lead Game Developer to join our EdTech team. The ideal candidate has 8-14 years of experience and is proficient in Physics, OpenGL, Unity, C#, 3D Math, C++, Optimization. Responsibilities include collaborating with cross-functional teams, delivering high-quality work, and driving software engineering initiatives."
Senior Interaction Designer,Design,Motion Design; User Research; Figma; UX Design; Interaction Design,Senior,"We are seeking a Senior Interaction Designer to join our EdTech team. The ideal candidate has 6-10 years of experience and is proficient in Motion Design, User Research, Figma, UX Design, Interaction Design. Responsibilities include collaborating with cross-functional teams, delivering high-quality work, and driving design initiatives."
Lead Frontend Developer,Software Engineering,Jest; React; Webpack; TypeScript; CSS; JavaScript; Accessibility,Lead,"We are seeking a Lead Frontend Developer to join our E-commerce team. The ideal candidate has 8-14 years of experience and is proficient in Jest, React, Webpack, TypeScript, CSS, JavaScript, Accessibility. Responsibilities include collaborating with cross-functional teams, delivering high-quality work, and driving software engineering initiatives."
Junior Product Owner,Product & Management,Scrum; Backlog Management; Stakeholder Management; Prioritization; Communication; Roadmapping; User Stories,Junior,"We are seeking a Junior Product Owner to join our SaaS team. The ideal candidate has 1-3 years of experience and is proficient in Scrum, Backlog Management, Stakeholder Management, Prioritization, Communication, Roadmapping, User Stories. Responsibilities include collaborating with cross-functional teams, delivering high-quality work, and driving product & management initiatives."
Lead Business Analyst,Business,Data Analysis; Stakeholder Management; Process Modeling; UML; Excel; SQL,Lead,"We are seeking a Lead Business Analyst to join our Fintech team. The ideal candidate has 8-14 years of experience and is proficient in Data Analysis, Stakeholder Management, Process Modeling, UML, Excel, SQL. Responsibilities include collaborating with cross-functional teams, delivering high-quality work, and driving business initiatives."
Senior Graphic Designer,Design,Layout Design; Photoshop; Typography; Creativity; Adobe XD,Senior,"We are seeking a Senior Graphic Designer to join our Gaming team. The ideal candidate has 6-10 years of experience and is proficient in Layout Design, Photoshop, Typography, Creativity, Adobe XD. Responsibilities include collaborating with cross-functional teams, delivering high-quality work, and driving design initiatives."
Lead NLP Engineer,Data & AI,Python; BERT; spaCy; NLP; Deep Learning; Transformers; Machine Learning,Lead,"We are seeking a Lead NLP Engineer to join our EdTech team. The ideal candidate has 8-14 years of experience and is proficient in Python, BERT, spaCy, NLP, Deep Learning, Transformers, Machine Learning. Responsibilities include collaborating with cross-functional teams, delivering high-quality work, and driving data & ai initiatives."
Junior Content Strategist,Marketing,SEO; Copywriting; Social Media; Research; Analytics; Content Marketing,Junior,"We are seeking a Junior Content Strategist to join our Gaming team. The ideal candidate has 1-3 years of experience and is proficient in SEO, Copywriting, Social Media, Research, Analytics, Content Marketing. Responsibilities include collaborating with cross-functional teams, delivering high-quality work, and driving marketing initiatives."
Intern Full Stack Developer,Software Engineering,Docker; Git; React; JavaScript; Node.js; TypeScript,Intern,"We are seeking a Intern Full Stack Developer to join our SaaS team. The ideal candidate has 0-1 years of experience and is proficient in Docker, Git, React, JavaScript, Node.js, TypeScript. Responsibilities include collaborating with cross-functional teams, delivering high-quality work, and driving software engineering initiatives."
Intern Cloud Engineer,Cloud & Infrastructure,Monitoring; Terraform; CI/CD; Kubernetes; AWS; Networking; Docker,Intern,"We are seeking a Intern Cloud Engineer to join our Fintech team. The ideal candidate has 0-1 years of experience and is proficient in Monitoring, Terraform, CI/CD, Kubernetes, AWS, Networking, Docker. Responsibilities include collaborating with cross-functional teams, delivering high-quality work, and driving cloud & infrastructure initiatives."
Mid-level Program Manager,Product & Management,Leadership; Budgeting; Risk Management; Roadmapping; Stakeholder Management,Mid-level,"We are seeking a Mid-level Program Manager to join our Fintech team. The ideal candidate has 3-6 years of experience and is proficient in Leadership, Budgeting, Risk Management, Roadmapping, Stakeholder Management. Responsibilities include collaborating with cross-functional teams, delivering high-quality work, and driving product & management initiatives."
Mid-level Sales Engineer,Business,Negotiation; Cloud; Solution Design; Presentations; Communication,Mid-level,"We are seeking a Mid-level Sales Engineer to join our Healthcare team. The ideal candidate has 3-6 years of experience and is proficient in Negotiation, Cloud, Solution Design, Presentations, Communication. Responsibilities include collaborating with cross-functional teams, delivering high-quality work, and driving business initiatives."
Junior HR Specialist,Business,Onboarding; Payroll; Employee Relations; Conflict Resolution; Performance Management; Recruitment; Training,Junior,"We are seeking a Junior HR Specialist to join our EdTech team. The ideal candidate has 1-3 years of experience and is proficient in Onboarding, Payroll, Employee Relations, Conflict Resolution, Performance Management, Recruitment, Training. Responsibilities include collaborating with cross-functional teams, delivering high-quality work, and driving business initiatives."
Intern DevOps Engineer,Software Engineering,Bash; Monitoring; Kubernetes; Linux; CI/CD; AWS; Jenkins,Intern,"We are seeking a Intern DevOps Engineer to join our E-commerce team. The ideal candidate has 0-1 years of experience and is proficient in Bash, Monitoring, Kubernetes, Linux, CI/CD, AWS, Jenkins. Responsibilities include collaborating with cross-functional teams, delivering high-quality work, and driving software engineering initiatives."
Senior NLP Engineer,Data & AI,spaCy; PyTorch; Transformers; NLP; Python; Tokenization,Senior,"We are seeking a Senior NLP Engineer to join our SaaS team. The ideal candidate has 6-10 years of experience and is proficient in spaCy, PyTorch, Transformers, NLP, Python, Tokenization. Responsibilities include collaborating with cross-functional teams, delivering high-quality work, and driving data & ai initiatives."
Mid-level Financial Analyst,Business,SQL; Reporting; Power BI; Financial Modeling; Excel; Budgeting; Forecasting,Mid-level,"We are seeking a Mid-level Financial Analyst to join our SaaS team. The ideal candidate has 3-6 years of experience and is proficient in SQL, Reporting, Power BI, Financial Modeling, Excel, Budgeting, Forecasting. Responsibilities include collaborating with cross-functional teams, delivering high-quality work, and driving business initiatives."
Principal SEO Specialist,Marketing,SEO; Keyword Research; SEMrush; HTML; On-page SEO; Link Building; Content Strategy,Principal,"We are seeking a Principal SEO Specialist to join our Fintech team. The ideal candidate has 12-20 years of experience and is proficient in SEO, Keyword Research, SEMrush, HTML, On-page SEO, Link Building, Content Strategy. Responsibilities include collaborating with cross-functional teams, delivering high-quality work, and driving marketing initiatives."
Principal Machine Learning Engineer,Data & AI,Model Deployment; Deep Learning; Docker; PyTorch; Machine Learning,Principal,"We are seeking a Principal Machine Learning Engineer to join our EdTech team. The ideal candidate has 12-20 years of experience and is proficient in Model Deployment, Deep Learning, Docker, PyTorch, Machine Learning. Responsibilities include collaborating with cross-functional teams, delivering high-quality work, and driving data & ai initiatives."
Junior Interaction Designer,Design,After Effects; Prototyping; Usability Testing; User Research; UX Design,Junior,"We are seeking a Junior Interaction Designer to join our Startup team. The ideal candidate has 1-3 years of experience and is proficient in After Effects, Prototyping, Usability Testing, User Research, UX Design. Responsibilities include collaborating with cross-functional teams, delivering high-quality work, and driving design initiatives."
Intern Software Architect,Software Engineering,Scalability; Microservices; Leadership; Java; Kafka,Intern,"We are seeking a Intern Software Architect to join our EdTech team. The ideal candidate has 0-1 years of experience and is proficient in Scalability, Microservices, Leadership, Java, Kafka. Responsibilities include collaborating with cross-functional teams, delivering high-quality work, and driving software engineering initiatives."
Junior Database Administrator,Cloud & Infrastructure,MongoDB; Security; Oracle; PostgreSQL; Replication; Backup & Recovery; MySQL,Junior,"We are seeking a Junior Database Administrator to join our E-commerce team. The ideal candidate has 1-3 years of experience and is proficient in MongoDB, Security, Oracle, PostgreSQL, Replication, Backup & Recovery, MySQL. Responsibilities include collaborating with cross-functional teams, delivering high-quality work, and driving cloud & infrastructure initiatives."
Principal Machine Learning Engineer,Data & AI,Machine Learning; PyTorch; Docker; Model Deployment; SQL; Scikit-learn,Principal,"We are seeking a Principal Machine Learning Engineer to join our Gaming team. The ideal candidate has 12-20 years of experience and is proficient in Machine Learning, PyTorch, Docker, Model Deployment, SQL, Scikit-learn. Responsibilities include collaborating with cross-functional teams, delivering high-quality work, and driving data & ai initiatives."
Intern SEO Specialist,Marketing,SEO; Keyword Research; On-page SEO; HTML; Google Analytics; Link Building,Intern,"We are seeking a Intern SEO Specialist to join our Enterprise team. The ideal candidate has 0-1 years of experience and is proficient in SEO, Keyword Research, On-page SEO, HTML, Google Analytics, Link Building. Responsibilities include collaborating with cross-functional teams, delivering high-quality work, and driving marketing initiatives."
Mid-level Business Intelligence Analyst,Data & AI,Tableau; DAX; ETL; Python; Excel; Power BI,Mid-level,"We are seeking a Mid-level Business Intelligence Analyst to join our E-commerce team. The ideal candidate has 3-6 years of experience and is proficient in Tableau, DAX, ETL, Python, Excel, Power BI. Responsibilities include collaborating with cross-functional teams, delivering high-quality work, and driving data & ai initiatives."
Junior Frontend Developer,Software Engineering,TypeScript; Webpack; Accessibility; React; CSS; JavaScript; Jest,Junior,"We are seeking a Junior Frontend Developer to join our Fintech team. The ideal candidate has 1-3 years of experience and is proficient in TypeScript, Webpack, Accessibility, React, CSS, JavaScript, Jest. Responsibilities include collaborating with cross-functional teams, delivering high-quality work, and driving software engineering initiatives."
Principal QA Engineer,Software Engineering,Python; Jira; CI/CD; Test Automation; Manual Testing; Bug Tracking; Postman,Principal,"We are seeking a Principal QA Engineer to join our Healthcare team. The ideal candidate has 12-20 years of experience and is proficient in Python, Jira, CI/CD, Test Automation, Manual Testing, Bug Tracking, Postman. Responsibilities include collaborating with cross-functional teams, delivering high-quality work, and driving software engineering initiatives."
Senior Business Analyst,Business,Agile; SQL; Documentation; UML; Data Analysis; Stakeholder Management,Senior,"We are seeking a Senior Business Analyst to join our Gaming team. The ideal candidate has 6-10 years of experience and is proficient in Agile, SQL, Documentation, UML, Data Analysis, Stakeholder Management. Responsibilities include collaborating with cross-functional teams, delivering high-quality work, and driving business initiatives."
Intern Computer Vision Engineer,Data & AI,TensorFlow; Image Processing; Deep Learning; OpenCV; C++; Python,Intern,"We are seeking a Intern Computer Vision Engineer to join our E-commerce team. The ideal candidate has 0-1 years of experience and is proficient in TensorFlow, Image Processing, Deep Learning, OpenCV, C++, Python. Responsibilities include collaborating with cross-functional teams, delivering high-quality work, and driving data & ai initiatives."
Mid-level Frontend Developer,Software Engineering,Accessibility; Sass; TypeScript; CSS; Webpack; HTML; React,Mid-level,"We are seeking a Mid-level Frontend Developer to join our Enterprise team. The ideal candidate has 3-6 years of experience and is proficient in Accessibility, Sass, TypeScript, CSS, Webpack, HTML, React. Responsibilities include collaborating with cross-functional teams, delivering high-quality work, and driving software engineering initiatives."
Intern Database Administrator,Cloud & Infrastructure,PostgreSQL; MongoDB; MySQL; Linux; Oracle; SQL; Backup & Recovery,Intern,"We are seeking a Intern Database Administrator to join our Gaming team. The ideal candidate has 0-1 years of experience and is proficient in PostgreSQL, MongoDB, MySQL, Linux, Oracle, SQL, Backup & Recovery. Responsibilities include collaborating with cross-functional teams, delivering high-quality work, and driving cloud & infrastructure initiatives."
Senior Network Engineer,Cloud & Infrastructure,Security; Switching; Routing; Firewalls; Linux; Networking; VPN,Senior,"We are seeking a Senior Network Engineer to join our Gaming team. The ideal candidate has 6-10 years of experience and is proficient in Security, Switching, Routing, Firewalls, Linux, Networking, VPN. Responsibilities include collaborating with cross-functional teams, delivering high-quality work, and driving cloud & infrastructure initiatives."
Junior Machine Learning Engineer,Data & AI,PyTorch; Python; Model Deployment; Docker; TensorFlow,Junior,"We are seeking a Junior Machine Learning Engineer to join our Gaming team. The ideal candidate has 1-3 years of experience and is proficient in PyTorch, Python, Model Deployment, Docker, TensorFlow. Responsibilities include collaborating with cross-functional teams, delivering high-quality work, and driving data & ai initiatives."
Mid-level Content Strategist,Marketing,Research; Storytelling; CMS; Social Media; Brand Voice; Editorial Planning,Mid-level,"We are seeking a Mid-level Content Strategist to join our E-commerce team. The ideal candidate has 3-6 years of experience and is proficient in Research, Storytelling, CMS, Social Media, Brand Voice, Editorial Planning. Responsibilities include collaborating with cross-functional teams, delivering high-quality work, and driving marketing initiatives."
Intern Sales Engineer,Business,Communication; Solution Design; Negotiation; Customer Success; APIs,Intern,"We are seeking a Intern Sales Engineer to join our EdTech team. The ideal candidate has 0-1 years of experience and is proficient in Communication, Solution Design, Negotiation, Customer Success, APIs. Responsibilities include collaborating with cross-functional teams, delivering high-quality work, and driving business initiatives."
Principal Digital Marketing Specialist,Marketing,Campaign Management; Social Media; Google Ads; Analytics; SEO; A/B Testing,Principal,"We are seeking a Principal Digital Marketing Specialist to join our Startup team. The ideal candidate has 12-20 years of experience and is proficient in Campaign Management, Social Media, Google Ads, Analytics, SEO, A/B Testing. Responsibilities include collaborating with cross-functional teams, delivering high-quality work, and driving marketing initiatives."
Lead Project Manager,Product & Management,Planning; Risk Management; Stakeholder Management; Agile; Gantt Charts; Communication; Leadership,Lead,"We are seeking a Lead Project Manager to join our Fintech team. The ideal candidate has 8-14 years of experience and is proficient in Planning, Risk Management, Stakeholder Management, Agile, Gantt Charts, Communication, Leadership. Responsibilities include collaborating with cross-functional teams, delivering high-quality work, and driving product & management initiatives."
Junior Growth Marketer,Marketing,Experimentation; Funnel Optimization; A/B Testing; Email Marketing; Analytics,Junior,"We are seeking a Junior Growth Marketer to join our Enterprise team. The ideal candidate has 1-3 years of experience and is proficient in Experimentation, Funnel Optimization, A/B Testing, Email Marketing, Analytics. Responsibilities include collaborating with cross-functional teams, delivering high-quality work, and driving marketing initiatives."
Senior Program Manager,Product & Management,Risk Management; Communication; Reporting; Agile; Roadmapping,Senior,"We are seeking a Senior Program Manager to join our Healthcare team. The ideal candidate has 6-10 years of experience and is proficient in Risk Management, Communication, Reporting, Agile, Roadmapping. Responsibilities include collaborating with cross-functional teams, delivering high-quality work, and driving product & management initiatives."
Mid-level HR Specialist,Business,Communication; Conflict Resolution; Training; HRIS; Payroll; Onboarding; Compliance,Mid-level,"We are seeking a Mid-level HR Specialist to join our Healthcare team. The ideal candidate has 3-6 years of experience and is proficient in Communication, Conflict Resolution, Training, HRIS, Payroll, Onboarding, Compliance. Responsibilities include collaborating with cross-functional teams, delivering high-quality work, and driving business initiatives."
Principal Interaction Designer,Design,Motion Design; Interaction Design; Design Systems; Usability Testing; UX Design; After Effects,Principal,"We are seeking a Principal Interaction Designer to join our Fintech team. The ideal candidate has 12-20 years of experience and is proficient in Motion Design, Interaction Design, Design Systems, Usability Testing, UX Design, After Effects. Responsibilities include collaborating with cross-functional teams, delivering high-quality work, and driving design initiatives."
Mid-level Software Architect,Software Engineering,AWS; Java; Docker; System Design; REST APIs,Mid-level,"We are seeking a Mid-level Software Architect to join our EdTech team. The ideal candidate has 3-6 years of experience and is proficient in AWS, Java, Docker, System Design, REST APIs. Responsibilities include collaborating with cross-functional teams, delivering high-quality work, and driving software engineering initiatives."
Senior AI Researcher,Data & AI,Python; PyTorch; NLP; Machine Learning; Research; Deep Learning; Publications,Senior,"We are seeking a Senior AI Researcher to join our Healthcare team. The ideal candidate has 6-10 years of experience and is proficient in Python, PyTorch, NLP, Machine Learning, Research, Deep Learning, Publications. Responsibilities include collaborating with cross-functional teams, delivering high-quality work, and driving data & ai initiatives."
Mid-level Graphic Designer,Design,Color Theory; Adobe XD; Print Design; Branding; Illustrator,Mid-level,"We are seeking a Mid-level Graphic Designer to join our Enterprise team. The ideal candidate has 3-6 years of experience and is proficient in Color Theory, Adobe XD, Print Design, Branding, Illustrator. Responsibilities include collaborating with cross-functional teams, delivering high-quality work, and driving design initiatives."
Lead Project Manager,Product & Management,Gantt Charts; Planning; Communication; Budgeting; Risk Management; Scrum,Lead,"We are seeking a Lead Project Manager to join our Startup team. The ideal candidate has 8-14 years of experience and is proficient in Gantt Charts, Planning, Communication, Budgeting, Risk Management, Scrum. Responsibilities include collaborating with cross-functional teams, delivering high-quality work, and driving product & management initiatives."
Principal Security Engineer,Cloud & Infrastructure,Python; Cybersecurity; Incident Response; Network Security; Linux,Principal,"We are seeking a Principal Security Engineer to join our E-commerce team. The ideal candidate has 12-20 years of experience and is proficient in Python, Cybersecurity, Incident Response, Network Security, Linux. Responsibilities include collaborating with cross-functional teams, delivering high-quality work, and driving cloud & infrastructure initiatives."
Senior Business Intelligence Analyst,Data & AI,Python; DAX; Excel; Dashboards; Reporting,Senior,"We are seeking a Senior Business Intelligence Analyst to join our Startup team. The ideal candidate has 6-10 years of experience and is proficient in Python, DAX, Excel, Dashboards, Reporting. Responsibilities include collaborating with cross-functional teams, delivering high-quality work, and driving data & ai initiatives."
Mid-level UI Designer,Design,Figma; Wireframing; HTML; Color Theory; Adobe XD; CSS,Mid-level,"We are seeking a Mid-level UI Designer to join our EdTech team. The ideal candidate has 3-6 years of experience and is proficient in Figma, Wireframing, HTML, Color Theory, Adobe XD, CSS. Responsibilities include collaborating with cross-functional teams, delivering high-quality work, and driving design initiatives."
Junior UI Designer,Design,HTML; Sketch; Adobe XD; Color Theory; Design Systems; Typography; Wireframing,Junior,"We are seeking a Junior UI Designer to join our EdTech team. The ideal candidate has 1-3 years of experience and is proficient in HTML, Sketch, Adobe XD, Color Theory, Design Systems, Typography, Wireframing. Responsibilities include collaborating with cross-functional teams, delivering high-quality work, and driving design initiatives."
Lead Security Engineer,Cloud & Infrastructure,OWASP; Penetration Testing; Network Security; Incident Response; Firewalls; Cybersecurity,Lead,"We are seeking a Lead Security Engineer to join our Fintech team. The ideal candidate has 8-14 years of experience and is proficient in OWASP, Penetration Testing, Network Security, Incident Response, Firewalls, Cybersecurity. Responsibilities include collaborating with cross-functional teams, delivering high-quality work, and driving cloud & infrastructure initiatives."
Senior Backend Developer,Software Engineering,Microservices; REST APIs; Python; Node.js; GraphQL; Redis; SQL,Senior,"We are seeking a Senior Backend Developer to join our SaaS team. The ideal candidate has 6-10 years of experience and is proficient in Microservices, REST APIs, Python, Node.js, GraphQL, Redis, SQL. Responsibilities include collaborating with cross-functional teams, delivering high-quality work, and driving software engineering initiatives."
Principal Database Administrator,Cloud & Infrastructure,Linux; MongoDB; Performance Tuning; Oracle; MySQL; Security,Principal,"We are seeking a Principal Database Administrator to join our E-commerce team. The ideal candidate has 12-20 years of experience and is proficient in Linux, MongoDB, Performance Tuning, Oracle, MySQL, Security. Responsibilities include collaborating with cross-functional teams, delivering high-quality work, and driving cloud & infrastructure initiatives."
Senior Data Engineer,Data & AI,Spark; Python; Kafka; ETL; Snowflake; Hadoop,Senior,"We are seeking a Senior Data Engineer to join our Startup team. The ideal candidate has 6-10 years of experience and is proficient in Spark, Python, Kafka, ETL, Snowflake, Hadoop. Responsibilities include collaborating with cross-functional teams, delivering high-quality work, and driving data & ai initiatives."
Mid-level Computer Vision Engineer,Data & AI,Machine Learning; PyTorch; Python; Image Processing; C++,Mid-level,"We are seeking a Mid-level Computer Vision Engineer to join our EdTech team. The ideal candidate has 3-6 years of experience and is proficient in Machine Learning, PyTorch, Python, Image Processing, C++. Responsibilities include collaborating with cross-functional teams, delivering high-quality work, and driving data & ai initiatives."
Intern Interaction Designer,Design,UX Design; Figma; User Research; Interaction Design; After Effects; Prototyping; Wireframing,Intern,"We are seeking a Intern Interaction Designer to join our SaaS team. The ideal candidate has 0-1 years of experience and is proficient in UX Design, Figma, User Research, Interaction Design, After Effects, Prototyping, Wireframing. Responsibilities include collaborating with cross-functional teams, delivering high-quality work, and driving design initiatives."
Intern HR Specialist,Business,Payroll; Employee Relations; Conflict Resolution; Training; Communication; Recruitment,Intern,"We are seeking a Intern HR Specialist to join our Startup team. The ideal candidate has 0-1 years of experience and is proficient in Payroll, Employee Relations, Conflict Resolution, Training, Communication, Recruitment. Responsibilities include collaborating with cross-functional teams, delivering high-quality work, and driving business initiatives."
Junior Frontend Developer,Software Engineering,TypeScript; React; Jest; Redux; HTML; Sass; Accessibility,Junior,"We are seeking a Junior Frontend Developer to join our Healthcare team. The ideal candidate has 1-3 years of experience and is proficient in TypeScript, React, Jest, Redux, HTML, Sass, Accessibility. Responsibilities include collaborating with cross-functional teams, delivering high-quality work, and driving software engineering initiatives."
Junior Computer Vision Engineer,Data & AI,Deep Learning; Machine Learning; PyTorch; TensorFlow; CNN; Python,Junior,"We are seeking a Junior Computer Vision Engineer to join our E-commerce team. The ideal candidate has 1-3 years of experience and is proficient in Deep Learning, Machine Learning, PyTorch, TensorFlow, CNN, Python. Responsibilities include collaborating with cross-functional teams, delivering high-quality work, and driving data & ai initiatives."
Senior Business Analyst,Business,SQL; Excel; UML; Agile; Process Modeling; Documentation,Senior,"We are seeking a Senior Business Analyst to join our Startup team. The ideal candidate has 6-10 years of experience and is proficient in SQL, Excel, UML, Agile, Process Modeling, Documentation. Responsibilities include collaborating with cross-functional teams, delivering high-quality work, and driving business initiatives."
Lead Data Scientist,Data & AI,Scikit-learn; TensorFlow; NumPy; Pandas; Machine Learning; Data Visualization,Lead,"We are seeking a Lead Data Scientist to join our Enterprise team. The ideal candidate has 8-14 years of experience and is proficient in Scikit-learn, TensorFlow, NumPy, Pandas, Machine Learning, Data Visualization. Responsibilities include collaborating with cross-functional teams, delivering high-quality work, and driving data & ai initiatives."
Intern Content Strategist,Marketing,Storytelling; Copywriting; Content Marketing; Research; Editorial Planning,Intern,"We are seeking a Intern Content Strategist to join our Fintech team. The ideal candidate has 0-1 years of experience and is proficient in Storytelling, Copywriting, Content Marketing, Research, Editorial Planning. Responsibilities include collaborating with cross-functional teams, delivering high-quality work, and driving marketing initiatives."
Senior NLP Engineer,Data & AI,BERT; PyTorch; Tokenization; Machine Learning; Deep Learning; NLP,Senior,"We are seeking a Senior NLP Engineer to join our EdTech team. The ideal candidate has 6-10 years of experience and is proficient in BERT, PyTorch, Tokenization, Machine Learning, Deep Learning, NLP. Responsibilities include collaborating with cross-functional teams, delivering high-quality work, and driving data & ai initiatives."
Junior UX Designer,Design,Personas; Journey Mapping; Usability Testing; Wireframing; Design Thinking; Prototyping,Junior,"We are seeking a Junior UX Designer to join our Gaming team. The ideal candidate has 1-3 years of experience and is proficient in Personas, Journey Mapping, Usability Testing, Wireframing, Design Thinking, Prototyping. Responsibilities include collaborating with cross-functional teams, delivering high-quality work, and driving design initiatives."
Principal DevOps Engineer,Software Engineering,CI/CD; Linux; Ansible; Jenkins; AWS,Principal,"We are seeking a Principal DevOps Engineer to join our EdTech team. The ideal candidate has 12-20 years of experience and is proficient in CI/CD, Linux, Ansible, Jenkins, AWS. Responsibilities include collaborating with cross-functional teams, delivering high-quality work, and driving software engineering initiatives."
Lead Operations Manager,Business,Operations Management; Process Improvement; Analytics; Lean; Budgeting; Leadership; Supply Chain,Lead,"We are seeking a Lead Operations Manager to join our EdTech team. The ideal candidate has 8-14 years of experience and is proficient in Operations Management, Process Improvement, Analytics, Lean, Budgeting, Leadership, Supply Chain. Responsibilities include collaborating with cross-functional teams, delivering high-quality work, and driving business initiatives."
Mid-level Machine Learning Engineer,Data & AI,MLOps; Model Deployment; TensorFlow; PyTorch; Docker; SQL,Mid-level,"We are seeking a Mid-level Machine Learning Engineer to join our EdTech team. The ideal candidate has 3-6 years of experience and is proficient in MLOps, Model Deployment, TensorFlow, PyTorch, Docker, SQL. Responsibilities include collaborating with cross-functional teams, delivering high-quality work, and driving data & ai initiatives."
Principal Network Engineer,Cloud & Infrastructure,Linux; Firewalls; DNS; VPN; Cisco; TCP/IP,Principal,"We are seeking a Principal Network Engineer to join our EdTech team. The ideal candidate has 12-20 years of experience and is proficient in Linux, Firewalls, DNS, VPN, Cisco, TCP/IP. Responsibilities include collaborating with cross-functional teams, delivering high-quality work, and driving cloud & infrastructure initiatives."
Intern QA Engineer,Software Engineering,CI/CD; Selenium; Bug Tracking; Jira; Python; Postman,Intern,"We are seeking a Intern QA Engineer to join our Enterprise team. The ideal candidate has 0-1 years of experience and is proficient in CI/CD, Selenium, Bug Tracking, Jira, Python, Postman. Responsibilities include collaborating with cross-functional teams, delivering high-quality work, and driving software engineering initiatives."
Senior Computer Vision Engineer,Data & AI,OpenCV; C++; CUDA; Image Processing; Deep Learning; PyTorch,Senior,"We are seeking a Senior Computer Vision Engineer to join our SaaS team. The ideal candidate has 6-10 years of experience and is proficient in OpenCV, C++, CUDA, Image Processing, Deep Learning, PyTorch. Responsibilities include collaborating with cross-functional teams, delivering high-quality work, and driving data & ai initiatives."
Junior NLP Engineer,Data & AI,PyTorch; Tokenization; Transformers; Python; Text Mining,Junior,"We are seeking a Junior NLP Engineer to join our E-commerce team. The ideal candidate has 1-3 years of experience and is proficient in PyTorch, Tokenization, Transformers, Python, Text Mining. Responsibilities include collaborating with cross-functional teams, delivering high-quality work, and driving data & ai initiatives."
Intern Financial Analyst,Business,Excel; Financial Modeling; Forecasting; Valuation; SQL; Reporting; Budgeting,Intern,"We are seeking a Intern Financial Analyst to join our Healthcare team. The ideal candidate has 0-1 years of experience and is proficient in Excel, Financial Modeling, Forecasting, Valuation, SQL, Reporting, Budgeting. Responsibilities include collaborating with cross-functional teams, delivering high-quality work, and driving business initiatives."
Intern NLP Engineer,Data & AI,Tokenization; spaCy; Text Mining; Machine Learning; BERT,Intern,"We are seeking a Intern NLP Engineer to join our Fintech team. The ideal candidate has 0-1 years of experience and is proficient in Tokenization, spaCy, Text Mining, Machine Learning, BERT. Responsibilities include collaborating with cross-functional teams, delivering high-quality work, and driving data & ai initiatives."
Lead Backend Developer,Software Engineering,Node.js; Java; GraphQL; Redis; Spring Boot; SQL; Python,Lead,"We are seeking a Lead Backend Developer to join our Fintech team. The ideal candidate has 8-14 years of experience and is proficient in Node.js, Java, GraphQL, Redis, Spring Boot, SQL, Python. Responsibilities include collaborating with cross-functional teams, delivering high-quality work, and driving software engineering initiatives."
Mid-level Program Manager,Product & Management,Strategy; Budgeting; Communication; Agile; Leadership; Roadmapping; Reporting,Mid-level,"We are seeking a Mid-level Program Manager to join our Enterprise team. The ideal candidate has 3-6 years of experience and is proficient in Strategy, Budgeting, Communication, Agile, Leadership, Roadmapping, Reporting. Responsibilities include collaborating with cross-functional teams, delivering high-quality work, and driving product & management initiatives."
Lead Digital Marketing Specialist,Marketing,Google Ads; Analytics; SEO; Email Marketing; Campaign Management,Lead,"We are seeking a Lead Digital Marketing Specialist to join our Healthcare team. The ideal candidate has 8-14 years of experience and is proficient in Google Ads, Analytics, SEO, Email Marketing, Campaign Management. Responsibilities include collaborating with cross-functional teams, delivering high-quality work, and driving marketing initiatives."
Principal Mobile Developer,Software Engineering,Kotlin; Android SDK; Git; Swift; React Native; UI Design,Principal,"We are seeking a Principal Mobile Developer to join our Fintech team. The ideal candidate has 12-20 years of experience and is proficient in Kotlin, Android SDK, Git, Swift, React Native, UI Design. Responsibilities include collaborating with cross-functional teams, delivering high-quality work, and driving software engineering initiatives."
Mid-level Scrum Master,Product & Management,Jira; Sprint Planning; Facilitation; Kanban; Servant Leadership; Scrum,Mid-level,"We are seeking a Mid-level Scrum Master to join our Startup team. The ideal candidate has 3-6 years of experience and is proficient in Jira, Sprint Planning, Facilitation, Kanban, Servant Leadership, Scrum. Responsibilities include collaborating with cross-functional teams, delivering high-quality work, and driving product & management initiatives."
Mid-level Interaction Designer,Design,After Effects; Design Systems; Interaction Design; User Research; Wireframing,Mid-level,"We are seeking a Mid-level Interaction Designer to join our Enterprise team. The ideal candidate has 3-6 years of experience and is proficient in After Effects, Design Systems, Interaction Design, User Research, Wireframing. Responsibilities include collaborating with cross-functional teams, delivering high-quality work, and driving design initiatives."
Principal Financial Analyst,Business,Power BI; Valuation; Excel; Financial Modeling; Budgeting,Principal,"We are seeking a Principal Financial Analyst to join our SaaS team. The ideal candidate has 12-20 years of experience and is proficient in Power BI, Valuation, Excel, Financial Modeling, Budgeting. Responsibilities include collaborating with cross-functional teams, delivering high-quality work, and driving business initiatives."
Principal Content Strategist,Marketing,Social Media; Storytelling; Brand Voice; Content Marketing; Editorial Planning,Principal,"We are seeking a Principal Content Strategist to join our Healthcare team. The ideal candidate has 12-20 years of experience and is proficient in Social Media, Storytelling, Brand Voice, Content Marketing, Editorial Planning. Responsibilities include collaborating with cross-functional teams, delivering high-quality work, and driving marketing initiatives."
Junior QA Engineer,Software Engineering,Selenium; Bug Tracking; Jira; Cypress; Test Automation,Junior,"We are seeking a Junior QA Engineer to join our E-commerce team. The ideal candidate has 1-3 years of experience and is proficient in Selenium, Bug Tracking, Jira, Cypress, Test Automation. Responsibilities include collaborating with cross-functional teams, delivering high-quality work, and driving software engineering initiatives."
Intern SEO Specialist,Marketing,Technical SEO; SEMrush; SEO; Content Strategy; HTML; Link Building; Copywriting,Intern,"We are seeking a Intern SEO Specialist to join our Healthcare team. The ideal candidate has 0-1 years of experience and is proficient in Technical SEO, SEMrush, SEO, Content Strategy, HTML, Link Building, Copywriting. Responsibilities include collaborating with cross-functional teams, delivering high-quality work, and driving marketing initiatives."
Junior Data Scientist,Data & AI,SQL; Pandas; Scikit-learn; Python; TensorFlow; Statistics,Junior,"We are seeking a Junior Data Scientist to join our Healthcare team. The ideal candidate has 1-3 years of experience and is proficient in SQL, Pandas, Scikit-learn, Python, TensorFlow, Statistics. Responsibilities include collaborating with cross-functional teams, delivering high-quality work, and driving data & ai initiatives."
Principal Game Developer,Software Engineering,Optimization; OpenGL; Physics; C++; Game Design,Principal,"We are seeking a Principal Game Developer to join our Startup team. The ideal candidate has 12-20 years of experience and is proficient in Optimization, OpenGL, Physics, C++, Game Design. Responsibilities include collaborating with cross-functional teams, delivering high-quality work, and driving software engineering initiatives."
Mid-level Financial Analyst,Business,Budgeting; Financial Modeling; Excel; Accounting; Valuation; Analytics,Mid-level,"We are seeking a Mid-level Financial Analyst to join our Gaming team. The ideal candidate has 3-6 years of experience and is proficient in Budgeting, Financial Modeling, Excel, Accounting, Valuation, Analytics. Responsibilities include collaborating with cross-functional teams, delivering high-quality work, and driving business initiatives."
Junior Software Architect,Software Engineering,Scalability; AWS; Design Patterns; Microservices; Docker,Junior,"We are seeking a Junior Software Architect to join our Gaming team. The ideal candidate has 1-3 years of experience and is proficient in Scalability, AWS, Design Patterns, Microservices, Docker. Responsibilities include collaborating with cross-functional teams, delivering high-quality work, and driving software engineering initiatives."
Junior Backend Developer,Software Engineering,Spring Boot; SQL; REST APIs; Django; Microservices,Junior,"We are seeking a Junior Backend Developer to join our Healthcare team. The ideal candidate has 1-3 years of experience and is proficient in Spring Boot, SQL, REST APIs, Django, Microservices. Responsibilities include collaborating with cross-functional teams, delivering high-quality work, and driving software engineering initiatives."
Intern Financial Analyst,Business,SQL; Power BI; Excel; Analytics; Forecasting,Intern,"We are seeking a Intern Financial Analyst to join our Fintech team. The ideal candidate has 0-1 years of experience and is proficient in SQL, Power BI, Excel, Analytics, Forecasting. Responsibilities include collaborating with cross-functional teams, delivering high-quality work, and driving business initiatives."
Principal Frontend Developer,Software Engineering,HTML; React; JavaScript; TypeScript; Sass; CSS; Webpack,Principal,"We are seeking a Principal Frontend Developer to join our Startup team. The ideal candidate has 12-20 years of experience and is proficient in HTML, React, JavaScript, TypeScript, Sass, CSS, Webpack. Responsibilities include collaborating with cross-functional teams, delivering high-quality work, and driving software engineering initiatives."
Senior Scrum Master,Product & Management,Sprint Planning; Agile; Coaching; Jira; Retrospectives; Servant Leadership,Senior,"We are seeking a Senior Scrum Master to join our Startup team. The ideal candidate has 6-10 years of experience and is proficient in Sprint Planning, Agile, Coaching, Jira, Retrospectives, Servant Leadership. Responsibilities include collaborating with cross-functional teams, delivering high-quality work, and driving product & management initiatives."
Mid-level Software Architect,Software Engineering,System Design; Kafka; Leadership; Java; Docker,Mid-level,"We are seeking a Mid-level Software Architect to join our E-commerce team. The ideal candidate has 3-6 years of experience and is proficient in System Design, Kafka, Leadership, Java, Docker. Responsibilities include collaborating with cross-functional teams, delivering high-quality work, and driving software engineering initiatives."
Intern Financial Analyst,Business,Budgeting; Excel; Forecasting; Analytics; SQL,Intern,"We are seeking a Intern Financial Analyst to join our Startup team. The ideal candidate has 0-1 years of experience and is proficient in Budgeting, Excel, Forecasting, Analytics, SQL. Responsibilities include collaborating with cross-functional teams, delivering high-quality work, and driving business initiatives."
Senior Mobile Developer,Software Engineering,Git; REST APIs; Flutter; iOS; Android SDK; Swift; Kotlin,Senior,"We are seeking a Senior Mobile Developer to join our E-commerce team. The ideal candidate has 6-10 years of experience and is proficient in Git, REST APIs, Flutter, iOS, Android SDK, Swift, Kotlin. Responsibilities include collaborating with cross-functional teams, delivering high-quality work, and driving software engineering initiatives."
Mid-level Data Scientist,Data & AI,NumPy; TensorFlow; Python; Scikit-learn; Machine Learning,Mid-level,"We are seeking a Mid-level Data Scientist to join our Enterprise team. The ideal candidate has 3-6 years of experience and is proficient in NumPy, TensorFlow, Python, Scikit-learn, Machine Learning. Responsibilities include collaborating with cross-functional teams, delivering high-quality work, and driving data & ai initiatives."
Senior AI Researcher,Data & AI,Research; PyTorch; Python; Deep Learning; Machine Learning,Senior,"We are seeking a Senior AI Researcher to join our SaaS team. The ideal candidate has 6-10 years of experience and is proficient in Research, PyTorch, Python, Deep Learning, Machine Learning. Responsibilities include collaborating with cross-functional teams, delivering high-quality work, and driving data & ai initiatives."
Junior Project Manager,Product & Management,Stakeholder Management; Scrum; Communication; Leadership; Gantt Charts,Junior,"We are seeking a Junior Project Manager to join our Healthcare team. The ideal candidate has 1-3 years of experience and is proficient in Stakeholder Management, Scrum, Communication, Leadership, Gantt Charts. Responsibilities include collaborating with cross-functional teams, delivering high-quality work, and driving product & management initiatives."
Senior NLP Engineer,Data & AI,NLP; Tokenization; Deep Learning; Transformers; PyTorch; Machine Learning; BERT,Senior,"We are seeking a Senior NLP Engineer to join our Fintech team. The ideal candidate has 6-10 years of experience and is proficient in NLP, Tokenization, Deep Learning, Transformers, PyTorch, Machine Learning, BERT. Responsibilities include collaborating with cross-functional teams, delivering high-quality work, and driving data & ai initiatives."
Intern Full Stack Developer,Software Engineering,Python; Docker; MongoDB; Git; REST APIs,Intern,"We are seeking a Intern Full Stack Developer to join our Gaming team. The ideal candidate has 0-1 years of experience and is proficient in Python, Docker, MongoDB, Git, REST APIs. Responsibilities include collaborating with cross-functional teams, delivering high-quality work, and driving software engineering initiatives."
Junior Data Scientist,Data & AI,SQL; Statistics; Pandas; Data Visualization; Machine Learning; Jupyter; TensorFlow,Junior,"We are seeking a Junior Data Scientist to join our Gaming team. The ideal candidate has 1-3 years of experience and is proficient in SQL, Statistics, Pandas, Data Visualization, Machine Learning, Jupyter, TensorFlow. Responsibilities include collaborating with cross-functional teams, delivering high-quality work, and driving data & ai initiatives."
Principal Backend Developer,Software Engineering,SQL; Python; Node.js; Redis; Microservices; Django,Principal,"We are seeking a Principal Backend Developer to join our Gaming team. The ideal candidate has 12-20 years of experience and is proficient in SQL, Python, Node.js, Redis, Microservices, Django. Responsibilities include collaborating with cross-functional teams, delivering high-quality work, and driving software engineering initiatives."
Principal DevOps Engineer,Software Engineering,AWS; Ansible; Monitoring; Jenkins; Linux; CI/CD,Principal,"We are seeking a Principal DevOps Engineer to join our Fintech team. The ideal candidate has 12-20 years of experience and is proficient in AWS, Ansible, Monitoring, Jenkins, Linux, CI/CD. Responsibilities include collaborating with cross-functional teams, delivering high-quality work, and driving software engineering initiatives."
Mid-level Cloud Architect,Cloud & Infrastructure,Security; System Design; AWS; Azure; Cost Optimization,Mid-level,"We are seeking a Mid-level Cloud Architect to join our SaaS team. The ideal candidate has 3-6 years of experience and is proficient in Security, System Design, AWS, Azure, Cost Optimization. Responsibilities include collaborating with cross-functional teams, delivering high-quality work, and driving cloud & infrastructure initiatives."
Senior Computer Vision Engineer,Data & AI,CUDA; TensorFlow; PyTorch; Python; Deep Learning; C++; CNN,Senior,"We are seeking a Senior Computer Vision Engineer to join our Gaming team. The ideal candidate has 6-10 years of experience and is proficient in CUDA, TensorFlow, PyTorch, Python, Deep Learning, C++, CNN. Responsibilities include collaborating with cross-functional teams, delivering high-quality work, and driving data & ai initiatives."
Intern Project Manager,Product & Management,Risk Management; Scrum; Stakeholder Management; Budgeting; Jira,Intern,"We are seeking a Intern Project Manager to join our Healthcare team. The ideal candidate has 0-1 years of experience and is proficient in Risk Management, Scrum, Stakeholder Management, Budgeting, Jira. Responsibilities include collaborating with cross-functional teams, delivering high-quality work, and driving product & management initiatives."
Intern QA Engineer,Software Engineering,Cypress; JUnit; Bug Tracking; Postman; Python; Manual Testing,Intern,"We are seeking a Intern QA Engineer to join our Fintech team. The ideal candidate has 0-1 years of experience and is proficient in Cypress, JUnit, Bug Tracking, Postman, Python, Manual Testing. Responsibilities include collaborating with cross-functional teams, delivering high-quality work, and driving software engineering initiatives."
Mid-level Backend Developer,Software Engineering,Spring Boot; SQL; Node.js; REST APIs; Django; Python,Mid-level,"We are seeking a Mid-level Backend Developer to join our Enterprise team. The ideal candidate has 3-6 years of experience and is proficient in Spring Boot, SQL, Node.js, REST APIs, Django, Python. Responsibilities include collaborating with cross-functional teams, delivering high-quality work, and driving software engineering initiatives."
Junior NLP Engineer,Data & AI,spaCy; BERT; NLP; Machine Learning; Tokenization; Text Mining; Transformers,Junior,"We are seeking a Junior NLP Engineer to join our Fintech team. The ideal candidate has 1-3 years of experience and is proficient in spaCy, BERT, NLP, Machine Learning, Tokenization, Text Mining, Transformers. Responsibilities include collaborating with cross-functional teams, delivering high-quality work, and driving data & ai initiatives."
Lead Frontend Developer,Software Engineering,Jest; HTML; Accessibility; JavaScript; CSS,Lead,"We are seeking a Lead Frontend Developer to join our Gaming team. The ideal candidate has 8-14 years of experience and is proficient in Jest, HTML, Accessibility, JavaScript, CSS. Responsibilities include collaborating with cross-functional teams, delivering high-quality work, and driving software engineering initiatives."
Senior Product Owner,Product & Management,Jira; Scrum; Prioritization; Analytics; Communication,Senior,"We are seeking a Senior Product Owner to join our Startup team. The ideal candidate has 6-10 years of experience and is proficient in Jira, Scrum, Prioritization, Analytics, Communication. Responsibilities include collaborating with cross-functional teams, delivering high-quality work, and driving product & management initiatives."
Intern Scrum Master,Product & Management,Jira; Coaching; Scrum; Agile; Retrospectives; Sprint Planning; Servant Leadership,Intern,"We are seeking a Intern Scrum Master to join our Fintech team. The ideal candidate has 0-1 years of experience and is proficient in Jira, Coaching, Scrum, Agile, Retrospectives, Sprint Planning, Servant Leadership. Responsibilities include collaborating with cross-functional teams, delivering high-quality work, and driving product & management initiatives."
Principal HR Specialist,Business,Employee Relations; Conflict Resolution; Recruitment; Performance Management; Compliance; Training,Principal,"We are seeking a Principal HR Specialist to join our Startup team. The ideal candidate has 12-20 years of experience and is proficient in Employee Relations, Conflict Resolution, Recruitment, Performance Management, Compliance, Training. Responsibilities include collaborating with cross-functional teams, delivering high-quality work, and driving business initiatives."
Mid-level NLP Engineer,Data & AI,Transformers; Text Mining; PyTorch; spaCy; BERT; Tokenization,Mid-level,"We are seeking a Mid-level NLP Engineer to join our Healthcare team. The ideal candidate has 3-6 years of experience and is proficient in Transformers, Text Mining, PyTorch, spaCy, BERT, Tokenization. Responsibilities include collaborating with cross-functional teams, delivering high-quality work, and driving data & ai initiatives."
Lead Software Architect,Software Engineering,Microservices; System Design; Java; Leadership; Docker,Lead,"We are seeking a Lead Software Architect to join our Gaming team. The ideal candidate has 8-14 years of experience and is proficient in Microservices, System Design, Java, Leadership, Docker. Responsibilities include collaborating with cross-functional teams, delivering high-quality work, and driving software engineering initiatives."
Senior Content Strategist,Marketing,Research; Copywriting; Social Media; Brand Voice; Analytics; Editorial Planning,Senior,"We are seeking a Senior Content Strategist to join our Gaming team. The ideal candidate has 6-10 years of experience and is proficient in Research, Copywriting, Social Media, Brand Voice, Analytics, Editorial Planning. Responsibilities include collaborating with cross-functional teams, delivering high-quality work, and driving marketing initiatives."
Senior Social Media Manager,Marketing,Engagement; Campaign Management; Canva; Content Creation; Branding; Analytics; Scheduling Tools,Senior,"We are seeking a Senior Social Media Manager to join our SaaS team. The ideal candidate has 6-10 years of experience and is proficient in Engagement, Campaign Management, Canva, Content Creation, Branding, Analytics, Scheduling Tools. Responsibilities include collaborating with cross-functional teams, delivering high-quality work, and driving marketing initiatives."
Intern Cloud Engineer,Cloud & Infrastructure,CI/CD; Kubernetes; Terraform; Networking; Monitoring,Intern,"We are seeking a Intern Cloud Engineer to join our Enterprise team. The ideal candidate has 0-1 years of experience and is proficient in CI/CD, Kubernetes, Terraform, Networking, Monitoring. Responsibilities include collaborating with cross-functional teams, delivering high-quality work, and driving cloud & infrastructure initiatives."
Intern Game Developer,Software Engineering,Unreal Engine; Shaders; Optimization; Unity; Game Design; 3D Math,Intern,"We are seeking a Intern Game Developer to join our Fintech team. The ideal candidate has 0-1 years of experience and is proficient in Unreal Engine, Shaders, Optimization, Unity, Game Design, 3D Math. Responsibilities include collaborating with cross-functional teams, delivering high-quality work, and driving software engineering initiatives."
Principal Database Administrator,Cloud & Infrastructure,SQL; Replication; MySQL; PostgreSQL; Backup & Recovery; Oracle,Principal,"We are seeking a Principal Database Administrator to join our SaaS team. The ideal candidate has 12-20 years of experience and is proficient in SQL, Replication, MySQL, PostgreSQL, Backup & Recovery, Oracle. Responsibilities include collaborating with cross-functional teams, delivering high-quality work, and driving cloud & infrastructure initiatives."
Senior Security Engineer,Cloud & Infrastructure,Python; Linux; SIEM; Firewalls; OWASP,Senior,"We are seeking a Senior Security Engineer to join our SaaS team. The ideal candidate has 6-10 years of experience and is proficient in Python, Linux, SIEM, Firewalls, OWASP. Responsibilities include collaborating with cross-functional teams, delivering high-quality work, and driving cloud & infrastructure initiatives."
Junior SEO Specialist,Marketing,Technical SEO; Content Strategy; Link Building; Google Analytics; Keyword Research,Junior,"We are seeking a Junior SEO Specialist to join our Fintech team. The ideal candidate has 1-3 years of experience and is proficient in Technical SEO, Content Strategy, Link Building, Google Analytics, Keyword Research. Responsibilities include collaborating with cross-functional teams, delivering high-quality work, and driving marketing initiatives."
Lead Computer Vision Engineer,Data & AI,CUDA; Python; CNN; OpenCV; C++,Lead,"We are seeking a Lead Computer Vision Engineer to join our EdTech team. The ideal candidate has 8-14 years of experience and is proficient in CUDA, Python, CNN, OpenCV, C++. Responsibilities include collaborating with cross-functional teams, delivering high-quality work, and driving data & ai initiatives."
Principal Scrum Master,Product & Management,Retrospectives; Sprint Planning; Facilitation; Communication; Servant Leadership; Agile,Principal,"We are seeking a Principal Scrum Master to join our Healthcare team. The ideal candidate has 12-20 years of experience and is proficient in Retrospectives, Sprint Planning, Facilitation, Communication, Servant Leadership, Agile. Responsibilities include collaborating with cross-functional teams, delivering high-quality work, and driving product & management initiatives."
Junior Game Developer,Software Engineering,Optimization; C++; OpenGL; 3D Math; Shaders; C#,Junior,"We are seeking a Junior Game Developer to join our E-commerce team. The ideal candidate has 1-3 years of experience and is proficient in Optimization, C++, OpenGL, 3D Math, Shaders, C#. Responsibilities include collaborating with cross-functional teams, delivering high-quality work, and driving software engineering initiatives."
Senior Cloud Architect,Cloud & Infrastructure,Networking; Microservices; Security; Cost Optimization; Azure,Senior,"We are seeking a Senior Cloud Architect to join our E-commerce team. The ideal candidate has 6-10 years of experience and is proficient in Networking, Microservices, Security, Cost Optimization, Azure. Responsibilities include collaborating with cross-functional teams, delivering high-quality work, and driving cloud & infrastructure initiatives."
Principal Product Owner,Product & Management,Analytics; Jira; Stakeholder Management; Backlog Management; Scrum; Prioritization; User Stories,Principal,"We are seeking a Principal Product Owner to join our Startup team. The ideal candidate has 12-20 years of experience and is proficient in Analytics, Jira, Stakeholder Management, Backlog Management, Scrum, Prioritization, User Stories. Responsibilities include collaborating with cross-functional teams, delivering high-quality work, and driving product & management initiatives."
Senior Backend Developer,Software Engineering,Django; Spring Boot; SQL; REST APIs; Java,Senior,"We are seeking a Senior Backend Developer to join our Gaming team. The ideal candidate has 6-10 years of experience and is proficient in Django, Spring Boot, SQL, REST APIs, Java. Responsibilities include collaborating with cross-functional teams, delivering high-quality work, and driving software engineering initiatives."
Intern Digital Marketing Specialist,Marketing,SEO; Campaign Management; A/B Testing; Copywriting; Email Marketing; Analytics; CRM,Intern,"We are seeking a Intern Digital Marketing Specialist to join our Healthcare team. The ideal candidate has 0-1 years of experience and is proficient in SEO, Campaign Management, A/B Testing, Copywriting, Email Marketing, Analytics, CRM. Responsibilities include collaborating with cross-functional teams, delivering high-quality work, and driving marketing initiatives."
Senior Sales Engineer,Business,APIs; Presentations; Customer Success; Cloud; Solution Design; Technical Sales,Senior,"We are seeking a Senior Sales Engineer to join our Fintech team. The ideal candidate has 6-10 years of experience and is proficient in APIs, Presentations, Customer Success, Cloud, Solution Design, Technical Sales. Responsibilities include collaborating with cross-functional teams, delivering high-quality work, and driving business initiatives."
Lead Site Reliability Engineer,Software Engineering,AWS; Linux; Prometheus; Python; Kubernetes; Go,Lead,"We are seeking a Lead Site Reliability Engineer to join our SaaS team. The ideal candidate has 8-14 years of experience and is proficient in AWS, Linux, Prometheus, Python, Kubernetes, Go. Responsibilities include collaborating with cross-functional teams, delivering high-quality work, and driving software engineering initiatives."
Intern Mobile Developer,Software Engineering,Flutter; iOS; Android SDK; Swift; Git,Intern,"We are seeking a Intern Mobile Developer to join our SaaS team. The ideal candidate has 0-1 years of experience and is proficient in Flutter, iOS, Android SDK, Swift, Git. Responsibilities include collaborating with cross-functional teams, delivering high-quality work, and driving software engineering initiatives."
Senior Content Strategist,Marketing,Content Marketing; Brand Voice; Storytelling; Copywriting; Analytics,Senior,"We are seeking a Senior Content Strategist to join our EdTech team. The ideal candidate has 6-10 years of experience and is proficient in Content Marketing, Brand Voice, Storytelling, Copywriting, Analytics. Responsibilities include collaborating with cross-functional teams, delivering high-quality work, and driving marketing initiatives."
Junior Frontend Developer,Software Engineering,Accessibility; JavaScript; Sass; HTML; TypeScript; Webpack,Junior,"We are seeking a Junior Frontend Developer to join our Startup team. The ideal candidate has 1-3 years of experience and is proficient in Accessibility, JavaScript, Sass, HTML, TypeScript, Webpack. Responsibilities include collaborating with cross-functional teams, delivering high-quality work, and driving software engineering initiatives."
Mid-level Scrum Master,Product & Management,Kanban; Retrospectives; Scrum; Sprint Planning; Servant Leadership,Mid-level,"We are seeking a Mid-level Scrum Master to join our EdTech team. The ideal candidate has 3-6 years of experience and is proficient in Kanban, Retrospectives, Scrum, Sprint Planning, Servant Leadership. Responsibilities include collaborating with cross-functional teams, delivering high-quality work, and driving product & management initiatives."
Lead Financial Analyst,Business,Budgeting; SQL; Financial Modeling; Accounting; Forecasting,Lead,"We are seeking a Lead Financial Analyst to join our SaaS team. The ideal candidate has 8-14 years of experience and is proficient in Budgeting, SQL, Financial Modeling, Accounting, Forecasting. Responsibilities include collaborating with cross-functional teams, delivering high-quality work, and driving business initiatives."
Senior Product Owner,Product & Management,Jira; Communication; Prioritization; Roadmapping; Scrum; Backlog Management,Senior,"We are seeking a Senior Product Owner to join our Healthcare team. The ideal candidate has 6-10 years of experience and is proficient in Jira, Communication, Prioritization, Roadmapping, Scrum, Backlog Management. Responsibilities include collaborating with cross-functional teams, delivering high-quality work, and driving product & management initiatives."
Mid-level Data Scientist,Data & AI,Statistics; Python; Jupyter; Data Visualization; SQL; Scikit-learn; NumPy,Mid-level,"We are seeking a Mid-level Data Scientist to join our E-commerce team. The ideal candidate has 3-6 years of experience and is proficient in Statistics, Python, Jupyter, Data Visualization, SQL, Scikit-learn, NumPy. Responsibilities include collaborating with cross-functional teams, delivering high-quality work, and driving data & ai initiatives."
Lead Sales Engineer,Business,Cloud; Technical Sales; Solution Design; Product Demos; CRM; Negotiation,Lead,"We are seeking a Lead Sales Engineer to join our EdTech team. The ideal candidate has 8-14 years of experience and is proficient in Cloud, Technical Sales, Solution Design, Product Demos, CRM, Negotiation. Responsibilities include collaborating with cross-functional teams, delivering high-quality work, and driving business initiatives."
Intern Game Developer,Software Engineering,C#; OpenGL; Unreal Engine; Optimization; C++; Shaders; Unity,Intern,"We are seeking a Intern Game Developer to join our SaaS team. The ideal candidate has 0-1 years of experience and is proficient in C#, OpenGL, Unreal Engine, Optimization, C++, Shaders, Unity. Responsibilities include collaborating with cross-functional teams, delivering high-quality work, and driving software engineering initiatives."
Senior Machine Learning Engineer,Data & AI,Deep Learning; Scikit-learn; SQL; PyTorch; Machine Learning; Docker; Model Deployment,Senior,"We are seeking a Senior Machine Learning Engineer to join our Gaming team. The ideal candidate has 6-10 years of experience and is proficient in Deep Learning, Scikit-learn, SQL, PyTorch, Machine Learning, Docker, Model Deployment. Responsibilities include collaborating with cross-functional teams, delivering high-quality work, and driving data & ai initiatives."
Intern Project Manager,Product & Management,Agile; Scrum; Jira; Risk Management; Budgeting; Communication,Intern,"We are seeking a Intern Project Manager to join our EdTech team. The ideal candidate has 0-1 years of experience and is proficient in Agile, Scrum, Jira, Risk Management, Budgeting, Communication. Responsibilities include collaborating with cross-functional teams, delivering high-quality work, and driving product & management initiatives."
Lead Full Stack Developer,Software Engineering,Git; React; REST APIs; MongoDB; SQL; Docker; Node.js,Lead,"We are seeking a Lead Full Stack Developer to join our Healthcare team. The ideal candidate has 8-14 years of experience and is proficient in Git, React, REST APIs, MongoDB, SQL, Docker, Node.js. Responsibilities include collaborating with cross-functional teams, delivering high-quality work, and driving software engineering initiatives."
Junior Interaction Designer,Design,UX Design; Wireframing; Prototyping; Usability Testing; Interaction Design; Figma,Junior,"We are seeking a Junior Interaction Designer to join our E-commerce team. The ideal candidate has 1-3 years of experience and is proficient in UX Design, Wireframing, Prototyping, Usability Testing, Interaction Design, Figma. Responsibilities include collaborating with cross-functional teams, delivering high-quality work, and driving design initiatives."
Senior Product Designer,Design,Usability Testing; Prototyping; Interaction Design; Figma; UX Design,Senior,"We are seeking a Senior Product Designer to join our Healthcare team. The ideal candidate has 6-10 years of experience and is proficient in Usability Testing, Prototyping, Interaction Design, Figma, UX Design. Responsibilities include collaborating with cross-functional teams, delivering high-quality work, and driving design initiatives."
Lead Scrum Master,Product & Management,Coaching; Agile; Facilitation; Jira; Communication,Lead,"We are seeking a Lead Scrum Master to join our Gaming team. The ideal candidate has 8-14 years of experience and is proficient in Coaching, Agile, Facilitation, Jira, Communication. Responsibilities include collaborating with cross-functional teams, delivering high-quality work, and driving product & management initiatives."
Intern Graphic Designer,Design,Creativity; Photoshop; Branding; Typography; Layout Design,Intern,"We are seeking a Intern Graphic Designer to join our Fintech team. The ideal candidate has 0-1 years of experience and is proficient in Creativity, Photoshop, Branding, Typography, Layout Design. Responsibilities include collaborating with cross-functional teams, delivering high-quality work, and driving design initiatives."
Intern Computer Vision Engineer,Data & AI,PyTorch; Machine Learning; Image Processing; Deep Learning; TensorFlow; Python; CUDA,Intern,"We are seeking a Intern Computer Vision Engineer to join our Startup team. The ideal candidate has 0-1 years of experience and is proficient in PyTorch, Machine Learning, Image Processing, Deep Learning, TensorFlow, Python, CUDA. Responsibilities include collaborating with cross-functional teams, delivering high-quality work, and driving data & ai initiatives."
Junior Social Media Manager,Marketing,Content Creation; Social Media; Community Management; Canva; Copywriting,Junior,"We are seeking a Junior Social Media Manager to join our SaaS team. The ideal candidate has 1-3 years of experience and is proficient in Content Creation, Social Media, Community Management, Canva, Copywriting. Responsibilities include collaborating with cross-functional teams, delivering high-quality work, and driving marketing initiatives."
Intern Site Reliability Engineer,Software Engineering,Terraform; Incident Response; Monitoring; AWS; Go; Grafana; Linux,Intern,"We are seeking a Intern Site Reliability Engineer to join our Enterprise team. The ideal candidate has 0-1 years of experience and is proficient in Terraform, Incident Response, Monitoring, AWS, Go, Grafana, Linux. Responsibilities include collaborating with cross-functional teams, delivering high-quality work, and driving software engineering initiatives."
Senior Growth Marketer,Marketing,Experimentation; CRM; SQL; SEO; Analytics; Paid Ads; A/B Testing,Senior,"We are seeking a Senior Growth Marketer to join our Startup team. The ideal candidate has 6-10 years of experience and is proficient in Experimentation, CRM, SQL, SEO, Analytics, Paid Ads, A/B Testing. Responsibilities include collaborating with cross-functional teams, delivering high-quality work, and driving marketing initiatives."
Lead Social Media Manager,Marketing,Analytics; Copywriting; Community Management; Scheduling Tools; Engagement; Campaign Management,Lead,"We are seeking a Lead Social Media Manager to join our EdTech team. The ideal candidate has 8-14 years of experience and is proficient in Analytics, Copywriting, Community Management, Scheduling Tools, Engagement, Campaign Management. Responsibilities include collaborating with cross-functional teams, delivering high-quality work, and driving marketing initiatives."
Principal Business Intelligence Analyst,Data & AI,Tableau; ETL; DAX; Data Warehousing; Power BI,Principal,"We are seeking a Principal Business Intelligence Analyst to join our E-commerce team. The ideal candidate has 12-20 years of experience and is proficient in Tableau, ETL, DAX, Data Warehousing, Power BI. Responsibilities include collaborating with cross-functional teams, delivering high-quality work, and driving data & ai initiatives."
Senior Operations Manager,Business,Supply Chain; Vendor Management; Leadership; Process Improvement; Lean; Analytics; Six Sigma,Senior,"We are seeking a Senior Operations Manager to join our Healthcare team. The ideal candidate has 6-10 years of experience and is proficient in Supply Chain, Vendor Management, Leadership, Process Improvement, Lean, Analytics, Six Sigma. Responsibilities include collaborating with cross-functional teams, delivering high-quality work, and driving business initiatives."
Principal Frontend Developer,Software Engineering,TypeScript; JavaScript; Redux; CSS; Accessibility,Principal,"We are seeking a Principal Frontend Developer to join our Gaming team. The ideal candidate has 12-20 years of experience and is proficient in TypeScript, JavaScript, Redux, CSS, Accessibility. Responsibilities include collaborating with cross-functional teams, delivering high-quality work, and driving software engineering initiatives."
Lead Site Reliability Engineer,Software Engineering,Python; Terraform; Grafana; Prometheus; Monitoring; Kubernetes,Lead,"We are seeking a Lead Site Reliability Engineer to join our Gaming team. The ideal candidate has 8-14 years of experience and is proficient in Python, Terraform, Grafana, Prometheus, Monitoring, Kubernetes. Responsibilities include collaborating with cross-functional teams, delivering high-quality work, and driving software engineering initiatives."
Senior AI Researcher,Data & AI,Machine Learning; Publications; PyTorch; NLP; Research; Mathematics; Deep Learning,Senior,"We are seeking a Senior AI Researcher to join our E-commerce team. The ideal candidate has 6-10 years of experience and is proficient in Machine Learning, Publications, PyTorch, NLP, Research, Mathematics, Deep Learning. Responsibilities include collaborating with cross-functional teams, delivering high-quality work, and driving data & ai initiatives."
Principal DevOps Engineer,Software Engineering,CI/CD; Kubernetes; Docker; Terraform; Ansible; Bash; Jenkins,Principal,"We are seeking a Principal DevOps Engineer to join our Startup team. The ideal candidate has 12-20 years of experience and is proficient in CI/CD, Kubernetes, Docker, Terraform, Ansible, Bash, Jenkins. Responsibilities include collaborating with cross-functional teams, delivering high-quality work, and driving software engineering initiatives."
Principal UI Designer,Design,Adobe XD; Figma; Color Theory; HTML; Design Systems; Wireframing,Principal,"We are seeking a Principal UI Designer to join our Healthcare team. The ideal candidate has 12-20 years of experience and is proficient in Adobe XD, Figma, Color Theory, HTML, Design Systems, Wireframing. Responsibilities include collaborating with cross-functional teams, delivering high-quality work, and driving design initiatives."
Principal Growth Marketer,Marketing,Paid Ads; Analytics; SQL; Experimentation; Funnel Optimization; Growth Hacking,Principal,"We are seeking a Principal Growth Marketer to join our Fintech team. The ideal candidate has 12-20 years of experience and is proficient in Paid Ads, Analytics, SQL, Experimentation, Funnel Optimization, Growth Hacking. Responsibilities include collaborating with cross-functional teams, delivering high-quality work, and driving marketing initiatives."
Junior Financial Analyst,Business,Power BI; Financial Modeling; Accounting; SQL; Valuation; Reporting; Analytics,Junior,"We are seeking a Junior Financial Analyst to join our Fintech team. The ideal candidate has 1-3 years of experience and is proficient in Power BI, Financial Modeling, Accounting, SQL, Valuation, Reporting, Analytics. Responsibilities include collaborating with cross-functional teams, delivering high-quality work, and driving business initiatives."
Junior Business Analyst,Business,Agile; Process Modeling; Data Analysis; Excel; Requirements Gathering,Junior,"We are seeking a Junior Business Analyst to join our EdTech team. The ideal candidate has 1-3 years of experience and is proficient in Agile, Process Modeling, Data Analysis, Excel, Requirements Gathering. Responsibilities include collaborating with cross-functional teams, delivering high-quality work, and driving business initiatives."
Mid-level Security Engineer,Cloud & Infrastructure,Cybersecurity; Firewalls; OWASP; Python; SIEM; Penetration Testing,Mid-level,"We are seeking a Mid-level Security Engineer to join our Healthcare team. The ideal candidate has 3-6 years of experience and is proficient in Cybersecurity, Firewalls, OWASP, Python, SIEM, Penetration Testing. Responsibilities include collaborating with cross-functional teams, delivering high-quality work, and driving cloud & infrastructure initiatives."
Principal Software Architect,Software Engineering,Microservices; Docker; Scalability; Kafka; REST APIs,Principal,"We are seeking a Principal Software Architect to join our Healthcare team. The ideal candidate has 12-20 years of experience and is proficient in Microservices, Docker, Scalability, Kafka, REST APIs. Responsibilities include collaborating with cross-functional teams, delivering high-quality work, and driving software engineering initiatives."
Junior Social Media Manager,Marketing,Branding; Canva; Community Management; Scheduling Tools; Analytics,Junior,"We are seeking a Junior Social Media Manager to join our Startup team. The ideal candidate has 1-3 years of experience and is proficient in Branding, Canva, Community Management, Scheduling Tools, Analytics. Responsibilities include collaborating with cross-functional teams, delivering high-quality work, and driving marketing initiatives."
Intern Site Reliability Engineer,Software Engineering,Monitoring; Go; Kubernetes; Terraform; Grafana; Linux; Prometheus,Intern,"We are seeking a Intern Site Reliability Engineer to join our E-commerce team. The ideal candidate has 0-1 years of experience and is proficient in Monitoring, Go, Kubernetes, Terraform, Grafana, Linux, Prometheus. Responsibilities include collaborating with cross-functional teams, delivering high-quality work, and driving software engineering initiatives."
Principal Product Owner,Product & Management,Roadmapping; Scrum; Jira; Agile; Backlog Management; Analytics; Stakeholder Management,Principal,"We are seeking a Principal Product Owner to join our Enterprise team. The ideal candidate has 12-20 years of experience and is proficient in Roadmapping, Scrum, Jira, Agile, Backlog Management, Analytics, Stakeholder Management. Responsibilities include collaborating with cross-functional teams, delivering high-quality work, and driving product & management initiatives."
Principal Cloud Engineer,Cloud & Infrastructure,Linux; Networking; Terraform; CloudFormation; CI/CD; Kubernetes,Principal,"We are seeking a Principal Cloud Engineer to join our Startup team. The ideal candidate has 12-20 years of experience and is proficient in Linux, Networking, Terraform, CloudFormation, CI/CD, Kubernetes. Responsibilities include collaborating with cross-functional teams, delivering high-quality work, and driving cloud & infrastructure initiatives."
Junior Security Engineer,Cloud & Infrastructure,Python; Incident Response; Encryption; Penetration Testing; Linux; Firewalls; OWASP,Junior,"We are seeking a Junior Security Engineer to join our Enterprise team. The ideal candidate has 1-3 years of experience and is proficient in Python, Incident Response, Encryption, Penetration Testing, Linux, Firewalls, OWASP. Responsibilities include collaborating with cross-functional teams, delivering high-quality work, and driving cloud & infrastructure initiatives."
Lead Network Engineer,Cloud & Infrastructure,Security; TCP/IP; Cisco; DNS; Linux,Lead,"We are seeking a Lead Network Engineer to join our Fintech team. The ideal candidate has 8-14 years of experience and is proficient in Security, TCP/IP, Cisco, DNS, Linux. Responsibilities include collaborating with cross-functional teams, delivering high-quality work, and driving cloud & infrastructure initiatives."
Mid-level Game Developer,Software Engineering,OpenGL; Physics; C#; 3D Math; Unreal Engine; Unity,Mid-level,"We are seeking a Mid-level Game Developer to join our Healthcare team. The ideal candidate has 3-6 years of experience and is proficient in OpenGL, Physics, C#, 3D Math, Unreal Engine, Unity. Responsibilities include collaborating with cross-functional teams, delivering high-quality work, and driving software engineering initiatives."
Junior Data Analyst,Data & AI,Data Cleaning; Python; A/B Testing; Excel; Reporting,Junior,"We are seeking a Junior Data Analyst to join our Startup team. The ideal candidate has 1-3 years of experience and is proficient in Data Cleaning, Python, A/B Testing, Excel, Reporting. Responsibilities include collaborating with cross-functional teams, delivering high-quality work, and driving data & ai initiatives."
Mid-level Data Engineer,Data & AI,Hadoop; Spark; Airflow; SQL; Snowflake; Data Modeling,Mid-level,"We are seeking a Mid-level Data Engineer to join our Startup team. The ideal candidate has 3-6 years of experience and is proficient in Hadoop, Spark, Airflow, SQL, Snowflake, Data Modeling. Responsibilities include collaborating with cross-functional teams, delivering high-quality work, and driving data & ai initiatives."
Principal Sales Engineer,Business,Customer Success; Technical Sales; Negotiation; Presentations; Cloud; Product Demos; Communication,Principal,"We are seeking a Principal Sales Engineer to join our Healthcare team. The ideal candidate has 12-20 years of experience and is proficient in Customer Success, Technical Sales, Negotiation, Presentations, Cloud, Product Demos, Communication. Responsibilities include collaborating with cross-functional teams, delivering high-quality work, and driving business initiatives."
Junior Interaction Designer,Design,Usability Testing; Interaction Design; Figma; Design Systems; UX Design; Prototyping; Motion Design,Junior,"We are seeking a Junior Interaction Designer to join our SaaS team. The ideal candidate has 1-3 years of experience and is proficient in Usability Testing, Interaction Design, Figma, Design Systems, UX Design, Prototyping, Motion Design. Responsibilities include collaborating with cross-functional teams, delivering high-quality work, and driving design initiatives."
Intern SEO Specialist,Marketing,On-page SEO; Keyword Research; Content Strategy; Link Building; Copywriting; SEMrush,Intern,"We are seeking a Intern SEO Specialist to join our Gaming team. The ideal candidate has 0-1 years of experience and is proficient in On-page SEO, Keyword Research, Content Strategy, Link Building, Copywriting, SEMrush. Responsibilities include collaborating with cross-functional teams, delivering high-quality work, and driving marketing initiatives."
Intern Computer Vision Engineer,Data & AI,Deep Learning; Python; OpenCV; TensorFlow; PyTorch; CUDA; C++,Intern,"We are seeking a Intern Computer Vision Engineer to join our SaaS team. The ideal candidate has 0-1 years of experience and is proficient in Deep Learning, Python, OpenCV, TensorFlow, PyTorch, CUDA, C++. Responsibilities include collaborating with cross-functional teams, delivering high-quality work, and driving data & ai initiatives."
Mid-level Machine Learning Engineer,Data & AI,Docker; Deep Learning; Machine Learning; SQL; PyTorch; Scikit-learn; Python,Mid-level,"We are seeking a Mid-level Machine Learning Engineer to join our Healthcare team. The ideal candidate has 3-6 years of experience and is proficient in Docker, Deep Learning, Machine Learning, SQL, PyTorch, Scikit-learn, Python. Responsibilities include collaborating with cross-functional teams, delivering high-quality work, and driving data & ai initiatives."
Junior Graphic Designer,Design,Creativity; Photoshop; Branding; Illustrator; Adobe XD; Print Design,Junior,"We are seeking a Junior Graphic Designer to join our Enterprise team. The ideal candidate has 1-3 years of experience and is proficient in Creativity, Photoshop, Branding, Illustrator, Adobe XD, Print Design. Responsibilities include collaborating with cross-functional teams, delivering high-quality work, and driving design initiatives."
Intern Product Manager,Product & Management,Analytics; Jira; Stakeholder Management; Communication; Agile,Intern,"We are seeking a Intern Product Manager to join our Enterprise team. The ideal candidate has 0-1 years of experience and is proficient in Analytics, Jira, Stakeholder Management, Communication, Agile. Responsibilities include collaborating with cross-functional teams, delivering high-quality work, and driving product & management initiatives."
Intern Business Analyst,Business,Stakeholder Management; Documentation; Agile; UML; Excel,Intern,"We are seeking a Intern Business Analyst to join our E-commerce team. The ideal candidate has 0-1 years of experience and is proficient in Stakeholder Management, Documentation, Agile, UML, Excel. Responsibilities include collaborating with cross-functional teams, delivering high-quality work, and driving business initiatives."
Intern Software Architect,Software Engineering,AWS; Leadership; Microservices; Docker; Scalability,Intern,"We are seeking a Intern Software Architect to join our Healthcare team. The ideal candidate has 0-1 years of experience and is proficient in AWS, Leadership, Microservices, Docker, Scalability. Responsibilities include collaborating with cross-functional teams, delivering high-quality work, and driving software engineering initiatives."
Intern Frontend Developer,Software Engineering,React; TypeScript; Accessibility; CSS; Sass; Redux; Webpack,Intern,"We are seeking a Intern Frontend Developer to join our E-commerce team. The ideal candidate has 0-1 years of experience and is proficient in React, TypeScript, Accessibility, CSS, Sass, Redux, Webpack. Responsibilities include collaborating with cross-functional teams, delivering high-quality work, and driving software engineering initiatives."
Senior UI Designer,Design,Color Theory; Sketch; Wireframing; Design Systems; CSS; Figma,Senior,"We are seeking a Senior UI Designer to join our Fintech team. The ideal candidate has 6-10 years of experience and is proficient in Color Theory, Sketch, Wireframing, Design Systems, CSS, Figma. Responsibilities include collaborating with cross-functional teams, delivering high-quality work, and driving design initiatives."
Lead Growth Marketer,Marketing,Experimentation; Paid Ads; Funnel Optimization; Email Marketing; SEO,Lead,"We are seeking a Lead Growth Marketer to join our Startup team. The ideal candidate has 8-14 years of experience and is proficient in Experimentation, Paid Ads, Funnel Optimization, Email Marketing, SEO. Responsibilities include collaborating with cross-functional teams, delivering high-quality work, and driving marketing initiatives."
Lead Data Analyst,Data & AI,Statistics; Tableau; Excel; Pandas; Data Cleaning; Python,Lead,"We are seeking a Lead Data Analyst to join our Startup team. The ideal candidate has 8-14 years of experience and is proficient in Statistics, Tableau, Excel, Pandas, Data Cleaning, Python. Responsibilities include collaborating with cross-functional teams, delivering high-quality work, and driving data & ai initiatives."
Principal Program Manager,Product & Management,Risk Management; Reporting; Stakeholder Management; Leadership; Communication,Principal,"We are seeking a Principal Program Manager to join our Gaming team. The ideal candidate has 12-20 years of experience and is proficient in Risk Management, Reporting, Stakeholder Management, Leadership, Communication. Responsibilities include collaborating with cross-functional teams, delivering high-quality work, and driving product & management initiatives."
Junior Game Developer,Software Engineering,C#; C++; Unity; Unreal Engine; OpenGL,Junior,"We are seeking a Junior Game Developer to join our Gaming team. The ideal candidate has 1-3 years of experience and is proficient in C#, C++, Unity, Unreal Engine, OpenGL. Responsibilities include collaborating with cross-functional teams, delivering high-quality work, and driving software engineering initiatives."
Principal Site Reliability Engineer,Software Engineering,Terraform; Grafana; AWS; Python; Incident Response; Go,Principal,"We are seeking a Principal Site Reliability Engineer to join our Fintech team. The ideal candidate has 12-20 years of experience and is proficient in Terraform, Grafana, AWS, Python, Incident Response, Go. Responsibilities include collaborating with cross-functional teams, delivering high-quality work, and driving software engineering initiatives."
Principal AI Researcher,Data & AI,Mathematics; Python; Deep Learning; NLP; TensorFlow,Principal,"We are seeking a Principal AI Researcher to join our Fintech team. The ideal candidate has 12-20 years of experience and is proficient in Mathematics, Python, Deep Learning, NLP, TensorFlow. Responsibilities include collaborating with cross-functional teams, delivering high-quality work, and driving data & ai initiatives."
Lead Cloud Architect,Cloud & Infrastructure,GCP; System Design; Terraform; Azure; Networking; Kubernetes; AWS,Lead,"We are seeking a Lead Cloud Architect to join our Healthcare team. The ideal candidate has 8-14 years of experience and is proficient in GCP, System Design, Terraform, Azure, Networking, Kubernetes, AWS. Responsibilities include collaborating with cross-functional teams, delivering high-quality work, and driving cloud & infrastructure initiatives."
Principal QA Engineer,Software Engineering,Test Automation; Bug Tracking; Selenium; Jira; JUnit; Postman,Principal,"We are seeking a Principal QA Engineer to join our E-commerce team. The ideal candidate has 12-20 years of experience and is proficient in Test Automation, Bug Tracking, Selenium, Jira, JUnit, Postman. Responsibilities include collaborating with cross-functional teams, delivering high-quality work, and driving software engineering initiatives."
Mid-level Backend Developer,Software Engineering,SQL; Java; Python; Spring Boot; Django,Mid-level,"We are seeking a Mid-level Backend Developer to join our Startup team. The ideal candidate has 3-6 years of experience and is proficient in SQL, Java, Python, Spring Boot, Django. Responsibilities include collaborating with cross-functional teams, delivering high-quality work, and driving software engineering initiatives."
Mid-level Security Engineer,Cloud & Infrastructure,Network Security; Cybersecurity; Incident Response; OWASP; SIEM; Python; Encryption,Mid-level,"We are seeking a Mid-level Security Engineer to join our Enterprise team. The ideal candidate has 3-6 years of experience and is proficient in Network Security, Cybersecurity, Incident Response, OWASP, SIEM, Python, Encryption. Responsibilities include collaborating with cross-functional teams, delivering high-quality work, and driving cloud & infrastructure initiatives."
Junior Database Administrator,Cloud & Infrastructure,SQL; PostgreSQL; Linux; Backup & Recovery; MongoDB; Replication,Junior,"We are seeking a Junior Database Administrator to join our Gaming team. The ideal candidate has 1-3 years of experience and is proficient in SQL, PostgreSQL, Linux, Backup & Recovery, MongoDB, Replication. Responsibilities include collaborating with cross-functional teams, delivering high-quality work, and driving cloud & infrastructure initiatives."
Principal Data Analyst,Data & AI,Tableau; Statistics; SQL; Pandas; Excel,Principal,"We are seeking a Principal Data Analyst to join our Fintech team. The ideal candidate has 12-20 years of experience and is proficient in Tableau, Statistics, SQL, Pandas, Excel. Responsibilities include collaborating with cross-functional teams, delivering high-quality work, and driving data & ai initiatives."
Junior Cloud Architect,Cloud & Infrastructure,Terraform; Kubernetes; Microservices; Azure; Cost Optimization; Security; Networking,Junior,"We are seeking a Junior Cloud Architect to join our Healthcare team. The ideal candidate has 1-3 years of experience and is proficient in Terraform, Kubernetes, Microservices, Azure, Cost Optimization, Security, Networking. Responsibilities include collaborating with cross-functional teams, delivering high-quality work, and driving cloud & infrastructure initiatives."
Intern DevOps Engineer,Software Engineering,Monitoring; Kubernetes; Bash; Ansible; CI/CD; Docker; Linux,Intern,"We are seeking a Intern DevOps Engineer to join our SaaS team. The ideal candidate has 0-1 years of experience and is proficient in Monitoring, Kubernetes, Bash, Ansible, CI/CD, Docker, Linux. Responsibilities include collaborating with cross-functional teams, delivering high-quality work, and driving software engineering initiatives."
Senior Cloud Architect,Cloud & Infrastructure,System Design; Terraform; GCP; Networking; Microservices; AWS; Kubernetes,Senior,"We are seeking a Senior Cloud Architect to join our Enterprise team. The ideal candidate has 6-10 years of experience and is proficient in System Design, Terraform, GCP, Networking, Microservices, AWS, Kubernetes. Responsibilities include collaborating with cross-functional teams, delivering high-quality work, and driving cloud & infrastructure initiatives."
Mid-level Operations Manager,Business,Vendor Management; Six Sigma; Analytics; Communication; Leadership,Mid-level,"We are seeking a Mid-level Operations Manager to join our E-commerce team. The ideal candidate has 3-6 years of experience and is proficient in Vendor Management, Six Sigma, Analytics, Communication, Leadership. Responsibilities include collaborating with cross-functional teams, delivering high-quality work, and driving business initiatives."
Mid-level UX Designer,Design,Journey Mapping; Wireframing; Figma; Personas; Accessibility,Mid-level,"We are seeking a Mid-level UX Designer to join our Gaming team. The ideal candidate has 3-6 years of experience and is proficient in Journey Mapping, Wireframing, Figma, Personas, Accessibility. Responsibilities include collaborating with cross-functional teams, delivering high-quality work, and driving design initiatives."
Lead Data Scientist,Data & AI,SQL; Scikit-learn; Data Visualization; TensorFlow; Python; NumPy,Lead,"We are seeking a Lead Data Scientist to join our SaaS team. The ideal candidate has 8-14 years of experience and is proficient in SQL, Scikit-learn, Data Visualization, TensorFlow, Python, NumPy. Responsibilities include collaborating with cross-functional teams, delivering high-quality work, and driving data & ai initiatives."
Junior QA Engineer,Software Engineering,Python; Test Automation; Cypress; JUnit; Bug Tracking,Junior,"We are seeking a Junior QA Engineer to join our Healthcare team. The ideal candidate has 1-3 years of experience and is proficient in Python, Test Automation, Cypress, JUnit, Bug Tracking. Responsibilities include collaborating with cross-functional teams, delivering high-quality work, and driving software engineering initiatives."
Intern Data Analyst,Data & AI,Python; Reporting; SQL; Pandas; Tableau; Power BI; Data Cleaning,Intern,"We are seeking a Intern Data Analyst to join our SaaS team. The ideal candidate has 0-1 years of experience and is proficient in Python, Reporting, SQL, Pandas, Tableau, Power BI, Data Cleaning. Responsibilities include collaborating with cross-functional teams, delivering high-quality work, and driving data & ai initiatives."
Principal Business Analyst,Business,Stakeholder Management; Data Analysis; Communication; Documentation; Process Modeling; SQL,Principal,"We are seeking a Principal Business Analyst to join our SaaS team. The ideal candidate has 12-20 years of experience and is proficient in Stakeholder Management, Data Analysis, Communication, Documentation, Process Modeling, SQL. Responsibilities include collaborating with cross-functional teams, delivering high-quality work, and driving business initiatives."
Lead UI Designer,Design,Design Systems; Typography; Wireframing; Sketch; Figma; Prototyping; Adobe XD,Lead,"We are seeking a Lead UI Designer to join our Enterprise team. The ideal candidate has 8-14 years of experience and is proficient in Design Systems, Typography, Wireframing, Sketch, Figma, Prototyping, Adobe XD. Responsibilities include collaborating with cross-functional teams, delivering high-quality work, and driving design initiatives."
Lead Content Strategist,Marketing,Content Marketing; Brand Voice; Copywriting; Editorial Planning; CMS,Lead,"We are seeking a Lead Content Strategist to join our Fintech team. The ideal candidate has 8-14 years of experience and is proficient in Content Marketing, Brand Voice, Copywriting, Editorial Planning, CMS. Responsibilities include collaborating with cross-functional teams, delivering high-quality work, and driving marketing initiatives."
Lead QA Engineer,Software Engineering,Test Automation; Bug Tracking; Cypress; JUnit; Jira; Manual Testing; Selenium,Lead,"We are seeking a Lead QA Engineer to join our Startup team. The ideal candidate has 8-14 years of experience and is proficient in Test Automation, Bug Tracking, Cypress, JUnit, Jira, Manual Testing, Selenium. Responsibilities include collaborating with cross-functional teams, delivering high-quality work, and driving software engineering initiatives."
Intern Business Intelligence Analyst,Data & AI,Tableau; Power BI; ETL; Python; Dashboards; Excel; Data Warehousing,Intern,"We are seeking a Intern Business Intelligence Analyst to join our E-commerce team. The ideal candidate has 0-1 years of experience and is proficient in Tableau, Power BI, ETL, Python, Dashboards, Excel, Data Warehousing. Responsibilities include collaborating with cross-functional teams, delivering high-quality work, and driving data & ai initiatives."
Senior Content Strategist,Marketing,Editorial Planning; CMS; Brand Voice; SEO; Analytics,Senior,"We are seeking a Senior Content Strategist to join our SaaS team. The ideal candidate has 6-10 years of experience and is proficient in Editorial Planning, CMS, Brand Voice, SEO, Analytics. Responsibilities include collaborating with cross-functional teams, delivering high-quality work, and driving marketing initiatives."
Junior Software Architect,Software Engineering,Leadership; AWS; REST APIs; Java; Design Patterns; Docker; Kafka,Junior,"We are seeking a Junior Software Architect to join our E-commerce team. The ideal candidate has 1-3 years of experience and is proficient in Leadership, AWS, REST APIs, Java, Design Patterns, Docker, Kafka. Responsibilities include collaborating with cross-functional teams, delivering high-quality work, and driving software engineering initiatives."
Junior Business Intelligence Analyst,Data & AI,Python; DAX; Tableau; Excel; Data Warehousing; SQL,Junior,"We are seeking a Junior Business Intelligence Analyst to join our EdTech team. The ideal candidate has 1-3 years of experience and is proficient in Python, DAX, Tableau, Excel, Data Warehousing, SQL. Responsibilities include collaborating with cross-functional teams, delivering high-quality work, and driving data & ai initiatives."
Principal Interaction Designer,Design,User Research; Usability Testing; After Effects; Prototyping; Wireframing,Principal,"We are seeking a Principal Interaction Designer to join our EdTech team. The ideal candidate has 12-20 years of experience and is proficient in User Research, Usability Testing, After Effects, Prototyping, Wireframing. Responsibilities include collaborating with cross-functional teams, delivering high-quality work, and driving design initiatives."
Junior Mobile Developer,Software Engineering,Kotlin; Swift; UI Design; Firebase; REST APIs,Junior,"We are seeking a Junior Mobile Developer to join our EdTech team. The ideal candidate has 1-3 years of experience and is proficient in Kotlin, Swift, UI Design, Firebase, REST APIs. Responsibilities include collaborating with cross-functional teams, delivering high-quality work, and driving software engineering initiatives."
Intern Product Manager,Product & Management,Roadmapping; Stakeholder Management; Prioritization; Market Research; Analytics; Communication,Intern,"We are seeking a Intern Product Manager to join our Healthcare team. The ideal candidate has 0-1 years of experience and is proficient in Roadmapping, Stakeholder Management, Prioritization, Market Research, Analytics, Communication. Responsibilities include collaborating with cross-functional teams, delivering high-quality work, and driving product & management initiatives."
Junior Interaction Designer,Design,User Research; Prototyping; After Effects; Wireframing; UX Design,Junior,"We are seeking a Junior Interaction Designer to join our Gaming team. The ideal candidate has 1-3 years of experience and is proficient in User Research, Prototyping, After Effects, Wireframing, UX Design. Responsibilities include collaborating with cross-functional teams, delivering high-quality work, and driving design initiatives."
Junior Operations Manager,Business,Six Sigma; Budgeting; Leadership; Analytics; Vendor Management; Lean,Junior,"We are seeking a Junior Operations Manager to join our Gaming team. The ideal candidate has 1-3 years of experience and is proficient in Six Sigma, Budgeting, Leadership, Analytics, Vendor Management, Lean. Responsibilities include collaborating with cross-functional teams, delivering high-quality work, and driving business initiatives."
Intern Project Manager,Product & Management,Stakeholder Management; Gantt Charts; Jira; Planning; Leadership; Communication; Agile,Intern,"We are seeking a Intern Project Manager to join our Gaming team. The ideal candidate has 0-1 years of experience and is proficient in Stakeholder Management, Gantt Charts, Jira, Planning, Leadership, Communication, Agile. Responsibilities include collaborating with cross-functional teams, delivering high-quality work, and driving product & management initiatives."
Senior Cloud Engineer,Cloud & Infrastructure,Python; Terraform; Monitoring; Kubernetes; Docker,Senior,"We are seeking a Senior Cloud Engineer to join our Gaming team. The ideal candidate has 6-10 years of experience and is proficient in Python, Terraform, Monitoring, Kubernetes, Docker. Responsibilities include collaborating with cross-functional teams, delivering high-quality work, and driving cloud & infrastructure initiatives."
Principal SEO Specialist,Marketing,On-page SEO; HTML; SEO; Copywriting; Keyword Research; Content Strategy,Principal,"We are seeking a Principal SEO Specialist to join our Enterprise team. The ideal candidate has 12-20 years of experience and is proficient in On-page SEO, HTML, SEO, Copywriting, Keyword Research, Content Strategy. Responsibilities include collaborating with cross-functional teams, delivering high-quality work, and driving marketing initiatives."
Junior Interaction Designer,Design,User Research; Motion Design; Usability Testing; Interaction Design; Prototyping; After Effects; Design Systems,Junior,"We are seeking a Junior Interaction Designer to join our EdTech team. The ideal candidate has 1-3 years of experience and is proficient in User Research, Motion Design, Usability Testing, Interaction Design, Prototyping, After Effects, Design Systems. Responsibilities include collaborating with cross-functional teams, delivering high-quality work, and driving design initiatives."
Principal Backend Developer,Software Engineering,Java; Redis; Microservices; SQL; REST APIs; GraphQL,Principal,"We are seeking a Principal Backend Developer to join our Startup team. The ideal candidate has 12-20 years of experience and is proficient in Java, Redis, Microservices, SQL, REST APIs, GraphQL. Responsibilities include collaborating with cross-functional teams, delivering high-quality work, and driving software engineering initiatives."
Lead Site Reliability Engineer,Software Engineering,Kubernetes; Incident Response; Python; Linux; AWS; Go; Grafana,Lead,"We are seeking a Lead Site Reliability Engineer to join our Healthcare team. The ideal candidate has 8-14 years of experience and is proficient in Kubernetes, Incident Response, Python, Linux, AWS, Go, Grafana. Responsibilities include collaborating with cross-functional teams, delivering high-quality work, and driving software engineering initiatives."
Intern Network Engineer,Cloud & Infrastructure,Routing; Networking; DNS; VPN; Linux; TCP/IP,Intern,"We are seeking a Intern Network Engineer to join our E-commerce team. The ideal candidate has 0-1 years of experience and is proficient in Routing, Networking, DNS, VPN, Linux, TCP/IP. Responsibilities include collaborating with cross-functional teams, delivering high-quality work, and driving cloud & infrastructure initiatives."
Principal Security Engineer,Cloud & Infrastructure,Linux; Cybersecurity; Network Security; Firewalls; OWASP; Python,Principal,"We are seeking a Principal Security Engineer to join our EdTech team. The ideal candidate has 12-20 years of experience and is proficient in Linux, Cybersecurity, Network Security, Firewalls, OWASP, Python. Responsibilities include collaborating with cross-functional teams, delivering high-quality work, and driving cloud & infrastructure initiatives."
Lead Data Engineer,Data & AI,ETL; AWS; Hadoop; Python; Snowflake; SQL,Lead,"We are seeking a Lead Data Engineer to join our Gaming team. The ideal candidate has 8-14 years of experience and is proficient in ETL, AWS, Hadoop, Python, Snowflake, SQL. Responsibilities include collaborating with cross-functional teams, delivering high-quality work, and driving data & ai initiatives."
Intern Cloud Architect,Cloud & Infrastructure,System Design; Terraform; Azure; Kubernetes; AWS,Intern,"We are seeking a Intern Cloud Architect to join our Fintech team. The ideal candidate has 0-1 years of experience and is proficient in System Design, Terraform, Azure, Kubernetes, AWS. Responsibilities include collaborating with cross-functional teams, delivering high-quality work, and driving cloud & infrastructure initiatives."
Mid-level Mobile Developer,Software Engineering,Swift; iOS; Flutter; Kotlin; Android SDK; REST APIs,Mid-level,"We are seeking a Mid-level Mobile Developer to join our E-commerce team. The ideal candidate has 3-6 years of experience and is proficient in Swift, iOS, Flutter, Kotlin, Android SDK, REST APIs. Responsibilities include collaborating with cross-functional teams, delivering high-quality work, and driving software engineering initiatives."
Lead Project Manager,Product & Management,Communication; Planning; Gantt Charts; Risk Management; Agile,Lead,"We are seeking a Lead Project Manager to join our Enterprise team. The ideal candidate has 8-14 years of experience and is proficient in Communication, Planning, Gantt Charts, Risk Management, Agile. Responsibilities include collaborating with cross-functional teams, delivering high-quality work, and driving product & management initiatives."
Mid-level Cloud Engineer,Cloud & Infrastructure,Networking; AWS; CI/CD; Kubernetes; Linux; Python; Docker,Mid-level,"We are seeking a Mid-level Cloud Engineer to join our E-commerce team. The ideal candidate has 3-6 years of experience and is proficient in Networking, AWS, CI/CD, Kubernetes, Linux, Python, Docker. Responsibilities include collaborating with cross-functional teams, delivering high-quality work, and driving cloud & infrastructure initiatives."
Principal Digital Marketing Specialist,Marketing,Google Ads; Copywriting; A/B Testing; Social Media; Campaign Management; CRM; Content Marketing,Principal,"We are seeking a Principal Digital Marketing Specialist to join our Healthcare team. The ideal candidate has 12-20 years of experience and is proficient in Google Ads, Copywriting, A/B Testing, Social Media, Campaign Management, CRM, Content Marketing. Responsibilities include collaborating with cross-functional teams, delivering high-quality work, and driving marketing initiatives."
Principal Machine Learning Engineer,Data & AI,SQL; Docker; PyTorch; MLOps; Deep Learning; Model Deployment,Principal,"We are seeking a Principal Machine Learning Engineer to join our Startup team. The ideal candidate has 12-20 years of experience and is proficient in SQL, Docker, PyTorch, MLOps, Deep Learning, Model Deployment. Responsibilities include collaborating with cross-functional teams, delivering high-quality work, and driving data & ai initiatives."
Mid-level NLP Engineer,Data & AI,Transformers; BERT; NLP; Text Mining; PyTorch; Deep Learning,Mid-level,"We are seeking a Mid-level NLP Engineer to join our EdTech team. The ideal candidate has 3-6 years of experience and is proficient in Transformers, BERT, NLP, Text Mining, PyTorch, Deep Learning. Responsibilities include collaborating with cross-functional teams, delivering high-quality work, and driving data & ai initiatives."
Senior Frontend Developer,Software Engineering,CSS; JavaScript; Accessibility; Sass; HTML; TypeScript,Senior,"We are seeking a Senior Frontend Developer to join our EdTech team. The ideal candidate has 6-10 years of experience and is proficient in CSS, JavaScript, Accessibility, Sass, HTML, TypeScript. Responsibilities include collaborating with cross-functional teams, delivering high-quality work, and driving software engineering initiatives."
Junior Financial Analyst,Business,Excel; Analytics; SQL; Accounting; Financial Modeling; Valuation; Forecasting,Junior,"We are seeking a Junior Financial Analyst to join our Startup team. The ideal candidate has 1-3 years of experience and is proficient in Excel, Analytics, SQL, Accounting, Financial Modeling, Valuation, Forecasting. Responsibilities include collaborating with cross-functional teams, delivering high-quality work, and driving business initiatives."
Mid-level Data Analyst,Data & AI,Power BI; Statistics; Excel; Reporting; Tableau; Python,Mid-level,"We are seeking a Mid-level Data Analyst to join our Fintech team. The ideal candidate has 3-6 years of experience and is proficient in Power BI, Statistics, Excel, Reporting, Tableau, Python. Responsibilities include collaborating with cross-functional teams, delivering high-quality work, and driving data & ai initiatives."
Principal Computer Vision Engineer,Data & AI,TensorFlow; C++; Image Processing; OpenCV; Deep Learning; Machine Learning,Principal,"We are seeking a Principal Computer Vision Engineer to join our SaaS team. The ideal candidate has 12-20 years of experience and is proficient in TensorFlow, C++, Image Processing, OpenCV, Deep Learning, Machine Learning. Responsibilities include collaborating with cross-functional teams, delivering high-quality work, and driving data & ai initiatives."
Principal Business Analyst,Business,Communication; UML; Data Analysis; Documentation; Stakeholder Management; SQL,Principal,"We are seeking a Principal Business Analyst to join our Gaming team. The ideal candidate has 12-20 years of experience and is proficient in Communication, UML, Data Analysis, Documentation, Stakeholder Management, SQL. Responsibilities include collaborating with cross-functional teams, delivering high-quality work, and driving business initiatives."
Intern Software Architect,Software Engineering,Docker; Java; Scalability; Microservices; Kafka,Intern,"We are seeking a Intern Software Architect to join our Enterprise team. The ideal candidate has 0-1 years of experience and is proficient in Docker, Java, Scalability, Microservices, Kafka. Responsibilities include collaborating with cross-functional teams, delivering high-quality work, and driving software engineering initiatives."
Lead Full Stack Developer,Software Engineering,REST APIs; SQL; Docker; Git; MongoDB; JavaScript; React,Lead,"We are seeking a Lead Full Stack Developer to join our Enterprise team. The ideal candidate has 8-14 years of experience and is proficient in REST APIs, SQL, Docker, Git, MongoDB, JavaScript, React. Responsibilities include collaborating with cross-functional teams, delivering high-quality work, and driving software engineering initiatives."
Intern Cloud Architect,Cloud & Infrastructure,Security; GCP; System Design; Azure; Kubernetes; Microservices,Intern,"We are seeking a Intern Cloud Architect to join our E-commerce team. The ideal candidate has 0-1 years of experience and is proficient in Security, GCP, System Design, Azure, Kubernetes, Microservices. Responsibilities include collaborating with cross-functional teams, delivering high-quality work, and driving cloud & infrastructure initiatives."
Senior Digital Marketing Specialist,Marketing,Campaign Management; Social Media; Google Ads; CRM; Copywriting; Email Marketing,Senior,"We are seeking a Senior Digital Marketing Specialist to join our E-commerce team. The ideal candidate has 6-10 years of experience and is proficient in Campaign Management, Social Media, Google Ads, CRM, Copywriting, Email Marketing. Responsibilities include collaborating with cross-functional teams, delivering high-quality work, and driving marketing initiatives."
Principal Cloud Engineer,Cloud & Infrastructure,Linux; Docker; Monitoring; CI/CD; Networking; Terraform,Principal,"We are seeking a Principal Cloud Engineer to join our Healthcare team. The ideal candidate has 12-20 years of experience and is proficient in Linux, Docker, Monitoring, CI/CD, Networking, Terraform. Responsibilities include collaborating with cross-functional teams, delivering high-quality work, and driving cloud & infrastructure initiatives."
Principal Scrum Master,Product & Management,Jira; Agile; Facilitation; Communication; Scrum; Sprint Planning,Principal,"We are seeking a Principal Scrum Master to join our E-commerce team. The ideal candidate has 12-20 years of experience and is proficient in Jira, Agile, Facilitation, Communication, Scrum, Sprint Planning. Responsibilities include collaborating with cross-functional teams, delivering high-quality work, and driving product & management initiatives."
Intern SEO Specialist,Marketing,On-page SEO; HTML; SEMrush; Link Building; Technical SEO; SEO,Intern,"We are seeking a Intern SEO Specialist to join our Fintech team. The ideal candidate has 0-1 years of experience and is proficient in On-page SEO, HTML, SEMrush, Link Building, Technical SEO, SEO. Responsibilities include collaborating with cross-functional teams, delivering high-quality work, and driving marketing initiatives."
Principal Product Designer,Design,Prototyping; Interaction Design; UX Design; Figma; Sketch,Principal,"We are seeking a Principal Product Designer to join our Startup team. The ideal candidate has 12-20 years of experience and is proficient in Prototyping, Interaction Design, UX Design, Figma, Sketch. Responsibilities include collaborating with cross-functional teams, delivering high-quality work, and driving design initiatives."
Mid-level NLP Engineer,Data & AI,Deep Learning; spaCy; Python; Machine Learning; Transformers; BERT,Mid-level,"We are seeking a Mid-level NLP Engineer to join our Fintech team. The ideal candidate has 3-6 years of experience and is proficient in Deep Learning, spaCy, Python, Machine Learning, Transformers, BERT. Responsibilities include collaborating with cross-functional teams, delivering high-quality work, and driving data & ai initiatives."
Senior Digital Marketing Specialist,Marketing,Google Ads; Social Media; Analytics; Campaign Management; SEO,Senior,"We are seeking a Senior Digital Marketing Specialist to join our EdTech team. The ideal candidate has 6-10 years of experience and is proficient in Google Ads, Social Media, Analytics, Campaign Management, SEO. Responsibilities include collaborating with cross-functional teams, delivering high-quality work, and driving marketing initiatives."
Intern Graphic Designer,Design,Layout Design; Illustrator; Color Theory; Adobe XD; Print Design; Creativity,Intern,"We are seeking a Intern Graphic Designer to join our Gaming team. The ideal candidate has 0-1 years of experience and is proficient in Layout Design, Illustrator, Color Theory, Adobe XD, Print Design, Creativity. Responsibilities include collaborating with cross-functional teams, delivering high-quality work, and driving design initiatives."
Lead Financial Analyst,Business,Excel; Reporting; Analytics; Valuation; SQL,Lead,"We are seeking a Lead Financial Analyst to join our Healthcare team. The ideal candidate has 8-14 years of experience and is proficient in Excel, Reporting, Analytics, Valuation, SQL. Responsibilities include collaborating with cross-functional teams, delivering high-quality work, and driving business initiatives."
Lead Game Developer,Software Engineering,OpenGL; 3D Math; Game Design; Unity; C#; Optimization; Shaders,Lead,"We are seeking a Lead Game Developer to join our E-commerce team. The ideal candidate has 8-14 years of experience and is proficient in OpenGL, 3D Math, Game Design, Unity, C#, Optimization, Shaders. Responsibilities include collaborating with cross-functional teams, delivering high-quality work, and driving software engineering initiatives."
Junior Digital Marketing Specialist,Marketing,Social Media; Campaign Management; Email Marketing; Copywriting; Google Ads; A/B Testing,Junior,"We are seeking a Junior Digital Marketing Specialist to join our SaaS team. The ideal candidate has 1-3 years of experience and is proficient in Social Media, Campaign Management, Email Marketing, Copywriting, Google Ads, A/B Testing. Responsibilities include collaborating with cross-functional teams, delivering high-quality work, and driving marketing initiatives."
Intern DevOps Engineer,Software Engineering,AWS; Terraform; CI/CD; Bash; Ansible,Intern,"We are seeking a Intern DevOps Engineer to join our Fintech team. The ideal candidate has 0-1 years of experience and is proficient in AWS, Terraform, CI/CD, Bash, Ansible. Responsibilities include collaborating with cross-functional teams, delivering high-quality work, and driving software engineering initiatives."
Lead Content Strategist,Marketing,Social Media; Content Marketing; Brand Voice; Storytelling; SEO; Research,Lead,"We are seeking a Lead Content Strategist to join our Healthcare team. The ideal candidate has 8-14 years of experience and is proficient in Social Media, Content Marketing, Brand Voice, Storytelling, SEO, Research. Responsibilities include collaborating with cross-functional teams, delivering high-quality work, and driving marketing initiatives."
Senior Product Owner,Product & Management,Communication; Roadmapping; Analytics; Scrum; User Stories; Agile,Senior,"We are seeking a Senior Product Owner to join our SaaS team. The ideal candidate has 6-10 years of experience and is proficient in Communication, Roadmapping, Analytics, Scrum, User Stories, Agile. Responsibilities include collaborating with cross-functional teams, delivering high-quality work, and driving product & management initiatives."
Mid-level HR Specialist,Business,Compliance; Performance Management; Conflict Resolution; Communication; Employee Relations,Mid-level,"We are seeking a Mid-level HR Specialist to join our Startup team. The ideal candidate has 3-6 years of experience and is proficient in Compliance, Performance Management, Conflict Resolution, Communication, Employee Relations. Responsibilities include collaborating with cross-functional teams, delivering high-quality work, and driving business initiatives."
Senior Data Engineer,Data & AI,Hadoop; Python; Data Modeling; ETL; AWS,Senior,"We are seeking a Senior Data Engineer to join our SaaS team. The ideal candidate has 6-10 years of experience and is proficient in Hadoop, Python, Data Modeling, ETL, AWS. Responsibilities include collaborating with cross-functional teams, delivering high-quality work, and driving data & ai initiatives."
Principal Business Analyst,Business,Stakeholder Management; UML; Agile; Excel; Documentation,Principal,"We are seeking a Principal Business Analyst to join our EdTech team. The ideal candidate has 12-20 years of experience and is proficient in Stakeholder Management, UML, Agile, Excel, Documentation. Responsibilities include collaborating with cross-functional teams, delivering high-quality work, and driving business initiatives."
Intern Computer Vision Engineer,Data & AI,Image Processing; OpenCV; Deep Learning; TensorFlow; Machine Learning; CUDA; Python,Intern,"We are seeking a Intern Computer Vision Engineer to join our Healthcare team. The ideal candidate has 0-1 years of experience and is proficient in Image Processing, OpenCV, Deep Learning, TensorFlow, Machine Learning, CUDA, Python. Responsibilities include collaborating with cross-functional teams, delivering high-quality work, and driving data & ai initiatives."
Junior Business Analyst,Business,Stakeholder Management; Communication; SQL; Agile; Data Analysis; Excel,Junior,"We are seeking a Junior Business Analyst to join our Fintech team. The ideal candidate has 1-3 years of experience and is proficient in Stakeholder Management, Communication, SQL, Agile, Data Analysis, Excel. Responsibilities include collaborating with cross-functional teams, delivering high-quality work, and driving business initiatives."
Junior Product Manager,Product & Management,Stakeholder Management; Jira; Analytics; Prioritization; Communication,Junior,"We are seeking a Junior Product Manager to join our E-commerce team. The ideal candidate has 1-3 years of experience and is proficient in Stakeholder Management, Jira, Analytics, Prioritization, Communication. Responsibilities include collaborating with cross-functional teams, delivering high-quality work, and driving product & management initiatives."
Principal Data Analyst,Data & AI,SQL; Python; Excel; Data Cleaning; Power BI; Statistics,Principal,"We are seeking a Principal Data Analyst to join our Enterprise team. The ideal candidate has 12-20 years of experience and is proficient in SQL, Python, Excel, Data Cleaning, Power BI, Statistics. Responsibilities include collaborating with cross-functional teams, delivering high-quality work, and driving data & ai initiatives."
Mid-level UX Designer,Design,Personas; Information Architecture; Accessibility; Journey Mapping; User Research; Wireframing; Figma,Mid-level,"We are seeking a Mid-level UX Designer to join our EdTech team. The ideal candidate has 3-6 years of experience and is proficient in Personas, Information Architecture, Accessibility, Journey Mapping, User Research, Wireframing, Figma. Responsibilities include collaborating with cross-functional teams, delivering high-quality work, and driving design initiatives."
Senior Site Reliability Engineer,Software Engineering,Prometheus; Terraform; Incident Response; Python; Go; AWS; Grafana,Senior,"We are seeking a Senior Site Reliability Engineer to join our EdTech team. The ideal candidate has 6-10 years of experience and is proficient in Prometheus, Terraform, Incident Response, Python, Go, AWS, Grafana. Responsibilities include collaborating with cross-functional teams, delivering high-quality work, and driving software engineering initiatives."
Mid-level AI Researcher,Data & AI,Python; Publications; PyTorch; Machine Learning; Research; Deep Learning,Mid-level,"We are seeking a Mid-level AI Researcher to join our Startup team. The ideal candidate has 3-6 years of experience and is proficient in Python, Publications, PyTorch, Machine Learning, Research, Deep Learning. Responsibilities include collaborating with cross-functional teams, delivering high-quality work, and driving data & ai initiatives."
Principal Database Administrator,Cloud & Infrastructure,Replication; Oracle; Backup & Recovery; MySQL; MongoDB,Principal,"We are seeking a Principal Database Administrator to join our EdTech team. The ideal candidate has 12-20 years of experience and is proficient in Replication, Oracle, Backup & Recovery, MySQL, MongoDB. Responsibilities include collaborating with cross-functional teams, delivering high-quality work, and driving cloud & infrastructure initiatives."
Principal Software Architect,Software Engineering,Microservices; Java; Design Patterns; AWS; Kafka,Principal,"We are seeking a Principal Software Architect to join our SaaS team. The ideal candidate has 12-20 years of experience and is proficient in Microservices, Java, Design Patterns, AWS, Kafka. Responsibilities include collaborating with cross-functional teams, delivering high-quality work, and driving software engineering initiatives."
Senior Product Manager,Product & Management,Stakeholder Management; Prioritization; Analytics; User Stories; Communication; Agile; Strategy,Senior,"We are seeking a Senior Product Manager to join our E-commerce team. The ideal candidate has 6-10 years of experience and is proficient in Stakeholder Management, Prioritization, Analytics, User Stories, Communication, Agile, Strategy. Responsibilities include collaborating with cross-functional teams, delivering high-quality work, and driving product & management initiatives."
Senior Cloud Engineer,Cloud & Infrastructure,Monitoring; CI/CD; Linux; Terraform; AWS,Senior,"We are seeking a Senior Cloud Engineer to join our EdTech team. The ideal candidate has 6-10 years of experience and is proficient in Monitoring, CI/CD, Linux, Terraform, AWS. Responsibilities include collaborating with cross-functional teams, delivering high-quality work, and driving cloud & infrastructure initiatives."
Senior Content Strategist,Marketing,Analytics; SEO; CMS; Editorial Planning; Storytelling; Copywriting,Senior,"We are seeking a Senior Content Strategist to join our E-commerce team. The ideal candidate has 6-10 years of experience and is proficient in Analytics, SEO, CMS, Editorial Planning, Storytelling, Copywriting. Responsibilities include collaborating with cross-functional teams, delivering high-quality work, and driving marketing initiatives."
Lead Product Manager,Product & Management,Roadmapping; Communication; User Stories; Strategy; Jira,Lead,"We are seeking a Lead Product Manager to join our Gaming team. The ideal candidate has 8-14 years of experience and is proficient in Roadmapping, Communication, User Stories, Strategy, Jira. Responsibilities include collaborating with cross-functional teams, delivering high-quality work, and driving product & management initiatives."
Lead Frontend Developer,Software Engineering,CSS; React; JavaScript; HTML; Accessibility,Lead,"We are seeking a Lead Frontend Developer to join our EdTech team. The ideal candidate has 8-14 years of experience and is proficient in CSS, React, JavaScript, HTML, Accessibility. Responsibilities include collaborating with cross-functional teams, delivering high-quality work, and driving software engineering initiatives."
Principal Sales Engineer,Business,Cloud; Negotiation; Product Demos; Technical Sales; Customer Success; CRM,Principal,"We are seeking a Principal Sales Engineer to join our SaaS team. The ideal candidate has 12-20 years of experience and is proficient in Cloud, Negotiation, Product Demos, Technical Sales, Customer Success, CRM. Responsibilities include collaborating with cross-functional teams, delivering high-quality work, and driving business initiatives."
Intern HR Specialist,Business,Onboarding; Recruitment; Communication; Performance Management; HRIS; Compliance; Training,Intern,"We are seeking a Intern HR Specialist to join our Gaming team. The ideal candidate has 0-1 years of experience and is proficient in Onboarding, Recruitment, Communication, Performance Management, HRIS, Compliance, Training. Responsibilities include collaborating with cross-functional teams, delivering high-quality work, and driving business initiatives."
Junior Scrum Master,Product & Management,Jira; Servant Leadership; Coaching; Facilitation; Kanban,Junior,"We are seeking a Junior Scrum Master to join our Fintech team. The ideal candidate has 1-3 years of experience and is proficient in Jira, Servant Leadership, Coaching, Facilitation, Kanban. Responsibilities include collaborating with cross-functional teams, delivering high-quality work, and driving product & management initiatives."
Senior Site Reliability Engineer,Software Engineering,Incident Response; Grafana; Monitoring; AWS; Prometheus; Python,Senior,"We are seeking a Senior Site Reliability Engineer to join our E-commerce team. The ideal candidate has 6-10 years of experience and is proficient in Incident Response, Grafana, Monitoring, AWS, Prometheus, Python. Responsibilities include collaborating with cross-functional teams, delivering high-quality work, and driving software engineering initiatives."
Principal Content Strategist,Marketing,Storytelling; Editorial Planning; CMS; Copywriting; Research,Principal,"We are seeking a Principal Content Strategist to join our Startup team. The ideal candidate has 12-20 years of experience and is proficient in Storytelling, Editorial Planning, CMS, Copywriting, Research. Responsibilities include collaborating with cross-functional teams, delivering high-quality work, and driving marketing initiatives."
Principal Graphic Designer,Design,Photoshop; Branding; Creativity; Illustrator; Adobe XD,Principal,"We are seeking a Principal Graphic Designer to join our Gaming team. The ideal candidate has 12-20 years of experience and is proficient in Photoshop, Branding, Creativity, Illustrator, Adobe XD. Responsibilities include collaborating with cross-functional teams, delivering high-quality work, and driving design initiatives."
Lead HR Specialist,Business,HRIS; Compliance; Performance Management; Recruitment; Communication; Conflict Resolution,Lead,"We are seeking a Lead HR Specialist to join our Startup team. The ideal candidate has 8-14 years of experience and is proficient in HRIS, Compliance, Performance Management, Recruitment, Communication, Conflict Resolution. Responsibilities include collaborating with cross-functional teams, delivering high-quality work, and driving business initiatives."
Lead Computer Vision Engineer,Data & AI,Image Processing; TensorFlow; Deep Learning; CUDA; Machine Learning,Lead,"We are seeking a Lead Computer Vision Engineer to join our Enterprise team. The ideal candidate has 8-14 years of experience and is proficient in Image Processing, TensorFlow, Deep Learning, CUDA, Machine Learning. Responsibilities include collaborating with cross-functional teams, delivering high-quality work, and driving data & ai initiatives."
Lead Site Reliability Engineer,Software Engineering,Incident Response; Python; Prometheus; Kubernetes; Go; Monitoring; Terraform,Lead,"We are seeking a Lead Site Reliability Engineer to join our EdTech team. The ideal candidate has 8-14 years of experience and is proficient in Incident Response, Python, Prometheus, Kubernetes, Go, Monitoring, Terraform. Responsibilities include collaborating with cross-functional teams, delivering high-quality work, and driving software engineering initiatives."
Junior Network Engineer,Cloud & Infrastructure,Firewalls; Linux; Routing; VPN; DNS; Switching,Junior,"We are seeking a Junior Network Engineer to join our Startup team. The ideal candidate has 1-3 years of experience and is proficient in Firewalls, Linux, Routing, VPN, DNS, Switching. Responsibilities include collaborating with cross-functional teams, delivering high-quality work, and driving cloud & infrastructure initiatives."
Senior Cloud Engineer,Cloud & Infrastructure,AWS; Monitoring; Linux; Networking; Python; Kubernetes; Docker,Senior,"We are seeking a Senior Cloud Engineer to join our E-commerce team. The ideal candidate has 6-10 years of experience and is proficient in AWS, Monitoring, Linux, Networking, Python, Kubernetes, Docker. Responsibilities include collaborating with cross-functional teams, delivering high-quality work, and driving cloud & infrastructure initiatives."
Principal Interaction Designer,Design,Wireframing; Motion Design; Figma; User Research; Prototyping; After Effects,Principal,"We are seeking a Principal Interaction Designer to join our SaaS team. The ideal candidate has 12-20 years of experience and is proficient in Wireframing, Motion Design, Figma, User Research, Prototyping, After Effects. Responsibilities include collaborating with cross-functional teams, delivering high-quality work, and driving design initiatives."
Junior Full Stack Developer,Software Engineering,Git; REST APIs; MongoDB; Python; React,Junior,"We are seeking a Junior Full Stack Developer to join our SaaS team. The ideal candidate has 1-3 years of experience and is proficient in Git, REST APIs, MongoDB, Python, React. Responsibilities include collaborating with cross-functional teams, delivering high-quality work, and driving software engineering initiatives."
Junior SEO Specialist,Marketing,Technical SEO; Copywriting; SEMrush; Keyword Research; Google Analytics,Junior,"We are seeking a Junior SEO Specialist to join our EdTech team. The ideal candidate has 1-3 years of experience and is proficient in Technical SEO, Copywriting, SEMrush, Keyword Research, Google Analytics. Responsibilities include collaborating with cross-functional teams, delivering high-quality work, and driving marketing initiatives."
Principal Software Architect,Software Engineering,Kafka; System Design; Java; Design Patterns; Scalability,Principal,"We are seeking a Principal Software Architect to join our Fintech team. The ideal candidate has 12-20 years of experience and is proficient in Kafka, System Design, Java, Design Patterns, Scalability. Responsibilities include collaborating with cross-functional teams, delivering high-quality work, and driving software engineering initiatives."
Intern Game Developer,Software Engineering,Physics; Shaders; 3D Math; C++; Game Design; OpenGL; Optimization,Intern,"We are seeking a Intern Game Developer to join our EdTech team. The ideal candidate has 0-1 years of experience and is proficient in Physics, Shaders, 3D Math, C++, Game Design, OpenGL, Optimization. Responsibilities include collaborating with cross-functional teams, delivering high-quality work, and driving software engineering initiatives."
Intern Cloud Engineer,Cloud & Infrastructure,Docker; CI/CD; Networking; Python; Terraform; Linux,Intern,"We are seeking a Intern Cloud Engineer to join our SaaS team. The ideal candidate has 0-1 years of experience and is proficient in Docker, CI/CD, Networking, Python, Terraform, Linux. Responsibilities include collaborating with cross-functional teams, delivering high-quality work, and driving cloud & infrastructure initiatives."
Principal SEO Specialist,Marketing,On-page SEO; SEO; Link Building; Keyword Research; Copywriting; SEMrush; Content Strategy,Principal,"We are seeking a Principal SEO Specialist to join our E-commerce team. The ideal candidate has 12-20 years of experience and is proficient in On-page SEO, SEO, Link Building, Keyword Research, Copywriting, SEMrush, Content Strategy. Responsibilities include collaborating with cross-functional teams, delivering high-quality work, and driving marketing initiatives."
Lead Financial Analyst,Business,Power BI; Valuation; Accounting; SQL; Forecasting,Lead,"We are seeking a Lead Financial Analyst to join our Enterprise team. The ideal candidate has 8-14 years of experience and is proficient in Power BI, Valuation, Accounting, SQL, Forecasting. Responsibilities include collaborating with cross-functional teams, delivering high-quality work, and driving business initiatives."
Mid-level Product Manager,Product & Management,Agile; Jira; Roadmapping; User Stories; Stakeholder Management; Market Research,Mid-level,"We are seeking a Mid-level Product Manager to join our Gaming team. The ideal candidate has 3-6 years of experience and is proficient in Agile, Jira, Roadmapping, User Stories, Stakeholder Management, Market Research. Responsibilities include collaborating with cross-functional teams, delivering high-quality work, and driving product & management initiatives."
Mid-level Data Analyst,Data & AI,Pandas; A/B Testing; Excel; Data Cleaning; Statistics; Reporting,Mid-level,"We are seeking a Mid-level Data Analyst to join our Startup team. The ideal candidate has 3-6 years of experience and is proficient in Pandas, A/B Testing, Excel, Data Cleaning, Statistics, Reporting. Responsibilities include collaborating with cross-functional teams, delivering high-quality work, and driving data & ai initiatives."
Mid-level Security Engineer,Cloud & Infrastructure,Linux; Penetration Testing; Firewalls; Python; SIEM,Mid-level,"We are seeking a Mid-level Security Engineer to join our SaaS team. The ideal candidate has 3-6 years of experience and is proficient in Linux, Penetration Testing, Firewalls, Python, SIEM. Responsibilities include collaborating with cross-functional teams, delivering high-quality work, and driving cloud & infrastructure initiatives."
Senior NLP Engineer,Data & AI,spaCy; Deep Learning; PyTorch; BERT; Machine Learning,Senior,"We are seeking a Senior NLP Engineer to join our E-commerce team. The ideal candidate has 6-10 years of experience and is proficient in spaCy, Deep Learning, PyTorch, BERT, Machine Learning. Responsibilities include collaborating with cross-functional teams, delivering high-quality work, and driving data & ai initiatives."
Intern Database Administrator,Cloud & Infrastructure,Oracle; SQL; MySQL; Security; Linux; PostgreSQL; Replication,Intern,"We are seeking a Intern Database Administrator to join our E-commerce team. The ideal candidate has 0-1 years of experience and is proficient in Oracle, SQL, MySQL, Security, Linux, PostgreSQL, Replication. Responsibilities include collaborating with cross-functional teams, delivering high-quality work, and driving cloud & infrastructure initiatives."
Mid-level Machine Learning Engineer,Data & AI,TensorFlow; Docker; Python; PyTorch; SQL; Deep Learning; Scikit-learn,Mid-level,"We are seeking a Mid-level Machine Learning Engineer to join our Startup team. The ideal candidate has 3-6 years of experience and is proficient in TensorFlow, Docker, Python, PyTorch, SQL, Deep Learning, Scikit-learn. Responsibilities include collaborating with cross-functional teams, delivering high-quality work, and driving data & ai initiatives."
Principal Mobile Developer,Software Engineering,UI Design; Swift; iOS; Git; Kotlin; REST APIs,Principal,"We are seeking a Principal Mobile Developer to join our Healthcare team. The ideal candidate has 12-20 years of experience and is proficient in UI Design, Swift, iOS, Git, Kotlin, REST APIs. Responsibilities include collaborating with cross-functional teams, delivering high-quality work, and driving software engineering initiatives."
Principal QA Engineer,Software Engineering,Python; Bug Tracking; Manual Testing; CI/CD; Postman; Selenium,Principal,"We are seeking a Principal QA Engineer to join our Gaming team. The ideal candidate has 12-20 years of experience and is proficient in Python, Bug Tracking, Manual Testing, CI/CD, Postman, Selenium. Responsibilities include collaborating with cross-functional teams, delivering high-quality work, and driving software engineering initiatives."
Lead Cloud Architect,Cloud & Infrastructure,AWS; Security; Kubernetes; Microservices; Networking; Terraform,Lead,"We are seeking a Lead Cloud Architect to join our SaaS team. The ideal candidate has 8-14 years of experience and is proficient in AWS, Security, Kubernetes, Microservices, Networking, Terraform. Responsibilities include collaborating with cross-functional teams, delivering high-quality work, and driving cloud & infrastructure initiatives."
Mid-level Data Scientist,Data & AI,Scikit-learn; Python; Machine Learning; NumPy; Data Visualization,Mid-level,"We are seeking a Mid-level Data Scientist to join our Gaming team. The ideal candidate has 3-6 years of experience and is proficient in Scikit-learn, Python, Machine Learning, NumPy, Data Visualization. Responsibilities include collaborating with cross-functional teams, delivering high-quality work, and driving data & ai initiatives."
Principal NLP Engineer,Data & AI,NLP; Deep Learning; Text Mining; Python; Transformers; spaCy; Tokenization,Principal,"We are seeking a Principal NLP Engineer to join our SaaS team. The ideal candidate has 12-20 years of experience and is proficient in NLP, Deep Learning, Text Mining, Python, Transformers, spaCy, Tokenization. Responsibilities include collaborating with cross-functional teams, delivering high-quality work, and driving data & ai initiatives."
Intern Data Engineer,Data & AI,AWS; SQL; Python; Hadoop; Data Modeling,Intern,"We are seeking a Intern Data Engineer to join our SaaS team. The ideal candidate has 0-1 years of experience and is proficient in AWS, SQL, Python, Hadoop, Data Modeling. Responsibilities include collaborating with cross-functional teams, delivering high-quality work, and driving data & ai initiatives."
Intern Network Engineer,Cloud & Infrastructure,Switching; Security; VPN; Routing; DNS,Intern,"We are seeking a Intern Network Engineer to join our Healthcare team. The ideal candidate has 0-1 years of experience and is proficient in Switching, Security, VPN, Routing, DNS. Responsibilities include collaborating with cross-functional teams, delivering high-quality work, and driving cloud & infrastructure initiatives."
Lead Mobile Developer,Software Engineering,Swift; Android SDK; REST APIs; Firebase; React Native,Lead,"We are seeking a Lead Mobile Developer to join our SaaS team. The ideal candidate has 8-14 years of experience and is proficient in Swift, Android SDK, REST APIs, Firebase, React Native. Responsibilities include collaborating with cross-functional teams, delivering high-quality work, and driving software engineering initiatives."
Intern AI Researcher,Data & AI,Mathematics; PyTorch; Machine Learning; NLP; Python; Reinforcement Learning; Deep Learning,Intern,"We are seeking a Intern AI Researcher to join our Enterprise team. The ideal candidate has 0-1 years of experience and is proficient in Mathematics, PyTorch, Machine Learning, NLP, Python, Reinforcement Learning, Deep Learning. Responsibilities include collaborating with cross-functional teams, delivering high-quality work, and driving data & ai initiatives."
Junior Financial Analyst,Business,Power BI; Budgeting; Analytics; Accounting; Valuation; SQL,Junior,"We are seeking a Junior Financial Analyst to join our Healthcare team. The ideal candidate has 1-3 years of experience and is proficient in Power BI, Budgeting, Analytics, Accounting, Valuation, SQL. Responsibilities include collaborating with cross-functional teams, delivering high-quality work, and driving business initiatives."
Junior Program Manager,Product & Management,Stakeholder Management; Communication; Agile; Budgeting; Leadership; Risk Management,Junior,"We are seeking a Junior Program Manager to join our SaaS team. The ideal candidate has 1-3 years of experience and is proficient in Stakeholder Management, Communication, Agile, Budgeting, Leadership, Risk Management. Responsibilities include collaborating with cross-functional teams, delivering high-quality work, and driving product & management initiatives."
Mid-level Interaction Designer,Design,Design Systems; Prototyping; Figma; User Research; Motion Design; Interaction Design; After Effects,Mid-level,"We are seeking a Mid-level Interaction Designer to join our Startup team. The ideal candidate has 3-6 years of experience and is proficient in Design Systems, Prototyping, Figma, User Research, Motion Design, Interaction Design, After Effects. Responsibilities include collaborating with cross-functional teams, delivering high-quality work, and driving design initiatives."
Intern Cloud Architect,Cloud & Infrastructure,GCP; Security; Azure; Cost Optimization; System Design; Kubernetes; AWS,Intern,"We are seeking a Intern Cloud Architect to join our Enterprise team. The ideal candidate has 0-1 years of experience and is proficient in GCP, Security, Azure, Cost Optimization, System Design, Kubernetes, AWS. Responsibilities include collaborating with cross-functional teams, delivering high-quality work, and driving cloud & infrastructure initiatives."
Junior Security Engineer,Cloud & Infrastructure,Encryption; SIEM; OWASP; Linux; Incident Response; Penetration Testing,Junior,"We are seeking a Junior Security Engineer to join our SaaS team. The ideal candidate has 1-3 years of experience and is proficient in Encryption, SIEM, OWASP, Linux, Incident Response, Penetration Testing. Responsibilities include collaborating with cross-functional teams, delivering high-quality work, and driving cloud & infrastructure initiatives."
Lead Financial Analyst,Business,Budgeting; Valuation; Financial Modeling; Reporting; Power BI; SQL; Analytics,Lead,"We are seeking a Lead Financial Analyst to join our EdTech team. The ideal candidate has 8-14 years of experience and is proficient in Budgeting, Valuation, Financial Modeling, Reporting, Power BI, SQL, Analytics. Responsibilities include collaborating with cross-functional teams, delivering high-quality work, and driving business initiatives."
Mid-level Social Media Manager,Marketing,Canva; Engagement; Content Creation; Community Management; Campaign Management; Copywriting; Analytics,Mid-level,"We are seeking a Mid-level Social Media Manager to join our Startup team. The ideal candidate has 3-6 years of experience and is proficient in Canva, Engagement, Content Creation, Community Management, Campaign Management, Copywriting, Analytics. Responsibilities include collaborating with cross-functional teams, delivering high-quality work, and driving marketing initiatives."
Mid-level Frontend Developer,Software Engineering,CSS; TypeScript; JavaScript; Sass; Redux; HTML,Mid-level,"We are seeking a Mid-level Frontend Developer to join our EdTech team. The ideal candidate has 3-6 years of experience and is proficient in CSS, TypeScript, JavaScript, Sass, Redux, HTML. Responsibilities include collaborating with cross-functional teams, delivering high-quality work, and driving software engineering initiatives."
Intern SEO Specialist,Marketing,Google Analytics; SEMrush; SEO; On-page SEO; Link Building,Intern,"We are seeking a Intern SEO Specialist to join our SaaS team. The ideal candidate has 0-1 years of experience and is proficient in Google Analytics, SEMrush, SEO, On-page SEO, Link Building. Responsibilities include collaborating with cross-functional teams, delivering high-quality work, and driving marketing initiatives."
Mid-level HR Specialist,Business,Payroll; Compliance; Performance Management; Communication; Training; HRIS; Employee Relations,Mid-level,"We are seeking a Mid-level HR Specialist to join our EdTech team. The ideal candidate has 3-6 years of experience and is proficient in Payroll, Compliance, Performance Management, Communication, Training, HRIS, Employee Relations. Responsibilities include collaborating with cross-functional teams, delivering high-quality work, and driving business initiatives."
Junior Machine Learning Engineer,Data & AI,PyTorch; Scikit-learn; Model Deployment; Python; Docker; MLOps,Junior,"We are seeking a Junior Machine Learning Engineer to join our EdTech team. The ideal candidate has 1-3 years of experience and is proficient in PyTorch, Scikit-learn, Model Deployment, Python, Docker, MLOps. Responsibilities include collaborating with cross-functional teams, delivering high-quality work, and driving data & ai initiatives."
Mid-level UX Designer,Design,Wireframing; Personas; User Research; Journey Mapping; Prototyping; Design Thinking,Mid-level,"We are seeking a Mid-level UX Designer to join our Healthcare team. The ideal candidate has 3-6 years of experience and is proficient in Wireframing, Personas, User Research, Journey Mapping, Prototyping, Design Thinking. Responsibilities include collaborating with cross-functional teams, delivering high-quality work, and driving design initiatives."
Principal UI Designer,Design,Adobe XD; HTML; CSS; Color Theory; Prototyping,Principal,"We are seeking a Principal UI Designer to join our Fintech team. The ideal candidate has 12-20 years of experience and is proficient in Adobe XD, HTML, CSS, Color Theory, Prototyping. Responsibilities include collaborating with cross-functional teams, delivering high-quality work, and driving design initiatives."
Mid-level Computer Vision Engineer,Data & AI,CUDA; Machine Learning; CNN; C++; TensorFlow; PyTorch; Deep Learning,Mid-level,"We are seeking a Mid-level Computer Vision Engineer to join our E-commerce team. The ideal candidate has 3-6 years of experience and is proficient in CUDA, Machine Learning, CNN, C++, TensorFlow, PyTorch, Deep Learning. Responsibilities include collaborating with cross-functional teams, delivering high-quality work, and driving data & ai initiatives."
Principal Scrum Master,Product & Management,Agile; Facilitation; Communication; Scrum; Servant Leadership; Sprint Planning,Principal,"We are seeking a Principal Scrum Master to join our Startup team. The ideal candidate has 12-20 years of experience and is proficient in Agile, Facilitation, Communication, Scrum, Servant Leadership, Sprint Planning. Responsibilities include collaborating with cross-functional teams, delivering high-quality work, and driving product & management initiatives."
Senior Product Manager,Product & Management,User Stories; Roadmapping; Strategy; Jira; Analytics,Senior,"We are seeking a Senior Product Manager to join our EdTech team. The ideal candidate has 6-10 years of experience and is proficient in User Stories, Roadmapping, Strategy, Jira, Analytics. Responsibilities include collaborating with cross-functional teams, delivering high-quality work, and driving product & management initiatives."
Senior Frontend Developer,Software Engineering,HTML; Webpack; Accessibility; JavaScript; React,Senior,"We are seeking a Senior Frontend Developer to join our E-commerce team. The ideal candidate has 6-10 years of experience and is proficient in HTML, Webpack, Accessibility, JavaScript, React. Responsibilities include collaborating with cross-functional teams, delivering high-quality work, and driving software engineering initiatives."
Mid-level QA Engineer,Software Engineering,Cypress; Python; Jira; Selenium; CI/CD; Test Automation,Mid-level,"We are seeking a Mid-level QA Engineer to join our Fintech team. The ideal candidate has 3-6 years of experience and is proficient in Cypress, Python, Jira, Selenium, CI/CD, Test Automation. Responsibilities include collaborating with cross-functional teams, delivering high-quality work, and driving software engineering initiatives."
Principal Machine Learning Engineer,Data & AI,Deep Learning; Model Deployment; SQL; Python; Scikit-learn,Principal,"We are seeking a Principal Machine Learning Engineer to join our E-commerce team. The ideal candidate has 12-20 years of experience and is proficient in Deep Learning, Model Deployment, SQL, Python, Scikit-learn. Responsibilities include collaborating with cross-functional teams, delivering high-quality work, and driving data & ai initiatives."
Mid-level Growth Marketer,Marketing,SEO; CRM; Paid Ads; SQL; Experimentation; Growth Hacking; Analytics,Mid-level,"We are seeking a Mid-level Growth Marketer to join our Startup team. The ideal candidate has 3-6 years of experience and is proficient in SEO, CRM, Paid Ads, SQL, Experimentation, Growth Hacking, Analytics. Responsibilities include collaborating with cross-functional teams, delivering high-quality work, and driving marketing initiatives."
Lead Business Intelligence Analyst,Data & AI,Power BI; Excel; Python; Reporting; Data Warehousing,Lead,"We are seeking a Lead Business Intelligence Analyst to join our Fintech team. The ideal candidate has 8-14 years of experience and is proficient in Power BI, Excel, Python, Reporting, Data Warehousing. Responsibilities include collaborating with cross-functional teams, delivering high-quality work, and driving data & ai initiatives."
Junior Data Scientist,Data & AI,Jupyter; Data Visualization; Machine Learning; Python; Scikit-learn; Statistics; TensorFlow,Junior,"We are seeking a Junior Data Scientist to join our E-commerce team. The ideal candidate has 1-3 years of experience and is proficient in Jupyter, Data Visualization, Machine Learning, Python, Scikit-learn, Statistics, TensorFlow. Responsibilities include collaborating with cross-functional teams, delivering high-quality work, and driving data & ai initiatives."
Principal UX Designer,Design,Accessibility; Journey Mapping; Prototyping; Information Architecture; User Research; Usability Testing; Personas,Principal,"We are seeking a Principal UX Designer to join our Enterprise team. The ideal candidate has 12-20 years of experience and is proficient in Accessibility, Journey Mapping, Prototyping, Information Architecture, User Research, Usability Testing, Personas. Responsibilities include collaborating with cross-functional teams, delivering high-quality work, and driving design initiatives."
Lead Social Media Manager,Marketing,Engagement; Campaign Management; Content Creation; Analytics; Branding; Community Management,Lead,"We are seeking a Lead Social Media Manager to join our Startup team. The ideal candidate has 8-14 years of experience and is proficient in Engagement, Campaign Management, Content Creation, Analytics, Branding, Community Management. Responsibilities include collaborating with cross-functional teams, delivering high-quality work, and driving marketing initiatives."
Lead Machine Learning Engineer,Data & AI,TensorFlow; Deep Learning; Docker; Scikit-learn; SQL; Machine Learning,Lead,"We are seeking a Lead Machine Learning Engineer to join our Gaming team. The ideal candidate has 8-14 years of experience and is proficient in TensorFlow, Deep Learning, Docker, Scikit-learn, SQL, Machine Learning. Responsibilities include collaborating with cross-functional teams, delivering high-quality work, and driving data & ai initiatives."
Junior Program Manager,Product & Management,Roadmapping; Budgeting; Risk Management; Strategy; Leadership,Junior,"We are seeking a Junior Program Manager to join our Startup team. The ideal candidate has 1-3 years of experience and is proficient in Roadmapping, Budgeting, Risk Management, Strategy, Leadership. Responsibilities include collaborating with cross-functional teams, delivering high-quality work, and driving product & management initiatives."
Lead Digital Marketing Specialist,Marketing,Email Marketing; CRM; A/B Testing; Analytics; Social Media; Content Marketing,Lead,"We are seeking a Lead Digital Marketing Specialist to join our SaaS team. The ideal candidate has 8-14 years of experience and is proficient in Email Marketing, CRM, A/B Testing, Analytics, Social Media, Content Marketing. Responsibilities include collaborating with cross-functional teams, delivering high-quality work, and driving marketing initiatives."
Lead Financial Analyst,Business,Power BI; Accounting; Valuation; SQL; Budgeting; Forecasting; Analytics,Lead,"We are seeking a Lead Financial Analyst to join our Startup team. The ideal candidate has 8-14 years of experience and is proficient in Power BI, Accounting, Valuation, SQL, Budgeting, Forecasting, Analytics. Responsibilities include collaborating with cross-functional teams, delivering high-quality work, and driving business initiatives."
Senior Operations Manager,Business,Analytics; Six Sigma; Supply Chain; Leadership; Process Improvement; Vendor Management; Operations Management,Senior,"We are seeking a Senior Operations Manager to join our SaaS team. The ideal candidate has 6-10 years of experience and is proficient in Analytics, Six Sigma, Supply Chain, Leadership, Process Improvement, Vendor Management, Operations Management. Responsibilities include collaborating with cross-functional teams, delivering high-quality work, and driving business initiatives."
Lead Data Analyst,Data & AI,Pandas; Tableau; Reporting; Excel; Data Cleaning; Python; Power BI,Lead,"We are seeking a Lead Data Analyst to join our Fintech team. The ideal candidate has 8-14 years of experience and is proficient in Pandas, Tableau, Reporting, Excel, Data Cleaning, Python, Power BI. Responsibilities include collaborating with cross-functional teams, delivering high-quality work, and driving data & ai initiatives."
Lead QA Engineer,Software Engineering,Jira; Python; Manual Testing; Test Automation; Bug Tracking,Lead,"We are seeking a Lead QA Engineer to join our Enterprise team. The ideal candidate has 8-14 years of experience and is proficient in Jira, Python, Manual Testing, Test Automation, Bug Tracking. Responsibilities include collaborating with cross-functional teams, delivering high-quality work, and driving software engineering initiatives."
Intern Graphic Designer,Design,Photoshop; Print Design; Layout Design; InDesign; Color Theory; Illustrator; Branding,Intern,"We are seeking a Intern Graphic Designer to join our EdTech team. The ideal candidate has 0-1 years of experience and is proficient in Photoshop, Print Design, Layout Design, InDesign, Color Theory, Illustrator, Branding. Responsibilities include collaborating with cross-functional teams, delivering high-quality work, and driving design initiatives."
Senior Site Reliability Engineer,Software Engineering,Kubernetes; Prometheus; Terraform; Linux; Monitoring; Python; Go,Senior,"We are seeking a Senior Site Reliability Engineer to join our Gaming team. The ideal candidate has 6-10 years of experience and is proficient in Kubernetes, Prometheus, Terraform, Linux, Monitoring, Python, Go. Responsibilities include collaborating with cross-functional teams, delivering high-quality work, and driving software engineering initiatives."
Junior Network Engineer,Cloud & Infrastructure,DNS; Firewalls; Linux; Cisco; Switching,Junior,"We are seeking a Junior Network Engineer to join our Healthcare team. The ideal candidate has 1-3 years of experience and is proficient in DNS, Firewalls, Linux, Cisco, Switching. Responsibilities include collaborating with cross-functional teams, delivering high-quality work, and driving cloud & infrastructure initiatives."
Mid-level Software Architect,Software Engineering,System Design; Docker; AWS; Microservices; Kafka; Scalability,Mid-level,"We are seeking a Mid-level Software Architect to join our Startup team. The ideal candidate has 3-6 years of experience and is proficient in System Design, Docker, AWS, Microservices, Kafka, Scalability. Responsibilities include collaborating with cross-functional teams, delivering high-quality work, and driving software engineering initiatives."
Lead Computer Vision Engineer,Data & AI,OpenCV; Python; Machine Learning; TensorFlow; Deep Learning; C++; CNN,Lead,"We are seeking a Lead Computer Vision Engineer to join our Healthcare team. The ideal candidate has 8-14 years of experience and is proficient in OpenCV, Python, Machine Learning, TensorFlow, Deep Learning, C++, CNN. Responsibilities include collaborating with cross-functional teams, delivering high-quality work, and driving data & ai initiatives."
Principal Data Scientist,Data & AI,Jupyter; Pandas; Python; Machine Learning; TensorFlow; Data Visualization; Statistics,Principal,"We are seeking a Principal Data Scientist to join our Startup team. The ideal candidate has 12-20 years of experience and is proficient in Jupyter, Pandas, Python, Machine Learning, TensorFlow, Data Visualization, Statistics. Responsibilities include collaborating with cross-functional teams, delivering high-quality work, and driving data & ai initiatives."
Junior Content Strategist,Marketing,Analytics; SEO; Storytelling; Social Media; Editorial Planning,Junior,"We are seeking a Junior Content Strategist to join our EdTech team. The ideal candidate has 1-3 years of experience and is proficient in Analytics, SEO, Storytelling, Social Media, Editorial Planning. Responsibilities include collaborating with cross-functional teams, delivering high-quality work, and driving marketing initiatives."
Junior Product Owner,Product & Management,Analytics; User Stories; Agile; Scrum; Jira; Roadmapping; Communication,Junior,"We are seeking a Junior Product Owner to join our Healthcare team. The ideal candidate has 1-3 years of experience and is proficient in Analytics, User Stories, Agile, Scrum, Jira, Roadmapping, Communication. Responsibilities include collaborating with cross-functional teams, delivering high-quality work, and driving product & management initiatives."
Intern Software Architect,Software Engineering,Design Patterns; Scalability; REST APIs; Docker; System Design,Intern,"We are seeking a Intern Software Architect to join our Startup team. The ideal candidate has 0-1 years of experience and is proficient in Design Patterns, Scalability, REST APIs, Docker, System Design. Responsibilities include collaborating with cross-functional teams, delivering high-quality work, and driving software engineering initiatives."
Senior Product Designer,Design,Sketch; Wireframing; Interaction Design; UX Design; User Research,Senior,"We are seeking a Senior Product Designer to join our Startup team. The ideal candidate has 6-10 years of experience and is proficient in Sketch, Wireframing, Interaction Design, UX Design, User Research. Responsibilities include collaborating with cross-functional teams, delivering high-quality work, and driving design initiatives."
Mid-level Product Manager,Product & Management,Market Research; Analytics; Prioritization; Stakeholder Management; Communication,Mid-level,"We are seeking a Mid-level Product Manager to join our Enterprise team. The ideal candidate has 3-6 years of experience and is proficient in Market Research, Analytics, Prioritization, Stakeholder Management, Communication. Responsibilities include collaborating with cross-functional teams, delivering high-quality work, and driving product & management initiatives."
Lead Social Media Manager,Marketing,Community Management; Analytics; Canva; Scheduling Tools; Content Creation; Campaign Management; Engagement,Lead,"We are seeking a Lead Social Media Manager to join our E-commerce team. The ideal candidate has 8-14 years of experience and is proficient in Community Management, Analytics, Canva, Scheduling Tools, Content Creation, Campaign Management, Engagement. Responsibilities include collaborating with cross-functional teams, delivering high-quality work, and driving marketing initiatives."
Principal Business Intelligence Analyst,Data & AI,Excel; Reporting; ETL; SQL; Data Warehousing; Power BI,Principal,"We are seeking a Principal Business Intelligence Analyst to join our Enterprise team. The ideal candidate has 12-20 years of experience and is proficient in Excel, Reporting, ETL, SQL, Data Warehousing, Power BI. Responsibilities include collaborating with cross-functional teams, delivering high-quality work, and driving data & ai initiatives."
Lead Machine Learning Engineer,Data & AI,SQL; TensorFlow; Model Deployment; PyTorch; Machine Learning,Lead,"We are seeking a Lead Machine Learning Engineer to join our Healthcare team. The ideal candidate has 8-14 years of experience and is proficient in SQL, TensorFlow, Model Deployment, PyTorch, Machine Learning. Responsibilities include collaborating with cross-functional teams, delivering high-quality work, and driving data & ai initiatives."
Senior Software Architect,Software Engineering,Java; REST APIs; System Design; Design Patterns; Scalability; Microservices,Senior,"We are seeking a Senior Software Architect to join our E-commerce team. The ideal candidate has 6-10 years of experience and is proficient in Java, REST APIs, System Design, Design Patterns, Scalability, Microservices. Responsibilities include collaborating with cross-functional teams, delivering high-quality work, and driving software engineering initiatives."
Principal AI Researcher,Data & AI,Python; Reinforcement Learning; Mathematics; Research; TensorFlow; NLP; PyTorch,Principal,"We are seeking a Principal AI Researcher to join our SaaS team. The ideal candidate has 12-20 years of experience and is proficient in Python, Reinforcement Learning, Mathematics, Research, TensorFlow, NLP, PyTorch. Responsibilities include collaborating with cross-functional teams, delivering high-quality work, and driving data & ai initiatives."
Senior Mobile Developer,Software Engineering,iOS; UI Design; Kotlin; Firebase; Flutter; Android SDK; Swift,Senior,"We are seeking a Senior Mobile Developer to join our Healthcare team. The ideal candidate has 6-10 years of experience and is proficient in iOS, UI Design, Kotlin, Firebase, Flutter, Android SDK, Swift. Responsibilities include collaborating with cross-functional teams, delivering high-quality work, and driving software engineering initiatives."
Senior Sales Engineer,Business,Presentations; Customer Success; Communication; Negotiation; Cloud; Solution Design; APIs,Senior,"We are seeking a Senior Sales Engineer to join our EdTech team. The ideal candidate has 6-10 years of experience and is proficient in Presentations, Customer Success, Communication, Negotiation, Cloud, Solution Design, APIs. Responsibilities include collaborating with cross-functional teams, delivering high-quality work, and driving business initiatives."
Junior Growth Marketer,Marketing,Funnel Optimization; Email Marketing; SEO; Analytics; Growth Hacking; CRM; Experimentation,Junior,"We are seeking a Junior Growth Marketer to join our SaaS team. The ideal candidate has 1-3 years of experience and is proficient in Funnel Optimization, Email Marketing, SEO, Analytics, Growth Hacking, CRM, Experimentation. Responsibilities include collaborating with cross-functional teams, delivering high-quality work, and driving marketing initiatives."
Mid-level Interaction Designer,Design,Motion Design; After Effects; User Research; Prototyping; Figma; Usability Testing,Mid-level,"We are seeking a Mid-level Interaction Designer to join our Gaming team. The ideal candidate has 3-6 years of experience and is proficient in Motion Design, After Effects, User Research, Prototyping, Figma, Usability Testing. Responsibilities include collaborating with cross-functional teams, delivering high-quality work, and driving design initiatives."
Senior UI Designer,Design,Typography; CSS; Color Theory; Design Systems; HTML; Sketch; Figma,Senior,"We are seeking a Senior UI Designer to join our Enterprise team. The ideal candidate has 6-10 years of experience and is proficient in Typography, CSS, Color Theory, Design Systems, HTML, Sketch, Figma. Responsibilities include collaborating with cross-functional teams, delivering high-quality work, and driving design initiatives."
Lead QA Engineer,Software Engineering,CI/CD; Manual Testing; JUnit; Jira; Cypress,Lead,"We are seeking a Lead QA Engineer to join our Fintech team. The ideal candidate has 8-14 years of experience and is proficient in CI/CD, Manual Testing, JUnit, Jira, Cypress. Responsibilities include collaborating with cross-functional teams, delivering high-quality work, and driving software engineering initiatives."
Mid-level Product Designer,Design,Usability Testing; UI Design; User Research; Wireframing; Figma; Prototyping; Interaction Design,Mid-level,"We are seeking a Mid-level Product Designer to join our E-commerce team. The ideal candidate has 3-6 years of experience and is proficient in Usability Testing, UI Design, User Research, Wireframing, Figma, Prototyping, Interaction Design. Responsibilities include collaborating with cross-functional teams, delivering high-quality work, and driving design initiatives."
Junior Mobile Developer,Software Engineering,Git; iOS; Swift; Kotlin; UI Design; Firebase; React Native,Junior,"We are seeking a Junior Mobile Developer to join our Fintech team. The ideal candidate has 1-3 years of experience and is proficient in Git, iOS, Swift, Kotlin, UI Design, Firebase, React Native. Responsibilities include collaborating with cross-functional teams, delivering high-quality work, and driving software engineering initiatives."
Mid-level Business Analyst,Business,Communication; Requirements Gathering; Data Analysis; Excel; SQL; Stakeholder Management,Mid-level,"We are seeking a Mid-level Business Analyst to join our Startup team. The ideal candidate has 3-6 years of experience and is proficient in Communication, Requirements Gathering, Data Analysis, Excel, SQL, Stakeholder Management. Responsibilities include collaborating with cross-functional teams, delivering high-quality work, and driving business initiatives."
Lead DevOps Engineer,Software Engineering,Bash; Terraform; Jenkins; AWS; Ansible; CI/CD; Kubernetes,Lead,"We are seeking a Lead DevOps Engineer to join our Enterprise team. The ideal candidate has 8-14 years of experience and is proficient in Bash, Terraform, Jenkins, AWS, Ansible, CI/CD, Kubernetes. Responsibilities include collaborating with cross-functional teams, delivering high-quality work, and driving software engineering initiatives."
Principal Growth Marketer,Marketing,Email Marketing; Experimentation; SEO; Growth Hacking; Analytics; Paid Ads; A/B Testing,Principal,"We are seeking a Principal Growth Marketer to join our Startup team. The ideal candidate has 12-20 years of experience and is proficient in Email Marketing, Experimentation, SEO, Growth Hacking, Analytics, Paid Ads, A/B Testing. Responsibilities include collaborating with cross-functional teams, delivering high-quality work, and driving marketing initiatives."
Principal DevOps Engineer,Software Engineering,Linux; Kubernetes; AWS; Jenkins; Terraform; Ansible,Principal,"We are seeking a Principal DevOps Engineer to join our SaaS team. The ideal candidate has 12-20 years of experience and is proficient in Linux, Kubernetes, AWS, Jenkins, Terraform, Ansible. Responsibilities include collaborating with cross-functional teams, delivering high-quality work, and driving software engineering initiatives."
Lead Digital Marketing Specialist,Marketing,Google Ads; SEO; Campaign Management; A/B Testing; Email Marketing,Lead,"We are seeking a Lead Digital Marketing Specialist to join our Gaming team. The ideal candidate has 8-14 years of experience and is proficient in Google Ads, SEO, Campaign Management, A/B Testing, Email Marketing. Responsibilities include collaborating with cross-functional teams, delivering high-quality work, and driving marketing initiatives."
Mid-level Site Reliability Engineer,Software Engineering,AWS; Prometheus; Terraform; Monitoring; Python,Mid-level,"We are seeking a Mid-level Site Reliability Engineer to join our EdTech team. The ideal candidate has 3-6 years of experience and is proficient in AWS, Prometheus, Terraform, Monitoring, Python. Responsibilities include collaborating with cross-functional teams, delivering high-quality work, and driving software engineering initiatives."
Lead Interaction Designer,Design,UX Design; After Effects; Design Systems; Usability Testing; Motion Design; User Research,Lead,"We are seeking a Lead Interaction Designer to join our EdTech team. The ideal candidate has 8-14 years of experience and is proficient in UX Design, After Effects, Design Systems, Usability Testing, Motion Design, User Research. Responsibilities include collaborating with cross-functional teams, delivering high-quality work, and driving design initiatives."
Principal Data Scientist,Data & AI,SQL; TensorFlow; Data Visualization; Statistics; Scikit-learn; Pandas,Principal,"We are seeking a Principal Data Scientist to join our Enterprise team. The ideal candidate has 12-20 years of experience and is proficient in SQL, TensorFlow, Data Visualization, Statistics, Scikit-learn, Pandas. Responsibilities include collaborating with cross-functional teams, delivering high-quality work, and driving data & ai initiatives."
Lead Security Engineer,Cloud & Infrastructure,OWASP; SIEM; Incident Response; Linux; Firewalls,Lead,"We are seeking a Lead Security Engineer to join our Gaming team. The ideal candidate has 8-14 years of experience and is proficient in OWASP, SIEM, Incident Response, Linux, Firewalls. Responsibilities include collaborating with cross-functional teams, delivering high-quality work, and driving cloud & infrastructure initiatives."
Junior Sales Engineer,Business,APIs; Cloud; CRM; Solution Design; Customer Success,Junior,"We are seeking a Junior Sales Engineer to join our Fintech team. The ideal candidate has 1-3 years of experience and is proficient in APIs, Cloud, CRM, Solution Design, Customer Success. Responsibilities include collaborating with cross-functional teams, delivering high-quality work, and driving business initiatives."
Principal Product Manager,Product & Management,Jira; Roadmapping; Stakeholder Management; Market Research; Strategy; Communication,Principal,"We are seeking a Principal Product Manager to join our Fintech team. The ideal candidate has 12-20 years of experience and is proficient in Jira, Roadmapping, Stakeholder Management, Market Research, Strategy, Communication. Responsibilities include collaborating with cross-functional teams, delivering high-quality work, and driving product & management initiatives."
Junior Machine Learning Engineer,Data & AI,Machine Learning; TensorFlow; SQL; PyTorch; MLOps; Model Deployment; Python,Junior,"We are seeking a Junior Machine Learning Engineer to join our Enterprise team. The ideal candidate has 1-3 years of experience and is proficient in Machine Learning, TensorFlow, SQL, PyTorch, MLOps, Model Deployment, Python. Responsibilities include collaborating with cross-functional teams, delivering high-quality work, and driving data & ai initiatives."
Principal Data Scientist,Data & AI,NumPy; Pandas; Statistics; Jupyter; SQL; TensorFlow; Machine Learning,Principal,"We are seeking a Principal Data Scientist to join our E-commerce team. The ideal candidate has 12-20 years of experience and is proficient in NumPy, Pandas, Statistics, Jupyter, SQL, TensorFlow, Machine Learning. Responsibilities include collaborating with cross-functional teams, delivering high-quality work, and driving data & ai initiatives."
Mid-level Backend Developer,Software Engineering,Python; Node.js; Microservices; Spring Boot; REST APIs; SQL,Mid-level,"We are seeking a Mid-level Backend Developer to join our E-commerce team. The ideal candidate has 3-6 years of experience and is proficient in Python, Node.js, Microservices, Spring Boot, REST APIs, SQL. Responsibilities include collaborating with cross-functional teams, delivering high-quality work, and driving software engineering initiatives."
Mid-level Machine Learning Engineer,Data & AI,MLOps; Model Deployment; Scikit-learn; TensorFlow; Docker,Mid-level,"We are seeking a Mid-level Machine Learning Engineer to join our Gaming team. The ideal candidate has 3-6 years of experience and is proficient in MLOps, Model Deployment, Scikit-learn, TensorFlow, Docker. Responsibilities include collaborating with cross-functional teams, delivering high-quality work, and driving data & ai initiatives."
Intern Graphic Designer,Design,Photoshop; Illustrator; Layout Design; Print Design; Color Theory; Typography,Intern,"We are seeking a Intern Graphic Designer to join our E-commerce team. The ideal candidate has 0-1 years of experience and is proficient in Photoshop, Illustrator, Layout Design, Print Design, Color Theory, Typography. Responsibilities include collaborating with cross-functional teams, delivering high-quality work, and driving design initiatives."
Principal Interaction Designer,Design,UX Design; User Research; Usability Testing; Motion Design; Interaction Design; Wireframing,Principal,"We are seeking a Principal Interaction Designer to join our Enterprise team. The ideal candidate has 12-20 years of experience and is proficient in UX Design, User Research, Usability Testing, Motion Design, Interaction Design, Wireframing. Responsibilities include collaborating with cross-functional teams, delivering high-quality work, and driving design initiatives."
Intern Content Strategist,Marketing,Social Media; SEO; Research; Storytelling; Analytics; Editorial Planning; CMS,Intern,"We are seeking a Intern Content Strategist to join our EdTech team. The ideal candidate has 0-1 years of experience and is proficient in Social Media, SEO, Research, Storytelling, Analytics, Editorial Planning, CMS. Responsibilities include collaborating with cross-functional teams, delivering high-quality work, and driving marketing initiatives."
Intern Frontend Developer,Software Engineering,Sass; React; Redux; JavaScript; CSS; Accessibility; HTML,Intern,"We are seeking a Intern Frontend Developer to join our EdTech team. The ideal candidate has 0-1 years of experience and is proficient in Sass, React, Redux, JavaScript, CSS, Accessibility, HTML. Responsibilities include collaborating with cross-functional teams, delivering high-quality work, and driving software engineering initiatives."
Lead Software Architect,Software Engineering,Design Patterns; REST APIs; Kafka; AWS; System Design; Leadership,Lead,"We are seeking a Lead Software Architect to join our Fintech team. The ideal candidate has 8-14 years of experience and is proficient in Design Patterns, REST APIs, Kafka, AWS, System Design, Leadership. Responsibilities include collaborating with cross-functional teams, delivering high-quality work, and driving software engineering initiatives."
Junior Mobile Developer,Software Engineering,Android SDK; Swift; Flutter; iOS; Kotlin; UI Design; REST APIs,Junior,"We are seeking a Junior Mobile Developer to join our Healthcare team. The ideal candidate has 1-3 years of experience and is proficient in Android SDK, Swift, Flutter, iOS, Kotlin, UI Design, REST APIs. Responsibilities include collaborating with cross-functional teams, delivering high-quality work, and driving software engineering initiatives."
Mid-level Game Developer,Software Engineering,C#; OpenGL; Optimization; Game Design; 3D Math; Physics; Unity,Mid-level,"We are seeking a Mid-level Game Developer to join our SaaS team. The ideal candidate has 3-6 years of experience and is proficient in C#, OpenGL, Optimization, Game Design, 3D Math, Physics, Unity. Responsibilities include collaborating with cross-functional teams, delivering high-quality work, and driving software engineering initiatives."
Junior Data Analyst,Data & AI,Reporting; Power BI; Pandas; Python; SQL; Statistics; Excel,Junior,"We are seeking a Junior Data Analyst to join our SaaS team. The ideal candidate has 1-3 years of experience and is proficient in Reporting, Power BI, Pandas, Python, SQL, Statistics, Excel. Responsibilities include collaborating with cross-functional teams, delivering high-quality work, and driving data & ai initiatives."
Lead Software Architect,Software Engineering,AWS; Design Patterns; Docker; REST APIs; Kafka,Lead,"We are seeking a Lead Software Architect to join our Healthcare team. The ideal candidate has 8-14 years of experience and is proficient in AWS, Design Patterns, Docker, REST APIs, Kafka. Responsibilities include collaborating with cross-functional teams, delivering high-quality work, and driving software engineering initiatives."
Mid-level Mobile Developer,Software Engineering,REST APIs; Swift; iOS; React Native; Android SDK; Kotlin; Firebase,Mid-level,"We are seeking a Mid-level Mobile Developer to join our Enterprise team. The ideal candidate has 3-6 years of experience and is proficient in REST APIs, Swift, iOS, React Native, Android SDK, Kotlin, Firebase. Responsibilities include collaborating with cross-functional teams, delivering high-quality work, and driving software engineering initiatives."
Intern Cloud Architect,Cloud & Infrastructure,Kubernetes; Networking; GCP; System Design; AWS,Intern,"We are seeking a Intern Cloud Architect to join our EdTech team. The ideal candidate has 0-1 years of experience and is proficient in Kubernetes, Networking, GCP, System Design, AWS. Responsibilities include collaborating with cross-functional teams, delivering high-quality work, and driving cloud & infrastructure initiatives."
Intern Operations Manager,Business,Analytics; Lean; Leadership; Operations Management; Vendor Management; Communication; Process Improvement,Intern,"We are seeking a Intern Operations Manager to join our Startup team. The ideal candidate has 0-1 years of experience and is proficient in Analytics, Lean, Leadership, Operations Management, Vendor Management, Communication, Process Improvement. Responsibilities include collaborating with cross-functional teams, delivering high-quality work, and driving business initiatives."
Principal Site Reliability Engineer,Software Engineering,Grafana; Monitoring; Python; Incident Response; Kubernetes; Prometheus,Principal,"We are seeking a Principal Site Reliability Engineer to join our Healthcare team. The ideal candidate has 12-20 years of experience and is proficient in Grafana, Monitoring, Python, Incident Response, Kubernetes, Prometheus. Responsibilities include collaborating with cross-functional teams, delivering high-quality work, and driving software engineering initiatives."
Junior DevOps Engineer,Software Engineering,Ansible; AWS; Docker; CI/CD; Bash; Kubernetes,Junior,"We are seeking a Junior DevOps Engineer to join our SaaS team. The ideal candidate has 1-3 years of experience and is proficient in Ansible, AWS, Docker, CI/CD, Bash, Kubernetes. Responsibilities include collaborating with cross-functional teams, delivering high-quality work, and driving software engineering initiatives."
Senior Full Stack Developer,Software Engineering,JavaScript; SQL; Docker; TypeScript; Node.js,Senior,"We are seeking a Senior Full Stack Developer to join our SaaS team. The ideal candidate has 6-10 years of experience and is proficient in JavaScript, SQL, Docker, TypeScript, Node.js. Responsibilities include collaborating with cross-functional teams, delivering high-quality work, and driving software engineering initiatives."
Mid-level Social Media Manager,Marketing,Canva; Campaign Management; Copywriting; Community Management; Social Media,Mid-level,"We are seeking a Mid-level Social Media Manager to join our Fintech team. The ideal candidate has 3-6 years of experience and is proficient in Canva, Campaign Management, Copywriting, Community Management, Social Media. Responsibilities include collaborating with cross-functional teams, delivering high-quality work, and driving marketing initiatives."
Junior UX Designer,Design,Prototyping; Accessibility; Design Thinking; Journey Mapping; Usability Testing,Junior,"We are seeking a Junior UX Designer to join our Enterprise team. The ideal candidate has 1-3 years of experience and is proficient in Prototyping, Accessibility, Design Thinking, Journey Mapping, Usability Testing. Responsibilities include collaborating with cross-functional teams, delivering high-quality work, and driving design initiatives."
Lead Machine Learning Engineer,Data & AI,Machine Learning; TensorFlow; MLOps; Python; PyTorch; Scikit-learn; Deep Learning,Lead,"We are seeking a Lead Machine Learning Engineer to join our Fintech team. The ideal candidate has 8-14 years of experience and is proficient in Machine Learning, TensorFlow, MLOps, Python, PyTorch, Scikit-learn, Deep Learning. Responsibilities include collaborating with cross-functional teams, delivering high-quality work, and driving data & ai initiatives."
Principal Financial Analyst,Business,Power BI; Financial Modeling; Budgeting; SQL; Excel,Principal,"We are seeking a Principal Financial Analyst to join our Gaming team. The ideal candidate has 12-20 years of experience and is proficient in Power BI, Financial Modeling, Budgeting, SQL, Excel. Responsibilities include collaborating with cross-functional teams, delivering high-quality work, and driving business initiatives."
Junior Product Designer,Design,Interaction Design; UI Design; User Research; Sketch; UX Design,Junior,"We are seeking a Junior Product Designer to join our E-commerce team. The ideal candidate has 1-3 years of experience and is proficient in Interaction Design, UI Design, User Research, Sketch, UX Design. Responsibilities include collaborating with cross-functional teams, delivering high-quality work, and driving design initiatives."
Mid-level Product Owner,Product & Management,Agile; Stakeholder Management; Roadmapping; Prioritization; Backlog Management; Communication; User Stories,Mid-level,"We are seeking a Mid-level Product Owner to join our EdTech team. The ideal candidate has 3-6 years of experience and is proficient in Agile, Stakeholder Management, Roadmapping, Prioritization, Backlog Management, Communication, User Stories. Responsibilities include collaborating with cross-functional teams, delivering high-quality work, and driving product & management initiatives."
Senior Data Scientist,Data & AI,Statistics; Data Visualization; NumPy; SQL; Pandas,Senior,"We are seeking a Senior Data Scientist to join our Enterprise team. The ideal candidate has 6-10 years of experience and is proficient in Statistics, Data Visualization, NumPy, SQL, Pandas. Responsibilities include collaborating with cross-functional teams, delivering high-quality work, and driving data & ai initiatives."
Lead UI Designer,Design,Design Systems; CSS; HTML; Figma; Wireframing; Prototyping; Adobe XD,Lead,"We are seeking a Lead UI Designer to join our Gaming team. The ideal candidate has 8-14 years of experience and is proficient in Design Systems, CSS, HTML, Figma, Wireframing, Prototyping, Adobe XD. Responsibilities include collaborating with cross-functional teams, delivering high-quality work, and driving design initiatives."
Intern QA Engineer,Software Engineering,Cypress; Selenium; CI/CD; JUnit; Bug Tracking; Manual Testing; Postman,Intern,"We are seeking a Intern QA Engineer to join our E-commerce team. The ideal candidate has 0-1 years of experience and is proficient in Cypress, Selenium, CI/CD, JUnit, Bug Tracking, Manual Testing, Postman. Responsibilities include collaborating with cross-functional teams, delivering high-quality work, and driving software engineering initiatives."
Senior Social Media Manager,Marketing,Canva; Campaign Management; Community Management; Copywriting; Engagement; Analytics; Social Media,Senior,"We are seeking a Senior Social Media Manager to join our Gaming team. The ideal candidate has 6-10 years of experience and is proficient in Canva, Campaign Management, Community Management, Copywriting, Engagement, Analytics, Social Media. Responsibilities include collaborating with cross-functional teams, delivering high-quality work, and driving marketing initiatives."
Senior Mobile Developer,Software Engineering,Git; Swift; Android SDK; Kotlin; React Native,Senior,"We are seeking a Senior Mobile Developer to join our Enterprise team. The ideal candidate has 6-10 years of experience and is proficient in Git, Swift, Android SDK, Kotlin, React Native. Responsibilities include collaborating with cross-functional teams, delivering high-quality work, and driving software engineering initiatives."
Intern Security Engineer,Cloud & Infrastructure,Penetration Testing; SIEM; Encryption; Firewalls; Network Security; Incident Response; OWASP,Intern,"We are seeking a Intern Security Engineer to join our Startup team. The ideal candidate has 0-1 years of experience and is proficient in Penetration Testing, SIEM, Encryption, Firewalls, Network Security, Incident Response, OWASP. Responsibilities include collaborating with cross-functional teams, delivering high-quality work, and driving cloud & infrastructure initiatives."
Junior Growth Marketer,Marketing,Funnel Optimization; Paid Ads; SQL; Analytics; A/B Testing; Email Marketing; Experimentation,Junior,"We are seeking a Junior Growth Marketer to join our EdTech team. The ideal candidate has 1-3 years of experience and is proficient in Funnel Optimization, Paid Ads, SQL, Analytics, A/B Testing, Email Marketing, Experimentation. Responsibilities include collaborating with cross-functional teams, delivering high-quality work, and driving marketing initiatives."
Mid-level Software Architect,Software Engineering,Scalability; Kafka; System Design; Docker; Microservices,Mid-level,"We are seeking a Mid-level Software Architect to join our Enterprise team. The ideal candidate has 3-6 years of experience and is proficient in Scalability, Kafka, System Design, Docker, Microservices. Responsibilities include collaborating with cross-functional teams, delivering high-quality work, and driving software engineering initiatives."
Junior Full Stack Developer,Software Engineering,JavaScript; REST APIs; TypeScript; Git; MongoDB; React; Python,Junior,"We are seeking a Junior Full Stack Developer to join our EdTech team. The ideal candidate has 1-3 years of experience and is proficient in JavaScript, REST APIs, TypeScript, Git, MongoDB, React, Python. Responsibilities include collaborating with cross-functional teams, delivering high-quality work, and driving software engineering initiatives."
Intern Mobile Developer,Software Engineering,REST APIs; Firebase; Swift; Git; iOS; Kotlin; Android SDK,Intern,"We are seeking a Intern Mobile Developer to join our Startup team. The ideal candidate has 0-1 years of experience and is proficient in REST APIs, Firebase, Swift, Git, iOS, Kotlin, Android SDK. Responsibilities include collaborating with cross-functional teams, delivering high-quality work, and driving software engineering initiatives."
Principal Graphic Designer,Design,Adobe XD; Illustrator; Layout Design; Color Theory; Typography; Branding; InDesign,Principal,"We are seeking a Principal Graphic Designer to join our Startup team. The ideal candidate has 12-20 years of experience and is proficient in Adobe XD, Illustrator, Layout Design, Color Theory, Typography, Branding, InDesign. Responsibilities include collaborating with cross-functional teams, delivering high-quality work, and driving design initiatives."
Intern UI Designer,Design,Adobe XD; Figma; Sketch; Prototyping; Wireframing; HTML,Intern,"We are seeking a Intern UI Designer to join our Gaming team. The ideal candidate has 0-1 years of experience and is proficient in Adobe XD, Figma, Sketch, Prototyping, Wireframing, HTML. Responsibilities include collaborating with cross-functional teams, delivering high-quality work, and driving design initiatives."
Lead Full Stack Developer,Software Engineering,JavaScript; Python; TypeScript; Docker; Node.js; MongoDB,Lead,"We are seeking a Lead Full Stack Developer to join our EdTech team. The ideal candidate has 8-14 years of experience and is proficient in JavaScript, Python, TypeScript, Docker, Node.js, MongoDB. Responsibilities include collaborating with cross-functional teams, delivering high-quality work, and driving software engineering initiatives."
Principal DevOps Engineer,Software Engineering,Kubernetes; CI/CD; Terraform; Monitoring; Linux,Principal,"We are seeking a Principal DevOps Engineer to join our Healthcare team. The ideal candidate has 12-20 years of experience and is proficient in Kubernetes, CI/CD, Terraform, Monitoring, Linux. Responsibilities include collaborating with cross-functional teams, delivering high-quality work, and driving software engineering initiatives."
Mid-level Graphic Designer,Design,Photoshop; Branding; Adobe XD; Layout Design; Color Theory; Creativity,Mid-level,"We are seeking a Mid-level Graphic Designer to join our E-commerce team. The ideal candidate has 3-6 years of experience and is proficient in Photoshop, Branding, Adobe XD, Layout Design, Color Theory, Creativity. Responsibilities include collaborating with cross-functional teams, delivering high-quality work, and driving design initiatives."
Lead Data Analyst,Data & AI,SQL; Power BI; Data Cleaning; A/B Testing; Tableau,Lead,"We are seeking a Lead Data Analyst to join our EdTech team. The ideal candidate has 8-14 years of experience and is proficient in SQL, Power BI, Data Cleaning, A/B Testing, Tableau. Responsibilities include collaborating with cross-functional teams, delivering high-quality work, and driving data & ai initiatives."
Junior Full Stack Developer,Software Engineering,Git; REST APIs; Node.js; SQL; React; Docker; MongoDB,Junior,"We are seeking a Junior Full Stack Developer to join our Healthcare team. The ideal candidate has 1-3 years of experience and is proficient in Git, REST APIs, Node.js, SQL, React, Docker, MongoDB. Responsibilities include collaborating with cross-functional teams, delivering high-quality work, and driving software engineering initiatives."
Principal Game Developer,Software Engineering,Optimization; C++; C#; Game Design; OpenGL,Principal,"We are seeking a Principal Game Developer to join our Healthcare team. The ideal candidate has 12-20 years of experience and is proficient in Optimization, C++, C#, Game Design, OpenGL. Responsibilities include collaborating with cross-functional teams, delivering high-quality work, and driving software engineering initiatives."
Senior Operations Manager,Business,Budgeting; Vendor Management; Leadership; Process Improvement; Analytics; Operations Management; Supply Chain,Senior,"We are seeking a Senior Operations Manager to join our E-commerce team. The ideal candidate has 6-10 years of experience and is proficient in Budgeting, Vendor Management, Leadership, Process Improvement, Analytics, Operations Management, Supply Chain. Responsibilities include collaborating with cross-functional teams, delivering high-quality work, and driving business initiatives."
Lead UX Designer,Design,Design Thinking; Journey Mapping; User Research; Prototyping; Information Architecture; Accessibility; Figma,Lead,"We are seeking a Lead UX Designer to join our Enterprise team. The ideal candidate has 8-14 years of experience and is proficient in Design Thinking, Journey Mapping, User Research, Prototyping, Information Architecture, Accessibility, Figma. Responsibilities include collaborating with cross-functional teams, delivering high-quality work, and driving design initiatives."
Mid-level Graphic Designer,Design,Color Theory; Branding; Illustrator; Layout Design; Creativity; Typography,Mid-level,"We are seeking a Mid-level Graphic Designer to join our Gaming team. The ideal candidate has 3-6 years of experience and is proficient in Color Theory, Branding, Illustrator, Layout Design, Creativity, Typography. Responsibilities include collaborating with cross-functional teams, delivering high-quality work, and driving design initiatives."
Intern Graphic Designer,Design,Layout Design; Creativity; Photoshop; Print Design; Illustrator; Adobe XD,Intern,"We are seeking a Intern Graphic Designer to join our Healthcare team. The ideal candidate has 0-1 years of experience and is proficient in Layout Design, Creativity, Photoshop, Print Design, Illustrator, Adobe XD. Responsibilities include collaborating with cross-functional teams, delivering high-quality work, and driving design initiatives."
Intern Machine Learning Engineer,Data & AI,Machine Learning; SQL; Deep Learning; PyTorch; Python; Scikit-learn,Intern,"We are seeking a Intern Machine Learning Engineer to join our Enterprise team. The ideal candidate has 0-1 years of experience and is proficient in Machine Learning, SQL, Deep Learning, PyTorch, Python, Scikit-learn. Responsibilities include collaborating with cross-functional teams, delivering high-quality work, and driving data & ai initiatives."
Mid-level Scrum Master,Product & Management,Kanban; Agile; Scrum; Servant Leadership; Communication,Mid-level,"We are seeking a Mid-level Scrum Master to join our Enterprise team. The ideal candidate has 3-6 years of experience and is proficient in Kanban, Agile, Scrum, Servant Leadership, Communication. Responsibilities include collaborating with cross-functional teams, delivering high-quality work, and driving product & management initiatives."
Principal Social Media Manager,Marketing,Canva; Content Creation; Community Management; Branding; Engagement; Analytics; Copywriting,Principal,"We are seeking a Principal Social Media Manager to join our SaaS team. The ideal candidate has 12-20 years of experience and is proficient in Canva, Content Creation, Community Management, Branding, Engagement, Analytics, Copywriting. Responsibilities include collaborating with cross-functional teams, delivering high-quality work, and driving marketing initiatives."
Senior Project Manager,Product & Management,Scrum; Agile; Communication; Budgeting; Gantt Charts,Senior,"We are seeking a Senior Project Manager to join our Fintech team. The ideal candidate has 6-10 years of experience and is proficient in Scrum, Agile, Communication, Budgeting, Gantt Charts. Responsibilities include collaborating with cross-functional teams, delivering high-quality work, and driving product & management initiatives."
Junior Program Manager,Product & Management,Agile; Budgeting; Risk Management; Program Management; Strategy; Stakeholder Management; Roadmapping,Junior,"We are seeking a Junior Program Manager to join our Fintech team. The ideal candidate has 1-3 years of experience and is proficient in Agile, Budgeting, Risk Management, Program Management, Strategy, Stakeholder Management, Roadmapping. Responsibilities include collaborating with cross-functional teams, delivering high-quality work, and driving product & management initiatives."
Mid-level Machine Learning Engineer,Data & AI,Docker; SQL; Scikit-learn; Python; MLOps,Mid-level,"We are seeking a Mid-level Machine Learning Engineer to join our Enterprise team. The ideal candidate has 3-6 years of experience and is proficient in Docker, SQL, Scikit-learn, Python, MLOps. Responsibilities include collaborating with cross-functional teams, delivering high-quality work, and driving data & ai initiatives."
Junior Full Stack Developer,Software Engineering,REST APIs; React; TypeScript; SQL; JavaScript; MongoDB; Docker,Junior,"We are seeking a Junior Full Stack Developer to join our Startup team. The ideal candidate has 1-3 years of experience and is proficient in REST APIs, React, TypeScript, SQL, JavaScript, MongoDB, Docker. Responsibilities include collaborating with cross-functional teams, delivering high-quality work, and driving software engineering initiatives."
Junior HR Specialist,Business,Communication; Compliance; Onboarding; Conflict Resolution; Performance Management,Junior,"We are seeking a Junior HR Specialist to join our Enterprise team. The ideal candidate has 1-3 years of experience and is proficient in Communication, Compliance, Onboarding, Conflict Resolution, Performance Management. Responsibilities include collaborating with cross-functional teams, delivering high-quality work, and driving business initiatives."
Lead Data Engineer,Data & AI,Snowflake; Python; Kafka; Hadoop; ETL,Lead,"We are seeking a Lead Data Engineer to join our Healthcare team. The ideal candidate has 8-14 years of experience and is proficient in Snowflake, Python, Kafka, Hadoop, ETL. Responsibilities include collaborating with cross-functional teams, delivering high-quality work, and driving data & ai initiatives."
Mid-level QA Engineer,Software Engineering,Test Automation; Bug Tracking; Selenium; Manual Testing; Python; Cypress,Mid-level,"We are seeking a Mid-level QA Engineer to join our SaaS team. The ideal candidate has 3-6 years of experience and is proficient in Test Automation, Bug Tracking, Selenium, Manual Testing, Python, Cypress. Responsibilities include collaborating with cross-functional teams, delivering high-quality work, and driving software engineering initiatives."
Senior Frontend Developer,Software Engineering,Webpack; TypeScript; Accessibility; Jest; CSS; Redux,Senior,"We are seeking a Senior Frontend Developer to join our Gaming team. The ideal candidate has 6-10 years of experience and is proficient in Webpack, TypeScript, Accessibility, Jest, CSS, Redux. Responsibilities include collaborating with cross-functional teams, delivering high-quality work, and driving software engineering initiatives."
Mid-level Cloud Architect,Cloud & Infrastructure,Security; Networking; Cost Optimization; Microservices; System Design,Mid-level,"We are seeking a Mid-level Cloud Architect to join our Fintech team. The ideal candidate has 3-6 years of experience and is proficient in Security, Networking, Cost Optimization, Microservices, System Design. Responsibilities include collaborating with cross-functional teams, delivering high-quality work, and driving cloud & infrastructure initiatives."
Lead Social Media Manager,Marketing,Engagement; Content Creation; Campaign Management; Scheduling Tools; Canva; Social Media; Community Management,Lead,"We are seeking a Lead Social Media Manager to join our Fintech team. The ideal candidate has 8-14 years of experience and is proficient in Engagement, Content Creation, Campaign Management, Scheduling Tools, Canva, Social Media, Community Management. Responsibilities include collaborating with cross-functional teams, delivering high-quality work, and driving marketing initiatives."
Mid-level Business Intelligence Analyst,Data & AI,ETL; Data Warehousing; Power BI; SQL; Excel; DAX; Dashboards,Mid-level,"We are seeking a Mid-level Business Intelligence Analyst to join our SaaS team. The ideal candidate has 3-6 years of experience and is proficient in ETL, Data Warehousing, Power BI, SQL, Excel, DAX, Dashboards. Responsibilities include collaborating with cross-functional teams, delivering high-quality work, and driving data & ai initiatives."
Lead Data Scientist,Data & AI,Scikit-learn; NumPy; Machine Learning; Data Visualization; Jupyter; Statistics; TensorFlow,Lead,"We are seeking a Lead Data Scientist to join our Healthcare team. The ideal candidate has 8-14 years of experience and is proficient in Scikit-learn, NumPy, Machine Learning, Data Visualization, Jupyter, Statistics, TensorFlow. Responsibilities include collaborating with cross-functional teams, delivering high-quality work, and driving data & ai initiatives."
Senior Machine Learning Engineer,Data & AI,Scikit-learn; PyTorch; Python; Deep Learning; TensorFlow,Senior,"We are seeking a Senior Machine Learning Engineer to join our Enterprise team. The ideal candidate has 6-10 years of experience and is proficient in Scikit-learn, PyTorch, Python, Deep Learning, TensorFlow. Responsibilities include collaborating with cross-functional teams, delivering high-quality work, and driving data & ai initiatives."
Junior Site Reliability Engineer,Software Engineering,Monitoring; Incident Response; Terraform; Grafana; Python; AWS,Junior,"We are seeking a Junior Site Reliability Engineer to join our EdTech team. The ideal candidate has 1-3 years of experience and is proficient in Monitoring, Incident Response, Terraform, Grafana, Python, AWS. Responsibilities include collaborating with cross-functional teams, delivering high-quality work, and driving software engineering initiatives."
Junior DevOps Engineer,Software Engineering,AWS; Linux; CI/CD; Bash; Monitoring,Junior,"We are seeking a Junior DevOps Engineer to join our EdTech team. The ideal candidate has 1-3 years of experience and is proficient in AWS, Linux, CI/CD, Bash, Monitoring. Responsibilities include collaborating with cross-functional teams, delivering high-quality work, and driving software engineering initiatives."
Intern Machine Learning Engineer,Data & AI,Docker; Python; PyTorch; SQL; TensorFlow; MLOps,Intern,"We are seeking a Intern Machine Learning Engineer to join our SaaS team. The ideal candidate has 0-1 years of experience and is proficient in Docker, Python, PyTorch, SQL, TensorFlow, MLOps. Responsibilities include collaborating with cross-functional teams, delivering high-quality work, and driving data & ai initiatives."
Mid-level Product Manager,Product & Management,Roadmapping; Prioritization; Analytics; Agile; Communication; Jira; Strategy,Mid-level,"We are seeking a Mid-level Product Manager to join our E-commerce team. The ideal candidate has 3-6 years of experience and is proficient in Roadmapping, Prioritization, Analytics, Agile, Communication, Jira, Strategy. Responsibilities include collaborating with cross-functional teams, delivering high-quality work, and driving product & management initiatives."
Principal Sales Engineer,Business,Communication; Customer Success; APIs; Negotiation; Solution Design; Product Demos,Principal,"We are seeking a Principal Sales Engineer to join our Gaming team. The ideal candidate has 12-20 years of experience and is proficient in Communication, Customer Success, APIs, Negotiation, Solution Design, Product Demos. Responsibilities include collaborating with cross-functional teams, delivering high-quality work, and driving business initiatives."
Senior Graphic Designer,Design,Print Design; Layout Design; Branding; Typography; InDesign; Illustrator; Photoshop,Senior,"We are seeking a Senior Graphic Designer to join our Startup team. The ideal candidate has 6-10 years of experience and is proficient in Print Design, Layout Design, Branding, Typography, InDesign, Illustrator, Photoshop. Responsibilities include collaborating with cross-functional teams, delivering high-quality work, and driving design initiatives."
Junior Data Scientist,Data & AI,Python; TensorFlow; Scikit-learn; Jupyter; Statistics; Pandas,Junior,"We are seeking a Junior Data Scientist to join our SaaS team. The ideal candidate has 1-3 years of experience and is proficient in Python, TensorFlow, Scikit-learn, Jupyter, Statistics, Pandas. Responsibilities include collaborating with cross-functional teams, delivering high-quality work, and driving data & ai initiatives."
Intern Social Media Manager,Marketing,Community Management; Scheduling Tools; Engagement; Content Creation; Branding; Analytics; Campaign Management,Intern,"We are seeking a Intern Social Media Manager to join our Healthcare team. The ideal candidate has 0-1 years of experience and is proficient in Community Management, Scheduling Tools, Engagement, Content Creation, Branding, Analytics, Campaign Management. Responsibilities include collaborating with cross-functional teams, delivering high-quality work, and driving marketing initiatives."
Principal Game Developer,Software Engineering,Shaders; C++; Unity; OpenGL; Game Design,Principal,"We are seeking a Principal Game Developer to join our SaaS team. The ideal candidate has 12-20 years of experience and is proficient in Shaders, C++, Unity, OpenGL, Game Design. Responsibilities include collaborating with cross-functional teams, delivering high-quality work, and driving software engineering initiatives."
Principal Product Manager,Product & Management,Analytics; Roadmapping; Agile; Jira; Stakeholder Management,Principal,"We are seeking a Principal Product Manager to join our Healthcare team. The ideal candidate has 12-20 years of experience and is proficient in Analytics, Roadmapping, Agile, Jira, Stakeholder Management. Responsibilities include collaborating with cross-functional teams, delivering high-quality work, and driving product & management initiatives."
Intern QA Engineer,Software Engineering,JUnit; Postman; Selenium; Python; Test Automation; CI/CD,Intern,"We are seeking a Intern QA Engineer to join our Gaming team. The ideal candidate has 0-1 years of experience and is proficient in JUnit, Postman, Selenium, Python, Test Automation, CI/CD. Responsibilities include collaborating with cross-functional teams, delivering high-quality work, and driving software engineering initiatives."
Junior Operations Manager,Business,Supply Chain; Budgeting; Leadership; Analytics; Process Improvement; Communication,Junior,"We are seeking a Junior Operations Manager to join our SaaS team. The ideal candidate has 1-3 years of experience and is proficient in Supply Chain, Budgeting, Leadership, Analytics, Process Improvement, Communication. Responsibilities include collaborating with cross-functional teams, delivering high-quality work, and driving business initiatives."
Junior Site Reliability Engineer,Software Engineering,Linux; Grafana; Monitoring; Kubernetes; Prometheus; Go; Incident Response,Junior,"We are seeking a Junior Site Reliability Engineer to join our E-commerce team. The ideal candidate has 1-3 years of experience and is proficient in Linux, Grafana, Monitoring, Kubernetes, Prometheus, Go, Incident Response. Responsibilities include collaborating with cross-functional teams, delivering high-quality work, and driving software engineering initiatives."
Lead Scrum Master,Product & Management,Facilitation; Sprint Planning; Agile; Servant Leadership; Retrospectives,Lead,"We are seeking a Lead Scrum Master to join our Fintech team. The ideal candidate has 8-14 years of experience and is proficient in Facilitation, Sprint Planning, Agile, Servant Leadership, Retrospectives. Responsibilities include collaborating with cross-functional teams, delivering high-quality work, and driving product & management initiatives."
Principal Data Scientist,Data & AI,TensorFlow; Scikit-learn; Statistics; SQL; NumPy; Pandas,Principal,"We are seeking a Principal Data Scientist to join our Fintech team. The ideal candidate has 12-20 years of experience and is proficient in TensorFlow, Scikit-learn, Statistics, SQL, NumPy, Pandas. Responsibilities include collaborating with cross-functional teams, delivering high-quality work, and driving data & ai initiatives."
Lead Growth Marketer,Marketing,CRM; Email Marketing; A/B Testing; Growth Hacking; SQL; Funnel Optimization; Paid Ads,Lead,"We are seeking a Lead Growth Marketer to join our SaaS team. The ideal candidate has 8-14 years of experience and is proficient in CRM, Email Marketing, A/B Testing, Growth Hacking, SQL, Funnel Optimization, Paid Ads. Responsibilities include collaborating with cross-functional teams, delivering high-quality work, and driving marketing initiatives."
Mid-level Project Manager,Product & Management,Gantt Charts; Planning; Jira; Risk Management; Stakeholder Management,Mid-level,"We are seeking a Mid-level Project Manager to join our Fintech team. The ideal candidate has 3-6 years of experience and is proficient in Gantt Charts, Planning, Jira, Risk Management, Stakeholder Management. Responsibilities include collaborating with cross-functional teams, delivering high-quality work, and driving product & management initiatives."
Senior Data Engineer,Data & AI,Airflow; Python; Hadoop; AWS; Kafka; Spark,Senior,"We are seeking a Senior Data Engineer to join our E-commerce team. The ideal candidate has 6-10 years of experience and is proficient in Airflow, Python, Hadoop, AWS, Kafka, Spark. Responsibilities include collaborating with cross-functional teams, delivering high-quality work, and driving data & ai initiatives."
Lead Business Analyst,Business,Documentation; Process Modeling; Requirements Gathering; Communication; Excel,Lead,"We are seeking a Lead Business Analyst to join our E-commerce team. The ideal candidate has 8-14 years of experience and is proficient in Documentation, Process Modeling, Requirements Gathering, Communication, Excel. Responsibilities include collaborating with cross-functional teams, delivering high-quality work, and driving business initiatives."
Mid-level HR Specialist,Business,Training; Performance Management; HRIS; Compliance; Recruitment,Mid-level,"We are seeking a Mid-level HR Specialist to join our Enterprise team. The ideal candidate has 3-6 years of experience and is proficient in Training, Performance Management, HRIS, Compliance, Recruitment. Responsibilities include collaborating with cross-functional teams, delivering high-quality work, and driving business initiatives."
Mid-level Business Analyst,Business,Communication; SQL; Excel; Stakeholder Management; Process Modeling; Agile,Mid-level,"We are seeking a Mid-level Business Analyst to join our Enterprise team. The ideal candidate has 3-6 years of experience and is proficient in Communication, SQL, Excel, Stakeholder Management, Process Modeling, Agile. Responsibilities include collaborating with cross-functional teams, delivering high-quality work, and driving business initiatives."
Intern UX Designer,Design,Journey Mapping; Design Thinking; Accessibility; Wireframing; Figma; Information Architecture,Intern,"We are seeking a Intern UX Designer to join our Startup team. The ideal candidate has 0-1 years of experience and is proficient in Journey Mapping, Design Thinking, Accessibility, Wireframing, Figma, Information Architecture. Responsibilities include collaborating with cross-functional teams, delivering high-quality work, and driving design initiatives."
Lead HR Specialist,Business,Performance Management; Conflict Resolution; Training; Employee Relations; Payroll; HRIS; Recruitment,Lead,"We are seeking a Lead HR Specialist to join our Enterprise team. The ideal candidate has 8-14 years of experience and is proficient in Performance Management, Conflict Resolution, Training, Employee Relations, Payroll, HRIS, Recruitment. Responsibilities include collaborating with cross-functional teams, delivering high-quality work, and driving business initiatives."
Senior Digital Marketing Specialist,Marketing,Email Marketing; A/B Testing; Copywriting; Campaign Management; Google Ads,Senior,"We are seeking a Senior Digital Marketing Specialist to join our Fintech team. The ideal candidate has 6-10 years of experience and is proficient in Email Marketing, A/B Testing, Copywriting, Campaign Management, Google Ads. Responsibilities include collaborating with cross-functional teams, delivering high-quality work, and driving marketing initiatives."
Intern Program Manager,Product & Management,Risk Management; Budgeting; Communication; Leadership; Reporting; Stakeholder Management,Intern,"We are seeking a Intern Program Manager to join our Startup team. The ideal candidate has 0-1 years of experience and is proficient in Risk Management, Budgeting, Communication, Leadership, Reporting, Stakeholder Management. Responsibilities include collaborating with cross-functional teams, delivering high-quality work, and driving product & management initiatives."
Intern Program Manager,Product & Management,Budgeting; Reporting; Stakeholder Management; Strategy; Program Management; Roadmapping,Intern,"We are seeking a Intern Program Manager to join our Healthcare team. The ideal candidate has 0-1 years of experience and is proficient in Budgeting, Reporting, Stakeholder Management, Strategy, Program Management, Roadmapping. Responsibilities include collaborating with cross-functional teams, delivering high-quality work, and driving product & management initiatives."
Intern NLP Engineer,Data & AI,Deep Learning; Machine Learning; Transformers; PyTorch; Python; BERT,Intern,"We are seeking a Intern NLP Engineer to join our SaaS team. The ideal candidate has 0-1 years of experience and is proficient in Deep Learning, Machine Learning, Transformers, PyTorch, Python, BERT. Responsibilities include collaborating with cross-functional teams, delivering high-quality work, and driving data & ai initiatives."
Mid-level Data Analyst,Data & AI,A/B Testing; Statistics; Data Cleaning; Power BI; Pandas; Reporting; Python,Mid-level,"We are seeking a Mid-level Data Analyst to join our E-commerce team. The ideal candidate has 3-6 years of experience and is proficient in A/B Testing, Statistics, Data Cleaning, Power BI, Pandas, Reporting, Python. Responsibilities include collaborating with cross-functional teams, delivering high-quality work, and driving data & ai initiatives."
Intern Product Owner,Product & Management,Analytics; Scrum; Stakeholder Management; Prioritization; Backlog Management; User Stories,Intern,"We are seeking a Intern Product Owner to join our E-commerce team. The ideal candidate has 0-1 years of experience and is proficient in Analytics, Scrum, Stakeholder Management, Prioritization, Backlog Management, User Stories. Responsibilities include collaborating with cross-functional teams, delivering high-quality work, and driving product & management initiatives."
Mid-level Data Scientist,Data & AI,Scikit-learn; Machine Learning; Pandas; NumPy; Python; SQL,Mid-level,"We are seeking a Mid-level Data Scientist to join our EdTech team. The ideal candidate has 3-6 years of experience and is proficient in Scikit-learn, Machine Learning, Pandas, NumPy, Python, SQL. Responsibilities include collaborating with cross-functional teams, delivering high-quality work, and driving data & ai initiatives."
Senior Machine Learning Engineer,Data & AI,SQL; Model Deployment; TensorFlow; Machine Learning; PyTorch; Deep Learning; Python,Senior,"We are seeking a Senior Machine Learning Engineer to join our E-commerce team. The ideal candidate has 6-10 years of experience and is proficient in SQL, Model Deployment, TensorFlow, Machine Learning, PyTorch, Deep Learning, Python. Responsibilities include collaborating with cross-functional teams, delivering high-quality work, and driving data & ai initiatives."
Principal Mobile Developer,Software Engineering,Swift; iOS; Kotlin; Android SDK; UI Design,Principal,"We are seeking a Principal Mobile Developer to join our Enterprise team. The ideal candidate has 12-20 years of experience and is proficient in Swift, iOS, Kotlin, Android SDK, UI Design. Responsibilities include collaborating with cross-functional teams, delivering high-quality work, and driving software engineering initiatives."
Lead Frontend Developer,Software Engineering,HTML; Redux; CSS; React; Jest; Webpack,Lead,"We are seeking a Lead Frontend Developer to join our SaaS team. The ideal candidate has 8-14 years of experience and is proficient in HTML, Redux, CSS, React, Jest, Webpack. Responsibilities include collaborating with cross-functional teams, delivering high-quality work, and driving software engineering initiatives."
Intern Product Designer,Design,UX Design; Prototyping; Interaction Design; Figma; UI Design,Intern,"We are seeking a Intern Product Designer to join our EdTech team. The ideal candidate has 0-1 years of experience and is proficient in UX Design, Prototyping, Interaction Design, Figma, UI Design. Responsibilities include collaborating with cross-functional teams, delivering high-quality work, and driving design initiatives."
Principal Graphic Designer,Design,Layout Design; Color Theory; Creativity; Adobe XD; Branding; Photoshop,Principal,"We are seeking a Principal Graphic Designer to join our EdTech team. The ideal candidate has 12-20 years of experience and is proficient in Layout Design, Color Theory, Creativity, Adobe XD, Branding, Photoshop. Responsibilities include collaborating with cross-functional teams, delivering high-quality work, and driving design initiatives."
Junior Graphic Designer,Design,Creativity; InDesign; Color Theory; Illustrator; Adobe XD; Layout Design,Junior,"We are seeking a Junior Graphic Designer to join our Startup team. The ideal candidate has 1-3 years of experience and is proficient in Creativity, InDesign, Color Theory, Illustrator, Adobe XD, Layout Design. Responsibilities include collaborating with cross-functional teams, delivering high-quality work, and driving design initiatives."
Junior Data Analyst,Data & AI,Power BI; Reporting; Pandas; Statistics; A/B Testing; Tableau,Junior,"We are seeking a Junior Data Analyst to join our Gaming team. The ideal candidate has 1-3 years of experience and is proficient in Power BI, Reporting, Pandas, Statistics, A/B Testing, Tableau. Responsibilities include collaborating with cross-functional teams, delivering high-quality work, and driving data & ai initiatives."
Lead Growth Marketer,Marketing,Funnel Optimization; SEO; Email Marketing; SQL; CRM,Lead,"We are seeking a Lead Growth Marketer to join our Gaming team. The ideal candidate has 8-14 years of experience and is proficient in Funnel Optimization, SEO, Email Marketing, SQL, CRM. Responsibilities include collaborating with cross-functional teams, delivering high-quality work, and driving marketing initiatives."
Principal Social Media Manager,Marketing,Community Management; Scheduling Tools; Branding; Canva; Copywriting; Social Media,Principal,"We are seeking a Principal Social Media Manager to join our Fintech team. The ideal candidate has 12-20 years of experience and is proficient in Community Management, Scheduling Tools, Branding, Canva, Copywriting, Social Media. Responsibilities include collaborating with cross-functional teams, delivering high-quality work, and driving marketing initiatives."
Junior Data Analyst,Data & AI,Tableau; A/B Testing; Python; Statistics; SQL; Power BI,Junior,"We are seeking a Junior Data Analyst to join our Enterprise team. The ideal candidate has 1-3 years of experience and is proficient in Tableau, A/B Testing, Python, Statistics, SQL, Power BI. Responsibilities include collaborating with cross-functional teams, delivering high-quality work, and driving data & ai initiatives."
Principal Database Administrator,Cloud & Infrastructure,Performance Tuning; Security; Oracle; MongoDB; Replication; Linux; MySQL,Principal,"We are seeking a Principal Database Administrator to join our Healthcare team. The ideal candidate has 12-20 years of experience and is proficient in Performance Tuning, Security, Oracle, MongoDB, Replication, Linux, MySQL. Responsibilities include collaborating with cross-functional teams, delivering high-quality work, and driving cloud & infrastructure initiatives."
Intern Site Reliability Engineer,Software Engineering,Monitoring; Kubernetes; Go; Prometheus; Incident Response; Grafana,Intern,"We are seeking a Intern Site Reliability Engineer to join our Startup team. The ideal candidate has 0-1 years of experience and is proficient in Monitoring, Kubernetes, Go, Prometheus, Incident Response, Grafana. Responsibilities include collaborating with cross-functional teams, delivering high-quality work, and driving software engineering initiatives."
Intern Product Manager,Product & Management,Strategy; Prioritization; Communication; Agile; User Stories; Roadmapping; Analytics,Intern,"We are seeking a Intern Product Manager to join our E-commerce team. The ideal candidate has 0-1 years of experience and is proficient in Strategy, Prioritization, Communication, Agile, User Stories, Roadmapping, Analytics. Responsibilities include collaborating with cross-functional teams, delivering high-quality work, and driving product & management initiatives."
Mid-level Frontend Developer,Software Engineering,Sass; TypeScript; Redux; CSS; HTML,Mid-level,"We are seeking a Mid-level Frontend Developer to join our Gaming team. The ideal candidate has 3-6 years of experience and is proficient in Sass, TypeScript, Redux, CSS, HTML. Responsibilities include collaborating with cross-functional teams, delivering high-quality work, and driving software engineering initiatives."
Lead Data Engineer,Data & AI,Kafka; SQL; Spark; Python; ETL; Hadoop; Data Modeling,Lead,"We are seeking a Lead Data Engineer to join our EdTech team. The ideal candidate has 8-14 years of experience and is proficient in Kafka, SQL, Spark, Python, ETL, Hadoop, Data Modeling. Responsibilities include collaborating with cross-functional teams, delivering high-quality work, and driving data & ai initiatives."
Principal Data Engineer,Data & AI,Hadoop; Snowflake; Python; SQL; AWS,Principal,"We are seeking a Principal Data Engineer to join our Gaming team. The ideal candidate has 12-20 years of experience and is proficient in Hadoop, Snowflake, Python, SQL, AWS. Responsibilities include collaborating with cross-functional teams, delivering high-quality work, and driving data & ai initiatives."
Senior Computer Vision Engineer,Data & AI,TensorFlow; CNN; Deep Learning; OpenCV; PyTorch,Senior,"We are seeking a Senior Computer Vision Engineer to join our Healthcare team. The ideal candidate has 6-10 years of experience and is proficient in TensorFlow, CNN, Deep Learning, OpenCV, PyTorch. Responsibilities include collaborating with cross-functional teams, delivering high-quality work, and driving data & ai initiatives."
Intern Data Engineer,Data & AI,Data Modeling; SQL; Snowflake; Python; Spark; Kafka; AWS,Intern,"We are seeking a Intern Data Engineer to join our Healthcare team. The ideal candidate has 0-1 years of experience and is proficient in Data Modeling, SQL, Snowflake, Python, Spark, Kafka, AWS. Responsibilities include collaborating with cross-functional teams, delivering high-quality work, and driving data & ai initiatives."
Intern Business Intelligence Analyst,Data & AI,ETL; Excel; Python; Power BI; SQL,Intern,"We are seeking a Intern Business Intelligence Analyst to join our Enterprise team. The ideal candidate has 0-1 years of experience and is proficient in ETL, Excel, Python, Power BI, SQL. Responsibilities include collaborating with cross-functional teams, delivering high-quality work, and driving data & ai initiatives."
Intern Data Scientist,Data & AI,Data Visualization; SQL; TensorFlow; Statistics; Python,Intern,"We are seeking a Intern Data Scientist to join our E-commerce team. The ideal candidate has 0-1 years of experience and is proficient in Data Visualization, SQL, TensorFlow, Statistics, Python. Responsibilities include collaborating with cross-functional teams, delivering high-quality work, and driving data & ai initiatives."
Lead Graphic Designer,Design,Typography; InDesign; Print Design; Creativity; Adobe XD; Layout Design,Lead,"We are seeking a Lead Graphic Designer to join our Enterprise team. The ideal candidate has 8-14 years of experience and is proficient in Typography, InDesign, Print Design, Creativity, Adobe XD, Layout Design. Responsibilities include collaborating with cross-functional teams, delivering high-quality work, and driving design initiatives."
Lead HR Specialist,Business,Conflict Resolution; Payroll; HRIS; Training; Compliance,Lead,"We are seeking a Lead HR Specialist to join our EdTech team. The ideal candidate has 8-14 years of experience and is proficient in Conflict Resolution, Payroll, HRIS, Training, Compliance. Responsibilities include collaborating with cross-functional teams, delivering high-quality work, and driving business initiatives."
Principal NLP Engineer,Data & AI,BERT; PyTorch; Transformers; Python; NLP; Tokenization; Text Mining,Principal,"We are seeking a Principal NLP Engineer to join our Healthcare team. The ideal candidate has 12-20 years of experience and is proficient in BERT, PyTorch, Transformers, Python, NLP, Tokenization, Text Mining. Responsibilities include collaborating with cross-functional teams, delivering high-quality work, and driving data & ai initiatives."
Intern Security Engineer,Cloud & Infrastructure,Network Security; Firewalls; Linux; Encryption; OWASP; Incident Response,Intern,"We are seeking a Intern Security Engineer to join our Enterprise team. The ideal candidate has 0-1 years of experience and is proficient in Network Security, Firewalls, Linux, Encryption, OWASP, Incident Response. Responsibilities include collaborating with cross-functional teams, delivering high-quality work, and driving cloud & infrastructure initiatives."
Junior Backend Developer,Software Engineering,GraphQL; Python; Java; Node.js; Django; SQL,Junior,"We are seeking a Junior Backend Developer to join our E-commerce team. The ideal candidate has 1-3 years of experience and is proficient in GraphQL, Python, Java, Node.js, Django, SQL. Responsibilities include collaborating with cross-functional teams, delivering high-quality work, and driving software engineering initiatives."
Junior Cloud Engineer,Cloud & Infrastructure,Linux; Python; Docker; Kubernetes; Terraform; CI/CD,Junior,"We are seeking a Junior Cloud Engineer to join our Healthcare team. The ideal candidate has 1-3 years of experience and is proficient in Linux, Python, Docker, Kubernetes, Terraform, CI/CD. Responsibilities include collaborating with cross-functional teams, delivering high-quality work, and driving cloud & infrastructure initiatives."
Senior Program Manager,Product & Management,Communication; Strategy; Leadership; Agile; Stakeholder Management; Budgeting; Program Management,Senior,"We are seeking a Senior Program Manager to join our SaaS team. The ideal candidate has 6-10 years of experience and is proficient in Communication, Strategy, Leadership, Agile, Stakeholder Management, Budgeting, Program Management. Responsibilities include collaborating with cross-functional teams, delivering high-quality work, and driving product & management initiatives."
Principal Cloud Architect,Cloud & Infrastructure,AWS; System Design; GCP; Security; Kubernetes; Terraform,Principal,"We are seeking a Principal Cloud Architect to join our E-commerce team. The ideal candidate has 12-20 years of experience and is proficient in AWS, System Design, GCP, Security, Kubernetes, Terraform. Responsibilities include collaborating with cross-functional teams, delivering high-quality work, and driving cloud & infrastructure initiatives."
Principal Digital Marketing Specialist,Marketing,Google Ads; Email Marketing; Copywriting; CRM; Analytics; SEO,Principal,"We are seeking a Principal Digital Marketing Specialist to join our Fintech team. The ideal candidate has 12-20 years of experience and is proficient in Google Ads, Email Marketing, Copywriting, CRM, Analytics, SEO. Responsibilities include collaborating with cross-functional teams, delivering high-quality work, and driving marketing initiatives."
Junior Product Designer,Design,User Research; UX Design; Wireframing; Design Systems; Usability Testing; UI Design,Junior,"We are seeking a Junior Product Designer to join our SaaS team. The ideal candidate has 1-3 years of experience and is proficient in User Research, UX Design, Wireframing, Design Systems, Usability Testing, UI Design. Responsibilities include collaborating with cross-functional teams, delivering high-quality work, and driving design initiatives."
Intern Social Media Manager,Marketing,Community Management; Branding; Social Media; Engagement; Scheduling Tools; Campaign Management,Intern,"We are seeking a Intern Social Media Manager to join our Enterprise team. The ideal candidate has 0-1 years of experience and is proficient in Community Management, Branding, Social Media, Engagement, Scheduling Tools, Campaign Management. Responsibilities include collaborating with cross-functional teams, delivering high-quality work, and driving marketing initiatives."
Lead Mobile Developer,Software Engineering,REST APIs; Firebase; iOS; UI Design; React Native; Swift; Git,Lead,"We are seeking a Lead Mobile Developer to join our Healthcare team. The ideal candidate has 8-14 years of experience and is proficient in REST APIs, Firebase, iOS, UI Design, React Native, Swift, Git. Responsibilities include collaborating with cross-functional teams, delivering high-quality work, and driving software engineering initiatives."
Mid-level Data Analyst,Data & AI,SQL; Python; Excel; Statistics; Pandas,Mid-level,"We are seeking a Mid-level Data Analyst to join our Enterprise team. The ideal candidate has 3-6 years of experience and is proficient in SQL, Python, Excel, Statistics, Pandas. Responsibilities include collaborating with cross-functional teams, delivering high-quality work, and driving data & ai initiatives."
Lead NLP Engineer,Data & AI,BERT; Tokenization; Deep Learning; Python; Text Mining; PyTorch,Lead,"We are seeking a Lead NLP Engineer to join our Gaming team. The ideal candidate has 8-14 years of experience and is proficient in BERT, Tokenization, Deep Learning, Python, Text Mining, PyTorch. Responsibilities include collaborating with cross-functional teams, delivering high-quality work, and driving data & ai initiatives."
Mid-level Data Engineer,Data & AI,Airflow; Snowflake; Spark; Hadoop; Data Modeling; SQL; Kafka,Mid-level,"We are seeking a Mid-level Data Engineer to join our EdTech team. The ideal candidate has 3-6 years of experience and is proficient in Airflow, Snowflake, Spark, Hadoop, Data Modeling, SQL, Kafka. Responsibilities include collaborating with cross-functional teams, delivering high-quality work, and driving data & ai initiatives."
Intern Product Owner,Product & Management,Jira; User Stories; Agile; Analytics; Backlog Management,Intern,"We are seeking a Intern Product Owner to join our Startup team. The ideal candidate has 0-1 years of experience and is proficient in Jira, User Stories, Agile, Analytics, Backlog Management. Responsibilities include collaborating with cross-functional teams, delivering high-quality work, and driving product & management initiatives."
Intern Program Manager,Product & Management,Communication; Roadmapping; Stakeholder Management; Agile; Program Management; Reporting; Strategy,Intern,"We are seeking a Intern Program Manager to join our SaaS team. The ideal candidate has 0-1 years of experience and is proficient in Communication, Roadmapping, Stakeholder Management, Agile, Program Management, Reporting, Strategy. Responsibilities include collaborating with cross-functional teams, delivering high-quality work, and driving product & management initiatives."
Senior Graphic Designer,Design,Layout Design; InDesign; Typography; Print Design; Photoshop; Branding,Senior,"We are seeking a Senior Graphic Designer to join our Enterprise team. The ideal candidate has 6-10 years of experience and is proficient in Layout Design, InDesign, Typography, Print Design, Photoshop, Branding. Responsibilities include collaborating with cross-functional teams, delivering high-quality work, and driving design initiatives."
Junior Product Owner,Product & Management,Analytics; Backlog Management; User Stories; Prioritization; Scrum,Junior,"We are seeking a Junior Product Owner to join our Enterprise team. The ideal candidate has 1-3 years of experience and is proficient in Analytics, Backlog Management, User Stories, Prioritization, Scrum. Responsibilities include collaborating with cross-functional teams, delivering high-quality work, and driving product & management initiatives."
Senior Data Engineer,Data & AI,Snowflake; Python; Data Modeling; Hadoop; Airflow; SQL,Senior,"We are seeking a Senior Data Engineer to join our Healthcare team. The ideal candidate has 6-10 years of experience and is proficient in Snowflake, Python, Data Modeling, Hadoop, Airflow, SQL. Responsibilities include collaborating with cross-functional teams, delivering high-quality work, and driving data & ai initiatives."
Junior Product Manager,Product & Management,Analytics; User Stories; Communication; Roadmapping; Prioritization,Junior,"We are seeking a Junior Product Manager to join our Gaming team. The ideal candidate has 1-3 years of experience and is proficient in Analytics, User Stories, Communication, Roadmapping, Prioritization. Responsibilities include collaborating with cross-functional teams, delivering high-quality work, and driving product & management initiatives."
Junior Database Administrator,Cloud & Infrastructure,SQL; Security; Performance Tuning; Replication; PostgreSQL; Linux,Junior,"We are seeking a Junior Database Administrator to join our EdTech team. The ideal candidate has 1-3 years of experience and is proficient in SQL, Security, Performance Tuning, Replication, PostgreSQL, Linux. Responsibilities include collaborating with cross-functional teams, delivering high-quality work, and driving cloud & infrastructure initiatives."
Senior UX Designer,Design,Wireframing; Figma; Design Thinking; User Research; Prototyping,Senior,"We are seeking a Senior UX Designer to join our SaaS team. The ideal candidate has 6-10 years of experience and is proficient in Wireframing, Figma, Design Thinking, User Research, Prototyping. Responsibilities include collaborating with cross-functional teams, delivering high-quality work, and driving design initiatives."
Junior Business Analyst,Business,SQL; Documentation; UML; Stakeholder Management; Data Analysis; Communication; Agile,Junior,"We are seeking a Junior Business Analyst to join our Startup team. The ideal candidate has 1-3 years of experience and is proficient in SQL, Documentation, UML, Stakeholder Management, Data Analysis, Communication, Agile. Responsibilities include collaborating with cross-functional teams, delivering high-quality work, and driving business initiatives."
Senior Product Designer,Design,Usability Testing; UX Design; User Research; Sketch; UI Design; Figma; Prototyping,Senior,"We are seeking a Senior Product Designer to join our EdTech team. The ideal candidate has 6-10 years of experience and is proficient in Usability Testing, UX Design, User Research, Sketch, UI Design, Figma, Prototyping. Responsibilities include collaborating with cross-functional teams, delivering high-quality work, and driving design initiatives."
Senior Financial Analyst,Business,Accounting; Financial Modeling; Budgeting; SQL; Analytics; Reporting,Senior,"We are seeking a Senior Financial Analyst to join our Gaming team. The ideal candidate has 6-10 years of experience and is proficient in Accounting, Financial Modeling, Budgeting, SQL, Analytics, Reporting. Responsibilities include collaborating with cross-functional teams, delivering high-quality work, and driving business initiatives."
Mid-level UX Designer,Design,Prototyping; Journey Mapping; Accessibility; User Research; Information Architecture; Figma,Mid-level,"We are seeking a Mid-level UX Designer to join our Startup team. The ideal candidate has 3-6 years of experience and is proficient in Prototyping, Journey Mapping, Accessibility, User Research, Information Architecture, Figma. Responsibilities include collaborating with cross-functional teams, delivering high-quality work, and driving design initiatives."
Senior DevOps Engineer,Software Engineering,Monitoring; Jenkins; Docker; Linux; Kubernetes; Terraform; AWS,Senior,"We are seeking a Senior DevOps Engineer to join our Fintech team. The ideal candidate has 6-10 years of experience and is proficient in Monitoring, Jenkins, Docker, Linux, Kubernetes, Terraform, AWS. Responsibilities include collaborating with cross-functional teams, delivering high-quality work, and driving software engineering initiatives."
Principal Graphic Designer,Design,Adobe XD; Illustrator; InDesign; Print Design; Photoshop; Branding; Color Theory,Principal,"We are seeking a Principal Graphic Designer to join our SaaS team. The ideal candidate has 12-20 years of experience and is proficient in Adobe XD, Illustrator, InDesign, Print Design, Photoshop, Branding, Color Theory. Responsibilities include collaborating with cross-functional teams, delivering high-quality work, and driving design initiatives."
Senior Product Owner,Product & Management,Roadmapping; Agile; Scrum; User Stories; Analytics; Communication; Prioritization,Senior,"We are seeking a Senior Product Owner to join our E-commerce team. The ideal candidate has 6-10 years of experience and is proficient in Roadmapping, Agile, Scrum, User Stories, Analytics, Communication, Prioritization. Responsibilities include collaborating with cross-functional teams, delivering high-quality work, and driving product & management initiatives."
Senior Frontend Developer,Software Engineering,Redux; JavaScript; Sass; HTML; CSS,Senior,"We are seeking a Senior Frontend Developer to join our Healthcare team. The ideal candidate has 6-10 years of experience and is proficient in Redux, JavaScript, Sass, HTML, CSS. Responsibilities include collaborating with cross-functional teams, delivering high-quality work, and driving software engineering initiatives."
Senior Computer Vision Engineer,Data & AI,Deep Learning; C++; Python; OpenCV; Machine Learning; CNN; Image Processing,Senior,"We are seeking a Senior Computer Vision Engineer to join our E-commerce team. The ideal candidate has 6-10 years of experience and is proficient in Deep Learning, C++, Python, OpenCV, Machine Learning, CNN, Image Processing. Responsibilities include collaborating with cross-functional teams, delivering high-quality work, and driving data & ai initiatives."
Senior Cloud Architect,Cloud & Infrastructure,System Design; Networking; Cost Optimization; Terraform; AWS; Kubernetes,Senior,"We are seeking a Senior Cloud Architect to join our Gaming team. The ideal candidate has 6-10 years of experience and is proficient in System Design, Networking, Cost Optimization, Terraform, AWS, Kubernetes. Responsibilities include collaborating with cross-functional teams, delivering high-quality work, and driving cloud & infrastructure initiatives."
Lead Database Administrator,Cloud & Infrastructure,Performance Tuning; MongoDB; Backup & Recovery; PostgreSQL; Replication,Lead,"We are seeking a Lead Database Administrator to join our EdTech team. The ideal candidate has 8-14 years of experience and is proficient in Performance Tuning, MongoDB, Backup & Recovery, PostgreSQL, Replication. Responsibilities include collaborating with cross-functional teams, delivering high-quality work, and driving cloud & infrastructure initiatives."
Principal Operations Manager,Business,Budgeting; Operations Management; Communication; Analytics; Leadership; Six Sigma,Principal,"We are seeking a Principal Operations Manager to join our EdTech team. The ideal candidate has 12-20 years of experience and is proficient in Budgeting, Operations Management, Communication, Analytics, Leadership, Six Sigma. Responsibilities include collaborating with cross-functional teams, delivering high-quality work, and driving business initiatives."
Lead Program Manager,Product & Management,Agile; Roadmapping; Budgeting; Reporting; Leadership; Program Management; Risk Management,Lead,"We are seeking a Lead Program Manager to join our Startup team. The ideal candidate has 8-14 years of experience and is proficient in Agile, Roadmapping, Budgeting, Reporting, Leadership, Program Management, Risk Management. Responsibilities include collaborating with cross-functional teams, delivering high-quality work, and driving product & management initiatives."
Lead Product Manager,Product & Management,Market Research; Roadmapping; User Stories; Prioritization; Analytics; Stakeholder Management; Strategy,Lead,"We are seeking a Lead Product Manager to join our SaaS team. The ideal candidate has 8-14 years of experience and is proficient in Market Research, Roadmapping, User Stories, Prioritization, Analytics, Stakeholder Management, Strategy. Responsibilities include collaborating with cross-functional teams, delivering high-quality work, and driving product & management initiatives."
Lead Computer Vision Engineer,Data & AI,Deep Learning; C++; Python; Image Processing; OpenCV,Lead,"We are seeking a Lead Computer Vision Engineer to join our Startup team. The ideal candidate has 8-14 years of experience and is proficient in Deep Learning, C++, Python, Image Processing, OpenCV. Responsibilities include collaborating with cross-functional teams, delivering high-quality work, and driving data & ai initiatives."
Lead Backend Developer,Software Engineering,SQL; Spring Boot; Django; Java; GraphQL; Python; REST APIs,Lead,"We are seeking a Lead Backend Developer to join our Gaming team. The ideal candidate has 8-14 years of experience and is proficient in SQL, Spring Boot, Django, Java, GraphQL, Python, REST APIs. Responsibilities include collaborating with cross-functional teams, delivering high-quality work, and driving software engineering initiatives."
Intern Scrum Master,Product & Management,Agile; Jira; Scrum; Kanban; Servant Leadership; Sprint Planning,Intern,"We are seeking a Intern Scrum Master to join our Startup team. The ideal candidate has 0-1 years of experience and is proficient in Agile, Jira, Scrum, Kanban, Servant Leadership, Sprint Planning. Responsibilities include collaborating with cross-functional teams, delivering high-quality work, and driving product & management initiatives."
Junior Database Administrator,Cloud & Infrastructure,PostgreSQL; MySQL; Oracle; Security; Backup & Recovery,Junior,"We are seeking a Junior Database Administrator to join our Fintech team. The ideal candidate has 1-3 years of experience and is proficient in PostgreSQL, MySQL, Oracle, Security, Backup & Recovery. Responsibilities include collaborating with cross-functional teams, delivering high-quality work, and driving cloud & infrastructure initiatives."
Principal Machine Learning Engineer,Data & AI,Machine Learning; Deep Learning; MLOps; TensorFlow; Docker,Principal,"We are seeking a Principal Machine Learning Engineer to join our Healthcare team. The ideal candidate has 12-20 years of experience and is proficient in Machine Learning, Deep Learning, MLOps, TensorFlow, Docker. Responsibilities include collaborating with cross-functional teams, delivering high-quality work, and driving data & ai initiatives."
Mid-level DevOps Engineer,Software Engineering,Terraform; Ansible; AWS; CI/CD; Kubernetes,Mid-level,"We are seeking a Mid-level DevOps Engineer to join our Fintech team. The ideal candidate has 3-6 years of experience and is proficient in Terraform, Ansible, AWS, CI/CD, Kubernetes. Responsibilities include collaborating with cross-functional teams, delivering high-quality work, and driving software engineering initiatives."
Intern Business Analyst,Business,Stakeholder Management; Data Analysis; Process Modeling; Excel; UML; Requirements Gathering,Intern,"We are seeking a Intern Business Analyst to join our Healthcare team. The ideal candidate has 0-1 years of experience and is proficient in Stakeholder Management, Data Analysis, Process Modeling, Excel, UML, Requirements Gathering. Responsibilities include collaborating with cross-functional teams, delivering high-quality work, and driving business initiatives."
Junior Mobile Developer,Software Engineering,Firebase; UI Design; Flutter; React Native; Git; iOS,Junior,"We are seeking a Junior Mobile Developer to join our SaaS team. The ideal candidate has 1-3 years of experience and is proficient in Firebase, UI Design, Flutter, React Native, Git, iOS. Responsibilities include collaborating with cross-functional teams, delivering high-quality work, and driving software engineering initiatives."
Mid-level Site Reliability Engineer,Software Engineering,Monitoring; Incident Response; Grafana; Go; Linux; Kubernetes; Terraform,Mid-level,"We are seeking a Mid-level Site Reliability Engineer to join our Enterprise team. The ideal candidate has 3-6 years of experience and is proficient in Monitoring, Incident Response, Grafana, Go, Linux, Kubernetes, Terraform. Responsibilities include collaborating with cross-functional teams, delivering high-quality work, and driving software engineering initiatives."
Principal AI Researcher,Data & AI,Deep Learning; Mathematics; PyTorch; Reinforcement Learning; Machine Learning; Publications,Principal,"We are seeking a Principal AI Researcher to join our Gaming team. The ideal candidate has 12-20 years of experience and is proficient in Deep Learning, Mathematics, PyTorch, Reinforcement Learning, Machine Learning, Publications. Responsibilities include collaborating with cross-functional teams, delivering high-quality work, and driving data & ai initiatives."
Intern AI Researcher,Data & AI,TensorFlow; NLP; Mathematics; Research; PyTorch; Publications,Intern,"We are seeking a Intern AI Researcher to join our Fintech team. The ideal candidate has 0-1 years of experience and is proficient in TensorFlow, NLP, Mathematics, Research, PyTorch, Publications. Responsibilities include collaborating with cross-functional teams, delivering high-quality work, and driving data & ai initiatives."
Mid-level Product Owner,Product & Management,Jira; Analytics; User Stories; Agile; Communication; Prioritization; Scrum,Mid-level,"We are seeking a Mid-level Product Owner to join our Enterprise team. The ideal candidate has 3-6 years of experience and is proficient in Jira, Analytics, User Stories, Agile, Communication, Prioritization, Scrum. Responsibilities include collaborating with cross-functional teams, delivering high-quality work, and driving product & management initiatives."
Mid-level Database Administrator,Cloud & Infrastructure,Oracle; SQL; Linux; Replication; Backup & Recovery,Mid-level,"We are seeking a Mid-level Database Administrator to join our Fintech team. The ideal candidate has 3-6 years of experience and is proficient in Oracle, SQL, Linux, Replication, Backup & Recovery. Responsibilities include collaborating with cross-functional teams, delivering high-quality work, and driving cloud & infrastructure initiatives."
Intern Backend Developer,Software Engineering,Django; Redis; Spring Boot; SQL; Microservices; Node.js; GraphQL,Intern,"We are seeking a Intern Backend Developer to join our Gaming team. The ideal candidate has 0-1 years of experience and is proficient in Django, Redis, Spring Boot, SQL, Microservices, Node.js, GraphQL. Responsibilities include collaborating with cross-functional teams, delivering high-quality work, and driving software engineering initiatives."
Junior Cloud Engineer,Cloud & Infrastructure,Linux; Terraform; Python; AWS; Networking; Kubernetes,Junior,"We are seeking a Junior Cloud Engineer to join our Startup team. The ideal candidate has 1-3 years of experience and is proficient in Linux, Terraform, Python, AWS, Networking, Kubernetes. Responsibilities include collaborating with cross-functional teams, delivering high-quality work, and driving cloud & infrastructure initiatives."
Senior Social Media Manager,Marketing,Analytics; Community Management; Canva; Engagement; Campaign Management; Scheduling Tools; Branding,Senior,"We are seeking a Senior Social Media Manager to join our Fintech team. The ideal candidate has 6-10 years of experience and is proficient in Analytics, Community Management, Canva, Engagement, Campaign Management, Scheduling Tools, Branding. Responsibilities include collaborating with cross-functional teams, delivering high-quality work, and driving marketing initiatives."
Junior NLP Engineer,Data & AI,Machine Learning; Python; Text Mining; Transformers; Tokenization; NLP; PyTorch,Junior,"We are seeking a Junior NLP Engineer to join our EdTech team. The ideal candidate has 1-3 years of experience and is proficient in Machine Learning, Python, Text Mining, Transformers, Tokenization, NLP, PyTorch. Responsibilities include collaborating with cross-functional teams, delivering high-quality work, and driving data & ai initiatives."
Principal Software Architect,Software Engineering,System Design; Kafka; Leadership; Docker; REST APIs; Microservices,Principal,"We are seeking a Principal Software Architect to join our Startup team. The ideal candidate has 12-20 years of experience and is proficient in System Design, Kafka, Leadership, Docker, REST APIs, Microservices. Responsibilities include collaborating with cross-functional teams, delivering high-quality work, and driving software engineering initiatives."
Junior Sales Engineer,Business,Cloud; Customer Success; Product Demos; APIs; CRM; Negotiation,Junior,"We are seeking a Junior Sales Engineer to join our EdTech team. The ideal candidate has 1-3 years of experience and is proficient in Cloud, Customer Success, Product Demos, APIs, CRM, Negotiation. Responsibilities include collaborating with cross-functional teams, delivering high-quality work, and driving business initiatives."
Intern Game Developer,Software Engineering,C++; Unity; C#; Shaders; OpenGL; Unreal Engine; 3D Math,Intern,"We are seeking a Intern Game Developer to join our Startup team. The ideal candidate has 0-1 years of experience and is proficient in C++, Unity, C#, Shaders, OpenGL, Unreal Engine, 3D Math. Responsibilities include collaborating with cross-functional teams, delivering high-quality work, and driving software engineering initiatives."
Lead Business Intelligence Analyst,Data & AI,Dashboards; Power BI; Data Warehousing; Reporting; Python; Excel; Tableau,Lead,"We are seeking a Lead Business Intelligence Analyst to join our SaaS team. The ideal candidate has 8-14 years of experience and is proficient in Dashboards, Power BI, Data Warehousing, Reporting, Python, Excel, Tableau. Responsibilities include collaborating with cross-functional teams, delivering high-quality work, and driving data & ai initiatives."
Principal Data Analyst,Data & AI,Python; Reporting; Data Cleaning; A/B Testing; Tableau; Power BI; SQL,Principal,"We are seeking a Principal Data Analyst to join our Gaming team. The ideal candidate has 12-20 years of experience and is proficient in Python, Reporting, Data Cleaning, A/B Testing, Tableau, Power BI, SQL. Responsibilities include collaborating with cross-functional teams, delivering high-quality work, and driving data & ai initiatives."
Lead Cloud Engineer,Cloud & Infrastructure,Monitoring; CI/CD; Docker; Networking; CloudFormation,Lead,"We are seeking a Lead Cloud Engineer to join our EdTech team. The ideal candidate has 8-14 years of experience and is proficient in Monitoring, CI/CD, Docker, Networking, CloudFormation. Responsibilities include collaborating with cross-functional teams, delivering high-quality work, and driving cloud & infrastructure initiatives."
Junior Data Scientist,Data & AI,SQL; Machine Learning; Python; Pandas; Scikit-learn,Junior,"We are seeking a Junior Data Scientist to join our Enterprise team. The ideal candidate has 1-3 years of experience and is proficient in SQL, Machine Learning, Python, Pandas, Scikit-learn. Responsibilities include collaborating with cross-functional teams, delivering high-quality work, and driving data & ai initiatives."
Senior SEO Specialist,Marketing,Keyword Research; HTML; SEMrush; Content Strategy; Link Building,Senior,"We are seeking a Senior SEO Specialist to join our Enterprise team. The ideal candidate has 6-10 years of experience and is proficient in Keyword Research, HTML, SEMrush, Content Strategy, Link Building. Responsibilities include collaborating with cross-functional teams, delivering high-quality work, and driving marketing initiatives."
Principal Business Analyst,Business,Stakeholder Management; Agile; Excel; SQL; Data Analysis; UML; Communication,Principal,"We are seeking a Principal Business Analyst to join our Startup team. The ideal candidate has 12-20 years of experience and is proficient in Stakeholder Management, Agile, Excel, SQL, Data Analysis, UML, Communication. Responsibilities include collaborating with cross-functional teams, delivering high-quality work, and driving business initiatives."
Mid-level SEO Specialist,Marketing,On-page SEO; Google Analytics; Keyword Research; Link Building; Content Strategy,Mid-level,"We are seeking a Mid-level SEO Specialist to join our Enterprise team. The ideal candidate has 3-6 years of experience and is proficient in On-page SEO, Google Analytics, Keyword Research, Link Building, Content Strategy. Responsibilities include collaborating with cross-functional teams, delivering high-quality work, and driving marketing initiatives."
Mid-level QA Engineer,Software Engineering,Cypress; JUnit; Selenium; Postman; Test Automation,Mid-level,"We are seeking a Mid-level QA Engineer to join our E-commerce team. The ideal candidate has 3-6 years of experience and is proficient in Cypress, JUnit, Selenium, Postman, Test Automation. Responsibilities include collaborating with cross-functional teams, delivering high-quality work, and driving software engineering initiatives."
Junior HR Specialist,Business,Payroll; Communication; Performance Management; Compliance; Conflict Resolution,Junior,"We are seeking a Junior HR Specialist to join our SaaS team. The ideal candidate has 1-3 years of experience and is proficient in Payroll, Communication, Performance Management, Compliance, Conflict Resolution. Responsibilities include collaborating with cross-functional teams, delivering high-quality work, and driving business initiatives."
Mid-level Financial Analyst,Business,Accounting; Excel; Valuation; Financial Modeling; Forecasting,Mid-level,"We are seeking a Mid-level Financial Analyst to join our Healthcare team. The ideal candidate has 3-6 years of experience and is proficient in Accounting, Excel, Valuation, Financial Modeling, Forecasting. Responsibilities include collaborating with cross-functional teams, delivering high-quality work, and driving business initiatives."
Principal Frontend Developer,Software Engineering,CSS; TypeScript; Redux; JavaScript; Accessibility,Principal,"We are seeking a Principal Frontend Developer to join our Healthcare team. The ideal candidate has 12-20 years of experience and is proficient in CSS, TypeScript, Redux, JavaScript, Accessibility. Responsibilities include collaborating with cross-functional teams, delivering high-quality work, and driving software engineering initiatives."
Mid-level Social Media Manager,Marketing,Scheduling Tools; Engagement; Content Creation; Social Media; Canva,Mid-level,"We are seeking a Mid-level Social Media Manager to join our SaaS team. The ideal candidate has 3-6 years of experience and is proficient in Scheduling Tools, Engagement, Content Creation, Social Media, Canva. Responsibilities include collaborating with cross-functional teams, delivering high-quality work, and driving marketing initiatives."
Junior Digital Marketing Specialist,Marketing,SEO; A/B Testing; Google Ads; Copywriting; Analytics; CRM,Junior,"We are seeking a Junior Digital Marketing Specialist to join our E-commerce team. The ideal candidate has 1-3 years of experience and is proficient in SEO, A/B Testing, Google Ads, Copywriting, Analytics, CRM. Responsibilities include collaborating with cross-functional teams, delivering high-quality work, and driving marketing initiatives."
Junior Backend Developer,Software Engineering,GraphQL; Microservices; REST APIs; SQL; Spring Boot; Node.js,Junior,"We are seeking a Junior Backend Developer to join our Startup team. The ideal candidate has 1-3 years of experience and is proficient in GraphQL, Microservices, REST APIs, SQL, Spring Boot, Node.js. Responsibilities include collaborating with cross-functional teams, delivering high-quality work, and driving software engineering initiatives."
Lead Backend Developer,Software Engineering,Spring Boot; Django; Microservices; Redis; Node.js; GraphQL; Java,Lead,"We are seeking a Lead Backend Developer to join our E-commerce team. The ideal candidate has 8-14 years of experience and is proficient in Spring Boot, Django, Microservices, Redis, Node.js, GraphQL, Java. Responsibilities include collaborating with cross-functional teams, delivering high-quality work, and driving software engineering initiatives."
Senior Business Analyst,Business,Agile; Communication; Requirements Gathering; Excel; UML; Data Analysis,Senior,"We are seeking a Senior Business Analyst to join our SaaS team. The ideal candidate has 6-10 years of experience and is proficient in Agile, Communication, Requirements Gathering, Excel, UML, Data Analysis. Responsibilities include collaborating with cross-functional teams, delivering high-quality work, and driving business initiatives."
Senior Data Scientist,Data & AI,TensorFlow; SQL; NumPy; Python; Machine Learning,Senior,"We are seeking a Senior Data Scientist to join our SaaS team. The ideal candidate has 6-10 years of experience and is proficient in TensorFlow, SQL, NumPy, Python, Machine Learning. Responsibilities include collaborating with cross-functional teams, delivering high-quality work, and driving data & ai initiatives."
Mid-level Social Media Manager,Marketing,Branding; Copywriting; Community Management; Analytics; Scheduling Tools,Mid-level,"We are seeking a Mid-level Social Media Manager to join our Healthcare team. The ideal candidate has 3-6 years of experience and is proficient in Branding, Copywriting, Community Management, Analytics, Scheduling Tools. Responsibilities include collaborating with cross-functional teams, delivering high-quality work, and driving marketing initiatives."
Junior Full Stack Developer,Software Engineering,REST APIs; Git; Docker; MongoDB; React; JavaScript; Node.js,Junior,"We are seeking a Junior Full Stack Developer to join our E-commerce team. The ideal candidate has 1-3 years of experience and is proficient in REST APIs, Git, Docker, MongoDB, React, JavaScript, Node.js. Responsibilities include collaborating with cross-functional teams, delivering high-quality work, and driving software engineering initiatives."
Senior Security Engineer,Cloud & Infrastructure,Linux; Cybersecurity; Network Security; Incident Response; Firewalls,Senior,"We are seeking a Senior Security Engineer to join our EdTech team. The ideal candidate has 6-10 years of experience and is proficient in Linux, Cybersecurity, Network Security, Incident Response, Firewalls. Responsibilities include collaborating with cross-functional teams, delivering high-quality work, and driving cloud & infrastructure initiatives."
Junior Sales Engineer,Business,Cloud; Customer Success; Presentations; Solution Design; Negotiation,Junior,"We are seeking a Junior Sales Engineer to join our E-commerce team. The ideal candidate has 1-3 years of experience and is proficient in Cloud, Customer Success, Presentations, Solution Design, Negotiation. Responsibilities include collaborating with cross-functional teams, delivering high-quality work, and driving business initiatives."
Mid-level Social Media Manager,Marketing,Campaign Management; Canva; Scheduling Tools; Engagement; Branding,Mid-level,"We are seeking a Mid-level Social Media Manager to join our EdTech team. The ideal candidate has 3-6 years of experience and is proficient in Campaign Management, Canva, Scheduling Tools, Engagement, Branding. Responsibilities include collaborating with cross-functional teams, delivering high-quality work, and driving marketing initiatives."
Junior Cloud Engineer,Cloud & Infrastructure,Python; Linux; Kubernetes; CI/CD; Terraform,Junior,"We are seeking a Junior Cloud Engineer to join our SaaS team. The ideal candidate has 1-3 years of experience and is proficient in Python, Linux, Kubernetes, CI/CD, Terraform. Responsibilities include collaborating with cross-functional teams, delivering high-quality work, and driving cloud & infrastructure initiatives."
Lead Data Analyst,Data & AI,A/B Testing; Reporting; SQL; Excel; Power BI; Pandas; Tableau,Lead,"We are seeking a Lead Data Analyst to join our Gaming team. The ideal candidate has 8-14 years of experience and is proficient in A/B Testing, Reporting, SQL, Excel, Power BI, Pandas, Tableau. Responsibilities include collaborating with cross-functional teams, delivering high-quality work, and driving data & ai initiatives."
Principal UI Designer,Design,CSS; HTML; Adobe XD; Prototyping; Figma; Design Systems; Sketch,Principal,"We are seeking a Principal UI Designer to join our Startup team. The ideal candidate has 12-20 years of experience and is proficient in CSS, HTML, Adobe XD, Prototyping, Figma, Design Systems, Sketch. Responsibilities include collaborating with cross-functional teams, delivering high-quality work, and driving design initiatives."
Intern HR Specialist,Business,HRIS; Employee Relations; Onboarding; Recruitment; Conflict Resolution,Intern,"We are seeking a Intern HR Specialist to join our SaaS team. The ideal candidate has 0-1 years of experience and is proficient in HRIS, Employee Relations, Onboarding, Recruitment, Conflict Resolution. Responsibilities include collaborating with cross-functional teams, delivering high-quality work, and driving business initiatives."
Lead Program Manager,Product & Management,Program Management; Roadmapping; Agile; Risk Management; Reporting; Stakeholder Management; Strategy,Lead,"We are seeking a Lead Program Manager to join our Healthcare team. The ideal candidate has 8-14 years of experience and is proficient in Program Management, Roadmapping, Agile, Risk Management, Reporting, Stakeholder Management, Strategy. Responsibilities include collaborating with cross-functional teams, delivering high-quality work, and driving product & management initiatives."
Mid-level Computer Vision Engineer,Data & AI,Machine Learning; OpenCV; PyTorch; CNN; Image Processing; Deep Learning; Python,Mid-level,"We are seeking a Mid-level Computer Vision Engineer to join our SaaS team. The ideal candidate has 3-6 years of experience and is proficient in Machine Learning, OpenCV, PyTorch, CNN, Image Processing, Deep Learning, Python. Responsibilities include collaborating with cross-functional teams, delivering high-quality work, and driving data & ai initiatives."
Principal NLP Engineer,Data & AI,Machine Learning; Transformers; NLP; Tokenization; spaCy; Deep Learning; PyTorch,Principal,"We are seeking a Principal NLP Engineer to join our EdTech team. The ideal candidate has 12-20 years of experience and is proficient in Machine Learning, Transformers, NLP, Tokenization, spaCy, Deep Learning, PyTorch. Responsibilities include collaborating with cross-functional teams, delivering high-quality work, and driving data & ai initiatives."
Junior Network Engineer,Cloud & Infrastructure,DNS; Switching; Firewalls; TCP/IP; Cisco; Networking; Routing,Junior,"We are seeking a Junior Network Engineer to join our Fintech team. The ideal candidate has 1-3 years of experience and is proficient in DNS, Switching, Firewalls, TCP/IP, Cisco, Networking, Routing. Responsibilities include collaborating with cross-functional teams, delivering high-quality work, and driving cloud & infrastructure initiatives."
Junior HR Specialist,Business,Onboarding; Conflict Resolution; Compliance; Performance Management; Payroll,Junior,"We are seeking a Junior HR Specialist to join our Fintech team. The ideal candidate has 1-3 years of experience and is proficient in Onboarding, Conflict Resolution, Compliance, Performance Management, Payroll. Responsibilities include collaborating with cross-functional teams, delivering high-quality work, and driving business initiatives."
Principal NLP Engineer,Data & AI,NLP; Machine Learning; spaCy; Text Mining; BERT,Principal,"We are seeking a Principal NLP Engineer to join our Enterprise team. The ideal candidate has 12-20 years of experience and is proficient in NLP, Machine Learning, spaCy, Text Mining, BERT. Responsibilities include collaborating with cross-functional teams, delivering high-quality work, and driving data & ai initiatives."
Principal SEO Specialist,Marketing,HTML; SEO; Content Strategy; Copywriting; On-page SEO; Technical SEO,Principal,"We are seeking a Principal SEO Specialist to join our Gaming team. The ideal candidate has 12-20 years of experience and is proficient in HTML, SEO, Content Strategy, Copywriting, On-page SEO, Technical SEO. Responsibilities include collaborating with cross-functional teams, delivering high-quality work, and driving marketing initiatives."
Intern Data Engineer,Data & AI,AWS; Hadoop; ETL; Data Modeling; Spark,Intern,"We are seeking a Intern Data Engineer to join our Gaming team. The ideal candidate has 0-1 years of experience and is proficient in AWS, Hadoop, ETL, Data Modeling, Spark. Responsibilities include collaborating with cross-functional teams, delivering high-quality work, and driving data & ai initiatives."
Lead Operations Manager,Business,Supply Chain; Vendor Management; Budgeting; Operations Management; Six Sigma; Lean; Analytics,Lead,"We are seeking a Lead Operations Manager to join our Enterprise team. The ideal candidate has 8-14 years of experience and is proficient in Supply Chain, Vendor Management, Budgeting, Operations Management, Six Sigma, Lean, Analytics. Responsibilities include collaborating with cross-functional teams, delivering high-quality work, and driving business initiatives."
Lead Game Developer,Software Engineering,C++; 3D Math; Unreal Engine; Game Design; Physics; Shaders,Lead,"We are seeking a Lead Game Developer to join our Gaming team. The ideal candidate has 8-14 years of experience and is proficient in C++, 3D Math, Unreal Engine, Game Design, Physics, Shaders. Responsibilities include collaborating with cross-functional teams, delivering high-quality work, and driving software engineering initiatives."
Lead Product Designer,Design,UX Design; Interaction Design; Prototyping; Wireframing; Usability Testing,Lead,"We are seeking a Lead Product Designer to join our Healthcare team. The ideal candidate has 8-14 years of experience and is proficient in UX Design, Interaction Design, Prototyping, Wireframing, Usability Testing. Responsibilities include collaborating with cross-functional teams, delivering high-quality work, and driving design initiatives."
Lead QA Engineer,Software Engineering,Selenium; Postman; Manual Testing; Python; CI/CD; Bug Tracking; Cypress,Lead,"We are seeking a Lead QA Engineer to join our EdTech team. The ideal candidate has 8-14 years of experience and is proficient in Selenium, Postman, Manual Testing, Python, CI/CD, Bug Tracking, Cypress. Responsibilities include collaborating with cross-functional teams, delivering high-quality work, and driving software engineering initiatives."
Lead Financial Analyst,Business,Analytics; Power BI; Forecasting; Reporting; Accounting; Budgeting; Financial Modeling,Lead,"We are seeking a Lead Financial Analyst to join our Fintech team. The ideal candidate has 8-14 years of experience and is proficient in Analytics, Power BI, Forecasting, Reporting, Accounting, Budgeting, Financial Modeling. Responsibilities include collaborating with cross-functional teams, delivering high-quality work, and driving business initiatives."
Senior Mobile Developer,Software Engineering,Flutter; React Native; Git; iOS; Firebase; Kotlin,Senior,"We are seeking a Senior Mobile Developer to join our SaaS team. The ideal candidate has 6-10 years of experience and is proficient in Flutter, React Native, Git, iOS, Firebase, Kotlin. Responsibilities include collaborating with cross-functional teams, delivering high-quality work, and driving software engineering initiatives."
Principal Program Manager,Product & Management,Strategy; Communication; Budgeting; Reporting; Agile,Principal,"We are seeking a Principal Program Manager to join our EdTech team. The ideal candidate has 12-20 years of experience and is proficient in Strategy, Communication, Budgeting, Reporting, Agile. Responsibilities include collaborating with cross-functional teams, delivering high-quality work, and driving product & management initiatives."
Intern Scrum Master,Product & Management,Scrum; Communication; Sprint Planning; Facilitation; Jira,Intern,"We are seeking a Intern Scrum Master to join our SaaS team. The ideal candidate has 0-1 years of experience and is proficient in Scrum, Communication, Sprint Planning, Facilitation, Jira. Responsibilities include collaborating with cross-functional teams, delivering high-quality work, and driving product & management initiatives."
Junior Program Manager,Product & Management,Strategy; Agile; Communication; Risk Management; Program Management; Budgeting; Roadmapping,Junior,"We are seeking a Junior Program Manager to join our Gaming team. The ideal candidate has 1-3 years of experience and is proficient in Strategy, Agile, Communication, Risk Management, Program Management, Budgeting, Roadmapping. Responsibilities include collaborating with cross-functional teams, delivering high-quality work, and driving product & management initiatives."
Lead AI Researcher,Data & AI,Research; Reinforcement Learning; TensorFlow; Python; Deep Learning; PyTorch,Lead,"We are seeking a Lead AI Researcher to join our Enterprise team. The ideal candidate has 8-14 years of experience and is proficient in Research, Reinforcement Learning, TensorFlow, Python, Deep Learning, PyTorch. Responsibilities include collaborating with cross-functional teams, delivering high-quality work, and driving data & ai initiatives."
Intern Backend Developer,Software Engineering,Python; REST APIs; Redis; Django; Java; Microservices; Spring Boot,Intern,"We are seeking a Intern Backend Developer to join our Startup team. The ideal candidate has 0-1 years of experience and is proficient in Python, REST APIs, Redis, Django, Java, Microservices, Spring Boot. Responsibilities include collaborating with cross-functional teams, delivering high-quality work, and driving software engineering initiatives."
Lead Operations Manager,Business,Six Sigma; Leadership; Supply Chain; Process Improvement; Lean; Analytics,Lead,"We are seeking a Lead Operations Manager to join our Healthcare team. The ideal candidate has 8-14 years of experience and is proficient in Six Sigma, Leadership, Supply Chain, Process Improvement, Lean, Analytics. Responsibilities include collaborating with cross-functional teams, delivering high-quality work, and driving business initiatives."
Junior Security Engineer,Cloud & Infrastructure,Cybersecurity; Linux; Penetration Testing; OWASP; Incident Response; Firewalls; Encryption,Junior,"We are seeking a Junior Security Engineer to join our Healthcare team. The ideal candidate has 1-3 years of experience and is proficient in Cybersecurity, Linux, Penetration Testing, OWASP, Incident Response, Firewalls, Encryption. Responsibilities include collaborating with cross-functional teams, delivering high-quality work, and driving cloud & infrastructure initiatives."
Principal Product Designer,Design,Prototyping; Figma; User Research; UX Design; Design Systems; Sketch; UI Design,Principal,"We are seeking a Principal Product Designer to join our EdTech team. The ideal candidate has 12-20 years of experience and is proficient in Prototyping, Figma, User Research, UX Design, Design Systems, Sketch, UI Design. Responsibilities include collaborating with cross-functional teams, delivering high-quality work, and driving design initiatives."
Senior Database Administrator,Cloud & Infrastructure,Linux; Performance Tuning; Replication; PostgreSQL; Security,Senior,"We are seeking a Senior Database Administrator to join our Gaming team. The ideal candidate has 6-10 years of experience and is proficient in Linux, Performance Tuning, Replication, PostgreSQL, Security. Responsibilities include collaborating with cross-functional teams, delivering high-quality work, and driving cloud & infrastructure initiatives."
Junior UI Designer,Design,Design Systems; Prototyping; Figma; HTML; Sketch; CSS; Typography,Junior,"We are seeking a Junior UI Designer to join our Gaming team. The ideal candidate has 1-3 years of experience and is proficient in Design Systems, Prototyping, Figma, HTML, Sketch, CSS, Typography. Responsibilities include collaborating with cross-functional teams, delivering high-quality work, and driving design initiatives."
Mid-level Computer Vision Engineer,Data & AI,CUDA; PyTorch; TensorFlow; Machine Learning; Image Processing; Python,Mid-level,"We are seeking a Mid-level Computer Vision Engineer to join our Fintech team. The ideal candidate has 3-6 years of experience and is proficient in CUDA, PyTorch, TensorFlow, Machine Learning, Image Processing, Python. Responsibilities include collaborating with cross-functional teams, delivering high-quality work, and driving data & ai initiatives."
Senior AI Researcher,Data & AI,TensorFlow; Mathematics; NLP; PyTorch; Python; Machine Learning,Senior,"We are seeking a Senior AI Researcher to join our Gaming team. The ideal candidate has 6-10 years of experience and is proficient in TensorFlow, Mathematics, NLP, PyTorch, Python, Machine Learning. Responsibilities include collaborating with cross-functional teams, delivering high-quality work, and driving data & ai initiatives."
Junior Backend Developer,Software Engineering,Java; GraphQL; Redis; Django; Spring Boot,Junior,"We are seeking a Junior Backend Developer to join our SaaS team. The ideal candidate has 1-3 years of experience and is proficient in Java, GraphQL, Redis, Django, Spring Boot. Responsibilities include collaborating with cross-functional teams, delivering high-quality work, and driving software engineering initiatives."
Intern Business Analyst,Business,Process Modeling; Requirements Gathering; Data Analysis; Excel; Documentation; UML; SQL,Intern,"We are seeking a Intern Business Analyst to join our Fintech team. The ideal candidate has 0-1 years of experience and is proficient in Process Modeling, Requirements Gathering, Data Analysis, Excel, Documentation, UML, SQL. Responsibilities include collaborating with cross-functional teams, delivering high-quality work, and driving business initiatives."
Senior UX Designer,Design,Journey Mapping; Personas; Usability Testing; Accessibility; Wireframing; User Research,Senior,"We are seeking a Senior UX Designer to join our Gaming team. The ideal candidate has 6-10 years of experience and is proficient in Journey Mapping, Personas, Usability Testing, Accessibility, Wireframing, User Research. Responsibilities include collaborating with cross-functional teams, delivering high-quality work, and driving design initiatives."
Senior Data Engineer,Data & AI,SQL; Data Modeling; Spark; Airflow; ETL; Python,Senior,"We are seeking a Senior Data Engineer to join our Enterprise team. The ideal candidate has 6-10 years of experience and is proficient in SQL, Data Modeling, Spark, Airflow, ETL, Python. Responsibilities include collaborating with cross-functional teams, delivering high-quality work, and driving data & ai initiatives."
Senior Financial Analyst,Business,Reporting; Analytics; Power BI; Financial Modeling; Valuation; SQL,Senior,"We are seeking a Senior Financial Analyst to join our SaaS team. The ideal candidate has 6-10 years of experience and is proficient in Reporting, Analytics, Power BI, Financial Modeling, Valuation, SQL. Responsibilities include collaborating with cross-functional teams, delivering high-quality work, and driving business initiatives."
Lead Graphic Designer,Design,Illustrator; Typography; Print Design; Adobe XD; Branding; Color Theory; Photoshop,Lead,"We are seeking a Lead Graphic Designer to join our Startup team. The ideal candidate has 8-14 years of experience and is proficient in Illustrator, Typography, Print Design, Adobe XD, Branding, Color Theory, Photoshop. Responsibilities include collaborating with cross-functional teams, delivering high-quality work, and driving design initiatives."
Mid-level Operations Manager,Business,Six Sigma; Analytics; Process Improvement; Operations Management; Communication; Leadership; Vendor Management,Mid-level,"We are seeking a Mid-level Operations Manager to join our SaaS team. The ideal candidate has 3-6 years of experience and is proficient in Six Sigma, Analytics, Process Improvement, Operations Management, Communication, Leadership, Vendor Management. Responsibilities include collaborating with cross-functional teams, delivering high-quality work, and driving business initiatives."
Lead Program Manager,Product & Management,Roadmapping; Stakeholder Management; Budgeting; Communication; Program Management; Agile; Strategy,Lead,"We are seeking a Lead Program Manager to join our SaaS team. The ideal candidate has 8-14 years of experience and is proficient in Roadmapping, Stakeholder Management, Budgeting, Communication, Program Management, Agile, Strategy. Responsibilities include collaborating with cross-functional teams, delivering high-quality work, and driving product & management initiatives."
Junior Project Manager,Product & Management,Stakeholder Management; Jira; Risk Management; Budgeting; Gantt Charts; Agile; Scrum,Junior,"We are seeking a Junior Project Manager to join our Enterprise team. The ideal candidate has 1-3 years of experience and is proficient in Stakeholder Management, Jira, Risk Management, Budgeting, Gantt Charts, Agile, Scrum. Responsibilities include collaborating with cross-functional teams, delivering high-quality work, and driving product & management initiatives."
Mid-level Content Strategist,Marketing,Content Marketing; Research; Storytelling; Analytics; Brand Voice; Editorial Planning,Mid-level,"We are seeking a Mid-level Content Strategist to join our Enterprise team. The ideal candidate has 3-6 years of experience and is proficient in Content Marketing, Research, Storytelling, Analytics, Brand Voice, Editorial Planning. Responsibilities include collaborating with cross-functional teams, delivering high-quality work, and driving marketing initiatives."
Junior Business Analyst,Business,Communication; Data Analysis; Documentation; Stakeholder Management; Excel,Junior,"We are seeking a Junior Business Analyst to join our E-commerce team. The ideal candidate has 1-3 years of experience and is proficient in Communication, Data Analysis, Documentation, Stakeholder Management, Excel. Responsibilities include collaborating with cross-functional teams, delivering high-quality work, and driving business initiatives."
Senior AI Researcher,Data & AI,Reinforcement Learning; Publications; Research; Machine Learning; Python; TensorFlow; Deep Learning,Senior,"We are seeking a Senior AI Researcher to join our Enterprise team. The ideal candidate has 6-10 years of experience and is proficient in Reinforcement Learning, Publications, Research, Machine Learning, Python, TensorFlow, Deep Learning. Responsibilities include collaborating with cross-functional teams, delivering high-quality work, and driving data & ai initiatives."
Mid-level Business Analyst,Business,Process Modeling; Excel; Stakeholder Management; Agile; SQL,Mid-level,"We are seeking a Mid-level Business Analyst to join our EdTech team. The ideal candidate has 3-6 years of experience and is proficient in Process Modeling, Excel, Stakeholder Management, Agile, SQL. Responsibilities include collaborating with cross-functional teams, delivering high-quality work, and driving business initiatives."
Intern Business Intelligence Analyst,Data & AI,Dashboards; Python; Data Warehousing; DAX; Tableau,Intern,"We are seeking a Intern Business Intelligence Analyst to join our Fintech team. The ideal candidate has 0-1 years of experience and is proficient in Dashboards, Python, Data Warehousing, DAX, Tableau. Responsibilities include collaborating with cross-functional teams, delivering high-quality work, and driving data & ai initiatives."
Junior Frontend Developer,Software Engineering,React; Webpack; TypeScript; CSS; Accessibility; Redux,Junior,"We are seeking a Junior Frontend Developer to join our Gaming team. The ideal candidate has 1-3 years of experience and is proficient in React, Webpack, TypeScript, CSS, Accessibility, Redux. Responsibilities include collaborating with cross-functional teams, delivering high-quality work, and driving software engineering initiatives."
Lead Cloud Engineer,Cloud & Infrastructure,Docker; Python; Networking; AWS; Monitoring; Kubernetes,Lead,"We are seeking a Lead Cloud Engineer to join our Fintech team. The ideal candidate has 8-14 years of experience and is proficient in Docker, Python, Networking, AWS, Monitoring, Kubernetes. Responsibilities include collaborating with cross-functional teams, delivering high-quality work, and driving cloud & infrastructure initiatives."
Junior AI Researcher,Data & AI,PyTorch; Reinforcement Learning; Research; Python; Machine Learning; Publications; Deep Learning,Junior,"We are seeking a Junior AI Researcher to join our SaaS team. The ideal candidate has 1-3 years of experience and is proficient in PyTorch, Reinforcement Learning, Research, Python, Machine Learning, Publications, Deep Learning. Responsibilities include collaborating with cross-functional teams, delivering high-quality work, and driving data & ai initiatives."
Senior Scrum Master,Product & Management,Kanban; Communication; Facilitation; Jira; Agile; Retrospectives; Sprint Planning,Senior,"We are seeking a Senior Scrum Master to join our SaaS team. The ideal candidate has 6-10 years of experience and is proficient in Kanban, Communication, Facilitation, Jira, Agile, Retrospectives, Sprint Planning. Responsibilities include collaborating with cross-functional teams, delivering high-quality work, and driving product & management initiatives."
Principal Frontend Developer,Software Engineering,JavaScript; HTML; TypeScript; React; Accessibility; CSS,Principal,"We are seeking a Principal Frontend Developer to join our Fintech team. The ideal candidate has 12-20 years of experience and is proficient in JavaScript, HTML, TypeScript, React, Accessibility, CSS. Responsibilities include collaborating with cross-functional teams, delivering high-quality work, and driving software engineering initiatives."
Lead Cloud Engineer,Cloud & Infrastructure,CloudFormation; Python; Terraform; Docker; CI/CD,Lead,"We are seeking a Lead Cloud Engineer to join our Healthcare team. The ideal candidate has 8-14 years of experience and is proficient in CloudFormation, Python, Terraform, Docker, CI/CD. Responsibilities include collaborating with cross-functional teams, delivering high-quality work, and driving cloud & infrastructure initiatives."
Senior AI Researcher,Data & AI,Machine Learning; Publications; Mathematics; Deep Learning; TensorFlow,Senior,"We are seeking a Senior AI Researcher to join our EdTech team. The ideal candidate has 6-10 years of experience and is proficient in Machine Learning, Publications, Mathematics, Deep Learning, TensorFlow. Responsibilities include collaborating with cross-functional teams, delivering high-quality work, and driving data & ai initiatives."
Principal UI Designer,Design,Figma; Sketch; Design Systems; CSS; Prototyping; Wireframing,Principal,"We are seeking a Principal UI Designer to join our Gaming team. The ideal candidate has 12-20 years of experience and is proficient in Figma, Sketch, Design Systems, CSS, Prototyping, Wireframing. Responsibilities include collaborating with cross-functional teams, delivering high-quality work, and driving design initiatives."
Lead Site Reliability Engineer,Software Engineering,Grafana; Go; Python; AWS; Linux,Lead,"We are seeking a Lead Site Reliability Engineer to join our Startup team. The ideal candidate has 8-14 years of experience and is proficient in Grafana, Go, Python, AWS, Linux. Responsibilities include collaborating with cross-functional teams, delivering high-quality work, and driving software engineering initiatives."
Senior Full Stack Developer,Software Engineering,Git; MongoDB; SQL; REST APIs; Node.js,Senior,"We are seeking a Senior Full Stack Developer to join our Startup team. The ideal candidate has 6-10 years of experience and is proficient in Git, MongoDB, SQL, REST APIs, Node.js. Responsibilities include collaborating with cross-functional teams, delivering high-quality work, and driving software engineering initiatives."
Lead UI Designer,Design,Sketch; Figma; Adobe XD; HTML; Prototyping; Wireframing; Design Systems,Lead,"We are seeking a Lead UI Designer to join our SaaS team. The ideal candidate has 8-14 years of experience and is proficient in Sketch, Figma, Adobe XD, HTML, Prototyping, Wireframing, Design Systems. Responsibilities include collaborating with cross-functional teams, delivering high-quality work, and driving design initiatives."
Principal Product Designer,Design,UI Design; UX Design; Usability Testing; Design Systems; Interaction Design; User Research; Prototyping,Principal,"We are seeking a Principal Product Designer to join our E-commerce team. The ideal candidate has 12-20 years of experience and is proficient in UI Design, UX Design, Usability Testing, Design Systems, Interaction Design, User Research, Prototyping. Responsibilities include collaborating with cross-functional teams, delivering high-quality work, and driving design initiatives."
Intern Project Manager,Product & Management,Gantt Charts; Risk Management; Leadership; Scrum; Budgeting,Intern,"We are seeking a Intern Project Manager to join our Startup team. The ideal candidate has 0-1 years of experience and is proficient in Gantt Charts, Risk Management, Leadership, Scrum, Budgeting. Responsibilities include collaborating with cross-functional teams, delivering high-quality work, and driving product & management initiatives."
Intern Computer Vision Engineer,Data & AI,CNN; Python; Image Processing; Machine Learning; OpenCV; CUDA; Deep Learning,Intern,"We are seeking a Intern Computer Vision Engineer to join our EdTech team. The ideal candidate has 0-1 years of experience and is proficient in CNN, Python, Image Processing, Machine Learning, OpenCV, CUDA, Deep Learning. Responsibilities include collaborating with cross-functional teams, delivering high-quality work, and driving data & ai initiatives."
Mid-level UI Designer,Design,HTML; Adobe XD; Wireframing; CSS; Prototyping; Typography; Design Systems,Mid-level,"We are seeking a Mid-level UI Designer to join our E-commerce team. The ideal candidate has 3-6 years of experience and is proficient in HTML, Adobe XD, Wireframing, CSS, Prototyping, Typography, Design Systems. Responsibilities include collaborating with cross-functional teams, delivering high-quality work, and driving design initiatives."
Lead UI Designer,Design,Design Systems; CSS; Prototyping; Adobe XD; Color Theory; Figma,Lead,"We are seeking a Lead UI Designer to join our Healthcare team. The ideal candidate has 8-14 years of experience and is proficient in Design Systems, CSS, Prototyping, Adobe XD, Color Theory, Figma. Responsibilities include collaborating with cross-functional teams, delivering high-quality work, and driving design initiatives."
Intern Database Administrator,Cloud & Infrastructure,Replication; Performance Tuning; PostgreSQL; Linux; SQL; Security,Intern,"We are seeking a Intern Database Administrator to join our EdTech team. The ideal candidate has 0-1 years of experience and is proficient in Replication, Performance Tuning, PostgreSQL, Linux, SQL, Security. Responsibilities include collaborating with cross-functional teams, delivering high-quality work, and driving cloud & infrastructure initiatives."
Senior Security Engineer,Cloud & Infrastructure,Firewalls; Penetration Testing; SIEM; Encryption; Cybersecurity; Linux; Incident Response,Senior,"We are seeking a Senior Security Engineer to join our Enterprise team. The ideal candidate has 6-10 years of experience and is proficient in Firewalls, Penetration Testing, SIEM, Encryption, Cybersecurity, Linux, Incident Response. Responsibilities include collaborating with cross-functional teams, delivering high-quality work, and driving cloud & infrastructure initiatives."
Senior Software Architect,Software Engineering,Scalability; System Design; REST APIs; Kafka; AWS; Microservices; Design Patterns,Senior,"We are seeking a Senior Software Architect to join our Fintech team. The ideal candidate has 6-10 years of experience and is proficient in Scalability, System Design, REST APIs, Kafka, AWS, Microservices, Design Patterns. Responsibilities include collaborating with cross-functional teams, delivering high-quality work, and driving software engineering initiatives."
Mid-level AI Researcher,Data & AI,Reinforcement Learning; Publications; Deep Learning; Research; Python; Mathematics,Mid-level,"We are seeking a Mid-level AI Researcher to join our Fintech team. The ideal candidate has 3-6 years of experience and is proficient in Reinforcement Learning, Publications, Deep Learning, Research, Python, Mathematics. Responsibilities include collaborating with cross-functional teams, delivering high-quality work, and driving data & ai initiatives."
Principal Data Scientist,Data & AI,Python; SQL; Statistics; Pandas; TensorFlow,Principal,"We are seeking a Principal Data Scientist to join our Healthcare team. The ideal candidate has 12-20 years of experience and is proficient in Python, SQL, Statistics, Pandas, TensorFlow. Responsibilities include collaborating with cross-functional teams, delivering high-quality work, and driving data & ai initiatives."
Mid-level Software Architect,Software Engineering,Docker; System Design; Scalability; Microservices; Kafka; AWS; REST APIs,Mid-level,"We are seeking a Mid-level Software Architect to join our Gaming team. The ideal candidate has 3-6 years of experience and is proficient in Docker, System Design, Scalability, Microservices, Kafka, AWS, REST APIs. Responsibilities include collaborating with cross-functional teams, delivering high-quality work, and driving software engineering initiatives."
Senior Financial Analyst,Business,Excel; SQL; Accounting; Valuation; Power BI,Senior,"We are seeking a Senior Financial Analyst to join our E-commerce team. The ideal candidate has 6-10 years of experience and is proficient in Excel, SQL, Accounting, Valuation, Power BI. Responsibilities include collaborating with cross-functional teams, delivering high-quality work, and driving business initiatives."
Mid-level Mobile Developer,Software Engineering,Firebase; REST APIs; UI Design; Swift; Flutter,Mid-level,"We are seeking a Mid-level Mobile Developer to join our EdTech team. The ideal candidate has 3-6 years of experience and is proficient in Firebase, REST APIs, UI Design, Swift, Flutter. Responsibilities include collaborating with cross-functional teams, delivering high-quality work, and driving software engineering initiatives."
Intern Project Manager,Product & Management,Jira; Budgeting; Scrum; Risk Management; Planning,Intern,"We are seeking a Intern Project Manager to join our E-commerce team. The ideal candidate has 0-1 years of experience and is proficient in Jira, Budgeting, Scrum, Risk Management, Planning. Responsibilities include collaborating with cross-functional teams, delivering high-quality work, and driving product & management initiatives."
Senior NLP Engineer,Data & AI,PyTorch; Tokenization; Transformers; Python; Machine Learning; Deep Learning,Senior,"We are seeking a Senior NLP Engineer to join our Enterprise team. The ideal candidate has 6-10 years of experience and is proficient in PyTorch, Tokenization, Transformers, Python, Machine Learning, Deep Learning. Responsibilities include collaborating with cross-functional teams, delivering high-quality work, and driving data & ai initiatives."
Junior Computer Vision Engineer,Data & AI,Deep Learning; CNN; Python; CUDA; C++; TensorFlow,Junior,"We are seeking a Junior Computer Vision Engineer to join our Startup team. The ideal candidate has 1-3 years of experience and is proficient in Deep Learning, CNN, Python, CUDA, C++, TensorFlow. Responsibilities include collaborating with cross-functional teams, delivering high-quality work, and driving data & ai initiatives."
Senior Data Engineer,Data & AI,ETL; Python; Snowflake; Spark; AWS,Senior,"We are seeking a Senior Data Engineer to join our Gaming team. The ideal candidate has 6-10 years of experience and is proficient in ETL, Python, Snowflake, Spark, AWS. Responsibilities include collaborating with cross-functional teams, delivering high-quality work, and driving data & ai initiatives."
Intern Data Analyst,Data & AI,Excel; SQL; Statistics; Pandas; A/B Testing; Power BI,Intern,"We are seeking a Intern Data Analyst to join our Fintech team. The ideal candidate has 0-1 years of experience and is proficient in Excel, SQL, Statistics, Pandas, A/B Testing, Power BI. Responsibilities include collaborating with cross-functional teams, delivering high-quality work, and driving data & ai initiatives."
Junior Machine Learning Engineer,Data & AI,Python; TensorFlow; Machine Learning; Scikit-learn; SQL; Model Deployment,Junior,"We are seeking a Junior Machine Learning Engineer to join our Healthcare team. The ideal candidate has 1-3 years of experience and is proficient in Python, TensorFlow, Machine Learning, Scikit-learn, SQL, Model Deployment. Responsibilities include collaborating with cross-functional teams, delivering high-quality work, and driving data & ai initiatives."
Junior Mobile Developer,Software Engineering,Git; Flutter; Firebase; Kotlin; React Native; REST APIs; Swift,Junior,"We are seeking a Junior Mobile Developer to join our Enterprise team. The ideal candidate has 1-3 years of experience and is proficient in Git, Flutter, Firebase, Kotlin, React Native, REST APIs, Swift. Responsibilities include collaborating with cross-functional teams, delivering high-quality work, and driving software engineering initiatives."
Lead UX Designer,Design,Usability Testing; Prototyping; Journey Mapping; Design Thinking; Figma; Information Architecture; Accessibility,Lead,"We are seeking a Lead UX Designer to join our Gaming team. The ideal candidate has 8-14 years of experience and is proficient in Usability Testing, Prototyping, Journey Mapping, Design Thinking, Figma, Information Architecture, Accessibility. Responsibilities include collaborating with cross-functional teams, delivering high-quality work, and driving design initiatives."
Lead Data Engineer,Data & AI,Spark; Data Modeling; Kafka; Python; Airflow; ETL,Lead,"We are seeking a Lead Data Engineer to join our E-commerce team. The ideal candidate has 8-14 years of experience and is proficient in Spark, Data Modeling, Kafka, Python, Airflow, ETL. Responsibilities include collaborating with cross-functional teams, delivering high-quality work, and driving data & ai initiatives."
Junior Data Analyst,Data & AI,Tableau; Statistics; Data Cleaning; SQL; A/B Testing,Junior,"We are seeking a Junior Data Analyst to join our Healthcare team. The ideal candidate has 1-3 years of experience and is proficient in Tableau, Statistics, Data Cleaning, SQL, A/B Testing. Responsibilities include collaborating with cross-functional teams, delivering high-quality work, and driving data & ai initiatives."
Lead Product Owner,Product & Management,Prioritization; User Stories; Jira; Agile; Backlog Management; Communication; Analytics,Lead,"We are seeking a Lead Product Owner to join our SaaS team. The ideal candidate has 8-14 years of experience and is proficient in Prioritization, User Stories, Jira, Agile, Backlog Management, Communication, Analytics. Responsibilities include collaborating with cross-functional teams, delivering high-quality work, and driving product & management initiatives."
Lead Graphic Designer,Design,Layout Design; Photoshop; InDesign; Print Design; Illustrator; Typography,Lead,"We are seeking a Lead Graphic Designer to join our Fintech team. The ideal candidate has 8-14 years of experience and is proficient in Layout Design, Photoshop, InDesign, Print Design, Illustrator, Typography. Responsibilities include collaborating with cross-functional teams, delivering high-quality work, and driving design initiatives."
Junior Product Manager,Product & Management,Market Research; Agile; Prioritization; User Stories; Strategy; Jira; Communication,Junior,"We are seeking a Junior Product Manager to join our SaaS team. The ideal candidate has 1-3 years of experience and is proficient in Market Research, Agile, Prioritization, User Stories, Strategy, Jira, Communication. Responsibilities include collaborating with cross-functional teams, delivering high-quality work, and driving product & management initiatives."
Lead Data Engineer,Data & AI,AWS; Data Modeling; Hadoop; SQL; Python; ETL,Lead,"We are seeking a Lead Data Engineer to join our Startup team. The ideal candidate has 8-14 years of experience and is proficient in AWS, Data Modeling, Hadoop, SQL, Python, ETL. Responsibilities include collaborating with cross-functional teams, delivering high-quality work, and driving data & ai initiatives."
Junior Digital Marketing Specialist,Marketing,Content Marketing; A/B Testing; Social Media; Analytics; SEO,Junior,"We are seeking a Junior Digital Marketing Specialist to join our Healthcare team. The ideal candidate has 1-3 years of experience and is proficient in Content Marketing, A/B Testing, Social Media, Analytics, SEO. Responsibilities include collaborating with cross-functional teams, delivering high-quality work, and driving marketing initiatives."
Senior Data Analyst,Data & AI,Power BI; SQL; Statistics; A/B Testing; Python; Reporting; Data Cleaning,Senior,"We are seeking a Senior Data Analyst to join our E-commerce team. The ideal candidate has 6-10 years of experience and is proficient in Power BI, SQL, Statistics, A/B Testing, Python, Reporting, Data Cleaning. Responsibilities include collaborating with cross-functional teams, delivering high-quality work, and driving data & ai initiatives."
Intern Data Engineer,Data & AI,Kafka; Hadoop; Snowflake; Python; Airflow; SQL,Intern,"We are seeking a Intern Data Engineer to join our E-commerce team. The ideal candidate has 0-1 years of experience and is proficient in Kafka, Hadoop, Snowflake, Python, Airflow, SQL. Responsibilities include collaborating with cross-functional teams, delivering high-quality work, and driving data & ai initiatives."
Junior Product Designer,Design,Prototyping; UI Design; UX Design; User Research; Sketch; Figma; Wireframing,Junior,"We are seeking a Junior Product Designer to join our Healthcare team. The ideal candidate has 1-3 years of experience and is proficient in Prototyping, UI Design, UX Design, User Research, Sketch, Figma, Wireframing. Responsibilities include collaborating with cross-functional teams, delivering high-quality work, and driving design initiatives."
Junior Graphic Designer,Design,Typography; Color Theory; Print Design; Adobe XD; Layout Design; Photoshop; Illustrator,Junior,"We are seeking a Junior Graphic Designer to join our Gaming team. The ideal candidate has 1-3 years of experience and is proficient in Typography, Color Theory, Print Design, Adobe XD, Layout Design, Photoshop, Illustrator. Responsibilities include collaborating with cross-functional teams, delivering high-quality work, and driving design initiatives."
Lead Software Architect,Software Engineering,Leadership; Java; Design Patterns; System Design; Microservices,Lead,"We are seeking a Lead Software Architect to join our EdTech team. The ideal candidate has 8-14 years of experience and is proficient in Leadership, Java, Design Patterns, System Design, Microservices. Responsibilities include collaborating with cross-functional teams, delivering high-quality work, and driving software engineering initiatives."
Intern Product Designer,Design,Figma; Interaction Design; Design Systems; User Research; Sketch; UX Design,Intern,"We are seeking a Intern Product Designer to join our Healthcare team. The ideal candidate has 0-1 years of experience and is proficient in Figma, Interaction Design, Design Systems, User Research, Sketch, UX Design. Responsibilities include collaborating with cross-functional teams, delivering high-quality work, and driving design initiatives."
Lead SEO Specialist,Marketing,Link Building; Keyword Research; SEO; HTML; SEMrush; Content Strategy; Google Analytics,Lead,"We are seeking a Lead SEO Specialist to join our EdTech team. The ideal candidate has 8-14 years of experience and is proficient in Link Building, Keyword Research, SEO, HTML, SEMrush, Content Strategy, Google Analytics. Responsibilities include collaborating with cross-functional teams, delivering high-quality work, and driving marketing initiatives."
Junior UX Designer,Design,Prototyping; Accessibility; Information Architecture; Design Thinking; Personas; User Research; Journey Mapping,Junior,"We are seeking a Junior UX Designer to join our Healthcare team. The ideal candidate has 1-3 years of experience and is proficient in Prototyping, Accessibility, Information Architecture, Design Thinking, Personas, User Research, Journey Mapping. Responsibilities include collaborating with cross-functional teams, delivering high-quality work, and driving design initiatives."
Senior Interaction Designer,Design,Figma; User Research; Prototyping; Motion Design; Design Systems; Wireframing; After Effects,Senior,"We are seeking a Senior Interaction Designer to join our Healthcare team. The ideal candidate has 6-10 years of experience and is proficient in Figma, User Research, Prototyping, Motion Design, Design Systems, Wireframing, After Effects. Responsibilities include collaborating with cross-functional teams, delivering high-quality work, and driving design initiatives."
Intern Product Owner,Product & Management,Roadmapping; Prioritization; Scrum; Backlog Management; User Stories; Jira; Stakeholder Management,Intern,"We are seeking a Intern Product Owner to join our Enterprise team. The ideal candidate has 0-1 years of experience and is proficient in Roadmapping, Prioritization, Scrum, Backlog Management, User Stories, Jira, Stakeholder Management. Responsibilities include collaborating with cross-functional teams, delivering high-quality work, and driving product & management initiatives."
Principal UX Designer,Design,Information Architecture; Prototyping; Usability Testing; Design Thinking; Figma,Principal,"We are seeking a Principal UX Designer to join our E-commerce team. The ideal candidate has 12-20 years of experience and is proficient in Information Architecture, Prototyping, Usability Testing, Design Thinking, Figma. Responsibilities include collaborating with cross-functional teams, delivering high-quality work, and driving design initiatives."
Senior NLP Engineer,Data & AI,NLP; Text Mining; spaCy; BERT; Transformers; Deep Learning; PyTorch,Senior,"We are seeking a Senior NLP Engineer to join our Healthcare team. The ideal candidate has 6-10 years of experience and is proficient in NLP, Text Mining, spaCy, BERT, Transformers, Deep Learning, PyTorch. Responsibilities include collaborating with cross-functional teams, delivering high-quality work, and driving data & ai initiatives."
Mid-level Program Manager,Product & Management,Stakeholder Management; Leadership; Program Management; Agile; Budgeting; Reporting,Mid-level,"We are seeking a Mid-level Program Manager to join our SaaS team. The ideal candidate has 3-6 years of experience and is proficient in Stakeholder Management, Leadership, Program Management, Agile, Budgeting, Reporting. Responsibilities include collaborating with cross-functional teams, delivering high-quality work, and driving product & management initiatives."
Principal Project Manager,Product & Management,Jira; Leadership; Gantt Charts; Scrum; Communication; Risk Management,Principal,"We are seeking a Principal Project Manager to join our Fintech team. The ideal candidate has 12-20 years of experience and is proficient in Jira, Leadership, Gantt Charts, Scrum, Communication, Risk Management. Responsibilities include collaborating with cross-functional teams, delivering high-quality work, and driving product & management initiatives."
Senior Cloud Engineer,Cloud & Infrastructure,Monitoring; Python; Terraform; AWS; Networking,Senior,"We are seeking a Senior Cloud Engineer to join our Enterprise team. The ideal candidate has 6-10 years of experience and is proficient in Monitoring, Python, Terraform, AWS, Networking. Responsibilities include collaborating with cross-functional teams, delivering high-quality work, and driving cloud & infrastructure initiatives."
Lead Digital Marketing Specialist,Marketing,A/B Testing; Google Ads; SEO; Analytics; Social Media; CRM; Campaign Management,Lead,"We are seeking a Lead Digital Marketing Specialist to join our Fintech team. The ideal candidate has 8-14 years of experience and is proficient in A/B Testing, Google Ads, SEO, Analytics, Social Media, CRM, Campaign Management. Responsibilities include collaborating with cross-functional teams, delivering high-quality work, and driving marketing initiatives."
Lead QA Engineer,Software Engineering,Python; Test Automation; CI/CD; Manual Testing; Jira; Cypress; Postman,Lead,"We are seeking a Lead QA Engineer to join our Healthcare team. The ideal candidate has 8-14 years of experience and is proficient in Python, Test Automation, CI/CD, Manual Testing, Jira, Cypress, Postman. Responsibilities include collaborating with cross-functional teams, delivering high-quality work, and driving software engineering initiatives."
Mid-level Product Designer,Design,Sketch; Design Systems; Prototyping; Figma; User Research; Wireframing; UI Design,Mid-level,"We are seeking a Mid-level Product Designer to join our Enterprise team. The ideal candidate has 3-6 years of experience and is proficient in Sketch, Design Systems, Prototyping, Figma, User Research, Wireframing, UI Design. Responsibilities include collaborating with cross-functional teams, delivering high-quality work, and driving design initiatives."
Junior QA Engineer,Software Engineering,Manual Testing; CI/CD; Postman; Cypress; JUnit; Selenium; Python,Junior,"We are seeking a Junior QA Engineer to join our Fintech team. The ideal candidate has 1-3 years of experience and is proficient in Manual Testing, CI/CD, Postman, Cypress, JUnit, Selenium, Python. Responsibilities include collaborating with cross-functional teams, delivering high-quality work, and driving software engineering initiatives."
Senior Data Analyst,Data & AI,Pandas; Data Cleaning; SQL; Excel; Python,Senior,"We are seeking a Senior Data Analyst to join our Enterprise team. The ideal candidate has 6-10 years of experience and is proficient in Pandas, Data Cleaning, SQL, Excel, Python. Responsibilities include collaborating with cross-functional teams, delivering high-quality work, and driving data & ai initiatives."
Lead Project Manager,Product & Management,Risk Management; Stakeholder Management; Agile; Gantt Charts; Communication; Scrum,Lead,"We are seeking a Lead Project Manager to join our EdTech team. The ideal candidate has 8-14 years of experience and is proficient in Risk Management, Stakeholder Management, Agile, Gantt Charts, Communication, Scrum. Responsibilities include collaborating with cross-functional teams, delivering high-quality work, and driving product & management initiatives."
Lead Cloud Engineer,Cloud & Infrastructure,Python; Networking; Terraform; CloudFormation; Kubernetes; Linux; CI/CD,Lead,"We are seeking a Lead Cloud Engineer to join our E-commerce team. The ideal candidate has 8-14 years of experience and is proficient in Python, Networking, Terraform, CloudFormation, Kubernetes, Linux, CI/CD. Responsibilities include collaborating with cross-functional teams, delivering high-quality work, and driving cloud & infrastructure initiatives."
Lead Product Designer,Design,Usability Testing; UX Design; Interaction Design; User Research; UI Design; Figma; Wireframing,Lead,"We are seeking a Lead Product Designer to join our Startup team. The ideal candidate has 8-14 years of experience and is proficient in Usability Testing, UX Design, Interaction Design, User Research, UI Design, Figma, Wireframing. Responsibilities include collaborating with cross-functional teams, delivering high-quality work, and driving design initiatives."
Intern Product Manager,Product & Management,User Stories; Roadmapping; Jira; Market Research; Analytics; Prioritization; Stakeholder Management,Intern,"We are seeking a Intern Product Manager to join our Gaming team. The ideal candidate has 0-1 years of experience and is proficient in User Stories, Roadmapping, Jira, Market Research, Analytics, Prioritization, Stakeholder Management. Responsibilities include collaborating with cross-functional teams, delivering high-quality work, and driving product & management initiatives."
Senior Game Developer,Software Engineering,Unreal Engine; 3D Math; OpenGL; Game Design; Unity; C#,Senior,"We are seeking a Senior Game Developer to join our Fintech team. The ideal candidate has 6-10 years of experience and is proficient in Unreal Engine, 3D Math, OpenGL, Game Design, Unity, C#. Responsibilities include collaborating with cross-functional teams, delivering high-quality work, and driving software engineering initiatives."
Mid-level Data Scientist,Data & AI,Python; Data Visualization; Scikit-learn; NumPy; Jupyter,Mid-level,"We are seeking a Mid-level Data Scientist to join our Fintech team. The ideal candidate has 3-6 years of experience and is proficient in Python, Data Visualization, Scikit-learn, NumPy, Jupyter. Responsibilities include collaborating with cross-functional teams, delivering high-quality work, and driving data & ai initiatives."
Intern UX Designer,Design,Figma; Usability Testing; Accessibility; Journey Mapping; User Research; Wireframing; Design Thinking,Intern,"We are seeking a Intern UX Designer to join our Enterprise team. The ideal candidate has 0-1 years of experience and is proficient in Figma, Usability Testing, Accessibility, Journey Mapping, User Research, Wireframing, Design Thinking. Responsibilities include collaborating with cross-functional teams, delivering high-quality work, and driving design initiatives."
Senior DevOps Engineer,Software Engineering,Kubernetes; Docker; Jenkins; Linux; CI/CD; AWS; Ansible,Senior,"We are seeking a Senior DevOps Engineer to join our E-commerce team. The ideal candidate has 6-10 years of experience and is proficient in Kubernetes, Docker, Jenkins, Linux, CI/CD, AWS, Ansible. Responsibilities include collaborating with cross-functional teams, delivering high-quality work, and driving software engineering initiatives."
Junior Frontend Developer,Software Engineering,Jest; CSS; React; HTML; Accessibility,Junior,"We are seeking a Junior Frontend Developer to join our SaaS team. The ideal candidate has 1-3 years of experience and is proficient in Jest, CSS, React, HTML, Accessibility. Responsibilities include collaborating with cross-functional teams, delivering high-quality work, and driving software engineering initiatives."
Junior Software Architect,Software Engineering,Kafka; System Design; Docker; REST APIs; Java; Microservices,Junior,"We are seeking a Junior Software Architect to join our Enterprise team. The ideal candidate has 1-3 years of experience and is proficient in Kafka, System Design, Docker, REST APIs, Java, Microservices. Responsibilities include collaborating with cross-functional teams, delivering high-quality work, and driving software engineering initiatives."
Mid-level Data Analyst,Data & AI,Python; Tableau; A/B Testing; SQL; Pandas; Statistics; Data Cleaning,Mid-level,"We are seeking a Mid-level Data Analyst to join our SaaS team. The ideal candidate has 3-6 years of experience and is proficient in Python, Tableau, A/B Testing, SQL, Pandas, Statistics, Data Cleaning. Responsibilities include collaborating with cross-functional teams, delivering high-quality work, and driving data & ai initiatives."
Mid-level HR Specialist,Business,Communication; Payroll; HRIS; Conflict Resolution; Performance Management; Onboarding; Employee Relations,Mid-level,"We are seeking a Mid-level HR Specialist to join our Fintech team. The ideal candidate has 3-6 years of experience and is proficient in Communication, Payroll, HRIS, Conflict Resolution, Performance Management, Onboarding, Employee Relations. Responsibilities include collaborating with cross-functional teams, delivering high-quality work, and driving business initiatives."
Intern Interaction Designer,Design,Interaction Design; Design Systems; Motion Design; UX Design; Prototyping; After Effects,Intern,"We are seeking a Intern Interaction Designer to join our Gaming team. The ideal candidate has 0-1 years of experience and is proficient in Interaction Design, Design Systems, Motion Design, UX Design, Prototyping, After Effects. Responsibilities include collaborating with cross-functional teams, delivering high-quality work, and driving design initiatives."
Mid-level AI Researcher,Data & AI,PyTorch; NLP; Deep Learning; Research; Reinforcement Learning; TensorFlow,Mid-level,"We are seeking a Mid-level AI Researcher to join our E-commerce team. The ideal candidate has 3-6 years of experience and is proficient in PyTorch, NLP, Deep Learning, Research, Reinforcement Learning, TensorFlow. Responsibilities include collaborating with cross-functional teams, delivering high-quality work, and driving data & ai initiatives."
Junior Site Reliability Engineer,Software Engineering,Grafana; Linux; AWS; Terraform; Prometheus,Junior,"We are seeking a Junior Site Reliability Engineer to join our Enterprise team. The ideal candidate has 1-3 years of experience and is proficient in Grafana, Linux, AWS, Terraform, Prometheus. Responsibilities include collaborating with cross-functional teams, delivering high-quality work, and driving software engineering initiatives."
Senior Scrum Master,Product & Management,Coaching; Scrum; Servant Leadership; Agile; Sprint Planning; Jira; Kanban,Senior,"We are seeking a Senior Scrum Master to join our E-commerce team. The ideal candidate has 6-10 years of experience and is proficient in Coaching, Scrum, Servant Leadership, Agile, Sprint Planning, Jira, Kanban. Responsibilities include collaborating with cross-functional teams, delivering high-quality work, and driving product & management initiatives."
Principal Product Owner,Product & Management,Agile; User Stories; Roadmapping; Communication; Prioritization,Principal,"We are seeking a Principal Product Owner to join our Healthcare team. The ideal candidate has 12-20 years of experience and is proficient in Agile, User Stories, Roadmapping, Communication, Prioritization. Responsibilities include collaborating with cross-functional teams, delivering high-quality work, and driving product & management initiatives."
Lead UI Designer,Design,Design Systems; Sketch; Adobe XD; Color Theory; Figma; Typography; Wireframing,Lead,"We are seeking a Lead UI Designer to join our Fintech team. The ideal candidate has 8-14 years of experience and is proficient in Design Systems, Sketch, Adobe XD, Color Theory, Figma, Typography, Wireframing. Responsibilities include collaborating with cross-functional teams, delivering high-quality work, and driving design initiatives."
Mid-level Product Designer,Design,Usability Testing; Figma; User Research; UX Design; UI Design; Wireframing,Mid-level,"We are seeking a Mid-level Product Designer to join our Gaming team. The ideal candidate has 3-6 years of experience and is proficient in Usability Testing, Figma, User Research, UX Design, UI Design, Wireframing. Responsibilities include collaborating with cross-functional teams, delivering high-quality work, and driving design initiatives."
Intern Mobile Developer,Software Engineering,React Native; Swift; Android SDK; Git; iOS,Intern,"We are seeking a Intern Mobile Developer to join our EdTech team. The ideal candidate has 0-1 years of experience and is proficient in React Native, Swift, Android SDK, Git, iOS. Responsibilities include collaborating with cross-functional teams, delivering high-quality work, and driving software engineering initiatives."
Intern Product Owner,Product & Management,Backlog Management; Jira; User Stories; Stakeholder Management; Scrum; Agile; Communication,Intern,"We are seeking a Intern Product Owner to join our SaaS team. The ideal candidate has 0-1 years of experience and is proficient in Backlog Management, Jira, User Stories, Stakeholder Management, Scrum, Agile, Communication. Responsibilities include collaborating with cross-functional teams, delivering high-quality work, and driving product & management initiatives."
Senior Database Administrator,Cloud & Infrastructure,MySQL; MongoDB; Linux; Replication; PostgreSQL,Senior,"We are seeking a Senior Database Administrator to join our Enterprise team. The ideal candidate has 6-10 years of experience and is proficient in MySQL, MongoDB, Linux, Replication, PostgreSQL. Responsibilities include collaborating with cross-functional teams, delivering high-quality work, and driving cloud & infrastructure initiatives."
Senior Operations Manager,Business,Analytics; Six Sigma; Supply Chain; Process Improvement; Operations Management; Leadership,Senior,"We are seeking a Senior Operations Manager to join our Startup team. The ideal candidate has 6-10 years of experience and is proficient in Analytics, Six Sigma, Supply Chain, Process Improvement, Operations Management, Leadership. Responsibilities include collaborating with cross-functional teams, delivering high-quality work, and driving business initiatives."
Principal Backend Developer,Software Engineering,REST APIs; Microservices; Java; Python; Spring Boot; Django; Node.js,Principal,"We are seeking a Principal Backend Developer to join our Enterprise team. The ideal candidate has 12-20 years of experience and is proficient in REST APIs, Microservices, Java, Python, Spring Boot, Django, Node.js. Responsibilities include collaborating with cross-functional teams, delivering high-quality work, and driving software engineering initiatives."
Senior Business Analyst,Business,UML; Agile; Excel; Requirements Gathering; SQL,Senior,"We are seeking a Senior Business Analyst to join our Enterprise team. The ideal candidate has 6-10 years of experience and is proficient in UML, Agile, Excel, Requirements Gathering, SQL. Responsibilities include collaborating with cross-functional teams, delivering high-quality work, and driving business initiatives."
Junior Software Architect,Software Engineering,Design Patterns; REST APIs; Docker; Microservices; Java,Junior,"We are seeking a Junior Software Architect to join our EdTech team. The ideal candidate has 1-3 years of experience and is proficient in Design Patterns, REST APIs, Docker, Microservices, Java. Responsibilities include collaborating with cross-functional teams, delivering high-quality work, and driving software engineering initiatives."
Mid-level Business Analyst,Business,Stakeholder Management; Process Modeling; Agile; Documentation; Data Analysis; Requirements Gathering; UML,Mid-level,"We are seeking a Mid-level Business Analyst to join our Fintech team. The ideal candidate has 3-6 years of experience and is proficient in Stakeholder Management, Process Modeling, Agile, Documentation, Data Analysis, Requirements Gathering, UML. Responsibilities include collaborating with cross-functional teams, delivering high-quality work, and driving business initiatives."
Intern Database Administrator,Cloud & Infrastructure,PostgreSQL; Oracle; Security; MySQL; Replication,Intern,"We are seeking a Intern Database Administrator to join our Enterprise team. The ideal candidate has 0-1 years of experience and is proficient in PostgreSQL, Oracle, Security, MySQL, Replication. Responsibilities include collaborating with cross-functional teams, delivering high-quality work, and driving cloud & infrastructure initiatives."
Junior NLP Engineer,Data & AI,Tokenization; Machine Learning; NLP; spaCy; Python,Junior,"We are seeking a Junior NLP Engineer to join our SaaS team. The ideal candidate has 1-3 years of experience and is proficient in Tokenization, Machine Learning, NLP, spaCy, Python. Responsibilities include collaborating with cross-functional teams, delivering high-quality work, and driving data & ai initiatives."
Intern Network Engineer,Cloud & Infrastructure,Security; Cisco; DNS; Firewalls; VPN,Intern,"We are seeking a Intern Network Engineer to join our SaaS team. The ideal candidate has 0-1 years of experience and is proficient in Security, Cisco, DNS, Firewalls, VPN. Responsibilities include collaborating with cross-functional teams, delivering high-quality work, and driving cloud & infrastructure initiatives."
Junior Sales Engineer,Business,Cloud; Product Demos; Presentations; CRM; Solution Design; APIs,Junior,"We are seeking a Junior Sales Engineer to join our SaaS team. The ideal candidate has 1-3 years of experience and is proficient in Cloud, Product Demos, Presentations, CRM, Solution Design, APIs. Responsibilities include collaborating with cross-functional teams, delivering high-quality work, and driving business initiatives."
Junior Computer Vision Engineer,Data & AI,CNN; Image Processing; OpenCV; PyTorch; Deep Learning; TensorFlow; CUDA,Junior,"We are seeking a Junior Computer Vision Engineer to join our Enterprise team. The ideal candidate has 1-3 years of experience and is proficient in CNN, Image Processing, OpenCV, PyTorch, Deep Learning, TensorFlow, CUDA. Responsibilities include collaborating with cross-functional teams, delivering high-quality work, and driving data & ai initiatives."
Junior Cloud Engineer,Cloud & Infrastructure,Terraform; AWS; Docker; Python; CI/CD; Monitoring; Networking,Junior,"We are seeking a Junior Cloud Engineer to join our Gaming team. The ideal candidate has 1-3 years of experience and is proficient in Terraform, AWS, Docker, Python, CI/CD, Monitoring, Networking. Responsibilities include collaborating with cross-functional teams, delivering high-quality work, and driving cloud & infrastructure initiatives."
Intern Digital Marketing Specialist,Marketing,Campaign Management; Copywriting; CRM; A/B Testing; SEO,Intern,"We are seeking a Intern Digital Marketing Specialist to join our Fintech team. The ideal candidate has 0-1 years of experience and is proficient in Campaign Management, Copywriting, CRM, A/B Testing, SEO. Responsibilities include collaborating with cross-functional teams, delivering high-quality work, and driving marketing initiatives."
Junior SEO Specialist,Marketing,HTML; SEMrush; Content Strategy; Keyword Research; SEO,Junior,"We are seeking a Junior SEO Specialist to join our Startup team. The ideal candidate has 1-3 years of experience and is proficient in HTML, SEMrush, Content Strategy, Keyword Research, SEO. Responsibilities include collaborating with cross-functional teams, delivering high-quality work, and driving marketing initiatives."
Principal Interaction Designer,Design,Motion Design; UX Design; Design Systems; After Effects; Usability Testing; Interaction Design,Principal,"We are seeking a Principal Interaction Designer to join our Startup team. The ideal candidate has 12-20 years of experience and is proficient in Motion Design, UX Design, Design Systems, After Effects, Usability Testing, Interaction Design. Responsibilities include collaborating with cross-functional teams, delivering high-quality work, and driving design initiatives."
Intern Machine Learning Engineer,Data & AI,Deep Learning; Machine Learning; Docker; TensorFlow; Model Deployment; SQL,Intern,"We are seeking a Intern Machine Learning Engineer to join our EdTech team. The ideal candidate has 0-1 years of experience and is proficient in Deep Learning, Machine Learning, Docker, TensorFlow, Model Deployment, SQL. Responsibilities include collaborating with cross-functional teams, delivering high-quality work, and driving data & ai initiatives."
Senior Mobile Developer,Software Engineering,Firebase; Git; REST APIs; Android SDK; UI Design; React Native,Senior,"We are seeking a Senior Mobile Developer to join our EdTech team. The ideal candidate has 6-10 years of experience and is proficient in Firebase, Git, REST APIs, Android SDK, UI Design, React Native. Responsibilities include collaborating with cross-functional teams, delivering high-quality work, and driving software engineering initiatives."
Junior Security Engineer,Cloud & Infrastructure,OWASP; Firewalls; Python; Cybersecurity; Encryption; Network Security; Penetration Testing,Junior,"We are seeking a Junior Security Engineer to join our Startup team. The ideal candidate has 1-3 years of experience and is proficient in OWASP, Firewalls, Python, Cybersecurity, Encryption, Network Security, Penetration Testing. Responsibilities include collaborating with cross-functional teams, delivering high-quality work, and driving cloud & infrastructure initiatives."
Junior Game Developer,Software Engineering,C#; Unreal Engine; Physics; Unity; Optimization; Shaders; C++,Junior,"We are seeking a Junior Game Developer to join our SaaS team. The ideal candidate has 1-3 years of experience and is proficient in C#, Unreal Engine, Physics, Unity, Optimization, Shaders, C++. Responsibilities include collaborating with cross-functional teams, delivering high-quality work, and driving software engineering initiatives."
Junior Graphic Designer,Design,Adobe XD; InDesign; Illustrator; Photoshop; Creativity; Layout Design; Print Design,Junior,"We are seeking a Junior Graphic Designer to join our Healthcare team. The ideal candidate has 1-3 years of experience and is proficient in Adobe XD, InDesign, Illustrator, Photoshop, Creativity, Layout Design, Print Design. Responsibilities include collaborating with cross-functional teams, delivering high-quality work, and driving design initiatives."
Lead Interaction Designer,Design,Usability Testing; Motion Design; Design Systems; Prototyping; UX Design; Wireframing,Lead,"We are seeking a Lead Interaction Designer to join our Enterprise team. The ideal candidate has 8-14 years of experience and is proficient in Usability Testing, Motion Design, Design Systems, Prototyping, UX Design, Wireframing. Responsibilities include collaborating with cross-functional teams, delivering high-quality work, and driving design initiatives."
Intern Sales Engineer,Business,Product Demos; CRM; Cloud; Communication; Solution Design,Intern,"We are seeking a Intern Sales Engineer to join our Startup team. The ideal candidate has 0-1 years of experience and is proficient in Product Demos, CRM, Cloud, Communication, Solution Design. Responsibilities include collaborating with cross-functional teams, delivering high-quality work, and driving business initiatives."
Principal UX Designer,Design,Personas; Information Architecture; User Research; Design Thinking; Journey Mapping,Principal,"We are seeking a Principal UX Designer to join our Healthcare team. The ideal candidate has 12-20 years of experience and is proficient in Personas, Information Architecture, User Research, Design Thinking, Journey Mapping. Responsibilities include collaborating with cross-functional teams, delivering high-quality work, and driving design initiatives."
Mid-level Growth Marketer,Marketing,CRM; A/B Testing; SQL; Email Marketing; Paid Ads; Experimentation; Growth Hacking,Mid-level,"We are seeking a Mid-level Growth Marketer to join our Enterprise team. The ideal candidate has 3-6 years of experience and is proficient in CRM, A/B Testing, SQL, Email Marketing, Paid Ads, Experimentation, Growth Hacking. Responsibilities include collaborating with cross-functional teams, delivering high-quality work, and driving marketing initiatives."
Principal Product Designer,Design,Wireframing; Prototyping; User Research; Sketch; Figma,Principal,"We are seeking a Principal Product Designer to join our Fintech team. The ideal candidate has 12-20 years of experience and is proficient in Wireframing, Prototyping, User Research, Sketch, Figma. Responsibilities include collaborating with cross-functional teams, delivering high-quality work, and driving design initiatives."
Lead NLP Engineer,Data & AI,Tokenization; Text Mining; spaCy; Deep Learning; NLP,Lead,"We are seeking a Lead NLP Engineer to join our SaaS team. The ideal candidate has 8-14 years of experience and is proficient in Tokenization, Text Mining, spaCy, Deep Learning, NLP. Responsibilities include collaborating with cross-functional teams, delivering high-quality work, and driving data & ai initiatives."
Principal Digital Marketing Specialist,Marketing,Content Marketing; CRM; Analytics; Email Marketing; Campaign Management; A/B Testing,Principal,"We are seeking a Principal Digital Marketing Specialist to join our Gaming team. The ideal candidate has 12-20 years of experience and is proficient in Content Marketing, CRM, Analytics, Email Marketing, Campaign Management, A/B Testing. Responsibilities include collaborating with cross-functional teams, delivering high-quality work, and driving marketing initiatives."
Senior Database Administrator,Cloud & Infrastructure,SQL; Backup & Recovery; PostgreSQL; MongoDB; Security; Performance Tuning,Senior,"We are seeking a Senior Database Administrator to join our Healthcare team. The ideal candidate has 6-10 years of experience and is proficient in SQL, Backup & Recovery, PostgreSQL, MongoDB, Security, Performance Tuning. Responsibilities include collaborating with cross-functional teams, delivering high-quality work, and driving cloud & infrastructure initiatives."
Lead Scrum Master,Product & Management,Facilitation; Communication; Servant Leadership; Scrum; Jira; Kanban; Coaching,Lead,"We are seeking a Lead Scrum Master to join our SaaS team. The ideal candidate has 8-14 years of experience and is proficient in Facilitation, Communication, Servant Leadership, Scrum, Jira, Kanban, Coaching. Responsibilities include collaborating with cross-functional teams, delivering high-quality work, and driving product & management initiatives."
Mid-level Database Administrator,Cloud & Infrastructure,Backup & Recovery; Linux; Security; Performance Tuning; PostgreSQL; Oracle; Replication,Mid-level,"We are seeking a Mid-level Database Administrator to join our Gaming team. The ideal candidate has 3-6 years of experience and is proficient in Backup & Recovery, Linux, Security, Performance Tuning, PostgreSQL, Oracle, Replication. Responsibilities include collaborating with cross-functional teams, delivering high-quality work, and driving cloud & infrastructure initiatives."
Principal Social Media Manager,Marketing,Content Creation; Branding; Canva; Engagement; Campaign Management; Scheduling Tools,Principal,"We are seeking a Principal Social Media Manager to join our Startup team. The ideal candidate has 12-20 years of experience and is proficient in Content Creation, Branding, Canva, Engagement, Campaign Management, Scheduling Tools. Responsibilities include collaborating with cross-functional teams, delivering high-quality work, and driving marketing initiatives."
Junior Machine Learning Engineer,Data & AI,Model Deployment; Python; Scikit-learn; Deep Learning; TensorFlow; MLOps,Junior,"We are seeking a Junior Machine Learning Engineer to join our SaaS team. The ideal candidate has 1-3 years of experience and is proficient in Model Deployment, Python, Scikit-learn, Deep Learning, TensorFlow, MLOps. Responsibilities include collaborating with cross-functional teams, delivering high-quality work, and driving data & ai initiatives."
Principal Machine Learning Engineer,Data & AI,TensorFlow; Deep Learning; SQL; PyTorch; Docker; Scikit-learn; MLOps,Principal,"We are seeking a Principal Machine Learning Engineer to join our Enterprise team. The ideal candidate has 12-20 years of experience and is proficient in TensorFlow, Deep Learning, SQL, PyTorch, Docker, Scikit-learn, MLOps. Responsibilities include collaborating with cross-functional teams, delivering high-quality work, and driving data & ai initiatives."
Intern Frontend Developer,Software Engineering,JavaScript; Redux; Webpack; TypeScript; React,Intern,"We are seeking a Intern Frontend Developer to join our Fintech team. The ideal candidate has 0-1 years of experience and is proficient in JavaScript, Redux, Webpack, TypeScript, React. Responsibilities include collaborating with cross-functional teams, delivering high-quality work, and driving software engineering initiatives."
Mid-level Project Manager,Product & Management,Scrum; Leadership; Jira; Stakeholder Management; Risk Management,Mid-level,"We are seeking a Mid-level Project Manager to join our E-commerce team. The ideal candidate has 3-6 years of experience and is proficient in Scrum, Leadership, Jira, Stakeholder Management, Risk Management. Responsibilities include collaborating with cross-functional teams, delivering high-quality work, and driving product & management initiatives."
Junior UI Designer,Design,Prototyping; Typography; Adobe XD; CSS; Figma,Junior,"We are seeking a Junior UI Designer to join our Startup team. The ideal candidate has 1-3 years of experience and is proficient in Prototyping, Typography, Adobe XD, CSS, Figma. Responsibilities include collaborating with cross-functional teams, delivering high-quality work, and driving design initiatives."
Principal Machine Learning Engineer,Data & AI,Scikit-learn; Python; MLOps; TensorFlow; Deep Learning,Principal,"We are seeking a Principal Machine Learning Engineer to join our Fintech team. The ideal candidate has 12-20 years of experience and is proficient in Scikit-learn, Python, MLOps, TensorFlow, Deep Learning. Responsibilities include collaborating with cross-functional teams, delivering high-quality work, and driving data & ai initiatives."
Junior Scrum Master,Product & Management,Scrum; Jira; Coaching; Servant Leadership; Retrospectives,Junior,"We are seeking a Junior Scrum Master to join our EdTech team. The ideal candidate has 1-3 years of experience and is proficient in Scrum, Jira, Coaching, Servant Leadership, Retrospectives. Responsibilities include collaborating with cross-functional teams, delivering high-quality work, and driving product & management initiatives."
Junior Product Owner,Product & Management,Backlog Management; Analytics; Jira; Communication; Agile; Roadmapping; Scrum,Junior,"We are seeking a Junior Product Owner to join our Gaming team. The ideal candidate has 1-3 years of experience and is proficient in Backlog Management, Analytics, Jira, Communication, Agile, Roadmapping, Scrum. Responsibilities include collaborating with cross-functional teams, delivering high-quality work, and driving product & management initiatives."
Mid-level Game Developer,Software Engineering,Physics; 3D Math; Shaders; OpenGL; C#,Mid-level,"We are seeking a Mid-level Game Developer to join our Gaming team. The ideal candidate has 3-6 years of experience and is proficient in Physics, 3D Math, Shaders, OpenGL, C#. Responsibilities include collaborating with cross-functional teams, delivering high-quality work, and driving software engineering initiatives."
Principal SEO Specialist,Marketing,SEMrush; Technical SEO; Google Analytics; Copywriting; HTML; SEO,Principal,"We are seeking a Principal SEO Specialist to join our SaaS team. The ideal candidate has 12-20 years of experience and is proficient in SEMrush, Technical SEO, Google Analytics, Copywriting, HTML, SEO. Responsibilities include collaborating with cross-functional teams, delivering high-quality work, and driving marketing initiatives."
Junior Network Engineer,Cloud & Infrastructure,Switching; DNS; TCP/IP; VPN; Linux; Networking,Junior,"We are seeking a Junior Network Engineer to join our Enterprise team. The ideal candidate has 1-3 years of experience and is proficient in Switching, DNS, TCP/IP, VPN, Linux, Networking. Responsibilities include collaborating with cross-functional teams, delivering high-quality work, and driving cloud & infrastructure initiatives."
Mid-level SEO Specialist,Marketing,SEMrush; On-page SEO; SEO; Google Analytics; Keyword Research; Technical SEO; Link Building,Mid-level,"We are seeking a Mid-level SEO Specialist to join our Healthcare team. The ideal candidate has 3-6 years of experience and is proficient in SEMrush, On-page SEO, SEO, Google Analytics, Keyword Research, Technical SEO, Link Building. Responsibilities include collaborating with cross-functional teams, delivering high-quality work, and driving marketing initiatives."
Principal UI Designer,Design,Sketch; Prototyping; CSS; Design Systems; Color Theory,Principal,"We are seeking a Principal UI Designer to join our EdTech team. The ideal candidate has 12-20 years of experience and is proficient in Sketch, Prototyping, CSS, Design Systems, Color Theory. Responsibilities include collaborating with cross-functional teams, delivering high-quality work, and driving design initiatives."
Principal Network Engineer,Cloud & Infrastructure,Cisco; Security; Routing; Firewalls; TCP/IP; DNS; VPN,Principal,"We are seeking a Principal Network Engineer to join our Gaming team. The ideal candidate has 12-20 years of experience and is proficient in Cisco, Security, Routing, Firewalls, TCP/IP, DNS, VPN. Responsibilities include collaborating with cross-functional teams, delivering high-quality work, and driving cloud & infrastructure initiatives."
Mid-level QA Engineer,Software Engineering,Bug Tracking; Jira; Selenium; Postman; CI/CD; JUnit,Mid-level,"We are seeking a Mid-level QA Engineer to join our Gaming team. The ideal candidate has 3-6 years of experience and is proficient in Bug Tracking, Jira, Selenium, Postman, CI/CD, JUnit. Responsibilities include collaborating with cross-functional teams, delivering high-quality work, and driving software engineering initiatives."
Mid-level Database Administrator,Cloud & Infrastructure,Oracle; PostgreSQL; MySQL; Backup & Recovery; Performance Tuning,Mid-level,"We are seeking a Mid-level Database Administrator to join our EdTech team. The ideal candidate has 3-6 years of experience and is proficient in Oracle, PostgreSQL, MySQL, Backup & Recovery, Performance Tuning. Responsibilities include collaborating with cross-functional teams, delivering high-quality work, and driving cloud & infrastructure initiatives."
Senior Machine Learning Engineer,Data & AI,TensorFlow; Python; PyTorch; Machine Learning; Deep Learning; MLOps,Senior,"We are seeking a Senior Machine Learning Engineer to join our EdTech team. The ideal candidate has 6-10 years of experience and is proficient in TensorFlow, Python, PyTorch, Machine Learning, Deep Learning, MLOps. Responsibilities include collaborating with cross-functional teams, delivering high-quality work, and driving data & ai initiatives."
Intern Security Engineer,Cloud & Infrastructure,Incident Response; Penetration Testing; Network Security; SIEM; OWASP,Intern,"We are seeking a Intern Security Engineer to join our E-commerce team. The ideal candidate has 0-1 years of experience and is proficient in Incident Response, Penetration Testing, Network Security, SIEM, OWASP. Responsibilities include collaborating with cross-functional teams, delivering high-quality work, and driving cloud & infrastructure initiatives."
Principal NLP Engineer,Data & AI,spaCy; NLP; PyTorch; BERT; Tokenization; Machine Learning,Principal,"We are seeking a Principal NLP Engineer to join our Gaming team. The ideal candidate has 12-20 years of experience and is proficient in spaCy, NLP, PyTorch, BERT, Tokenization, Machine Learning. Responsibilities include collaborating with cross-functional teams, delivering high-quality work, and driving data & ai initiatives."
Mid-level UI Designer,Design,Sketch; Adobe XD; HTML; CSS; Prototyping,Mid-level,"We are seeking a Mid-level UI Designer to join our Gaming team. The ideal candidate has 3-6 years of experience and is proficient in Sketch, Adobe XD, HTML, CSS, Prototyping. Responsibilities include collaborating with cross-functional teams, delivering high-quality work, and driving design initiatives."
Principal Social Media Manager,Marketing,Scheduling Tools; Analytics; Content Creation; Copywriting; Community Management; Social Media,Principal,"We are seeking a Principal Social Media Manager to join our Gaming team. The ideal candidate has 12-20 years of experience and is proficient in Scheduling Tools, Analytics, Content Creation, Copywriting, Community Management, Social Media. Responsibilities include collaborating with cross-functional teams, delivering high-quality work, and driving marketing initiatives."
Junior NLP Engineer,Data & AI,PyTorch; Text Mining; Deep Learning; BERT; Tokenization; NLP,Junior,"We are seeking a Junior NLP Engineer to join our Healthcare team. The ideal candidate has 1-3 years of experience and is proficient in PyTorch, Text Mining, Deep Learning, BERT, Tokenization, NLP. Responsibilities include collaborating with cross-functional teams, delivering high-quality work, and driving data & ai initiatives."
Senior Interaction Designer,Design,Wireframing; After Effects; UX Design; Motion Design; Figma; Interaction Design,Senior,"We are seeking a Senior Interaction Designer to join our Enterprise team. The ideal candidate has 6-10 years of experience and is proficient in Wireframing, After Effects, UX Design, Motion Design, Figma, Interaction Design. Responsibilities include collaborating with cross-functional teams, delivering high-quality work, and driving design initiatives."
Lead Machine Learning Engineer,Data & AI,Deep Learning; MLOps; Python; SQL; Docker; Model Deployment; TensorFlow,Lead,"We are seeking a Lead Machine Learning Engineer to join our Startup team. The ideal candidate has 8-14 years of experience and is proficient in Deep Learning, MLOps, Python, SQL, Docker, Model Deployment, TensorFlow. Responsibilities include collaborating with cross-functional teams, delivering high-quality work, and driving data & ai initiatives."
Senior HR Specialist,Business,Training; Recruitment; Employee Relations; Communication; Conflict Resolution; Performance Management; HRIS,Senior,"We are seeking a Senior HR Specialist to join our Enterprise team. The ideal candidate has 6-10 years of experience and is proficient in Training, Recruitment, Employee Relations, Communication, Conflict Resolution, Performance Management, HRIS. Responsibilities include collaborating with cross-functional teams, delivering high-quality work, and driving business initiatives."
Junior Cloud Architect,Cloud & Infrastructure,Cost Optimization; Networking; Azure; Security; System Design,Junior,"We are seeking a Junior Cloud Architect to join our Fintech team. The ideal candidate has 1-3 years of experience and is proficient in Cost Optimization, Networking, Azure, Security, System Design. Responsibilities include collaborating with cross-functional teams, delivering high-quality work, and driving cloud & infrastructure initiatives."
Lead Content Strategist,Marketing,Copywriting; Analytics; Brand Voice; Editorial Planning; Research; Storytelling,Lead,"We are seeking a Lead Content Strategist to join our SaaS team. The ideal candidate has 8-14 years of experience and is proficient in Copywriting, Analytics, Brand Voice, Editorial Planning, Research, Storytelling. Responsibilities include collaborating with cross-functional teams, delivering high-quality work, and driving marketing initiatives."
Senior Product Owner,Product & Management,User Stories; Jira; Agile; Scrum; Backlog Management; Prioritization,Senior,"We are seeking a Senior Product Owner to join our Gaming team. The ideal candidate has 6-10 years of experience and is proficient in User Stories, Jira, Agile, Scrum, Backlog Management, Prioritization. Responsibilities include collaborating with cross-functional teams, delivering high-quality work, and driving product & management initiatives."
Lead Security Engineer,Cloud & Infrastructure,Firewalls; Python; Linux; Cybersecurity; SIEM; Incident Response,Lead,"We are seeking a Lead Security Engineer to join our EdTech team. The ideal candidate has 8-14 years of experience and is proficient in Firewalls, Python, Linux, Cybersecurity, SIEM, Incident Response. Responsibilities include collaborating with cross-functional teams, delivering high-quality work, and driving cloud & infrastructure initiatives."
Mid-level SEO Specialist,Marketing,On-page SEO; Link Building; HTML; SEO; Google Analytics; Copywriting; SEMrush,Mid-level,"We are seeking a Mid-level SEO Specialist to join our Fintech team. The ideal candidate has 3-6 years of experience and is proficient in On-page SEO, Link Building, HTML, SEO, Google Analytics, Copywriting, SEMrush. Responsibilities include collaborating with cross-functional teams, delivering high-quality work, and driving marketing initiatives."
Principal Full Stack Developer,Software Engineering,Node.js; REST APIs; TypeScript; MongoDB; React; Git; JavaScript,Principal,"We are seeking a Principal Full Stack Developer to join our Startup team. The ideal candidate has 12-20 years of experience and is proficient in Node.js, REST APIs, TypeScript, MongoDB, React, Git, JavaScript. Responsibilities include collaborating with cross-functional teams, delivering high-quality work, and driving software engineering initiatives."
Mid-level UX Designer,Design,Personas; User Research; Information Architecture; Accessibility; Prototyping; Journey Mapping; Wireframing,Mid-level,"We are seeking a Mid-level UX Designer to join our SaaS team. The ideal candidate has 3-6 years of experience and is proficient in Personas, User Research, Information Architecture, Accessibility, Prototyping, Journey Mapping, Wireframing. Responsibilities include collaborating with cross-functional teams, delivering high-quality work, and driving design initiatives."
Senior Business Intelligence Analyst,Data & AI,Data Warehousing; SQL; Excel; Tableau; Reporting,Senior,"We are seeking a Senior Business Intelligence Analyst to join our Healthcare team. The ideal candidate has 6-10 years of experience and is proficient in Data Warehousing, SQL, Excel, Tableau, Reporting. Responsibilities include collaborating with cross-functional teams, delivering high-quality work, and driving data & ai initiatives."
Mid-level Site Reliability Engineer,Software Engineering,Grafana; Prometheus; Monitoring; Kubernetes; AWS; Linux; Incident Response,Mid-level,"We are seeking a Mid-level Site Reliability Engineer to join our SaaS team. The ideal candidate has 3-6 years of experience and is proficient in Grafana, Prometheus, Monitoring, Kubernetes, AWS, Linux, Incident Response. Responsibilities include collaborating with cross-functional teams, delivering high-quality work, and driving software engineering initiatives."
Senior SEO Specialist,Marketing,On-page SEO; SEMrush; Link Building; Technical SEO; Google Analytics; Keyword Research,Senior,"We are seeking a Senior SEO Specialist to join our EdTech team. The ideal candidate has 6-10 years of experience and is proficient in On-page SEO, SEMrush, Link Building, Technical SEO, Google Analytics, Keyword Research. Responsibilities include collaborating with cross-functional teams, delivering high-quality work, and driving marketing initiatives."
Junior Content Strategist,Marketing,Copywriting; CMS; Analytics; Research; SEO,Junior,"We are seeking a Junior Content Strategist to join our Enterprise team. The ideal candidate has 1-3 years of experience and is proficient in Copywriting, CMS, Analytics, Research, SEO. Responsibilities include collaborating with cross-functional teams, delivering high-quality work, and driving marketing initiatives."
Principal Product Manager,Product & Management,User Stories; Analytics; Prioritization; Strategy; Jira,Principal,"We are seeking a Principal Product Manager to join our Enterprise team. The ideal candidate has 12-20 years of experience and is proficient in User Stories, Analytics, Prioritization, Strategy, Jira. Responsibilities include collaborating with cross-functional teams, delivering high-quality work, and driving product & management initiatives."
Junior Product Manager,Product & Management,Stakeholder Management; Prioritization; Analytics; Jira; Market Research; User Stories; Roadmapping,Junior,"We are seeking a Junior Product Manager to join our Fintech team. The ideal candidate has 1-3 years of experience and is proficient in Stakeholder Management, Prioritization, Analytics, Jira, Market Research, User Stories, Roadmapping. Responsibilities include collaborating with cross-functional teams, delivering high-quality work, and driving product & management initiatives."
Intern Frontend Developer,Software Engineering,Accessibility; HTML; TypeScript; Redux; Webpack; CSS; Sass,Intern,"We are seeking a Intern Frontend Developer to join our SaaS team. The ideal candidate has 0-1 years of experience and is proficient in Accessibility, HTML, TypeScript, Redux, Webpack, CSS, Sass. Responsibilities include collaborating with cross-functional teams, delivering high-quality work, and driving software engineering initiatives."
Intern Network Engineer,Cloud & Infrastructure,Routing; Networking; Cisco; Firewalls; TCP/IP; Switching,Intern,"We are seeking a Intern Network Engineer to join our EdTech team. The ideal candidate has 0-1 years of experience and is proficient in Routing, Networking, Cisco, Firewalls, TCP/IP, Switching. Responsibilities include collaborating with cross-functional teams, delivering high-quality work, and driving cloud & infrastructure initiatives."
Senior Growth Marketer,Marketing,A/B Testing; Email Marketing; Paid Ads; SQL; Funnel Optimization; Growth Hacking,Senior,"We are seeking a Senior Growth Marketer to join our EdTech team. The ideal candidate has 6-10 years of experience and is proficient in A/B Testing, Email Marketing, Paid Ads, SQL, Funnel Optimization, Growth Hacking. Responsibilities include collaborating with cross-functional teams, delivering high-quality work, and driving marketing initiatives."
Principal Data Analyst,Data & AI,Tableau; Pandas; Excel; SQL; Reporting; Statistics,Principal,"We are seeking a Principal Data Analyst to join our Healthcare team. The ideal candidate has 12-20 years of experience and is proficient in Tableau, Pandas, Excel, SQL, Reporting, Statistics. Responsibilities include collaborating with cross-functional teams, delivering high-quality work, and driving data & ai initiatives."
Principal Network Engineer,Cloud & Infrastructure,DNS; Cisco; Switching; TCP/IP; Security; Linux,Principal,"We are seeking a Principal Network Engineer to join our SaaS team. The ideal candidate has 12-20 years of experience and is proficient in DNS, Cisco, Switching, TCP/IP, Security, Linux. Responsibilities include collaborating with cross-functional teams, delivering high-quality work, and driving cloud & infrastructure initiatives."
Senior Security Engineer,Cloud & Infrastructure,Network Security; Cybersecurity; Linux; Python; SIEM,Senior,"We are seeking a Senior Security Engineer to join our Healthcare team. The ideal candidate has 6-10 years of experience and is proficient in Network Security, Cybersecurity, Linux, Python, SIEM. Responsibilities include collaborating with cross-functional teams, delivering high-quality work, and driving cloud & infrastructure initiatives."
Junior Financial Analyst,Business,Valuation; Analytics; Excel; SQL; Forecasting,Junior,"We are seeking a Junior Financial Analyst to join our E-commerce team. The ideal candidate has 1-3 years of experience and is proficient in Valuation, Analytics, Excel, SQL, Forecasting. Responsibilities include collaborating with cross-functional teams, delivering high-quality work, and driving business initiatives."
Principal Operations Manager,Business,Six Sigma; Lean; Vendor Management; Supply Chain; Communication; Leadership; Budgeting,Principal,"We are seeking a Principal Operations Manager to join our Fintech team. The ideal candidate has 12-20 years of experience and is proficient in Six Sigma, Lean, Vendor Management, Supply Chain, Communication, Leadership, Budgeting. Responsibilities include collaborating with cross-functional teams, delivering high-quality work, and driving business initiatives."
Lead Interaction Designer,Design,Wireframing; Prototyping; Motion Design; Interaction Design; Design Systems; Usability Testing; After Effects,Lead,"We are seeking a Lead Interaction Designer to join our Startup team. The ideal candidate has 8-14 years of experience and is proficient in Wireframing, Prototyping, Motion Design, Interaction Design, Design Systems, Usability Testing, After Effects. Responsibilities include collaborating with cross-functional teams, delivering high-quality work, and driving design initiatives."
Principal Program Manager,Product & Management,Leadership; Roadmapping; Communication; Risk Management; Reporting; Strategy; Agile,Principal,"We are seeking a Principal Program Manager to join our Healthcare team. The ideal candidate has 12-20 years of experience and is proficient in Leadership, Roadmapping, Communication, Risk Management, Reporting, Strategy, Agile. Responsibilities include collaborating with cross-functional teams, delivering high-quality work, and driving product & management initiatives."
Senior UX Designer,Design,Accessibility; Wireframing; Design Thinking; Personas; User Research; Information Architecture; Usability Testing,Senior,"We are seeking a Senior UX Designer to join our EdTech team. The ideal candidate has 6-10 years of experience and is proficient in Accessibility, Wireframing, Design Thinking, Personas, User Research, Information Architecture, Usability Testing. Responsibilities include collaborating with cross-functional teams, delivering high-quality work, and driving design initiatives."
Lead Cloud Engineer,Cloud & Infrastructure,Python; Terraform; Networking; CI/CD; Linux; Monitoring; AWS,Lead,"We are seeking a Lead Cloud Engineer to join our Gaming team. The ideal candidate has 8-14 years of experience and is proficient in Python, Terraform, Networking, CI/CD, Linux, Monitoring, AWS. Responsibilities include collaborating with cross-functional teams, delivering high-quality work, and driving cloud & infrastructure initiatives."
Lead Computer Vision Engineer,Data & AI,Machine Learning; C++; Python; Image Processing; PyTorch; Deep Learning; OpenCV,Lead,"We are seeking a Lead Computer Vision Engineer to join our SaaS team. The ideal candidate has 8-14 years of experience and is proficient in Machine Learning, C++, Python, Image Processing, PyTorch, Deep Learning, OpenCV. Responsibilities include collaborating with cross-functional teams, delivering high-quality work, and driving data & ai initiatives."
Senior UX Designer,Design,Journey Mapping; Design Thinking; Personas; User Research; Wireframing,Senior,"We are seeking a Senior UX Designer to join our Healthcare team. The ideal candidate has 6-10 years of experience and is proficient in Journey Mapping, Design Thinking, Personas, User Research, Wireframing. Responsibilities include collaborating with cross-functional teams, delivering high-quality work, and driving design initiatives."
Junior Financial Analyst,Business,Excel; SQL; Power BI; Forecasting; Reporting; Budgeting,Junior,"We are seeking a Junior Financial Analyst to join our Gaming team. The ideal candidate has 1-3 years of experience and is proficient in Excel, SQL, Power BI, Forecasting, Reporting, Budgeting. Responsibilities include collaborating with cross-functional teams, delivering high-quality work, and driving business initiatives."
Senior DevOps Engineer,Software Engineering,Jenkins; Terraform; CI/CD; AWS; Monitoring,Senior,"We are seeking a Senior DevOps Engineer to join our Enterprise team. The ideal candidate has 6-10 years of experience and is proficient in Jenkins, Terraform, CI/CD, AWS, Monitoring. Responsibilities include collaborating with cross-functional teams, delivering high-quality work, and driving software engineering initiatives."
Senior Backend Developer,Software Engineering,REST APIs; Spring Boot; SQL; Python; Redis; Microservices,Senior,"We are seeking a Senior Backend Developer to join our Enterprise team. The ideal candidate has 6-10 years of experience and is proficient in REST APIs, Spring Boot, SQL, Python, Redis, Microservices. Responsibilities include collaborating with cross-functional teams, delivering high-quality work, and driving software engineering initiatives."
Principal HR Specialist,Business,Recruitment; Employee Relations; Compliance; Communication; Payroll,Principal,"We are seeking a Principal HR Specialist to join our Enterprise team. The ideal candidate has 12-20 years of experience and is proficient in Recruitment, Employee Relations, Compliance, Communication, Payroll. Responsibilities include collaborating with cross-functional teams, delivering high-quality work, and driving business initiatives."
Lead Scrum Master,Product & Management,Servant Leadership; Kanban; Communication; Agile; Coaching; Jira; Sprint Planning,Lead,"We are seeking a Lead Scrum Master to join our EdTech team. The ideal candidate has 8-14 years of experience and is proficient in Servant Leadership, Kanban, Communication, Agile, Coaching, Jira, Sprint Planning. Responsibilities include collaborating with cross-functional teams, delivering high-quality work, and driving product & management initiatives."
Senior Business Analyst,Business,Agile; Process Modeling; Communication; Data Analysis; Requirements Gathering; Stakeholder Management; UML,Senior,"We are seeking a Senior Business Analyst to join our E-commerce team. The ideal candidate has 6-10 years of experience and is proficient in Agile, Process Modeling, Communication, Data Analysis, Requirements Gathering, Stakeholder Management, UML. Responsibilities include collaborating with cross-functional teams, delivering high-quality work, and driving business initiatives."
Intern Cloud Engineer,Cloud & Infrastructure,Python; Docker; Monitoring; CloudFormation; Linux,Intern,"We are seeking a Intern Cloud Engineer to join our Gaming team. The ideal candidate has 0-1 years of experience and is proficient in Python, Docker, Monitoring, CloudFormation, Linux. Responsibilities include collaborating with cross-functional teams, delivering high-quality work, and driving cloud & infrastructure initiatives."
Intern Cloud Architect,Cloud & Infrastructure,Networking; System Design; Azure; Kubernetes; Security,Intern,"We are seeking a Intern Cloud Architect to join our Gaming team. The ideal candidate has 0-1 years of experience and is proficient in Networking, System Design, Azure, Kubernetes, Security. Responsibilities include collaborating with cross-functional teams, delivering high-quality work, and driving cloud & infrastructure initiatives."
Junior Backend Developer,Software Engineering,Java; Spring Boot; REST APIs; Microservices; Redis; GraphQL; Node.js,Junior,"We are seeking a Junior Backend Developer to join our Fintech team. The ideal candidate has 1-3 years of experience and is proficient in Java, Spring Boot, REST APIs, Microservices, Redis, GraphQL, Node.js. Responsibilities include collaborating with cross-functional teams, delivering high-quality work, and driving software engineering initiatives."
Intern Computer Vision Engineer,Data & AI,OpenCV; CUDA; Python; Deep Learning; Machine Learning,Intern,"We are seeking a Intern Computer Vision Engineer to join our Enterprise team. The ideal candidate has 0-1 years of experience and is proficient in OpenCV, CUDA, Python, Deep Learning, Machine Learning. Responsibilities include collaborating with cross-functional teams, delivering high-quality work, and driving data & ai initiatives."
Principal Network Engineer,Cloud & Infrastructure,Security; Cisco; Networking; VPN; Routing; Switching; Linux,Principal,"We are seeking a Principal Network Engineer to join our E-commerce team. The ideal candidate has 12-20 years of experience and is proficient in Security, Cisco, Networking, VPN, Routing, Switching, Linux. Responsibilities include collaborating with cross-functional teams, delivering high-quality work, and driving cloud & infrastructure initiatives."
Principal SEO Specialist,Marketing,SEMrush; SEO; Google Analytics; Link Building; Technical SEO; On-page SEO; Keyword Research,Principal,"We are seeking a Principal SEO Specialist to join our Startup team. The ideal candidate has 12-20 years of experience and is proficient in SEMrush, SEO, Google Analytics, Link Building, Technical SEO, On-page SEO, Keyword Research. Responsibilities include collaborating with cross-functional teams, delivering high-quality work, and driving marketing initiatives."
Intern UI Designer,Design,Prototyping; Typography; Wireframing; CSS; Sketch,Intern,"We are seeking a Intern UI Designer to join our E-commerce team. The ideal candidate has 0-1 years of experience and is proficient in Prototyping, Typography, Wireframing, CSS, Sketch. Responsibilities include collaborating with cross-functional teams, delivering high-quality work, and driving design initiatives."
Senior Financial Analyst,Business,Budgeting; Valuation; Financial Modeling; Accounting; Power BI; Excel; SQL,Senior,"We are seeking a Senior Financial Analyst to join our Healthcare team. The ideal candidate has 6-10 years of experience and is proficient in Budgeting, Valuation, Financial Modeling, Accounting, Power BI, Excel, SQL. Responsibilities include collaborating with cross-functional teams, delivering high-quality work, and driving business initiatives."
Mid-level Digital Marketing Specialist,Marketing,A/B Testing; Google Ads; CRM; Email Marketing; Analytics; SEO; Social Media,Mid-level,"We are seeking a Mid-level Digital Marketing Specialist to join our Healthcare team. The ideal candidate has 3-6 years of experience and is proficient in A/B Testing, Google Ads, CRM, Email Marketing, Analytics, SEO, Social Media. Responsibilities include collaborating with cross-functional teams, delivering high-quality work, and driving marketing initiatives."
Principal Computer Vision Engineer,Data & AI,CNN; CUDA; PyTorch; Python; TensorFlow,Principal,"We are seeking a Principal Computer Vision Engineer to join our Startup team. The ideal candidate has 12-20 years of experience and is proficient in CNN, CUDA, PyTorch, Python, TensorFlow. Responsibilities include collaborating with cross-functional teams, delivering high-quality work, and driving data & ai initiatives."
Principal Data Engineer,Data & AI,ETL; Airflow; AWS; Python; Data Modeling; Snowflake,Principal,"We are seeking a Principal Data Engineer to join our SaaS team. The ideal candidate has 12-20 years of experience and is proficient in ETL, Airflow, AWS, Python, Data Modeling, Snowflake. Responsibilities include collaborating with cross-functional teams, delivering high-quality work, and driving data & ai initiatives."
Junior HR Specialist,Business,Onboarding; Performance Management; Conflict Resolution; Training; Compliance; HRIS,Junior,"We are seeking a Junior HR Specialist to join our Startup team. The ideal candidate has 1-3 years of experience and is proficient in Onboarding, Performance Management, Conflict Resolution, Training, Compliance, HRIS. Responsibilities include collaborating with cross-functional teams, delivering high-quality work, and driving business initiatives."
Lead Network Engineer,Cloud & Infrastructure,Routing; Linux; Cisco; TCP/IP; DNS; Networking,Lead,"We are seeking a Lead Network Engineer to join our EdTech team. The ideal candidate has 8-14 years of experience and is proficient in Routing, Linux, Cisco, TCP/IP, DNS, Networking. Responsibilities include collaborating with cross-functional teams, delivering high-quality work, and driving cloud & infrastructure initiatives."
Intern Computer Vision Engineer,Data & AI,CUDA; Python; OpenCV; PyTorch; TensorFlow,Intern,"We are seeking a Intern Computer Vision Engineer to join our Fintech team. The ideal candidate has 0-1 years of experience and is proficient in CUDA, Python, OpenCV, PyTorch, TensorFlow. Responsibilities include collaborating with cross-functional teams, delivering high-quality work, and driving data & ai initiatives."
Intern UI Designer,Design,Wireframing; CSS; Figma; Sketch; Typography; Adobe XD,Intern,"We are seeking a Intern UI Designer to join our Fintech team. The ideal candidate has 0-1 years of experience and is proficient in Wireframing, CSS, Figma, Sketch, Typography, Adobe XD. Responsibilities include collaborating with cross-functional teams, delivering high-quality work, and driving design initiatives."
Junior Site Reliability Engineer,Software Engineering,Linux; Kubernetes; Go; Python; Incident Response,Junior,"We are seeking a Junior Site Reliability Engineer to join our SaaS team. The ideal candidate has 1-3 years of experience and is proficient in Linux, Kubernetes, Go, Python, Incident Response. Responsibilities include collaborating with cross-functional teams, delivering high-quality work, and driving software engineering initiatives."
Senior Database Administrator,Cloud & Infrastructure,Oracle; Performance Tuning; PostgreSQL; MongoDB; SQL,Senior,"We are seeking a Senior Database Administrator to join our Startup team. The ideal candidate has 6-10 years of experience and is proficient in Oracle, Performance Tuning, PostgreSQL, MongoDB, SQL. Responsibilities include collaborating with cross-functional teams, delivering high-quality work, and driving cloud & infrastructure initiatives."
Intern Backend Developer,Software Engineering,Node.js; SQL; Java; Django; Spring Boot; Redis,Intern,"We are seeking a Intern Backend Developer to join our Fintech team. The ideal candidate has 0-1 years of experience and is proficient in Node.js, SQL, Java, Django, Spring Boot, Redis. Responsibilities include collaborating with cross-functional teams, delivering high-quality work, and driving software engineering initiatives."
Senior Data Scientist,Data & AI,Machine Learning; TensorFlow; Scikit-learn; Python; NumPy; Jupyter,Senior,"We are seeking a Senior Data Scientist to join our Fintech team. The ideal candidate has 6-10 years of experience and is proficient in Machine Learning, TensorFlow, Scikit-learn, Python, NumPy, Jupyter. Responsibilities include collaborating with cross-functional teams, delivering high-quality work, and driving data & ai initiatives."
Junior HR Specialist,Business,Payroll; Performance Management; Training; HRIS; Conflict Resolution; Communication; Onboarding,Junior,"We are seeking a Junior HR Specialist to join our Gaming team. The ideal candidate has 1-3 years of experience and is proficient in Payroll, Performance Management, Training, HRIS, Conflict Resolution, Communication, Onboarding. Responsibilities include collaborating with cross-functional teams, delivering high-quality work, and driving business initiatives."
Intern NLP Engineer,Data & AI,spaCy; Transformers; PyTorch; Deep Learning; Python; BERT,Intern,"We are seeking a Intern NLP Engineer to join our Healthcare team. The ideal candidate has 0-1 years of experience and is proficient in spaCy, Transformers, PyTorch, Deep Learning, Python, BERT. Responsibilities include collaborating with cross-functional teams, delivering high-quality work, and driving data & ai initiatives."
Principal Computer Vision Engineer,Data & AI,CNN; PyTorch; Deep Learning; Image Processing; Machine Learning; TensorFlow; CUDA,Principal,"We are seeking a Principal Computer Vision Engineer to join our Gaming team. The ideal candidate has 12-20 years of experience and is proficient in CNN, PyTorch, Deep Learning, Image Processing, Machine Learning, TensorFlow, CUDA. Responsibilities include collaborating with cross-functional teams, delivering high-quality work, and driving data & ai initiatives."
Senior Product Designer,Design,UX Design; Interaction Design; Wireframing; UI Design; Figma; Usability Testing,Senior,"We are seeking a Senior Product Designer to join our Enterprise team. The ideal candidate has 6-10 years of experience and is proficient in UX Design, Interaction Design, Wireframing, UI Design, Figma, Usability Testing. Responsibilities include collaborating with cross-functional teams, delivering high-quality work, and driving design initiatives."
Senior Site Reliability Engineer,Software Engineering,Incident Response; Linux; Terraform; Grafana; AWS; Kubernetes,Senior,"We are seeking a Senior Site Reliability Engineer to join our Fintech team. The ideal candidate has 6-10 years of experience and is proficient in Incident Response, Linux, Terraform, Grafana, AWS, Kubernetes. Responsibilities include collaborating with cross-functional teams, delivering high-quality work, and driving software engineering initiatives."
Mid-level Data Scientist,Data & AI,NumPy; Python; Machine Learning; TensorFlow; Scikit-learn; Jupyter,Mid-level,"We are seeking a Mid-level Data Scientist to join our Startup team. The ideal candidate has 3-6 years of experience and is proficient in NumPy, Python, Machine Learning, TensorFlow, Scikit-learn, Jupyter. Responsibilities include collaborating with cross-functional teams, delivering high-quality work, and driving data & ai initiatives."
Intern Graphic Designer,Design,Creativity; Layout Design; Color Theory; Photoshop; Adobe XD; Illustrator; InDesign,Intern,"We are seeking a Intern Graphic Designer to join our SaaS team. The ideal candidate has 0-1 years of experience and is proficient in Creativity, Layout Design, Color Theory, Photoshop, Adobe XD, Illustrator, InDesign. Responsibilities include collaborating with cross-functional teams, delivering high-quality work, and driving design initiatives."
Senior Backend Developer,Software Engineering,Node.js; Django; SQL; Python; Java; GraphQL,Senior,"We are seeking a Senior Backend Developer to join our Startup team. The ideal candidate has 6-10 years of experience and is proficient in Node.js, Django, SQL, Python, Java, GraphQL. Responsibilities include collaborating with cross-functional teams, delivering high-quality work, and driving software engineering initiatives."
Junior AI Researcher,Data & AI,PyTorch; Machine Learning; Deep Learning; Python; Publications; TensorFlow,Junior,"We are seeking a Junior AI Researcher to join our Startup team. The ideal candidate has 1-3 years of experience and is proficient in PyTorch, Machine Learning, Deep Learning, Python, Publications, TensorFlow. Responsibilities include collaborating with cross-functional teams, delivering high-quality work, and driving data & ai initiatives."
Senior DevOps Engineer,Software Engineering,Jenkins; Terraform; Linux; CI/CD; AWS; Kubernetes; Docker,Senior,"We are seeking a Senior DevOps Engineer to join our EdTech team. The ideal candidate has 6-10 years of experience and is proficient in Jenkins, Terraform, Linux, CI/CD, AWS, Kubernetes, Docker. Responsibilities include collaborating with cross-functional teams, delivering high-quality work, and driving software engineering initiatives."
Mid-level Sales Engineer,Business,Negotiation; Communication; APIs; Technical Sales; Cloud; Product Demos,Mid-level,"We are seeking a Mid-level Sales Engineer to join our E-commerce team. The ideal candidate has 3-6 years of experience and is proficient in Negotiation, Communication, APIs, Technical Sales, Cloud, Product Demos. Responsibilities include collaborating with cross-functional teams, delivering high-quality work, and driving business initiatives."
Intern Sales Engineer,Business,Cloud; CRM; Presentations; Solution Design; Communication; Product Demos; Negotiation,Intern,"We are seeking a Intern Sales Engineer to join our Enterprise team. The ideal candidate has 0-1 years of experience and is proficient in Cloud, CRM, Presentations, Solution Design, Communication, Product Demos, Negotiation. Responsibilities include collaborating with cross-functional teams, delivering high-quality work, and driving business initiatives."
Principal Business Analyst,Business,Process Modeling; Requirements Gathering; Data Analysis; Communication; UML,Principal,"We are seeking a Principal Business Analyst to join our E-commerce team. The ideal candidate has 12-20 years of experience and is proficient in Process Modeling, Requirements Gathering, Data Analysis, Communication, UML. Responsibilities include collaborating with cross-functional teams, delivering high-quality work, and driving business initiatives."
Senior Data Analyst,Data & AI,Data Cleaning; Excel; Reporting; Power BI; Pandas; Python,Senior,"We are seeking a Senior Data Analyst to join our Gaming team. The ideal candidate has 6-10 years of experience and is proficient in Data Cleaning, Excel, Reporting, Power BI, Pandas, Python. Responsibilities include collaborating with cross-functional teams, delivering high-quality work, and driving data & ai initiatives."
Intern Cloud Engineer,Cloud & Infrastructure,Monitoring; Python; Kubernetes; Linux; AWS; Docker,Intern,"We are seeking a Intern Cloud Engineer to join our E-commerce team. The ideal candidate has 0-1 years of experience and is proficient in Monitoring, Python, Kubernetes, Linux, AWS, Docker. Responsibilities include collaborating with cross-functional teams, delivering high-quality work, and driving cloud & infrastructure initiatives."
Senior UI Designer,Design,Wireframing; Figma; HTML; Adobe XD; Sketch,Senior,"We are seeking a Senior UI Designer to join our SaaS team. The ideal candidate has 6-10 years of experience and is proficient in Wireframing, Figma, HTML, Adobe XD, Sketch. Responsibilities include collaborating with cross-functional teams, delivering high-quality work, and driving design initiatives."
Junior Computer Vision Engineer,Data & AI,Python; C++; CUDA; PyTorch; Image Processing; Machine Learning,Junior,"We are seeking a Junior Computer Vision Engineer to join our Fintech team. The ideal candidate has 1-3 years of experience and is proficient in Python, C++, CUDA, PyTorch, Image Processing, Machine Learning. Responsibilities include collaborating with cross-functional teams, delivering high-quality work, and driving data & ai initiatives."
Senior Game Developer,Software Engineering,Game Design; C#; Shaders; Physics; C++,Senior,"We are seeking a Senior Game Developer to join our Startup team. The ideal candidate has 6-10 years of experience and is proficient in Game Design, C#, Shaders, Physics, C++. Responsibilities include collaborating with cross-functional teams, delivering high-quality work, and driving software engineering initiatives."
Intern Backend Developer,Software Engineering,Django; GraphQL; Spring Boot; Python; REST APIs; Node.js,Intern,"We are seeking a Intern Backend Developer to join our E-commerce team. The ideal candidate has 0-1 years of experience and is proficient in Django, GraphQL, Spring Boot, Python, REST APIs, Node.js. Responsibilities include collaborating with cross-functional teams, delivering high-quality work, and driving software engineering initiatives."
Senior UI Designer,Design,Wireframing; Figma; Design Systems; Adobe XD; Color Theory; Prototyping,Senior,"We are seeking a Senior UI Designer to join our Gaming team. The ideal candidate has 6-10 years of experience and is proficient in Wireframing, Figma, Design Systems, Adobe XD, Color Theory, Prototyping. Responsibilities include collaborating with cross-functional teams, delivering high-quality work, and driving design initiatives."
Senior Game Developer,Software Engineering,C#; Physics; Optimization; Unity; Game Design; Shaders,Senior,"We are seeking a Senior Game Developer to join our E-commerce team. The ideal candidate has 6-10 years of experience and is proficient in C#, Physics, Optimization, Unity, Game Design, Shaders. Responsibilities include collaborating with cross-functional teams, delivering high-quality work, and driving software engineering initiatives."
Principal Software Architect,Software Engineering,Java; Microservices; Kafka; REST APIs; Scalability,Principal,"We are seeking a Principal Software Architect to join our Gaming team. The ideal candidate has 12-20 years of experience and is proficient in Java, Microservices, Kafka, REST APIs, Scalability. Responsibilities include collaborating with cross-functional teams, delivering high-quality work, and driving software engineering initiatives."
Mid-level Network Engineer,Cloud & Infrastructure,Switching; Firewalls; Cisco; Networking; TCP/IP; Linux; Security,Mid-level,"We are seeking a Mid-level Network Engineer to join our Startup team. The ideal candidate has 3-6 years of experience and is proficient in Switching, Firewalls, Cisco, Networking, TCP/IP, Linux, Security. Responsibilities include collaborating with cross-functional teams, delivering high-quality work, and driving cloud & infrastructure initiatives."
Senior Software Architect,Software Engineering,System Design; AWS; Leadership; Scalability; REST APIs; Java; Kafka,Senior,"We are seeking a Senior Software Architect to join our Gaming team. The ideal candidate has 6-10 years of experience and is proficient in System Design, AWS, Leadership, Scalability, REST APIs, Java, Kafka. Responsibilities include collaborating with cross-functional teams, delivering high-quality work, and driving software engineering initiatives."
Mid-level Product Owner,Product & Management,Scrum; Roadmapping; Stakeholder Management; Jira; User Stories; Communication,Mid-level,"We are seeking a Mid-level Product Owner to join our Startup team. The ideal candidate has 3-6 years of experience and is proficient in Scrum, Roadmapping, Stakeholder Management, Jira, User Stories, Communication. Responsibilities include collaborating with cross-functional teams, delivering high-quality work, and driving product & management initiatives."
Mid-level Security Engineer,Cloud & Infrastructure,Incident Response; Penetration Testing; SIEM; Network Security; OWASP; Encryption; Firewalls,Mid-level,"We are seeking a Mid-level Security Engineer to join our Gaming team. The ideal candidate has 3-6 years of experience and is proficient in Incident Response, Penetration Testing, SIEM, Network Security, OWASP, Encryption, Firewalls. Responsibilities include collaborating with cross-functional teams, delivering high-quality work, and driving cloud & infrastructure initiatives."
Principal Project Manager,Product & Management,Communication; Scrum; Budgeting; Stakeholder Management; Leadership; Jira; Risk Management,Principal,"We are seeking a Principal Project Manager to join our E-commerce team. The ideal candidate has 12-20 years of experience and is proficient in Communication, Scrum, Budgeting, Stakeholder Management, Leadership, Jira, Risk Management. Responsibilities include collaborating with cross-functional teams, delivering high-quality work, and driving product & management initiatives."
Intern Business Intelligence Analyst,Data & AI,Reporting; Data Warehousing; Power BI; Tableau; Excel; SQL,Intern,"We are seeking a Intern Business Intelligence Analyst to join our Gaming team. The ideal candidate has 0-1 years of experience and is proficient in Reporting, Data Warehousing, Power BI, Tableau, Excel, SQL. Responsibilities include collaborating with cross-functional teams, delivering high-quality work, and driving data & ai initiatives."
Mid-level DevOps Engineer,Software Engineering,Bash; Terraform; Monitoring; Jenkins; Docker; Ansible,Mid-level,"We are seeking a Mid-level DevOps Engineer to join our E-commerce team. The ideal candidate has 3-6 years of experience and is proficient in Bash, Terraform, Monitoring, Jenkins, Docker, Ansible. Responsibilities include collaborating with cross-functional teams, delivering high-quality work, and driving software engineering initiatives."
Mid-level SEO Specialist,Marketing,SEO; Link Building; HTML; Technical SEO; Keyword Research; Copywriting,Mid-level,"We are seeking a Mid-level SEO Specialist to join our EdTech team. The ideal candidate has 3-6 years of experience and is proficient in SEO, Link Building, HTML, Technical SEO, Keyword Research, Copywriting. Responsibilities include collaborating with cross-functional teams, delivering high-quality work, and driving marketing initiatives."
Lead Network Engineer,Cloud & Infrastructure,Firewalls; Linux; TCP/IP; Cisco; DNS; VPN,Lead,"We are seeking a Lead Network Engineer to join our SaaS team. The ideal candidate has 8-14 years of experience and is proficient in Firewalls, Linux, TCP/IP, Cisco, DNS, VPN. Responsibilities include collaborating with cross-functional teams, delivering high-quality work, and driving cloud & infrastructure initiatives."
Principal Business Analyst,Business,UML; Documentation; Stakeholder Management; Communication; Process Modeling; SQL; Requirements Gathering,Principal,"We are seeking a Principal Business Analyst to join our Enterprise team. The ideal candidate has 12-20 years of experience and is proficient in UML, Documentation, Stakeholder Management, Communication, Process Modeling, SQL, Requirements Gathering. Responsibilities include collaborating with cross-functional teams, delivering high-quality work, and driving business initiatives."
Principal Site Reliability Engineer,Software Engineering,Linux; Terraform; Incident Response; Monitoring; Python,Principal,"We are seeking a Principal Site Reliability Engineer to join our Enterprise team. The ideal candidate has 12-20 years of experience and is proficient in Linux, Terraform, Incident Response, Monitoring, Python. Responsibilities include collaborating with cross-functional teams, delivering high-quality work, and driving software engineering initiatives."
Junior Business Intelligence Analyst,Data & AI,Data Warehousing; Excel; Dashboards; SQL; Tableau; Reporting; Power BI,Junior,"We are seeking a Junior Business Intelligence Analyst to join our Gaming team. The ideal candidate has 1-3 years of experience and is proficient in Data Warehousing, Excel, Dashboards, SQL, Tableau, Reporting, Power BI. Responsibilities include collaborating with cross-functional teams, delivering high-quality work, and driving data & ai initiatives."
Junior Cloud Engineer,Cloud & Infrastructure,Linux; Terraform; Docker; Kubernetes; AWS; CI/CD; CloudFormation,Junior,"We are seeking a Junior Cloud Engineer to join our EdTech team. The ideal candidate has 1-3 years of experience and is proficient in Linux, Terraform, Docker, Kubernetes, AWS, CI/CD, CloudFormation. Responsibilities include collaborating with cross-functional teams, delivering high-quality work, and driving cloud & infrastructure initiatives."
Senior Business Intelligence Analyst,Data & AI,Reporting; Tableau; DAX; SQL; Data Warehousing,Senior,"We are seeking a Senior Business Intelligence Analyst to join our E-commerce team. The ideal candidate has 6-10 years of experience and is proficient in Reporting, Tableau, DAX, SQL, Data Warehousing. Responsibilities include collaborating with cross-functional teams, delivering high-quality work, and driving data & ai initiatives."
Intern NLP Engineer,Data & AI,Deep Learning; BERT; Machine Learning; spaCy; Python; PyTorch; Tokenization,Intern,"We are seeking a Intern NLP Engineer to join our Startup team. The ideal candidate has 0-1 years of experience and is proficient in Deep Learning, BERT, Machine Learning, spaCy, Python, PyTorch, Tokenization. Responsibilities include collaborating with cross-functional teams, delivering high-quality work, and driving data & ai initiatives."
Lead Backend Developer,Software Engineering,Spring Boot; SQL; Node.js; Microservices; REST APIs; GraphQL,Lead,"We are seeking a Lead Backend Developer to join our EdTech team. The ideal candidate has 8-14 years of experience and is proficient in Spring Boot, SQL, Node.js, Microservices, REST APIs, GraphQL. Responsibilities include collaborating with cross-functional teams, delivering high-quality work, and driving software engineering initiatives."
Mid-level QA Engineer,Software Engineering,Postman; Selenium; Python; Cypress; Jira; CI/CD; Manual Testing,Mid-level,"We are seeking a Mid-level QA Engineer to join our EdTech team. The ideal candidate has 3-6 years of experience and is proficient in Postman, Selenium, Python, Cypress, Jira, CI/CD, Manual Testing. Responsibilities include collaborating with cross-functional teams, delivering high-quality work, and driving software engineering initiatives."
Mid-level UX Designer,Design,Personas; Accessibility; Prototyping; Figma; Wireframing; Journey Mapping; Information Architecture,Mid-level,"We are seeking a Mid-level UX Designer to join our Fintech team. The ideal candidate has 3-6 years of experience and is proficient in Personas, Accessibility, Prototyping, Figma, Wireframing, Journey Mapping, Information Architecture. Responsibilities include collaborating with cross-functional teams, delivering high-quality work, and driving design initiatives."
Junior Software Architect,Software Engineering,AWS; Docker; Scalability; Leadership; Design Patterns; System Design; REST APIs,Junior,"We are seeking a Junior Software Architect to join our Startup team. The ideal candidate has 1-3 years of experience and is proficient in AWS, Docker, Scalability, Leadership, Design Patterns, System Design, REST APIs. Responsibilities include collaborating with cross-functional teams, delivering high-quality work, and driving software engineering initiatives."
Senior Project Manager,Product & Management,Budgeting; Scrum; Leadership; Agile; Planning; Jira; Risk Management,Senior,"We are seeking a Senior Project Manager to join our SaaS team. The ideal candidate has 6-10 years of experience and is proficient in Budgeting, Scrum, Leadership, Agile, Planning, Jira, Risk Management. Responsibilities include collaborating with cross-functional teams, delivering high-quality work, and driving product & management initiatives."
Principal Scrum Master,Product & Management,Agile; Communication; Servant Leadership; Facilitation; Retrospectives,Principal,"We are seeking a Principal Scrum Master to join our Fintech team. The ideal candidate has 12-20 years of experience and is proficient in Agile, Communication, Servant Leadership, Facilitation, Retrospectives. Responsibilities include collaborating with cross-functional teams, delivering high-quality work, and driving product & management initiatives."
Mid-level Cloud Architect,Cloud & Infrastructure,Networking; Cost Optimization; Microservices; AWS; Azure; GCP; System Design,Mid-level,"We are seeking a Mid-level Cloud Architect to join our Enterprise team. The ideal candidate has 3-6 years of experience and is proficient in Networking, Cost Optimization, Microservices, AWS, Azure, GCP, System Design. Responsibilities include collaborating with cross-functional teams, delivering high-quality work, and driving cloud & infrastructure initiatives."
Senior Backend Developer,Software Engineering,Node.js; SQL; Django; Redis; GraphQL,Senior,"We are seeking a Senior Backend Developer to join our Healthcare team. The ideal candidate has 6-10 years of experience and is proficient in Node.js, SQL, Django, Redis, GraphQL. Responsibilities include collaborating with cross-functional teams, delivering high-quality work, and driving software engineering initiatives."
