title,category,skills,level,description
Junior Program Manager,Product & Management,Risk Management; Leadership; Reporting; Agile; Stakeholder Management; Budgeting; Communication; Roadmapping,PhD,"Innovative Program Manager with 3 years of experience skilled in Risk Management, Leadership, Reporting. Holds a PhD. Seeking to leverage expertise to deliver impact."
Lead Content Strategist,Marketing,Analytics; Storytelling; Editorial Planning; Brand Voice; Copywriting; CMS; Content Marketing,Master's Degree,"Experienced Content Strategist with 12 years of experience skilled in Analytics, Storytelling, Editorial Planning. Holds a Master's Degree. Seeking to leverage expertise to deliver impact."
Senior Operations Manager,Business,Budgeting; Communication; Analytics; Leadership,Master's Degree,"Dedicated Operations Manager with 7 years of experience skilled in Budgeting, Communication, Analytics. Holds a Master's Degree. Seeking to leverage expertise to deliver impact."
Senior Data Engineer,Data & AI,Airflow; AWS; Spark; Snowflake,Associate Degree,"Dedicated Data Engineer with 10 years of experience skilled in Airflow, AWS, Spark. Holds a Associate Degree. Seeking to leverage expertise to deliver impact."
Junior Database Administrator,Cloud & Infrastructure,Replication; Performance Tuning; MongoDB; PostgreSQL; Linux,Master's Degree,"Innovative Database Administrator with 1 years of experience skilled in Replication, Performance Tuning, MongoDB. Holds a Master's Degree. Seeking to leverage expertise to deliver impact."
Lead Operations Manager,Business,Operations Management; Process Improvement; Vendor Management; Communication; Lean; Analytics; Leadership; Six Sigma,High School,"Innovative Operations Manager with 14 years of experience skilled in Operations Management, Process Improvement, Vendor Management. Holds a High School. Seeking to leverage expertise to deliver impact."
Junior Product Manager,Product & Management,User Stories; Market Research; Agile; Stakeholder Management; Communication,PhD,"Collaborative Product Manager with 2 years of experience skilled in User Stories, Market Research, Agile. Holds a PhD. Seeking to leverage expertise to deliver impact."
Mid-level Social Media Manager,Marketing,Copywriting; Engagement; Content Creation; Canva; Branding,Associate Degree,"Passionate Social Media Manager with 4 years of experience skilled in Copywriting, Engagement, Content Creation. Holds a Associate Degree. Seeking to leverage expertise to deliver impact."
Intern Product Owner,Product & Management,Jira; Roadmapping; Agile; Stakeholder Management; Communication; Prioritization; Analytics; Scrum,High School,"Passionate Product Owner with 0 years of experience skilled in Jira, Roadmapping, Agile. Holds a High School. Seeking to leverage expertise to deliver impact."
Intern SEO Specialist,Marketing,Google Analytics; SEMrush; On-page SEO; Link Building,Associate Degree,"Results-driven SEO Specialist with 1 years of experience skilled in Google Analytics, SEMrush, On-page SEO. Holds a Associate Degree. Seeking to leverage expertise to deliver impact."
Principal Business Analyst,Business,Data Analysis; Excel; Communication; Requirements Gathering; Process Modeling; Stakeholder Management,Bachelor's Degree,"Detail-oriented Business Analyst with 17 years of experience skilled in Data Analysis, Excel, Communication. Holds a Bachelor's Degree. Seeking to leverage expertise to deliver impact."
Intern Project Manager,Product & Management,Risk Management; Stakeholder Management; Planning; Scrum; Agile,Bachelor's Degree,"Experienced Project Manager with 0 years of experience skilled in Risk Management, Stakeholder Management, Planning. Holds a Bachelor's Degree. Seeking to leverage expertise to deliver impact."
Mid-level QA Engineer,Software Engineering,Python; Selenium; Jira; Test Automation; Cypress; Postman; Bug Tracking; Manual Testing,PhD,"Results-driven QA Engineer with 5 years of experience skilled in Python, Selenium, Jira. Holds a PhD. Seeking to leverage expertise to deliver impact."
Mid-level Growth Marketer,Marketing,Growth Hacking; SEO; Paid Ads; Analytics; Experimentation,Bachelor's Degree,"Results-driven Growth Marketer with 6 years of experience skilled in Growth Hacking, SEO, Paid Ads. Holds a Bachelor's Degree. Seeking to leverage expertise to deliver impact."
Principal UI Designer,Design,Sketch; Color Theory; Figma; Wireframing; Typography; HTML; CSS,Master's Degree,"Motivated UI Designer with 16 years of experience skilled in Sketch, Color Theory, Figma. Holds a Master's Degree. Seeking to leverage expertise to deliver impact."
Senior Social Media Manager,Marketing,Social Media; Copywriting; Canva; Analytics; Scheduling Tools; Branding; Community Management,Bachelor's Degree,"Passionate Social Media Manager with 9 years of experience skilled in Social Media, Copywriting, Canva. Holds a Bachelor's Degree. Seeking to leverage expertise to deliver impact."
Principal Product Manager,Product & Management,Communication; User Stories; Jira; Stakeholder Management; Prioritization; Roadmapping,High School,"Innovative Product Manager with 19 years of experience skilled in Communication, User Stories, Jira. Holds a High School. Seeking to leverage expertise to deliver impact."
Intern Cloud Architect,Cloud & Infrastructure,GCP; Azure; System Design; AWS,Bachelor's Degree,"Detail-oriented Cloud Architect with 0 years of experience skilled in GCP, Azure, System Design. Holds a Bachelor's Degree. Seeking to leverage expertise to deliver impact."
Lead Data Scientist,Data & AI,Pandas; Jupyter; Python; Statistics; TensorFlow,Bachelor's Degree,"Detail-oriented Data Scientist with 13 years of experience skilled in Pandas, Jupyter, Python. Holds a Bachelor's Degree. Seeking to leverage expertise to deliver impact."
Lead Data Scientist,Data & AI,Statistics; Pandas; Data Visualization; Python; Jupyter; TensorFlow; Machine Learning,High School,"Passionate Data Scientist with 13 years of experience skilled in Statistics, Pandas, Data Visualization. Holds a High School. Seeking to leverage expertise to deliver impact."
Principal QA Engineer,Software Engineering,Selenium; Jira; JUnit; Test Automation,High School,"Dedicated QA Engineer with 12 years of experience skilled in Selenium, Jira, JUnit. Holds a High School. Seeking to leverage expertise to deliver impact."
Principal Graphic Designer,Design,Typography; Adobe XD; Print Design; Layout Design; Creativity; Branding; Illustrator; Color Theory,PhD,"Results-driven Graphic Designer with 16 years of experience skilled in Typography, Adobe XD, Print Design. Holds a PhD. Seeking to leverage expertise to deliver impact."
Junior SEO Specialist,Marketing,SEO; Keyword Research; Google Analytics; Copywriting; On-page SEO; SEMrush; Content Strategy; Technical SEO,High School,"Motivated SEO Specialist with 1 years of experience skilled in SEO, Keyword Research, Google Analytics. Holds a High School. Seeking to leverage expertise to deliver impact."
Mid-level Data Engineer,Data & AI,Spark; AWS; Kafka; Snowflake; Airflow,Associate Degree,"Dedicated Data Engineer with 5 years of experience skilled in Spark, AWS, Kafka. Holds a Associate Degree. Seeking to leverage expertise to deliver impact."
Mid-level AI Researcher,Data & AI,Reinforcement Learning; Python; Mathematics; PyTorch; Deep Learning,High School,"Detail-oriented AI Researcher with 3 years of experience skilled in Reinforcement Learning, Python, Mathematics. Holds a High School. Seeking to leverage expertise to deliver impact."
Mid-level Growth Marketer,Marketing,CRM; Email Marketing; A/B Testing; Funnel Optimization,High School,"Detail-oriented Growth Marketer with 6 years of experience skilled in CRM, Email Marketing, A/B Testing. Holds a High School. Seeking to leverage expertise to deliver impact."
Lead Graphic Designer,Design,Print Design; Illustrator; Branding; Layout Design; InDesign; Typography,Master's Degree,"Innovative Graphic Designer with 10 years of experience skilled in Print Design, Illustrator, Branding. Holds a Master's Degree. Seeking to leverage expertise to deliver impact."
Mid-level Growth Marketer,Marketing,Funnel Optimization; Experimentation; SEO; A/B Testing; Paid Ads; Email Marketing; Growth Hacking,Master's Degree,"Collaborative Growth Marketer with 5 years of experience skilled in Funnel Optimization, Experimentation, SEO. Holds a Master's Degree. Seeking to leverage expertise to deliver impact."
Mid-level Content Strategist,Marketing,Brand Voice; Social Media; Research; Copywriting; CMS; Editorial Planning; Storytelling,Associate Degree,"Innovative Content Strategist with 3 years of experience skilled in Brand Voice, Social Media, Research. Holds a Associate Degree. Seeking to leverage expertise to deliver impact."
Principal Scrum Master,Product & Management,Sprint Planning; Kanban; Scrum; Jira; Communication,Associate Degree,"Passionate Scrum Master with 14 years of experience skilled in Sprint Planning, Kanban, Scrum. Holds a Associate Degree. Seeking to leverage expertise to deliver impact."
Intern NLP Engineer,Data & AI,Text Mining; BERT; spaCy; Deep Learning,Associate Degree,"Results-driven NLP Engineer with 1 years of experience skilled in Text Mining, BERT, spaCy. Holds a Associate Degree. Seeking to leverage expertise to deliver impact."
Senior Growth Marketer,Marketing,Paid Ads; Experimentation; CRM; A/B Testing; Email Marketing,PhD,"Collaborative Growth Marketer with 9 years of experience skilled in Paid Ads, Experimentation, CRM. Holds a PhD. Seeking to leverage expertise to deliver impact."
Senior Digital Marketing Specialist,Marketing,Copywriting; SEO; Social Media; CRM; Campaign Management,Master's Degree,"Experienced Digital Marketing Specialist with 8 years of experience skilled in Copywriting, SEO, Social Media. Holds a Master's Degree. Seeking to leverage expertise to deliver impact."
Junior Data Scientist,Data & AI,TensorFlow; Scikit-learn; SQL; Data Visualization; Python; NumPy; Pandas; Jupyter,Bachelor's Degree,"Dedicated Data Scientist with 3 years of experience skilled in TensorFlow, Scikit-learn, SQL. Holds a Bachelor's Degree. Seeking to leverage expertise to deliver impact."
Intern Operations Manager,Business,Supply Chain; Vendor Management; Leadership; Communication; Analytics; Lean; Process Improvement; Budgeting,High School,"Results-driven Operations Manager with 1 years of experience skilled in Supply Chain, Vendor Management, Leadership. Holds a High School. Seeking to leverage expertise to deliver impact."
Mid-level SEO Specialist,Marketing,Link Building; HTML; Technical SEO; On-page SEO; Keyword Research; Google Analytics; Copywriting,PhD,"Innovative SEO Specialist with 5 years of experience skilled in Link Building, HTML, Technical SEO. Holds a PhD. Seeking to leverage expertise to deliver impact."
Mid-level Database Administrator,Cloud & Infrastructure,MySQL; Performance Tuning; Oracle; Linux; Backup & Recovery,Associate Degree,"Collaborative Database Administrator with 4 years of experience skilled in MySQL, Performance Tuning, Oracle. Holds a Associate Degree. Seeking to leverage expertise to deliver impact."
Senior Database Administrator,Cloud & Infrastructure,Performance Tuning; Linux; PostgreSQL; Oracle,PhD,"Innovative Database Administrator with 7 years of experience skilled in Performance Tuning, Linux, PostgreSQL. Holds a PhD. Seeking to leverage expertise to deliver impact."
Lead QA Engineer,Software Engineering,Python; Manual Testing; Test Automation; JUnit; Jira; Bug Tracking; Cypress,Associate Degree,"Innovative QA Engineer with 13 years of experience skilled in Python, Manual Testing, Test Automation. Holds a Associate Degree. Seeking to leverage expertise to deliver impact."
Senior Mobile Developer,Software Engineering,React Native; Kotlin; iOS; Flutter; Android SDK,PhD,"Passionate Mobile Developer with 9 years of experience skilled in React Native, Kotlin, iOS. Holds a PhD. Seeking to leverage expertise to deliver impact."
Mid-level UI Designer,Design,Color Theory; CSS; Prototyping; Design Systems; Wireframing; Sketch; Figma,High School,"Motivated UI Designer with 5 years of experience skilled in Color Theory, CSS, Prototyping. Holds a High School. Seeking to leverage expertise to deliver impact."
Lead Cloud Engineer,Cloud & Infrastructure,Kubernetes; Python; CloudFormation; CI/CD; AWS; Docker,Associate Degree,"Passionate Cloud Engineer with 10 years of experience skilled in Kubernetes, Python, CloudFormation. Holds a Associate Degree. Seeking to leverage expertise to deliver impact."
Intern UX Designer,Design,Personas; Wireframing; Information Architecture; Prototyping,Master's Degree,"Dedicated UX Designer with 0 years of experience skilled in Personas, Wireframing, Information Architecture. Holds a Master's Degree. Seeking to leverage expertise to deliver impact."
Junior Security Engineer,Cloud & Infrastructure,Incident Response; Linux; Penetration Testing; SIEM; Firewalls; Python; Network Security; Encryption,Master's Degree,"Experienced Security Engineer with 3 years of experience skilled in Incident Response, Linux, Penetration Testing. Holds a Master's Degree. Seeking to leverage expertise to deliver impact."
Lead Data Analyst,Data & AI,Statistics; SQL; Excel; Reporting; Tableau,Master's Degree,"Innovative Data Analyst with 12 years of experience skilled in Statistics, SQL, Excel. Holds a Master's Degree. Seeking to leverage expertise to deliver impact."
Mid-level Data Scientist,Data & AI,Data Visualization; Python; SQL; Statistics; NumPy; Scikit-learn; Pandas,PhD,"Results-driven Data Scientist with 5 years of experience skilled in Data Visualization, Python, SQL. Holds a PhD. Seeking to leverage expertise to deliver impact."
Mid-level Sales Engineer,Business,Cloud; Technical Sales; APIs; Solution Design; Presentations; CRM,High School,"Detail-oriented Sales Engineer with 6 years of experience skilled in Cloud, Technical Sales, APIs. Holds a High School. Seeking to leverage expertise to deliver impact."
Junior Site Reliability Engineer,Software Engineering,Go; Grafana; Linux; Kubernetes,Bachelor's Degree,"Innovative Site Reliability Engineer with 2 years of experience skilled in Go, Grafana, Linux. Holds a Bachelor's Degree. Seeking to leverage expertise to deliver impact."
Senior QA Engineer,Software Engineering,Test Automation; Python; Jira; Manual Testing; Selenium; CI/CD,Master's Degree,"Passionate QA Engineer with 9 years of experience skilled in Test Automation, Python, Jira. Holds a Master's Degree. Seeking to leverage expertise to deliver impact."
Intern Security Engineer,Cloud & Infrastructure,Incident Response; SIEM; Penetration Testing; Python; OWASP,Associate Degree,"Results-driven Security Engineer with 0 years of experience skilled in Incident Response, SIEM, Penetration Testing. Holds a Associate Degree. Seeking to leverage expertise to deliver impact."
Principal Sales Engineer,Business,Technical Sales; Cloud; Communication; Customer Success; APIs; Solution Design; CRM; Negotiation,Associate Degree,"Innovative Sales Engineer with 14 years of experience skilled in Technical Sales, Cloud, Communication. Holds a Associate Degree. Seeking to leverage expertise to deliver impact."
Senior Graphic Designer,Design,Photoshop; Creativity; Branding; Typography; Print Design; Color Theory; Layout Design,Associate Degree,"Results-driven Graphic Designer with 6 years of experience skilled in Photoshop, Creativity, Branding. Holds a Associate Degree. Seeking to leverage expertise to deliver impact."
Junior NLP Engineer,Data & AI,BERT; Python; Machine Learning; Tokenization; Deep Learning; PyTorch; spaCy; Transformers,Master's Degree,"Motivated NLP Engineer with 1 years of experience skilled in BERT, Python, Machine Learning. Holds a Master's Degree. Seeking to leverage expertise to deliver impact."
Lead Data Scientist,Data & AI,Jupyter; Machine Learning; Data Visualization; TensorFlow,PhD,"Dedicated Data Scientist with 10 years of experience skilled in Jupyter, Machine Learning, Data Visualization. Holds a PhD. Seeking to leverage expertise to deliver impact."
Junior Data Analyst,Data & AI,Python; Statistics; Power BI; Tableau; Data Cleaning; Pandas; SQL; Reporting,Master's Degree,"Results-driven Data Analyst with 2 years of experience skilled in Python, Statistics, Power BI. Holds a Master's Degree. Seeking to leverage expertise to deliver impact."
Lead SEO Specialist,Marketing,SEMrush; Link Building; Google Analytics; SEO; HTML; Copywriting; Technical SEO; On-page SEO,Associate Degree,"Motivated SEO Specialist with 14 years of experience skilled in SEMrush, Link Building, Google Analytics. Holds a Associate Degree. Seeking to leverage expertise to deliver impact."
Principal Database Administrator,Cloud & Infrastructure,Oracle; Backup & Recovery; Performance Tuning; Security; SQL; PostgreSQL,Associate Degree,"Results-driven Database Administrator with 16 years of experience skilled in Oracle, Backup & Recovery, Performance Tuning. Holds a Associate Degree. Seeking to leverage expertise to deliver impact."
Intern Product Designer,Design,Prototyping; Wireframing; Design Systems; Sketch; UI Design,Bachelor's Degree,"Collaborative Product Designer with 1 years of experience skilled in Prototyping, Wireframing, Design Systems. Holds a Bachelor's Degree. Seeking to leverage expertise to deliver impact."
Lead Program Manager,Product & Management,Strategy; Leadership; Budgeting; Communication; Agile,Associate Degree,"Detail-oriented Program Manager with 14 years of experience skilled in Strategy, Leadership, Budgeting. Holds a Associate Degree. Seeking to leverage expertise to deliver impact."
Intern Operations Manager,Business,Operations Management; Communication; Vendor Management; Supply Chain,Bachelor's Degree,"Collaborative Operations Manager with 0 years of experience skilled in Operations Management, Communication, Vendor Management. Holds a Bachelor's Degree. Seeking to leverage expertise to deliver impact."
Principal Scrum Master,Product & Management,Facilitation; Agile; Scrum; Servant Leadership; Communication; Kanban; Jira; Sprint Planning,High School,"Experienced Scrum Master with 17 years of experience skilled in Facilitation, Agile, Scrum. Holds a High School. Seeking to leverage expertise to deliver impact."
Principal Product Owner,Product & Management,Stakeholder Management; Backlog Management; User Stories; Agile,Bachelor's Degree,"Collaborative Product Owner with 14 years of experience skilled in Stakeholder Management, Backlog Management, User Stories. Holds a Bachelor's Degree. Seeking to leverage expertise to deliver impact."
Intern NLP Engineer,Data & AI,BERT; spaCy; Python; Tokenization,Associate Degree,"Collaborative NLP Engineer with 0 years of experience skilled in BERT, spaCy, Python. Holds a Associate Degree. Seeking to leverage expertise to deliver impact."
Principal Business Analyst,Business,Stakeholder Management; Communication; Requirements Gathering; Documentation; UML; Process Modeling; Data Analysis; Excel,Associate Degree,"Detail-oriented Business Analyst with 14 years of experience skilled in Stakeholder Management, Communication, Requirements Gathering. Holds a Associate Degree. Seeking to leverage expertise to deliver impact."
Principal Program Manager,Product & Management,Program Management; Leadership; Strategy; Risk Management; Communication; Agile; Stakeholder Management,PhD,"Results-driven Program Manager with 12 years of experience skilled in Program Management, Leadership, Strategy. Holds a PhD. Seeking to leverage expertise to deliver impact."
Mid-level DevOps Engineer,Software Engineering,Linux; Terraform; CI/CD; Docker; Jenkins; AWS,Associate Degree,"Collaborative DevOps Engineer with 4 years of experience skilled in Linux, Terraform, CI/CD. Holds a Associate Degree. Seeking to leverage expertise to deliver impact."
Principal Frontend Developer,Software Engineering,Accessibility; Webpack; Sass; Jest,High School,"Experienced Frontend Developer with 15 years of experience skilled in Accessibility, Webpack, Sass. Holds a High School. Seeking to leverage expertise to deliver impact."
Intern Project Manager,Product & Management,Jira; Communication; Gantt Charts; Stakeholder Management; Scrum; Risk Management; Planning; Budgeting,Bachelor's Degree,"Innovative Project Manager with 0 years of experience skilled in Jira, Communication, Gantt Charts. Holds a Bachelor's Degree. Seeking to leverage expertise to deliver impact."
Junior Product Owner,Product & Management,Roadmapping; Scrum; Analytics; Agile; Jira; User Stories; Prioritization; Communication,Master's Degree,"Innovative Product Owner with 3 years of experience skilled in Roadmapping, Scrum, Analytics. Holds a Master's Degree. Seeking to leverage expertise to deliver impact."
Intern Digital Marketing Specialist,Marketing,Analytics; Content Marketing; Social Media; CRM; Copywriting; Email Marketing; A/B Testing; Campaign Management,High School,"Innovative Digital Marketing Specialist with 0 years of experience skilled in Analytics, Content Marketing, Social Media. Holds a High School. Seeking to leverage expertise to deliver impact."
Principal Cloud Architect,Cloud & Infrastructure,Cost Optimization; Kubernetes; GCP; Networking; Terraform,Associate Degree,"Dedicated Cloud Architect with 14 years of experience skilled in Cost Optimization, Kubernetes, GCP. Holds a Associate Degree. Seeking to leverage expertise to deliver impact."
Senior QA Engineer,Software Engineering,CI/CD; Bug Tracking; Selenium; Manual Testing,PhD,"Results-driven QA Engineer with 6 years of experience skilled in CI/CD, Bug Tracking, Selenium. Holds a PhD. Seeking to leverage expertise to deliver impact."
Lead AI Researcher,Data & AI,Research; Machine Learning; NLP; Python; PyTorch,Bachelor's Degree,"Dedicated AI Researcher with 13 years of experience skilled in Research, Machine Learning, NLP. Holds a Bachelor's Degree. Seeking to leverage expertise to deliver impact."
Principal Cloud Engineer,Cloud & Infrastructure,Kubernetes; CI/CD; Python; CloudFormation; AWS; Terraform; Monitoring,Associate Degree,"Results-driven Cloud Engineer with 14 years of experience skilled in Kubernetes, CI/CD, Python. Holds a Associate Degree. Seeking to leverage expertise to deliver impact."
Intern Cloud Architect,Cloud & Infrastructure,GCP; Azure; Terraform; Microservices; System Design; Cost Optimization; Networking,Associate Degree,"Results-driven Cloud Architect with 0 years of experience skilled in GCP, Azure, Terraform. Holds a Associate Degree. Seeking to leverage expertise to deliver impact."
Intern Backend Developer,Software Engineering,Java; SQL; Node.js; Spring Boot; Django; Python,Bachelor's Degree,"Collaborative Backend Developer with 0 years of experience skilled in Java, SQL, Node.js. Holds a Bachelor's Degree. Seeking to leverage expertise to deliver impact."
Senior Game Developer,Software Engineering,Shaders; Unity; 3D Math; C++; Unreal Engine; Optimization,Bachelor's Degree,"Dedicated Game Developer with 7 years of experience skilled in Shaders, Unity, 3D Math. Holds a Bachelor's Degree. Seeking to leverage expertise to deliver impact."
Lead Operations Manager,Business,Communication; Operations Management; Six Sigma; Vendor Management; Budgeting; Supply Chain; Leadership,Bachelor's Degree,"Collaborative Operations Manager with 8 years of experience skilled in Communication, Operations Management, Six Sigma. Holds a Bachelor's Degree. Seeking to leverage expertise to deliver impact."
Lead Scrum Master,Product & Management,Sprint Planning; Kanban; Retrospectives; Scrum,High School,"Collaborative Scrum Master with 11 years of experience skilled in Sprint Planning, Kanban, Retrospectives. Holds a High School. Seeking to leverage expertise to deliver impact."
Senior QA Engineer,Software Engineering,CI/CD; Test Automation; Bug Tracking; Python; Postman; Selenium,Master's Degree,"Innovative QA Engineer with 9 years of experience skilled in CI/CD, Test Automation, Bug Tracking. Holds a Master's Degree. Seeking to leverage expertise to deliver impact."
Lead Business Intelligence Analyst,Data & AI,SQL; ETL; DAX; Reporting; Python; Data Warehousing; Power BI,Master's Degree,"Detail-oriented Business Intelligence Analyst with 12 years of experience skilled in SQL, ETL, DAX. Holds a Master's Degree. Seeking to leverage expertise to deliver impact."
Principal Frontend Developer,Software Engineering,Accessibility; JavaScript; Sass; Jest; CSS,Master's Degree,"Experienced Frontend Developer with 14 years of experience skilled in Accessibility, JavaScript, Sass. Holds a Master's Degree. Seeking to leverage expertise to deliver impact."
Senior Database Administrator,Cloud & Infrastructure,SQL; Backup & Recovery; PostgreSQL; Performance Tuning; Linux; Oracle; MongoDB; Replication,Associate Degree,"Results-driven Database Administrator with 8 years of experience skilled in SQL, Backup & Recovery, PostgreSQL. Holds a Associate Degree. Seeking to leverage expertise to deliver impact."
Lead UX Designer,Design,Personas; Wireframing; Figma; Accessibility; User Research; Design Thinking,Master's Degree,"Motivated UX Designer with 11 years of experience skilled in Personas, Wireframing, Figma. Holds a Master's Degree. Seeking to leverage expertise to deliver impact."
Senior Frontend Developer,Software Engineering,Webpack; JavaScript; CSS; TypeScript; Accessibility,PhD,"Collaborative Frontend Developer with 8 years of experience skilled in Webpack, JavaScript, CSS. Holds a PhD. Seeking to leverage expertise to deliver impact."
Principal Computer Vision Engineer,Data & AI,OpenCV; CUDA; PyTorch; C++; TensorFlow; CNN; Python,Master's Degree,"Innovative Computer Vision Engineer with 19 years of experience skilled in OpenCV, CUDA, PyTorch. Holds a Master's Degree. Seeking to leverage expertise to deliver impact."
Intern Digital Marketing Specialist,Marketing,Social Media; CRM; Google Ads; Email Marketing; Campaign Management; SEO; Content Marketing; Copywriting,High School,"Detail-oriented Digital Marketing Specialist with 1 years of experience skilled in Social Media, CRM, Google Ads. Holds a High School. Seeking to leverage expertise to deliver impact."
Mid-level QA Engineer,Software Engineering,Python; Jira; JUnit; Test Automation; Selenium; Postman,High School,"Passionate QA Engineer with 4 years of experience skilled in Python, Jira, JUnit. Holds a High School. Seeking to leverage expertise to deliver impact."
Senior Machine Learning Engineer,Data & AI,Docker; SQL; MLOps; Scikit-learn; Python; TensorFlow; Machine Learning; Model Deployment,High School,"Motivated Machine Learning Engineer with 10 years of experience skilled in Docker, SQL, MLOps. Holds a High School. Seeking to leverage expertise to deliver impact."
Junior Machine Learning Engineer,Data & AI,PyTorch; Machine Learning; Python; Model Deployment; Deep Learning; MLOps,High School,"Experienced Machine Learning Engineer with 1 years of experience skilled in PyTorch, Machine Learning, Python. Holds a High School. Seeking to leverage expertise to deliver impact."
Lead Business Analyst,Business,Stakeholder Management; Excel; Documentation; SQL,Master's Degree,"Motivated Business Analyst with 14 years of experience skilled in Stakeholder Management, Excel, Documentation. Holds a Master's Degree. Seeking to leverage expertise to deliver impact."
Principal Machine Learning Engineer,Data & AI,Deep Learning; Model Deployment; Scikit-learn; Python; TensorFlow; SQL; Machine Learning,Associate Degree,"Passionate Machine Learning Engineer with 14 years of experience skilled in Deep Learning, Model Deployment, Scikit-learn. Holds a Associate Degree. Seeking to leverage expertise to deliver impact."
Senior DevOps Engineer,Software Engineering,Kubernetes; AWS; Terraform; Jenkins; Linux; Bash; Monitoring; Ansible,High School,"Dedicated DevOps Engineer with 9 years of experience skilled in Kubernetes, AWS, Terraform. Holds a High School. Seeking to leverage expertise to deliver impact."
Mid-level Full Stack Developer,Software Engineering,JavaScript; Python; MongoDB; Git; Docker; SQL; React,Master's Degree,"Dedicated Full Stack Developer with 4 years of experience skilled in JavaScript, Python, MongoDB. Holds a Master's Degree. Seeking to leverage expertise to deliver impact."
Principal Sales Engineer,Business,Communication; APIs; Negotiation; Cloud; Technical Sales,PhD,"Results-driven Sales Engineer with 18 years of experience skilled in Communication, APIs, Negotiation. Holds a PhD. Seeking to leverage expertise to deliver impact."
Intern Product Owner,Product & Management,User Stories; Agile; Backlog Management; Communication; Roadmapping; Prioritization; Scrum; Jira,Bachelor's Degree,"Innovative Product Owner with 1 years of experience skilled in User Stories, Agile, Backlog Management. Holds a Bachelor's Degree. Seeking to leverage expertise to deliver impact."
Senior Product Designer,Design,Sketch; Usability Testing; Prototyping; Design Systems; UX Design; Figma; UI Design; User Research,PhD,"Detail-oriented Product Designer with 10 years of experience skilled in Sketch, Usability Testing, Prototyping. Holds a PhD. Seeking to leverage expertise to deliver impact."
Principal AI Researcher,Data & AI,Mathematics; Publications; Research; PyTorch; TensorFlow; Deep Learning,Bachelor's Degree,"Experienced AI Researcher with 15 years of experience skilled in Mathematics, Publications, Research. Holds a Bachelor's Degree. Seeking to leverage expertise to deliver impact."
Mid-level Machine Learning Engineer,Data & AI,Machine Learning; MLOps; SQL; Deep Learning; Scikit-learn; TensorFlow; Model Deployment; PyTorch,Associate Degree,"Innovative Machine Learning Engineer with 5 years of experience skilled in Machine Learning, MLOps, SQL. Holds a Associate Degree. Seeking to leverage expertise to deliver impact."
Lead Network Engineer,Cloud & Infrastructure,Firewalls; Linux; Cisco; Networking; Routing; DNS,Associate Degree,"Motivated Network Engineer with 13 years of experience skilled in Firewalls, Linux, Cisco. Holds a Associate Degree. Seeking to leverage expertise to deliver impact."
Principal Financial Analyst,Business,Accounting; Power BI; SQL; Excel; Forecasting; Reporting,PhD,"Collaborative Financial Analyst with 16 years of experience skilled in Accounting, Power BI, SQL. Holds a PhD. Seeking to leverage expertise to deliver impact."
Mid-level Network Engineer,Cloud & Infrastructure,VPN; TCP/IP; Security; Networking; Firewalls,High School,"Detail-oriented Network Engineer with 6 years of experience skilled in VPN, TCP/IP, Security. Holds a High School. Seeking to leverage expertise to deliver impact."
Mid-level Machine Learning Engineer,Data & AI,Deep Learning; SQL; MLOps; Model Deployment; Machine Learning; Scikit-learn; TensorFlow,High School,"Dedicated Machine Learning Engineer with 5 years of experience skilled in Deep Learning, SQL, MLOps. Holds a High School. Seeking to leverage expertise to deliver impact."
Senior HR Specialist,Business,Onboarding; Performance Management; Communication; HRIS; Employee Relations; Recruitment; Conflict Resolution; Payroll,Bachelor's Degree,"Results-driven HR Specialist with 6 years of experience skilled in Onboarding, Performance Management, Communication. Holds a Bachelor's Degree. Seeking to leverage expertise to deliver impact."
Intern Full Stack Developer,Software Engineering,React; Git; SQL; TypeScript; JavaScript; Python,High School,"Results-driven Full Stack Developer with 0 years of experience skilled in React, Git, SQL. Holds a High School. Seeking to leverage expertise to deliver impact."
Intern Frontend Developer,Software Engineering,Accessibility; CSS; Jest; HTML; TypeScript; Redux,PhD,"Experienced Frontend Developer with 0 years of experience skilled in Accessibility, CSS, Jest. Holds a PhD. Seeking to leverage expertise to deliver impact."
Mid-level Security Engineer,Cloud & Infrastructure,SIEM; Cybersecurity; Linux; Python; Penetration Testing,Master's Degree,"Motivated Security Engineer with 4 years of experience skilled in SIEM, Cybersecurity, Linux. Holds a Master's Degree. Seeking to leverage expertise to deliver impact."
Lead Network Engineer,Cloud & Infrastructure,Cisco; TCP/IP; VPN; Switching,High School,"Detail-oriented Network Engineer with 11 years of experience skilled in Cisco, TCP/IP, VPN. Holds a High School. Seeking to leverage expertise to deliver impact."
Senior Business Intelligence Analyst,Data & AI,Data Warehousing; Reporting; Tableau; Power BI; Excel,High School,"Results-driven Business Intelligence Analyst with 8 years of experience skilled in Data Warehousing, Reporting, Tableau. Holds a High School. Seeking to leverage expertise to deliver impact."
Principal Business Intelligence Analyst,Data & AI,Excel; Dashboards; Reporting; Power BI; Python; SQL,Master's Degree,"Collaborative Business Intelligence Analyst with 13 years of experience skilled in Excel, Dashboards, Reporting. Holds a Master's Degree. Seeking to leverage expertise to deliver impact."
Junior SEO Specialist,Marketing,HTML; SEMrush; SEO; Content Strategy; Google Analytics; Keyword Research; Link Building,PhD,"Innovative SEO Specialist with 2 years of experience skilled in HTML, SEMrush, SEO. Holds a PhD. Seeking to leverage expertise to deliver impact."
Intern Graphic Designer,Design,Creativity; Color Theory; Adobe XD; Branding; Illustrator; InDesign; Layout Design,PhD,"Dedicated Graphic Designer with 0 years of experience skilled in Creativity, Color Theory, Adobe XD. Holds a PhD. Seeking to leverage expertise to deliver impact."
Senior Data Analyst,Data & AI,Power BI; Statistics; Reporting; A/B Testing; Tableau,Bachelor's Degree,"Motivated Data Analyst with 7 years of experience skilled in Power BI, Statistics, Reporting. Holds a Bachelor's Degree. Seeking to leverage expertise to deliver impact."
Lead Scrum Master,Product & Management,Scrum; Jira; Agile; Communication; Kanban; Servant Leadership; Sprint Planning,Bachelor's Degree,"Innovative Scrum Master with 12 years of experience skilled in Scrum, Jira, Agile. Holds a Bachelor's Degree. Seeking to leverage expertise to deliver impact."
Intern Scrum Master,Product & Management,Sprint Planning; Retrospectives; Servant Leadership; Scrum; Jira; Facilitation; Coaching,Bachelor's Degree,"Innovative Scrum Master with 0 years of experience skilled in Sprint Planning, Retrospectives, Servant Leadership. Holds a Bachelor's Degree. Seeking to leverage expertise to deliver impact."
Senior AI Researcher,Data & AI,PyTorch; Research; Reinforcement Learning; TensorFlow; Python,Bachelor's Degree,"Results-driven AI Researcher with 9 years of experience skilled in PyTorch, Research, Reinforcement Learning. Holds a Bachelor's Degree. Seeking to leverage expertise to deliver impact."
Intern Computer Vision Engineer,Data & AI,OpenCV; C++; Python; PyTorch; Machine Learning,Master's Degree,"Passionate Computer Vision Engineer with 1 years of experience skilled in OpenCV, C++, Python. Holds a Master's Degree. Seeking to leverage expertise to deliver impact."
Junior UX Designer,Design,Usability Testing; Figma; Prototyping; Journey Mapping; Design Thinking; Wireframing; User Research,High School,"Results-driven UX Designer with 1 years of experience skilled in Usability Testing, Figma, Prototyping. Holds a High School. Seeking to leverage expertise to deliver impact."
Principal Database Administrator,Cloud & Infrastructure,Backup & Recovery; Linux; MongoDB; Oracle; PostgreSQL,High School,"Motivated Database Administrator with 15 years of experience skilled in Backup & Recovery, Linux, MongoDB. Holds a High School. Seeking to leverage expertise to deliver impact."
Principal Financial Analyst,Business,Excel; Analytics; Valuation; Budgeting,PhD,"Detail-oriented Financial Analyst with 14 years of experience skilled in Excel, Analytics, Valuation. Holds a PhD. Seeking to leverage expertise to deliver impact."
Lead Content Strategist,Marketing,SEO; Social Media; Research; Copywriting; Content Marketing; Brand Voice,Associate Degree,"Experienced Content Strategist with 14 years of experience skilled in SEO, Social Media, Research. Holds a Associate Degree. Seeking to leverage expertise to deliver impact."
Intern Cloud Architect,Cloud & Infrastructure,Microservices; AWS; Networking; Azure; Security; Cost Optimization; System Design; Terraform,Associate Degree,"Innovative Cloud Architect with 0 years of experience skilled in Microservices, AWS, Networking. Holds a Associate Degree. Seeking to leverage expertise to deliver impact."
Mid-level Database Administrator,Cloud & Infrastructure,Oracle; MongoDB; MySQL; Performance Tuning; SQL; PostgreSQL; Backup & Recovery,High School,"Dedicated Database Administrator with 3 years of experience skilled in Oracle, MongoDB, MySQL. Holds a High School. Seeking to leverage expertise to deliver impact."
Intern Site Reliability Engineer,Software Engineering,AWS; Go; Monitoring; Terraform; Linux; Python,PhD,"Collaborative Site Reliability Engineer with 1 years of experience skilled in AWS, Go, Monitoring. Holds a PhD. Seeking to leverage expertise to deliver impact."
Lead Sales Engineer,Business,Cloud; Presentations; Negotiation; Customer Success; Communication; CRM,Master's Degree,"Passionate Sales Engineer with 12 years of experience skilled in Cloud, Presentations, Negotiation. Holds a Master's Degree. Seeking to leverage expertise to deliver impact."
Junior Full Stack Developer,Software Engineering,TypeScript; MongoDB; SQL; JavaScript,Master's Degree,"Dedicated Full Stack Developer with 3 years of experience skilled in TypeScript, MongoDB, SQL. Holds a Master's Degree. Seeking to leverage expertise to deliver impact."
Mid-level Scrum Master,Product & Management,Scrum; Kanban; Retrospectives; Agile; Servant Leadership; Sprint Planning,Associate Degree,"Collaborative Scrum Master with 6 years of experience skilled in Scrum, Kanban, Retrospectives. Holds a Associate Degree. Seeking to leverage expertise to deliver impact."
Principal Business Analyst,Business,Stakeholder Management; Agile; Process Modeling; SQL; Requirements Gathering,Master's Degree,"Experienced Business Analyst with 15 years of experience skilled in Stakeholder Management, Agile, Process Modeling. Holds a Master's Degree. Seeking to leverage expertise to deliver impact."
Senior Growth Marketer,Marketing,SQL; Funnel Optimization; SEO; CRM; A/B Testing; Email Marketing; Growth Hacking,Associate Degree,"Detail-oriented Growth Marketer with 7 years of experience skilled in SQL, Funnel Optimization, SEO. Holds a Associate Degree. Seeking to leverage expertise to deliver impact."
Mid-level UX Designer,Design,Information Architecture; Journey Mapping; Personas; Accessibility,High School,"Experienced UX Designer with 6 years of experience skilled in Information Architecture, Journey Mapping, Personas. Holds a High School. Seeking to leverage expertise to deliver impact."
Lead Product Manager,Product & Management,Jira; Roadmapping; Strategy; Communication; Stakeholder Management; Analytics; Agile; User Stories,Associate Degree,"Results-driven Product Manager with 12 years of experience skilled in Jira, Roadmapping, Strategy. Holds a Associate Degree. Seeking to leverage expertise to deliver impact."
Junior Software Architect,Software Engineering,AWS; System Design; Docker; Leadership; Microservices; REST APIs; Java; Scalability,Master's Degree,"Innovative Software Architect with 2 years of experience skilled in AWS, System Design, Docker. Holds a Master's Degree. Seeking to leverage expertise to deliver impact."
Senior Operations Manager,Business,Communication; Analytics; Leadership; Supply Chain; Operations Management; Six Sigma,High School,"Collaborative Operations Manager with 10 years of experience skilled in Communication, Analytics, Leadership. Holds a High School. Seeking to leverage expertise to deliver impact."
Senior Growth Marketer,Marketing,Growth Hacking; Experimentation; A/B Testing; SQL; SEO; Analytics; Funnel Optimization; Paid Ads,Associate Degree,"Passionate Growth Marketer with 8 years of experience skilled in Growth Hacking, Experimentation, A/B Testing. Holds a Associate Degree. Seeking to leverage expertise to deliver impact."
Intern Machine Learning Engineer,Data & AI,Machine Learning; MLOps; Model Deployment; TensorFlow; Python; Docker; PyTorch; SQL,Associate Degree,"Dedicated Machine Learning Engineer with 0 years of experience skilled in Machine Learning, MLOps, Model Deployment. Holds a Associate Degree. Seeking to leverage expertise to deliver impact."
Junior Database Administrator,Cloud & Infrastructure,MySQL; Replication; Backup & Recovery; PostgreSQL; SQL; Performance Tuning; Linux,Bachelor's Degree,"Collaborative Database Administrator with 1 years of experience skilled in MySQL, Replication, Backup & Recovery. Holds a Bachelor's Degree. Seeking to leverage expertise to deliver impact."
Junior DevOps Engineer,Software Engineering,AWS; Linux; Kubernetes; Docker; Jenkins; Terraform; Monitoring,Bachelor's Degree,"Collaborative DevOps Engineer with 3 years of experience skilled in AWS, Linux, Kubernetes. Holds a Bachelor's Degree. Seeking to leverage expertise to deliver impact."
Lead AI Researcher,Data & AI,Reinforcement Learning; Machine Learning; Publications; Mathematics; Deep Learning; TensorFlow; PyTorch; Research,Associate Degree,"Motivated AI Researcher with 14 years of experience skilled in Reinforcement Learning, Machine Learning, Publications. Holds a Associate Degree. Seeking to leverage expertise to deliver impact."
Senior Backend Developer,Software Engineering,REST APIs; Django; GraphQL; SQL; Microservices; Spring Boot; Python,Bachelor's Degree,"Experienced Backend Developer with 10 years of experience skilled in REST APIs, Django, GraphQL. Holds a Bachelor's Degree. Seeking to leverage expertise to deliver impact."
Junior Software Architect,Software Engineering,Design Patterns; Leadership; Docker; Scalability; Microservices; System Design; Java; Kafka,Master's Degree,"Dedicated Software Architect with 3 years of experience skilled in Design Patterns, Leadership, Docker. Holds a Master's Degree. Seeking to leverage expertise to deliver impact."
Mid-level Database Administrator,Cloud & Infrastructure,PostgreSQL; Oracle; MySQL; Backup & Recovery; Linux; SQL,High School,"Dedicated Database Administrator with 5 years of experience skilled in PostgreSQL, Oracle, MySQL. Holds a High School. Seeking to leverage expertise to deliver impact."
Senior Program Manager,Product & Management,Communication; Strategy; Program Management; Roadmapping; Leadership,Bachelor's Degree,"Motivated Program Manager with 6 years of experience skilled in Communication, Strategy, Program Management. Holds a Bachelor's Degree. Seeking to leverage expertise to deliver impact."
Senior Growth Marketer,Marketing,CRM; SEO; Email Marketing; Experimentation; A/B Testing; Analytics; Funnel Optimization,Associate Degree,"Innovative Growth Marketer with 10 years of experience skilled in CRM, SEO, Email Marketing. Holds a Associate Degree. Seeking to leverage expertise to deliver impact."
Lead Data Analyst,Data & AI,A/B Testing; Data Cleaning; Excel; SQL; Reporting; Statistics,High School,"Passionate Data Analyst with 14 years of experience skilled in A/B Testing, Data Cleaning, Excel. Holds a High School. Seeking to leverage expertise to deliver impact."
Senior Network Engineer,Cloud & Infrastructure,TCP/IP; Cisco; Networking; Linux; Firewalls; Security; Switching,Bachelor's Degree,"Innovative Network Engineer with 7 years of experience skilled in TCP/IP, Cisco, Networking. Holds a Bachelor's Degree. Seeking to leverage expertise to deliver impact."
Principal Product Manager,Product & Management,Agile; Roadmapping; Stakeholder Management; Jira; Prioritization; Communication; Market Research; Analytics,High School,"Results-driven Product Manager with 13 years of experience skilled in Agile, Roadmapping, Stakeholder Management. Holds a High School. Seeking to leverage expertise to deliver impact."
Junior Machine Learning Engineer,Data & AI,Deep Learning; TensorFlow; MLOps; Model Deployment; PyTorch; Machine Learning; Python,Bachelor's Degree,"Passionate Machine Learning Engineer with 3 years of experience skilled in Deep Learning, TensorFlow, MLOps. Holds a Bachelor's Degree. Seeking to leverage expertise to deliver impact."
Senior DevOps Engineer,Software Engineering,CI/CD; AWS; Kubernetes; Terraform; Monitoring; Linux; Bash; Docker,Bachelor's Degree,"Passionate DevOps Engineer with 9 years of experience skilled in CI/CD, AWS, Kubernetes. Holds a Bachelor's Degree. Seeking to leverage expertise to deliver impact."
Senior Social Media Manager,Marketing,Branding; Copywriting; Engagement; Campaign Management; Canva; Community Management,Associate Degree,"Experienced Social Media Manager with 9 years of experience skilled in Branding, Copywriting, Engagement. Holds a Associate Degree. Seeking to leverage expertise to deliver impact."
Junior Graphic Designer,Design,Adobe XD; InDesign; Creativity; Photoshop; Color Theory,PhD,"Detail-oriented Graphic Designer with 1 years of experience skilled in Adobe XD, InDesign, Creativity. Holds a PhD. Seeking to leverage expertise to deliver impact."
Intern Data Scientist,Data & AI,NumPy; Jupyter; Pandas; Data Visualization; SQL; Statistics; TensorFlow,Master's Degree,"Dedicated Data Scientist with 1 years of experience skilled in NumPy, Jupyter, Pandas. Holds a Master's Degree. Seeking to leverage expertise to deliver impact."
Principal Game Developer,Software Engineering,Optimization; 3D Math; Unreal Engine; Game Design; Physics; Unity; C++; OpenGL,Associate Degree,"Innovative Game Developer with 18 years of experience skilled in Optimization, 3D Math, Unreal Engine. Holds a Associate Degree. Seeking to leverage expertise to deliver impact."
Intern DevOps Engineer,Software Engineering,CI/CD; Ansible; AWS; Bash,Master's Degree,"Dedicated DevOps Engineer with 1 years of experience skilled in CI/CD, Ansible, AWS. Holds a Master's Degree. Seeking to leverage expertise to deliver impact."
Senior Graphic Designer,Design,Layout Design; Color Theory; Print Design; Creativity; Branding,High School,"Passionate Graphic Designer with 7 years of experience skilled in Layout Design, Color Theory, Print Design. Holds a High School. Seeking to leverage expertise to deliver impact."
Senior AI Researcher,Data & AI,NLP; Machine Learning; PyTorch; Python,Associate Degree,"Collaborative AI Researcher with 7 years of experience skilled in NLP, Machine Learning, PyTorch. Holds a Associate Degree. Seeking to leverage expertise to deliver impact."
Junior UI Designer,Design,Design Systems; Figma; CSS; Color Theory; Adobe XD,Bachelor's Degree,"Innovative UI Designer with 3 years of experience skilled in Design Systems, Figma, CSS. Holds a Bachelor's Degree. Seeking to leverage expertise to deliver impact."
Intern Interaction Designer,Design,Usability Testing; After Effects; Interaction Design; Prototyping,Bachelor's Degree,"Experienced Interaction Designer with 0 years of experience skilled in Usability Testing, After Effects, Interaction Design. Holds a Bachelor's Degree. Seeking to leverage expertise to deliver impact."
Senior Cloud Engineer,Cloud & Infrastructure,Monitoring; Kubernetes; Python; Networking; CI/CD; AWS; CloudFormation; Docker,PhD,"Experienced Cloud Engineer with 10 years of experience skilled in Monitoring, Kubernetes, Python. Holds a PhD. Seeking to leverage expertise to deliver impact."
Senior Network Engineer,Cloud & Infrastructure,VPN; Routing; Networking; Firewalls,High School,"Collaborative Network Engineer with 10 years of experience skilled in VPN, Routing, Networking. Holds a High School. Seeking to leverage expertise to deliver impact."
Senior Product Owner,Product & Management,Jira; Prioritization; Scrum; Roadmapping; Stakeholder Management; User Stories; Communication; Analytics,High School,"Motivated Product Owner with 8 years of experience skilled in Jira, Prioritization, Scrum. Holds a High School. Seeking to leverage expertise to deliver impact."
Mid-level Business Analyst,Business,Stakeholder Management; Requirements Gathering; Process Modeling; UML; SQL; Data Analysis; Documentation,High School,"Dedicated Business Analyst with 6 years of experience skilled in Stakeholder Management, Requirements Gathering, Process Modeling. Holds a High School. Seeking to leverage expertise to deliver impact."
Intern Mobile Developer,Software Engineering,Git; UI Design; Firebase; Kotlin; Android SDK; Flutter,Master's Degree,"Motivated Mobile Developer with 0 years of experience skilled in Git, UI Design, Firebase. Holds a Master's Degree. Seeking to leverage expertise to deliver impact."
Principal Network Engineer,Cloud & Infrastructure,VPN; TCP/IP; Firewalls; Linux; Security; Cisco; DNS; Routing,High School,"Dedicated Network Engineer with 15 years of experience skilled in VPN, TCP/IP, Firewalls. Holds a High School. Seeking to leverage expertise to deliver impact."
Mid-level QA Engineer,Software Engineering,Python; Selenium; Test Automation; Bug Tracking; Postman,Associate Degree,"Experienced QA Engineer with 5 years of experience skilled in Python, Selenium, Test Automation. Holds a Associate Degree. Seeking to leverage expertise to deliver impact."
Senior AI Researcher,Data & AI,TensorFlow; Research; PyTorch; NLP; Python,Bachelor's Degree,"Detail-oriented AI Researcher with 8 years of experience skilled in TensorFlow, Research, PyTorch. Holds a Bachelor's Degree. Seeking to leverage expertise to deliver impact."
Junior DevOps Engineer,Software Engineering,Docker; Terraform; Kubernetes; Ansible,Associate Degree,"Detail-oriented DevOps Engineer with 2 years of experience skilled in Docker, Terraform, Kubernetes. Holds a Associate Degree. Seeking to leverage expertise to deliver impact."
Mid-level SEO Specialist,Marketing,Copywriting; HTML; On-page SEO; Content Strategy,Master's Degree,"Experienced SEO Specialist with 3 years of experience skilled in Copywriting, HTML, On-page SEO. Holds a Master's Degree. Seeking to leverage expertise to deliver impact."
Mid-level QA Engineer,Software Engineering,Postman; Cypress; Jira; Python,PhD,"Experienced QA Engineer with 4 years of experience skilled in Postman, Cypress, Jira. Holds a PhD. Seeking to leverage expertise to deliver impact."
Lead Backend Developer,Software Engineering,Java; Node.js; Microservices; Redis,PhD,"Motivated Backend Developer with 9 years of experience skilled in Java, Node.js, Microservices. Holds a PhD. Seeking to leverage expertise to deliver impact."
Principal Social Media Manager,Marketing,Social Media; Campaign Management; Canva; Scheduling Tools; Community Management; Engagement,Master's Degree,"Motivated Social Media Manager with 20 years of experience skilled in Social Media, Campaign Management, Canva. Holds a Master's Degree. Seeking to leverage expertise to deliver impact."
Junior Data Analyst,Data & AI,Pandas; Excel; Power BI; Data Cleaning; Statistics; A/B Testing; Python; Reporting,Bachelor's Degree,"Motivated Data Analyst with 2 years of experience skilled in Pandas, Excel, Power BI. Holds a Bachelor's Degree. Seeking to leverage expertise to deliver impact."
Intern Full Stack Developer,Software Engineering,Python; JavaScript; MongoDB; Git; REST APIs; Node.js; SQL,High School,"Innovative Full Stack Developer with 1 years of experience skilled in Python, JavaScript, MongoDB. Holds a High School. Seeking to leverage expertise to deliver impact."
Intern Content Strategist,Marketing,Copywriting; Research; Social Media; Storytelling; Brand Voice,Master's Degree,"Innovative Content Strategist with 1 years of experience skilled in Copywriting, Research, Social Media. Holds a Master's Degree. Seeking to leverage expertise to deliver impact."
Lead Game Developer,Software Engineering,Physics; Unreal Engine; 3D Math; Game Design,Master's Degree,"Experienced Game Developer with 14 years of experience skilled in Physics, Unreal Engine, 3D Math. Holds a Master's Degree. Seeking to leverage expertise to deliver impact."
Intern Full Stack Developer,Software Engineering,SQL; Node.js; TypeScript; Docker,Associate Degree,"Experienced Full Stack Developer with 1 years of experience skilled in SQL, Node.js, TypeScript. Holds a Associate Degree. Seeking to leverage expertise to deliver impact."
Senior Interaction Designer,Design,After Effects; Wireframing; Prototyping; Interaction Design,Bachelor's Degree,"Dedicated Interaction Designer with 8 years of experience skilled in After Effects, Wireframing, Prototyping. Holds a Bachelor's Degree. Seeking to leverage expertise to deliver impact."
Intern Backend Developer,Software Engineering,Django; Node.js; Java; Spring Boot; Redis; REST APIs,Bachelor's Degree,"Detail-oriented Backend Developer with 0 years of experience skilled in Django, Node.js, Java. Holds a Bachelor's Degree. Seeking to leverage expertise to deliver impact."
Mid-level Software Architect,Software Engineering,Kafka; Microservices; Java; AWS; Docker; REST APIs,Associate Degree,"Results-driven Software Architect with 3 years of experience skilled in Kafka, Microservices, Java. Holds a Associate Degree. Seeking to leverage expertise to deliver impact."
Mid-level UI Designer,Design,CSS; Sketch; Typography; HTML; Color Theory; Adobe XD; Figma; Wireframing,Bachelor's Degree,"Dedicated UI Designer with 3 years of experience skilled in CSS, Sketch, Typography. Holds a Bachelor's Degree. Seeking to leverage expertise to deliver impact."
Principal QA Engineer,Software Engineering,Manual Testing; Selenium; Cypress; CI/CD; Jira; Bug Tracking,High School,"Collaborative QA Engineer with 12 years of experience skilled in Manual Testing, Selenium, Cypress. Holds a High School. Seeking to leverage expertise to deliver impact."
Senior Full Stack Developer,Software Engineering,Docker; Git; React; Node.js; REST APIs; SQL,Associate Degree,"Detail-oriented Full Stack Developer with 10 years of experience skilled in Docker, Git, React. Holds a Associate Degree. Seeking to leverage expertise to deliver impact."
Junior Interaction Designer,Design,UX Design; Prototyping; Figma; Interaction Design; After Effects,Associate Degree,"Passionate Interaction Designer with 3 years of experience skilled in UX Design, Prototyping, Figma. Holds a Associate Degree. Seeking to leverage expertise to deliver impact."
Junior Cloud Architect,Cloud & Infrastructure,AWS; Microservices; Terraform; Security; Kubernetes; Azure; System Design,Associate Degree,"Results-driven Cloud Architect with 3 years of experience skilled in AWS, Microservices, Terraform. Holds a Associate Degree. Seeking to leverage expertise to deliver impact."
Junior Digital Marketing Specialist,Marketing,Campaign Management; Email Marketing; Analytics; Content Marketing; Google Ads; CRM; Copywriting; A/B Testing,Bachelor's Degree,"Motivated Digital Marketing Specialist with 2 years of experience skilled in Campaign Management, Email Marketing, Analytics. Holds a Bachelor's Degree. Seeking to leverage expertise to deliver impact."
Intern Operations Manager,Business,Leadership; Six Sigma; Operations Management; Vendor Management; Budgeting; Communication; Process Improvement,Associate Degree,"Passionate Operations Manager with 1 years of experience skilled in Leadership, Six Sigma, Operations Management. Holds a Associate Degree. Seeking to leverage expertise to deliver impact."
Lead Sales Engineer,Business,Communication; Product Demos; Technical Sales; CRM,High School,"Detail-oriented Sales Engineer with 9 years of experience skilled in Communication, Product Demos, Technical Sales. Holds a High School. Seeking to leverage expertise to deliver impact."
Junior Program Manager,Product & Management,Budgeting; Stakeholder Management; Program Management; Agile; Reporting,High School,"Results-driven Program Manager with 3 years of experience skilled in Budgeting, Stakeholder Management, Program Management. Holds a High School. Seeking to leverage expertise to deliver impact."
Intern Product Owner,Product & Management,Prioritization; Analytics; Agile; User Stories; Scrum; Backlog Management,Bachelor's Degree,"Dedicated Product Owner with 1 years of experience skilled in Prioritization, Analytics, Agile. Holds a Bachelor's Degree. Seeking to leverage expertise to deliver impact."
Principal Scrum Master,Product & Management,Coaching; Retrospectives; Jira; Sprint Planning; Kanban; Agile; Servant Leadership; Communication,Associate Degree,"Motivated Scrum Master with 17 years of experience skilled in Coaching, Retrospectives, Jira. Holds a Associate Degree. Seeking to leverage expertise to deliver impact."
Senior Growth Marketer,Marketing,Email Marketing; Growth Hacking; Paid Ads; Experimentation; SEO; Funnel Optimization,High School,"Results-driven Growth Marketer with 7 years of experience skilled in Email Marketing, Growth Hacking, Paid Ads. Holds a High School. Seeking to leverage expertise to deliver impact."
Lead Content Strategist,Marketing,Editorial Planning; CMS; Copywriting; SEO; Brand Voice; Research,Associate Degree,"Dedicated Content Strategist with 10 years of experience skilled in Editorial Planning, CMS, Copywriting. Holds a Associate Degree. Seeking to leverage expertise to deliver impact."
Senior Frontend Developer,Software Engineering,TypeScript; Sass; Redux; React; Jest; Accessibility; HTML; JavaScript,Master's Degree,"Dedicated Frontend Developer with 8 years of experience skilled in TypeScript, Sass, Redux. Holds a Master's Degree. Seeking to leverage expertise to deliver impact."
Junior UI Designer,Design,Prototyping; HTML; Adobe XD; Figma; Sketch; Wireframing; Typography,PhD,"Passionate UI Designer with 1 years of experience skilled in Prototyping, HTML, Adobe XD. Holds a PhD. Seeking to leverage expertise to deliver impact."
Mid-level Game Developer,Software Engineering,OpenGL; 3D Math; C#; C++; Physics; Optimization,Master's Degree,"Results-driven Game Developer with 5 years of experience skilled in OpenGL, 3D Math, C#. Holds a Master's Degree. Seeking to leverage expertise to deliver impact."
Lead DevOps Engineer,Software Engineering,Terraform; CI/CD; Bash; Ansible,PhD,"Passionate DevOps Engineer with 9 years of experience skilled in Terraform, CI/CD, Bash. Holds a PhD. Seeking to leverage expertise to deliver impact."
Senior HR Specialist,Business,Recruitment; Employee Relations; Conflict Resolution; Training; Compliance; Payroll; HRIS; Communication,High School,"Collaborative HR Specialist with 8 years of experience skilled in Recruitment, Employee Relations, Conflict Resolution. Holds a High School. Seeking to leverage expertise to deliver impact."
Junior Machine Learning Engineer,Data & AI,MLOps; Machine Learning; Model Deployment; Docker,PhD,"Motivated Machine Learning Engineer with 2 years of experience skilled in MLOps, Machine Learning, Model Deployment. Holds a PhD. Seeking to leverage expertise to deliver impact."
Senior HR Specialist,Business,Conflict Resolution; Compliance; Onboarding; HRIS; Communication; Payroll; Performance Management; Recruitment,High School,"Innovative HR Specialist with 8 years of experience skilled in Conflict Resolution, Compliance, Onboarding. Holds a High School. Seeking to leverage expertise to deliver impact."
Senior Product Manager,Product & Management,Communication; Analytics; Jira; Agile; User Stories,High School,"Detail-oriented Product Manager with 10 years of experience skilled in Communication, Analytics, Jira. Holds a High School. Seeking to leverage expertise to deliver impact."
Lead Software Architect,Software Engineering,Design Patterns; REST APIs; System Design; Microservices; Leadership,PhD,"Detail-oriented Software Architect with 11 years of experience skilled in Design Patterns, REST APIs, System Design. Holds a PhD. Seeking to leverage expertise to deliver impact."
Principal Software Architect,Software Engineering,Scalability; Java; Design Patterns; Kafka; Microservices; REST APIs; Docker; System Design,Bachelor's Degree,"Results-driven Software Architect with 12 years of experience skilled in Scalability, Java, Design Patterns. Holds a Bachelor's Degree. Seeking to leverage expertise to deliver impact."
Senior Business Analyst,Business,Stakeholder Management; Data Analysis; Process Modeling; Requirements Gathering,Associate Degree,"Detail-oriented Business Analyst with 8 years of experience skilled in Stakeholder Management, Data Analysis, Process Modeling. Holds a Associate Degree. Seeking to leverage expertise to deliver impact."
Mid-level QA Engineer,Software Engineering,CI/CD; JUnit; Selenium; Bug Tracking; Postman; Cypress; Test Automation; Manual Testing,Master's Degree,"Motivated QA Engineer with 3 years of experience skilled in CI/CD, JUnit, Selenium. Holds a Master's Degree. Seeking to leverage expertise to deliver impact."
Mid-level Product Owner,Product & Management,User Stories; Communication; Prioritization; Stakeholder Management,High School,"Dedicated Product Owner with 5 years of experience skilled in User Stories, Communication, Prioritization. Holds a High School. Seeking to leverage expertise to deliver impact."
Mid-level Product Manager,Product & Management,Communication; Stakeholder Management; Roadmapping; Analytics; Jira; Market Research; Prioritization,Associate Degree,"Passionate Product Manager with 5 years of experience skilled in Communication, Stakeholder Management, Roadmapping. Holds a Associate Degree. Seeking to leverage expertise to deliver impact."
Junior Data Analyst,Data & AI,Tableau; Power BI; Reporting; Excel,Bachelor's Degree,"Collaborative Data Analyst with 1 years of experience skilled in Tableau, Power BI, Reporting. Holds a Bachelor's Degree. Seeking to leverage expertise to deliver impact."
Principal Mobile Developer,Software Engineering,React Native; Flutter; Kotlin; REST APIs; iOS; Swift; Git,Master's Degree,"Passionate Mobile Developer with 16 years of experience skilled in React Native, Flutter, Kotlin. Holds a Master's Degree. Seeking to leverage expertise to deliver impact."
Junior DevOps Engineer,Software Engineering,Ansible; Docker; AWS; Linux; Bash; CI/CD; Kubernetes,Master's Degree,"Detail-oriented DevOps Engineer with 3 years of experience skilled in Ansible, Docker, AWS. Holds a Master's Degree. Seeking to leverage expertise to deliver impact."
Junior QA Engineer,Software Engineering,Test Automation; Cypress; Jira; Selenium; JUnit,Associate Degree,"Experienced QA Engineer with 1 years of experience skilled in Test Automation, Cypress, Jira. Holds a Associate Degree. Seeking to leverage expertise to deliver impact."
Principal Cloud Engineer,Cloud & Infrastructure,CloudFormation; CI/CD; Networking; Terraform; Linux; Monitoring; Python; Kubernetes,Associate Degree,"Collaborative Cloud Engineer with 18 years of experience skilled in CloudFormation, CI/CD, Networking. Holds a Associate Degree. Seeking to leverage expertise to deliver impact."
Mid-level UI Designer,Design,Wireframing; Prototyping; Figma; Sketch; CSS; Adobe XD,PhD,"Collaborative UI Designer with 6 years of experience skilled in Wireframing, Prototyping, Figma. Holds a PhD. Seeking to leverage expertise to deliver impact."
Lead QA Engineer,Software Engineering,Cypress; Selenium; JUnit; Postman,PhD,"Detail-oriented QA Engineer with 13 years of experience skilled in Cypress, Selenium, JUnit. Holds a PhD. Seeking to leverage expertise to deliver impact."
Senior Security Engineer,Cloud & Infrastructure,Network Security; SIEM; Cybersecurity; Encryption; Penetration Testing; Python; Linux,Associate Degree,"Results-driven Security Engineer with 7 years of experience skilled in Network Security, SIEM, Cybersecurity. Holds a Associate Degree. Seeking to leverage expertise to deliver impact."
Lead Cloud Architect,Cloud & Infrastructure,Azure; System Design; Cost Optimization; GCP; Terraform; Kubernetes; AWS; Security,Bachelor's Degree,"Passionate Cloud Architect with 10 years of experience skilled in Azure, System Design, Cost Optimization. Holds a Bachelor's Degree. Seeking to leverage expertise to deliver impact."
Intern Data Engineer,Data & AI,Snowflake; Airflow; Spark; AWS; SQL; Python; ETL,High School,"Dedicated Data Engineer with 1 years of experience skilled in Snowflake, Airflow, Spark. Holds a High School. Seeking to leverage expertise to deliver impact."
Lead HR Specialist,Business,Compliance; Performance Management; Employee Relations; Conflict Resolution,Bachelor's Degree,"Results-driven HR Specialist with 10 years of experience skilled in Compliance, Performance Management, Employee Relations. Holds a Bachelor's Degree. Seeking to leverage expertise to deliver impact."
Intern Full Stack Developer,Software Engineering,JavaScript; TypeScript; React; Node.js,PhD,"Detail-oriented Full Stack Developer with 0 years of experience skilled in JavaScript, TypeScript, React. Holds a PhD. Seeking to leverage expertise to deliver impact."
Principal QA Engineer,Software Engineering,Python; Test Automation; Bug Tracking; Jira; Manual Testing,High School,"Results-driven QA Engineer with 17 years of experience skilled in Python, Test Automation, Bug Tracking. Holds a High School. Seeking to leverage expertise to deliver impact."
Mid-level Data Scientist,Data & AI,SQL; Pandas; Machine Learning; Jupyter; NumPy; Statistics,High School,"Passionate Data Scientist with 4 years of experience skilled in SQL, Pandas, Machine Learning. Holds a High School. Seeking to leverage expertise to deliver impact."
Principal Financial Analyst,Business,Reporting; Power BI; Valuation; Forecasting; Analytics; Financial Modeling; Excel; SQL,PhD,"Results-driven Financial Analyst with 16 years of experience skilled in Reporting, Power BI, Valuation. Holds a PhD. Seeking to leverage expertise to deliver impact."
Senior Graphic Designer,Design,Photoshop; Creativity; Color Theory; Typography; Print Design; Layout Design; Branding,Bachelor's Degree,"Motivated Graphic Designer with 6 years of experience skilled in Photoshop, Creativity, Color Theory. Holds a Bachelor's Degree. Seeking to leverage expertise to deliver impact."
Mid-level Scrum Master,Product & Management,Agile; Kanban; Coaching; Retrospectives; Servant Leadership; Jira,PhD,"Detail-oriented Scrum Master with 6 years of experience skilled in Agile, Kanban, Coaching. Holds a PhD. Seeking to leverage expertise to deliver impact."
Senior Business Intelligence Analyst,Data & AI,DAX; Python; Data Warehousing; Tableau; Excel,Bachelor's Degree,"Experienced Business Intelligence Analyst with 6 years of experience skilled in DAX, Python, Data Warehousing. Holds a Bachelor's Degree. Seeking to leverage expertise to deliver impact."
Lead Data Analyst,Data & AI,SQL; Reporting; A/B Testing; Statistics; Power BI; Pandas; Data Cleaning,Associate Degree,"Dedicated Data Analyst with 9 years of experience skilled in SQL, Reporting, A/B Testing. Holds a Associate Degree. Seeking to leverage expertise to deliver impact."
Lead Financial Analyst,Business,Power BI; SQL; Financial Modeling; Budgeting; Valuation; Reporting; Excel; Analytics,High School,"Experienced Financial Analyst with 8 years of experience skilled in Power BI, SQL, Financial Modeling. Holds a High School. Seeking to leverage expertise to deliver impact."
Intern Mobile Developer,Software Engineering,Android SDK; Git; Swift; UI Design; Firebase; Kotlin; Flutter,Associate Degree,"Collaborative Mobile Developer with 1 years of experience skilled in Android SDK, Git, Swift. Holds a Associate Degree. Seeking to leverage expertise to deliver impact."
Junior Growth Marketer,Marketing,SEO; Email Marketing; CRM; Paid Ads; Funnel Optimization; Growth Hacking; SQL; A/B Testing,Associate Degree,"Detail-oriented Growth Marketer with 1 years of experience skilled in SEO, Email Marketing, CRM. Holds a Associate Degree. Seeking to leverage expertise to deliver impact."
Principal Data Scientist,Data & AI,Jupyter; Machine Learning; NumPy; Data Visualization; SQL; TensorFlow; Scikit-learn,Associate Degree,"Results-driven Data Scientist with 16 years of experience skilled in Jupyter, Machine Learning, NumPy. Holds a Associate Degree. Seeking to leverage expertise to deliver impact."
Senior Business Intelligence Analyst,Data & AI,ETL; Python; Excel; Power BI; SQL,Bachelor's Degree,"Detail-oriented Business Intelligence Analyst with 8 years of experience skilled in ETL, Python, Excel. Holds a Bachelor's Degree. Seeking to leverage expertise to deliver impact."
Intern Content Strategist,Marketing,Storytelling; CMS; SEO; Brand Voice; Research; Analytics; Content Marketing,Master's Degree,"Motivated Content Strategist with 0 years of experience skilled in Storytelling, CMS, SEO. Holds a Master's Degree. Seeking to leverage expertise to deliver impact."
Mid-level Project Manager,Product & Management,Risk Management; Stakeholder Management; Budgeting; Planning; Jira; Agile; Gantt Charts; Scrum,Bachelor's Degree,"Dedicated Project Manager with 6 years of experience skilled in Risk Management, Stakeholder Management, Budgeting. Holds a Bachelor's Degree. Seeking to leverage expertise to deliver impact."
Mid-level UI Designer,Design,Wireframing; CSS; Figma; Design Systems; Sketch; HTML; Adobe XD; Typography,Bachelor's Degree,"Innovative UI Designer with 4 years of experience skilled in Wireframing, CSS, Figma. Holds a Bachelor's Degree. Seeking to leverage expertise to deliver impact."
Senior Site Reliability Engineer,Software Engineering,Kubernetes; Terraform; Monitoring; Grafana; Go; AWS; Incident Response; Python,Associate Degree,"Motivated Site Reliability Engineer with 7 years of experience skilled in Kubernetes, Terraform, Monitoring. Holds a Associate Degree. Seeking to leverage expertise to deliver impact."
Junior Product Manager,Product & Management,Market Research; Analytics; Agile; User Stories; Communication; Jira; Strategy; Roadmapping,High School,"Collaborative Product Manager with 1 years of experience skilled in Market Research, Analytics, Agile. Holds a High School. Seeking to leverage expertise to deliver impact."
Senior Cloud Engineer,Cloud & Infrastructure,CloudFormation; AWS; Kubernetes; Terraform,High School,"Motivated Cloud Engineer with 10 years of experience skilled in CloudFormation, AWS, Kubernetes. Holds a High School. Seeking to leverage expertise to deliver impact."
Junior Growth Marketer,Marketing,Email Marketing; Funnel Optimization; SEO; Growth Hacking; SQL,High School,"Detail-oriented Growth Marketer with 1 years of experience skilled in Email Marketing, Funnel Optimization, SEO. Holds a High School. Seeking to leverage expertise to deliver impact."
Lead Operations Manager,Business,Analytics; Lean; Process Improvement; Budgeting; Leadership; Vendor Management; Operations Management,Associate Degree,"Motivated Operations Manager with 8 years of experience skilled in Analytics, Lean, Process Improvement. Holds a Associate Degree. Seeking to leverage expertise to deliver impact."
Intern Backend Developer,Software Engineering,Java; Django; Spring Boot; Python; REST APIs; GraphQL; Redis; SQL,Bachelor's Degree,"Collaborative Backend Developer with 1 years of experience skilled in Java, Django, Spring Boot. Holds a Bachelor's Degree. Seeking to leverage expertise to deliver impact."
Principal HR Specialist,Business,Payroll; Conflict Resolution; Onboarding; Compliance; HRIS; Recruitment; Performance Management,Bachelor's Degree,"Innovative HR Specialist with 18 years of experience skilled in Payroll, Conflict Resolution, Onboarding. Holds a Bachelor's Degree. Seeking to leverage expertise to deliver impact."
Intern Site Reliability Engineer,Software Engineering,Python; Prometheus; Go; Incident Response,High School,"Experienced Site Reliability Engineer with 1 years of experience skilled in Python, Prometheus, Go. Holds a High School. Seeking to leverage expertise to deliver impact."
Junior Computer Vision Engineer,Data & AI,C++; Machine Learning; Image Processing; TensorFlow; Python; CNN; OpenCV,Associate Degree,"Passionate Computer Vision Engineer with 2 years of experience skilled in C++, Machine Learning, Image Processing. Holds a Associate Degree. Seeking to leverage expertise to deliver impact."
Junior Data Analyst,Data & AI,A/B Testing; Reporting; Tableau; SQL; Excel; Power BI; Pandas; Statistics,Master's Degree,"Detail-oriented Data Analyst with 2 years of experience skilled in A/B Testing, Reporting, Tableau. Holds a Master's Degree. Seeking to leverage expertise to deliver impact."
Mid-level QA Engineer,Software Engineering,Manual Testing; Cypress; Jira; Postman,Bachelor's Degree,"Results-driven QA Engineer with 3 years of experience skilled in Manual Testing, Cypress, Jira. Holds a Bachelor's Degree. Seeking to leverage expertise to deliver impact."
Junior Interaction Designer,Design,Design Systems; UX Design; After Effects; Usability Testing; Wireframing; Figma; User Research,Associate Degree,"Dedicated Interaction Designer with 1 years of experience skilled in Design Systems, UX Design, After Effects. Holds a Associate Degree. Seeking to leverage expertise to deliver impact."
Intern Backend Developer,Software Engineering,Python; Microservices; SQL; Node.js; Redis,PhD,"Detail-oriented Backend Developer with 1 years of experience skilled in Python, Microservices, SQL. Holds a PhD. Seeking to leverage expertise to deliver impact."
Senior Backend Developer,Software Engineering,Redis; Java; Django; GraphQL; Microservices,Associate Degree,"Motivated Backend Developer with 6 years of experience skilled in Redis, Java, Django. Holds a Associate Degree. Seeking to leverage expertise to deliver impact."
Mid-level AI Researcher,Data & AI,Python; TensorFlow; PyTorch; Research; Mathematics; Publications,Master's Degree,"Dedicated AI Researcher with 6 years of experience skilled in Python, TensorFlow, PyTorch. Holds a Master's Degree. Seeking to leverage expertise to deliver impact."
Principal Security Engineer,Cloud & Infrastructure,Network Security; Firewalls; Encryption; SIEM; Linux,High School,"Motivated Security Engineer with 12 years of experience skilled in Network Security, Firewalls, Encryption. Holds a High School. Seeking to leverage expertise to deliver impact."
Lead Product Designer,Design,UI Design; Sketch; Design Systems; Prototyping,Associate Degree,"Collaborative Product Designer with 10 years of experience skilled in UI Design, Sketch, Design Systems. Holds a Associate Degree. Seeking to leverage expertise to deliver impact."
Principal Security Engineer,Cloud & Infrastructure,SIEM; Python; Cybersecurity; Penetration Testing; OWASP; Network Security; Incident Response; Firewalls,Bachelor's Degree,"Collaborative Security Engineer with 13 years of experience skilled in SIEM, Python, Cybersecurity. Holds a Bachelor's Degree. Seeking to leverage expertise to deliver impact."
Lead Backend Developer,Software Engineering,Microservices; Django; Java; Spring Boot,Bachelor's Degree,"Passionate Backend Developer with 10 years of experience skilled in Microservices, Django, Java. Holds a Bachelor's Degree. Seeking to leverage expertise to deliver impact."
Principal Backend Developer,Software Engineering,REST APIs; Node.js; Spring Boot; Redis; GraphQL; Django; SQL,Bachelor's Degree,"Collaborative Backend Developer with 18 years of experience skilled in REST APIs, Node.js, Spring Boot. Holds a Bachelor's Degree. Seeking to leverage expertise to deliver impact."
Lead QA Engineer,Software Engineering,Cypress; CI/CD; Postman; Manual Testing; JUnit; Jira,Associate Degree,"Innovative QA Engineer with 9 years of experience skilled in Cypress, CI/CD, Postman. Holds a Associate Degree. Seeking to leverage expertise to deliver impact."
Intern Database Administrator,Cloud & Infrastructure,SQL; Linux; Backup & Recovery; MongoDB; Replication; PostgreSQL,Associate Degree,"Detail-oriented Database Administrator with 0 years of experience skilled in SQL, Linux, Backup & Recovery. Holds a Associate Degree. Seeking to leverage expertise to deliver impact."
Junior Data Engineer,Data & AI,Spark; AWS; Data Modeling; Kafka; Snowflake; Python,PhD,"Results-driven Data Engineer with 2 years of experience skilled in Spark, AWS, Data Modeling. Holds a PhD. Seeking to leverage expertise to deliver impact."
Senior Security Engineer,Cloud & Infrastructure,Python; Penetration Testing; Incident Response; Network Security; Firewalls,Master's Degree,"Passionate Security Engineer with 6 years of experience skilled in Python, Penetration Testing, Incident Response. Holds a Master's Degree. Seeking to leverage expertise to deliver impact."
Mid-level NLP Engineer,Data & AI,Transformers; Deep Learning; Tokenization; spaCy; Machine Learning; PyTorch; Text Mining; BERT,PhD,"Passionate NLP Engineer with 4 years of experience skilled in Transformers, Deep Learning, Tokenization. Holds a PhD. Seeking to leverage expertise to deliver impact."
Intern Security Engineer,Cloud & Infrastructure,Cybersecurity; Linux; Python; OWASP; Network Security; Penetration Testing,Bachelor's Degree,"Results-driven Security Engineer with 1 years of experience skilled in Cybersecurity, Linux, Python. Holds a Bachelor's Degree. Seeking to leverage expertise to deliver impact."
Junior Security Engineer,Cloud & Infrastructure,Network Security; Linux; SIEM; Firewalls; OWASP; Incident Response; Cybersecurity,Master's Degree,"Dedicated Security Engineer with 3 years of experience skilled in Network Security, Linux, SIEM. Holds a Master's Degree. Seeking to leverage expertise to deliver impact."
Senior Product Manager,Product & Management,User Stories; Roadmapping; Jira; Prioritization,High School,"Passionate Product Manager with 9 years of experience skilled in User Stories, Roadmapping, Jira. Holds a High School. Seeking to leverage expertise to deliver impact."
Lead Machine Learning Engineer,Data & AI,Model Deployment; Docker; TensorFlow; PyTorch; Deep Learning; Machine Learning,PhD,"Passionate Machine Learning Engineer with 11 years of experience skilled in Model Deployment, Docker, TensorFlow. Holds a PhD. Seeking to leverage expertise to deliver impact."
Lead Business Intelligence Analyst,Data & AI,Python; DAX; SQL; Excel; Reporting; Power BI,Associate Degree,"Results-driven Business Intelligence Analyst with 11 years of experience skilled in Python, DAX, SQL. Holds a Associate Degree. Seeking to leverage expertise to deliver impact."
Principal Frontend Developer,Software Engineering,Webpack; Accessibility; Jest; JavaScript; Sass; Redux; HTML; React,High School,"Detail-oriented Frontend Developer with 15 years of experience skilled in Webpack, Accessibility, Jest. Holds a High School. Seeking to leverage expertise to deliver impact."
Lead Machine Learning Engineer,Data & AI,Python; Model Deployment; TensorFlow; Scikit-learn; MLOps; SQL,Bachelor's Degree,"Detail-oriented Machine Learning Engineer with 12 years of experience skilled in Python, Model Deployment, TensorFlow. Holds a Bachelor's Degree. Seeking to leverage expertise to deliver impact."
Principal UX Designer,Design,Wireframing; Information Architecture; User Research; Prototyping; Personas; Accessibility; Usability Testing; Figma,Master's Degree,"Passionate UX Designer with 19 years of experience skilled in Wireframing, Information Architecture, User Research. Holds a Master's Degree. Seeking to leverage expertise to deliver impact."
Principal Mobile Developer,Software Engineering,React Native; Android SDK; Git; Kotlin; UI Design; iOS,PhD,"Experienced Mobile Developer with 19 years of experience skilled in React Native, Android SDK, Git. Holds a PhD. Seeking to leverage expertise to deliver impact."
Junior Program Manager,Product & Management,Strategy; Roadmapping; Communication; Leadership,Associate Degree,"Passionate Program Manager with 2 years of experience skilled in Strategy, Roadmapping, Communication. Holds a Associate Degree. Seeking to leverage expertise to deliver impact."
Intern Product Manager,Product & Management,Agile; Jira; Communication; User Stories; Roadmapping; Strategy; Analytics; Market Research,Master's Degree,"Experienced Product Manager with 0 years of experience skilled in Agile, Jira, Communication. Holds a Master's Degree. Seeking to leverage expertise to deliver impact."
Junior DevOps Engineer,Software Engineering,Terraform; Linux; Monitoring; Docker; Kubernetes,Bachelor's Degree,"Passionate DevOps Engineer with 2 years of experience skilled in Terraform, Linux, Monitoring. Holds a Bachelor's Degree. Seeking to leverage expertise to deliver impact."
Mid-level Machine Learning Engineer,Data & AI,TensorFlow; Deep Learning; Model Deployment; Scikit-learn; Python; SQL; MLOps,High School,"Passionate Machine Learning Engineer with 3 years of experience skilled in TensorFlow, Deep Learning, Model Deployment. Holds a High School. Seeking to leverage expertise to deliver impact."
Senior Frontend Developer,Software Engineering,HTML; Webpack; Accessibility; Jest,Bachelor's Degree,"Passionate Frontend Developer with 10 years of experience skilled in HTML, Webpack, Accessibility. Holds a Bachelor's Degree. Seeking to leverage expertise to deliver impact."
Senior Content Strategist,Marketing,Social Media; Analytics; CMS; Content Marketing; Copywriting; Research; Editorial Planning; Brand Voice,Bachelor's Degree,"Experienced Content Strategist with 10 years of experience skilled in Social Media, Analytics, CMS. Holds a Bachelor's Degree. Seeking to leverage expertise to deliver impact."
Lead AI Researcher,Data & AI,PyTorch; Machine Learning; Python; Deep Learning,Master's Degree,"Experienced AI Researcher with 14 years of experience skilled in PyTorch, Machine Learning, Python. Holds a Master's Degree. Seeking to leverage expertise to deliver impact."
Intern Cloud Architect,Cloud & Infrastructure,Networking; Terraform; Microservices; AWS,Master's Degree,"Motivated Cloud Architect with 0 years of experience skilled in Networking, Terraform, Microservices. Holds a Master's Degree. Seeking to leverage expertise to deliver impact."
Intern AI Researcher,Data & AI,NLP; Reinforcement Learning; Deep Learning; Publications; Research; Machine Learning; TensorFlow,High School,"Results-driven AI Researcher with 0 years of experience skilled in NLP, Reinforcement Learning, Deep Learning. Holds a High School. Seeking to leverage expertise to deliver impact."
Principal Data Analyst,Data & AI,Pandas; Reporting; Tableau; SQL,Bachelor's Degree,"Dedicated Data Analyst with 15 years of experience skilled in Pandas, Reporting, Tableau. Holds a Bachelor's Degree. Seeking to leverage expertise to deliver impact."
Lead Data Analyst,Data & AI,Statistics; Pandas; Reporting; Excel; Power BI; Data Cleaning; Python; SQL,PhD,"Passionate Data Analyst with 14 years of experience skilled in Statistics, Pandas, Reporting. Holds a PhD. Seeking to leverage expertise to deliver impact."
Principal Network Engineer,Cloud & Infrastructure,Switching; Networking; Routing; TCP/IP; VPN; Firewalls,Master's Degree,"Dedicated Network Engineer with 12 years of experience skilled in Switching, Networking, Routing. Holds a Master's Degree. Seeking to leverage expertise to deliver impact."
Principal Program Manager,Product & Management,Strategy; Leadership; Program Management; Risk Management,Associate Degree,"Dedicated Program Manager with 19 years of experience skilled in Strategy, Leadership, Program Management. Holds a Associate Degree. Seeking to leverage expertise to deliver impact."
Junior Cloud Engineer,Cloud & Infrastructure,CI/CD; AWS; Python; Linux,High School,"Passionate Cloud Engineer with 1 years of experience skilled in CI/CD, AWS, Python. Holds a High School. Seeking to leverage expertise to deliver impact."
Junior Data Engineer,Data & AI,ETL; Spark; SQL; Airflow; Hadoop; Data Modeling,Bachelor's Degree,"Collaborative Data Engineer with 1 years of experience skilled in ETL, Spark, SQL. Holds a Bachelor's Degree. Seeking to leverage expertise to deliver impact."
Principal Software Architect,Software Engineering,REST APIs; Java; Microservices; AWS; Kafka; Scalability,PhD,"Passionate Software Architect with 13 years of experience skilled in REST APIs, Java, Microservices. Holds a PhD. Seeking to leverage expertise to deliver impact."
Lead Graphic Designer,Design,Adobe XD; Photoshop; Branding; Illustrator; Typography; Print Design; InDesign,PhD,"Results-driven Graphic Designer with 14 years of experience skilled in Adobe XD, Photoshop, Branding. Holds a PhD. Seeking to leverage expertise to deliver impact."
Junior Data Analyst,Data & AI,Statistics; SQL; Power BI; A/B Testing,Master's Degree,"Experienced Data Analyst with 3 years of experience skilled in Statistics, SQL, Power BI. Holds a Master's Degree. Seeking to leverage expertise to deliver impact."
Mid-level Cloud Architect,Cloud & Infrastructure,Terraform; Kubernetes; Azure; Microservices; AWS,Bachelor's Degree,"Collaborative Cloud Architect with 5 years of experience skilled in Terraform, Kubernetes, Azure. Holds a Bachelor's Degree. Seeking to leverage expertise to deliver impact."
Lead HR Specialist,Business,Performance Management; Recruitment; Conflict Resolution; Training; Employee Relations; Onboarding; Payroll; Compliance,Master's Degree,"Dedicated HR Specialist with 11 years of experience skilled in Performance Management, Recruitment, Conflict Resolution. Holds a Master's Degree. Seeking to leverage expertise to deliver impact."
Junior Social Media Manager,Marketing,Analytics; Social Media; Scheduling Tools; Engagement; Community Management; Branding; Copywriting; Canva,Master's Degree,"Collaborative Social Media Manager with 3 years of experience skilled in Analytics, Social Media, Scheduling Tools. Holds a Master's Degree. Seeking to leverage expertise to deliver impact."
Lead Operations Manager,Business,Lean; Vendor Management; Supply Chain; Communication; Leadership; Analytics; Budgeting,Master's Degree,"Passionate Operations Manager with 12 years of experience skilled in Lean, Vendor Management, Supply Chain. Holds a Master's Degree. Seeking to leverage expertise to deliver impact."
Mid-level Site Reliability Engineer,Software Engineering,Monitoring; Linux; AWS; Terraform; Kubernetes; Python; Grafana; Go,Master's Degree,"Passionate Site Reliability Engineer with 3 years of experience skilled in Monitoring, Linux, AWS. Holds a Master's Degree. Seeking to leverage expertise to deliver impact."
Junior HR Specialist,Business,Recruitment; Payroll; Conflict Resolution; Compliance; Employee Relations; HRIS,PhD,"Innovative HR Specialist with 2 years of experience skilled in Recruitment, Payroll, Conflict Resolution. Holds a PhD. Seeking to leverage expertise to deliver impact."
Lead Content Strategist,Marketing,Content Marketing; Copywriting; SEO; Brand Voice,Associate Degree,"Innovative Content Strategist with 12 years of experience skilled in Content Marketing, Copywriting, SEO. Holds a Associate Degree. Seeking to leverage expertise to deliver impact."
Mid-level Project Manager,Product & Management,Risk Management; Gantt Charts; Planning; Budgeting; Stakeholder Management; Communication,Associate Degree,"Innovative Project Manager with 4 years of experience skilled in Risk Management, Gantt Charts, Planning. Holds a Associate Degree. Seeking to leverage expertise to deliver impact."
Mid-level Operations Manager,Business,Budgeting; Supply Chain; Leadership; Lean; Communication,Associate Degree,"Detail-oriented Operations Manager with 4 years of experience skilled in Budgeting, Supply Chain, Leadership. Holds a Associate Degree. Seeking to leverage expertise to deliver impact."
Senior Interaction Designer,Design,User Research; Prototyping; Wireframing; After Effects; UX Design,Master's Degree,"Passionate Interaction Designer with 8 years of experience skilled in User Research, Prototyping, Wireframing. Holds a Master's Degree. Seeking to leverage expertise to deliver impact."
Senior Interaction Designer,Design,UX Design; Motion Design; Design Systems; User Research; Prototyping,Bachelor's Degree,"Innovative Interaction Designer with 7 years of experience skilled in UX Design, Motion Design, Design Systems. Holds a Bachelor's Degree. Seeking to leverage expertise to deliver impact."
Junior Software Architect,Software Engineering,Microservices; Docker; REST APIs; Java; Scalability; System Design; Design Patterns; Kafka,Master's Degree,"Innovative Software Architect with 2 years of experience skilled in Microservices, Docker, REST APIs. Holds a Master's Degree. Seeking to leverage expertise to deliver impact."
Lead Backend Developer,Software Engineering,Redis; REST APIs; Microservices; Java; Python; Spring Boot,PhD,"Detail-oriented Backend Developer with 10 years of experience skilled in Redis, REST APIs, Microservices. Holds a PhD. Seeking to leverage expertise to deliver impact."
Lead Cloud Architect,Cloud & Infrastructure,Azure; Security; Microservices; Cost Optimization,Associate Degree,"Innovative Cloud Architect with 8 years of experience skilled in Azure, Security, Microservices. Holds a Associate Degree. Seeking to leverage expertise to deliver impact."
Junior Business Analyst,Business,Requirements Gathering; SQL; Documentation; UML; Process Modeling; Excel,Bachelor's Degree,"Experienced Business Analyst with 1 years of experience skilled in Requirements Gathering, SQL, Documentation. Holds a Bachelor's Degree. Seeking to leverage expertise to deliver impact."
Intern Content Strategist,Marketing,Analytics; Editorial Planning; Copywriting; Brand Voice; Social Media; CMS,PhD,"Motivated Content Strategist with 1 years of experience skilled in Analytics, Editorial Planning, Copywriting. Holds a PhD. Seeking to leverage expertise to deliver impact."
Senior Product Owner,Product & Management,User Stories; Prioritization; Roadmapping; Communication; Agile; Backlog Management; Stakeholder Management; Scrum,Associate Degree,"Detail-oriented Product Owner with 8 years of experience skilled in User Stories, Prioritization, Roadmapping. Holds a Associate Degree. Seeking to leverage expertise to deliver impact."
Intern UX Designer,Design,Information Architecture; Figma; Journey Mapping; Prototyping,PhD,"Collaborative UX Designer with 0 years of experience skilled in Information Architecture, Figma, Journey Mapping. Holds a PhD. Seeking to leverage expertise to deliver impact."
Intern Security Engineer,Cloud & Infrastructure,SIEM; Incident Response; Cybersecurity; Network Security; Python; Penetration Testing; Encryption; Linux,Master's Degree,"Passionate Security Engineer with 1 years of experience skilled in SIEM, Incident Response, Cybersecurity. Holds a Master's Degree. Seeking to leverage expertise to deliver impact."
Mid-level Site Reliability Engineer,Software Engineering,Incident Response; Monitoring; Kubernetes; Grafana; Python; Terraform; Linux; Prometheus,Bachelor's Degree,"Experienced Site Reliability Engineer with 6 years of experience skilled in Incident Response, Monitoring, Kubernetes. Holds a Bachelor's Degree. Seeking to leverage expertise to deliver impact."
Junior Data Analyst,Data & AI,Statistics; Reporting; A/B Testing; Pandas; Data Cleaning; Tableau; Python,PhD,"Dedicated Data Analyst with 3 years of experience skilled in Statistics, Reporting, A/B Testing. Holds a PhD. Seeking to leverage expertise to deliver impact."
Mid-level Project Manager,Product & Management,Stakeholder Management; Risk Management; Gantt Charts; Communication; Leadership; Agile; Jira; Planning,Bachelor's Degree,"Results-driven Project Manager with 6 years of experience skilled in Stakeholder Management, Risk Management, Gantt Charts. Holds a Bachelor's Degree. Seeking to leverage expertise to deliver impact."
Intern Site Reliability Engineer,Software Engineering,Kubernetes; Grafana; Python; Go,PhD,"Motivated Site Reliability Engineer with 0 years of experience skilled in Kubernetes, Grafana, Python. Holds a PhD. Seeking to leverage expertise to deliver impact."
Junior DevOps Engineer,Software Engineering,Kubernetes; Jenkins; Bash; Docker; Monitoring,Bachelor's Degree,"Innovative DevOps Engineer with 1 years of experience skilled in Kubernetes, Jenkins, Bash. Holds a Bachelor's Degree. Seeking to leverage expertise to deliver impact."
Intern Social Media Manager,Marketing,Community Management; Canva; Analytics; Campaign Management; Social Media; Scheduling Tools; Copywriting; Content Creation,Master's Degree,"Collaborative Social Media Manager with 1 years of experience skilled in Community Management, Canva, Analytics. Holds a Master's Degree. Seeking to leverage expertise to deliver impact."
Senior Data Scientist,Data & AI,SQL; TensorFlow; Data Visualization; Statistics; NumPy,Associate Degree,"Results-driven Data Scientist with 9 years of experience skilled in SQL, TensorFlow, Data Visualization. Holds a Associate Degree. Seeking to leverage expertise to deliver impact."
Mid-level Site Reliability Engineer,Software Engineering,Grafana; Terraform; Python; Prometheus; Kubernetes; AWS; Incident Response; Go,Associate Degree,"Motivated Site Reliability Engineer with 3 years of experience skilled in Grafana, Terraform, Python. Holds a Associate Degree. Seeking to leverage expertise to deliver impact."
Junior DevOps Engineer,Software Engineering,Monitoring; AWS; Docker; Jenkins; Bash,High School,"Results-driven DevOps Engineer with 3 years of experience skilled in Monitoring, AWS, Docker. Holds a High School. Seeking to leverage expertise to deliver impact."
Principal Scrum Master,Product & Management,Agile; Communication; Jira; Retrospectives,Master's Degree,"Passionate Scrum Master with 16 years of experience skilled in Agile, Communication, Jira. Holds a Master's Degree. Seeking to leverage expertise to deliver impact."
Principal NLP Engineer,Data & AI,BERT; Machine Learning; Python; PyTorch; NLP; Transformers; Text Mining; spaCy,Master's Degree,"Passionate NLP Engineer with 13 years of experience skilled in BERT, Machine Learning, Python. Holds a Master's Degree. Seeking to leverage expertise to deliver impact."
Mid-level Data Engineer,Data & AI,Snowflake; ETL; Kafka; Data Modeling; Spark; Hadoop; AWS,Associate Degree,"Dedicated Data Engineer with 6 years of experience skilled in Snowflake, ETL, Kafka. Holds a Associate Degree. Seeking to leverage expertise to deliver impact."
Lead Data Scientist,Data & AI,Statistics; NumPy; Pandas; Machine Learning,Master's Degree,"Dedicated Data Scientist with 14 years of experience skilled in Statistics, NumPy, Pandas. Holds a Master's Degree. Seeking to leverage expertise to deliver impact."
Junior Security Engineer,Cloud & Infrastructure,Python; Cybersecurity; SIEM; Linux,High School,"Collaborative Security Engineer with 2 years of experience skilled in Python, Cybersecurity, SIEM. Holds a High School. Seeking to leverage expertise to deliver impact."
Intern Data Engineer,Data & AI,Airflow; Hadoop; Snowflake; AWS; ETL; SQL; Kafka,Bachelor's Degree,"Passionate Data Engineer with 0 years of experience skilled in Airflow, Hadoop, Snowflake. Holds a Bachelor's Degree. Seeking to leverage expertise to deliver impact."
Junior Data Engineer,Data & AI,Hadoop; Airflow; AWS; SQL; Python; Data Modeling; Spark; Kafka,High School,"Experienced Data Engineer with 3 years of experience skilled in Hadoop, Airflow, AWS. Holds a High School. Seeking to leverage expertise to deliver impact."
Lead Business Intelligence Analyst,Data & AI,Tableau; Data Warehousing; Dashboards; Reporting; ETL; Excel; Power BI; DAX,PhD,"Motivated Business Intelligence Analyst with 14 years of experience skilled in Tableau, Data Warehousing, Dashboards. Holds a PhD. Seeking to leverage expertise to deliver impact."
Lead Graphic Designer,Design,Branding; Color Theory; Illustrator; Typography; Layout Design; Creativity,Master's Degree,"Motivated Graphic Designer with 13 years of experience skilled in Branding, Color Theory, Illustrator. Holds a Master's Degree. Seeking to leverage expertise to deliver impact."
Senior Data Analyst,Data & AI,Power BI; SQL; Statistics; Tableau; Data Cleaning; Python,PhD,"Detail-oriented Data Analyst with 9 years of experience skilled in Power BI, SQL, Statistics. Holds a PhD. Seeking to leverage expertise to deliver impact."
Senior Data Engineer,Data & AI,Hadoop; Snowflake; Python; SQL; Kafka; AWS; Airflow; Data Modeling,High School,"Innovative Data Engineer with 7 years of experience skilled in Hadoop, Snowflake, Python. Holds a High School. Seeking to leverage expertise to deliver impact."
Principal Business Intelligence Analyst,Data & AI,Reporting; Python; Dashboards; ETL; SQL; Power BI; Data Warehousing; Tableau,Associate Degree,"Motivated Business Intelligence Analyst with 17 years of experience skilled in Reporting, Python, Dashboards. Holds a Associate Degree. Seeking to leverage expertise to deliver impact."
Junior Site Reliability Engineer,Software Engineering,Prometheus; Grafana; Terraform; Linux,High School,"Motivated Site Reliability Engineer with 3 years of experience skilled in Prometheus, Grafana, Terraform. Holds a High School. Seeking to leverage expertise to deliver impact."
Intern Data Engineer,Data & AI,Kafka; Data Modeling; Snowflake; Hadoop,PhD,"Collaborative Data Engineer with 1 years of experience skilled in Kafka, Data Modeling, Snowflake. Holds a PhD. Seeking to leverage expertise to deliver impact."
Principal Product Manager,Product & Management,Analytics; Communication; Strategy; Agile; Prioritization,Master's Degree,"Results-driven Product Manager with 20 years of experience skilled in Analytics, Communication, Strategy. Holds a Master's Degree. Seeking to leverage expertise to deliver impact."
Junior Full Stack Developer,Software Engineering,SQL; TypeScript; Python; REST APIs,High School,"Innovative Full Stack Developer with 3 years of experience skilled in SQL, TypeScript, Python. Holds a High School. Seeking to leverage expertise to deliver impact."
Senior Game Developer,Software Engineering,Physics; C++; Unreal Engine; Shaders,High School,"Results-driven Game Developer with 10 years of experience skilled in Physics, C++, Unreal Engine. Holds a High School. Seeking to leverage expertise to deliver impact."
Principal Data Scientist,Data & AI,NumPy; Statistics; Python; TensorFlow; Jupyter; Pandas; Scikit-learn; Machine Learning,Associate Degree,"Results-driven Data Scientist with 20 years of experience skilled in NumPy, Statistics, Python. Holds a Associate Degree. Seeking to leverage expertise to deliver impact."
Junior Operations Manager,Business,Communication; Lean; Six Sigma; Operations Management,PhD,"Collaborative Operations Manager with 1 years of experience skilled in Communication, Lean, Six Sigma. Holds a PhD. Seeking to leverage expertise to deliver impact."
Lead QA Engineer,Software Engineering,Cypress; Jira; Selenium; Postman,Associate Degree,"Detail-oriented QA Engineer with 9 years of experience skilled in Cypress, Jira, Selenium. Holds a Associate Degree. Seeking to leverage expertise to deliver impact."
Junior NLP Engineer,Data & AI,BERT; Text Mining; Tokenization; Deep Learning,Associate Degree,"Results-driven NLP Engineer with 3 years of experience skilled in BERT, Text Mining, Tokenization. Holds a Associate Degree. Seeking to leverage expertise to deliver impact."
Lead Game Developer,Software Engineering,C#; Optimization; Shaders; Unreal Engine,Associate Degree,"Passionate Game Developer with 8 years of experience skilled in C#, Optimization, Shaders. Holds a Associate Degree. Seeking to leverage expertise to deliver impact."
Intern Full Stack Developer,Software Engineering,JavaScript; REST APIs; Node.js; MongoDB; Git; SQL; Python; TypeScript,PhD,"Motivated Full Stack Developer with 0 years of experience skilled in JavaScript, REST APIs, Node.js. Holds a PhD. Seeking to leverage expertise to deliver impact."
Mid-level Full Stack Developer,Software Engineering,Python; Docker; Git; Node.js; React; SQL; JavaScript; REST APIs,Master's Degree,"Experienced Full Stack Developer with 4 years of experience skilled in Python, Docker, Git. Holds a Master's Degree. Seeking to leverage expertise to deliver impact."
Intern Cloud Engineer,Cloud & Infrastructure,Linux; Docker; Terraform; AWS; CloudFormation,PhD,"Dedicated Cloud Engineer with 0 years of experience skilled in Linux, Docker, Terraform. Holds a PhD. Seeking to leverage expertise to deliver impact."
Lead HR Specialist,Business,Compliance; Recruitment; Conflict Resolution; Onboarding; Communication,Bachelor's Degree,"Dedicated HR Specialist with 12 years of experience skilled in Compliance, Recruitment, Conflict Resolution. Holds a Bachelor's Degree. Seeking to leverage expertise to deliver impact."
Intern Site Reliability Engineer,Software Engineering,Linux; Terraform; Go; AWS; Monitoring; Kubernetes; Python; Incident Response,Associate Degree,"Collaborative Site Reliability Engineer with 1 years of experience skilled in Linux, Terraform, Go. Holds a Associate Degree. Seeking to leverage expertise to deliver impact."
Intern Backend Developer,Software Engineering,Redis; Java; Node.js; GraphQL; Microservices,Bachelor's Degree,"Innovative Backend Developer with 1 years of experience skilled in Redis, Java, Node.js. Holds a Bachelor's Degree. Seeking to leverage expertise to deliver impact."
Mid-level Network Engineer,Cloud & Infrastructure,VPN; Cisco; Firewalls; Switching; Networking; DNS; Routing,High School,"Passionate Network Engineer with 4 years of experience skilled in VPN, Cisco, Firewalls. Holds a High School. Seeking to leverage expertise to deliver impact."
Intern Social Media Manager,Marketing,Content Creation; Campaign Management; Analytics; Community Management; Engagement; Copywriting; Canva,High School,"Passionate Social Media Manager with 1 years of experience skilled in Content Creation, Campaign Management, Analytics. Holds a High School. Seeking to leverage expertise to deliver impact."
Lead Financial Analyst,Business,Power BI; Excel; Budgeting; Forecasting,PhD,"Results-driven Financial Analyst with 14 years of experience skilled in Power BI, Excel, Budgeting. Holds a PhD. Seeking to leverage expertise to deliver impact."
Junior Product Owner,Product & Management,Agile; Stakeholder Management; User Stories; Jira; Roadmapping,Associate Degree,"Results-driven Product Owner with 2 years of experience skilled in Agile, Stakeholder Management, User Stories. Holds a Associate Degree. Seeking to leverage expertise to deliver impact."
Principal Computer Vision Engineer,Data & AI,Python; Deep Learning; CUDA; Machine Learning; TensorFlow; CNN,Master's Degree,"Collaborative Computer Vision Engineer with 17 years of experience skilled in Python, Deep Learning, CUDA. Holds a Master's Degree. Seeking to leverage expertise to deliver impact."
Principal Database Administrator,Cloud & Infrastructure,Performance Tuning; Replication; Backup & Recovery; MongoDB; SQL; MySQL; Oracle,Bachelor's Degree,"Experienced Database Administrator with 17 years of experience skilled in Performance Tuning, Replication, Backup & Recovery. Holds a Bachelor's Degree. Seeking to leverage expertise to deliver impact."
Junior Digital Marketing Specialist,Marketing,Analytics; Copywriting; Google Ads; CRM; Content Marketing,Master's Degree,"Results-driven Digital Marketing Specialist with 2 years of experience skilled in Analytics, Copywriting, Google Ads. Holds a Master's Degree. Seeking to leverage expertise to deliver impact."
Intern Game Developer,Software Engineering,Unity; C#; OpenGL; Optimization; Game Design; Shaders; Unreal Engine; C++,High School,"Collaborative Game Developer with 0 years of experience skilled in Unity, C#, OpenGL. Holds a High School. Seeking to leverage expertise to deliver impact."
Mid-level Program Manager,Product & Management,Strategy; Roadmapping; Communication; Budgeting,PhD,"Results-driven Program Manager with 3 years of experience skilled in Strategy, Roadmapping, Communication. Holds a PhD. Seeking to leverage expertise to deliver impact."
Intern Cloud Engineer,Cloud & Infrastructure,Networking; Terraform; Docker; Linux; AWS; CI/CD,High School,"Collaborative Cloud Engineer with 1 years of experience skilled in Networking, Terraform, Docker. Holds a High School. Seeking to leverage expertise to deliver impact."
Junior QA Engineer,Software Engineering,Selenium; Jira; Python; Bug Tracking; Test Automation; CI/CD; JUnit; Cypress,Bachelor's Degree,"Detail-oriented QA Engineer with 1 years of experience skilled in Selenium, Jira, Python. Holds a Bachelor's Degree. Seeking to leverage expertise to deliver impact."
Mid-level Mobile Developer,Software Engineering,Git; Android SDK; REST APIs; Flutter; Swift; React Native,High School,"Motivated Mobile Developer with 4 years of experience skilled in Git, Android SDK, REST APIs. Holds a High School. Seeking to leverage expertise to deliver impact."
Intern Backend Developer,Software Engineering,Spring Boot; Node.js; Django; REST APIs; GraphQL; Microservices; SQL; Java,PhD,"Experienced Backend Developer with 1 years of experience skilled in Spring Boot, Node.js, Django. Holds a PhD. Seeking to leverage expertise to deliver impact."
Intern Growth Marketer,Marketing,A/B Testing; Experimentation; Growth Hacking; Analytics; CRM,PhD,"Dedicated Growth Marketer with 0 years of experience skilled in A/B Testing, Experimentation, Growth Hacking. Holds a PhD. Seeking to leverage expertise to deliver impact."
Senior Data Analyst,Data & AI,Data Cleaning; A/B Testing; Reporting; Pandas; Excel; SQL,PhD,"Detail-oriented Data Analyst with 8 years of experience skilled in Data Cleaning, A/B Testing, Reporting. Holds a PhD. Seeking to leverage expertise to deliver impact."
Junior Cloud Engineer,Cloud & Infrastructure,Networking; AWS; CloudFormation; Monitoring; Docker,Master's Degree,"Dedicated Cloud Engineer with 2 years of experience skilled in Networking, AWS, CloudFormation. Holds a Master's Degree. Seeking to leverage expertise to deliver impact."
Mid-level Software Architect,Software Engineering,Leadership; System Design; Microservices; REST APIs; Docker; Kafka,PhD,"Collaborative Software Architect with 6 years of experience skilled in Leadership, System Design, Microservices. Holds a PhD. Seeking to leverage expertise to deliver impact."
Intern Content Strategist,Marketing,Content Marketing; Social Media; Storytelling; Brand Voice; Copywriting; CMS,PhD,"Experienced Content Strategist with 0 years of experience skilled in Content Marketing, Social Media, Storytelling. Holds a PhD. Seeking to leverage expertise to deliver impact."
Intern Database Administrator,Cloud & Infrastructure,Oracle; PostgreSQL; Performance Tuning; Replication; Linux; SQL,PhD,"Results-driven Database Administrator with 1 years of experience skilled in Oracle, PostgreSQL, Performance Tuning. Holds a PhD. Seeking to leverage expertise to deliver impact."
Mid-level Business Analyst,Business,Data Analysis; Agile; Communication; Documentation; SQL; Requirements Gathering; UML; Process Modeling,High School,"Dedicated Business Analyst with 6 years of experience skilled in Data Analysis, Agile, Communication. Holds a High School. Seeking to leverage expertise to deliver impact."
Lead Scrum Master,Product & Management,Coaching; Agile; Sprint Planning; Jira; Scrum; Communication; Servant Leadership; Retrospectives,High School,"Collaborative Scrum Master with 10 years of experience skilled in Coaching, Agile, Sprint Planning. Holds a High School. Seeking to leverage expertise to deliver impact."
Lead Social Media Manager,Marketing,Community Management; Engagement; Analytics; Canva; Scheduling Tools; Branding,Associate Degree,"Experienced Social Media Manager with 9 years of experience skilled in Community Management, Engagement, Analytics. Holds a Associate Degree. Seeking to leverage expertise to deliver impact."
Lead Business Analyst,Business,Communication; Data Analysis; Requirements Gathering; UML,Bachelor's Degree,"Passionate Business Analyst with 13 years of experience skilled in Communication, Data Analysis, Requirements Gathering. Holds a Bachelor's Degree. Seeking to leverage expertise to deliver impact."
Principal Digital Marketing Specialist,Marketing,SEO; Email Marketing; Copywriting; A/B Testing; Analytics,PhD,"Passionate Digital Marketing Specialist with 19 years of experience skilled in SEO, Email Marketing, Copywriting. Holds a PhD. Seeking to leverage expertise to deliver impact."
Intern Software Architect,Software Engineering,System Design; Java; Leadership; Kafka; REST APIs; Docker; Scalability,Associate Degree,"Innovative Software Architect with 0 years of experience skilled in System Design, Java, Leadership. Holds a Associate Degree. Seeking to leverage expertise to deliver impact."
Lead Operations Manager,Business,Communication; Vendor Management; Six Sigma; Process Improvement; Operations Management; Analytics; Budgeting; Leadership,PhD,"Experienced Operations Manager with 13 years of experience skilled in Communication, Vendor Management, Six Sigma. Holds a PhD. Seeking to leverage expertise to deliver impact."
Intern Cloud Architect,Cloud & Infrastructure,Microservices; Networking; Terraform; GCP,Associate Degree,"Detail-oriented Cloud Architect with 0 years of experience skilled in Microservices, Networking, Terraform. Holds a Associate Degree. Seeking to leverage expertise to deliver impact."
Mid-level SEO Specialist,Marketing,Copywriting; Link Building; On-page SEO; Content Strategy; Google Analytics; HTML; SEO; Technical SEO,High School,"Results-driven SEO Specialist with 4 years of experience skilled in Copywriting, Link Building, On-page SEO. Holds a High School. Seeking to leverage expertise to deliver impact."
Lead AI Researcher,Data & AI,TensorFlow; NLP; Machine Learning; Research,High School,"Passionate AI Researcher with 13 years of experience skilled in TensorFlow, NLP, Machine Learning. Holds a High School. Seeking to leverage expertise to deliver impact."
Senior Machine Learning Engineer,Data & AI,TensorFlow; MLOps; Machine Learning; Python; Docker; Deep Learning; Model Deployment; PyTorch,PhD,"Experienced Machine Learning Engineer with 9 years of experience skilled in TensorFlow, MLOps, Machine Learning. Holds a PhD. Seeking to leverage expertise to deliver impact."
Lead Data Analyst,Data & AI,Reporting; A/B Testing; Tableau; Power BI; Statistics; Data Cleaning; Python,High School,"Experienced Data Analyst with 13 years of experience skilled in Reporting, A/B Testing, Tableau. Holds a High School. Seeking to leverage expertise to deliver impact."
Lead Full Stack Developer,Software Engineering,Python; React; SQL; Docker; JavaScript; REST APIs,High School,"Innovative Full Stack Developer with 11 years of experience skilled in Python, React, SQL. Holds a High School. Seeking to leverage expertise to deliver impact."
Intern Digital Marketing Specialist,Marketing,CRM; Email Marketing; Content Marketing; A/B Testing; Copywriting; Analytics; Google Ads,Master's Degree,"Innovative Digital Marketing Specialist with 1 years of experience skilled in CRM, Email Marketing, Content Marketing. Holds a Master's Degree. Seeking to leverage expertise to deliver impact."
Senior Software Architect,Software Engineering,REST APIs; Java; AWS; Kafka; System Design; Scalability; Design Patterns; Docker,PhD,"Dedicated Software Architect with 8 years of experience skilled in REST APIs, Java, AWS. Holds a PhD. Seeking to leverage expertise to deliver impact."
Lead Scrum Master,Product & Management,Coaching; Sprint Planning; Scrum; Facilitation; Jira,Bachelor's Degree,"Passionate Scrum Master with 12 years of experience skilled in Coaching, Sprint Planning, Scrum. Holds a Bachelor's Degree. Seeking to leverage expertise to deliver impact."
Senior DevOps Engineer,Software Engineering,AWS; Bash; Jenkins; Docker,Associate Degree,"Passionate DevOps Engineer with 9 years of experience skilled in AWS, Bash, Jenkins. Holds a Associate Degree. Seeking to leverage expertise to deliver impact."
Lead Product Manager,Product & Management,Prioritization; Market Research; Stakeholder Management; Roadmapping; Communication,Associate Degree,"Experienced Product Manager with 12 years of experience skilled in Prioritization, Market Research, Stakeholder Management. Holds a Associate Degree. Seeking to leverage expertise to deliver impact."
Senior Network Engineer,Cloud & Infrastructure,DNS; Firewalls; Networking; Security; TCP/IP; Cisco; Switching; Routing,PhD,"Collaborative Network Engineer with 7 years of experience skilled in DNS, Firewalls, Networking. Holds a PhD. Seeking to leverage expertise to deliver impact."
Lead Financial Analyst,Business,Budgeting; Financial Modeling; Excel; Reporting,High School,"Motivated Financial Analyst with 10 years of experience skilled in Budgeting, Financial Modeling, Excel. Holds a High School. Seeking to leverage expertise to deliver impact."
Lead Game Developer,Software Engineering,Physics; C++; Unreal Engine; Optimization; Game Design,Associate Degree,"Motivated Game Developer with 8 years of experience skilled in Physics, C++, Unreal Engine. Holds a Associate Degree. Seeking to leverage expertise to deliver impact."
Principal Social Media Manager,Marketing,Social Media; Campaign Management; Analytics; Content Creation; Engagement; Scheduling Tools; Copywriting,PhD,"Detail-oriented Social Media Manager with 20 years of experience skilled in Social Media, Campaign Management, Analytics. Holds a PhD. Seeking to leverage expertise to deliver impact."
Mid-level Program Manager,Product & Management,Roadmapping; Agile; Budgeting; Communication,Master's Degree,"Passionate Program Manager with 5 years of experience skilled in Roadmapping, Agile, Budgeting. Holds a Master's Degree. Seeking to leverage expertise to deliver impact."
Intern AI Researcher,Data & AI,Deep Learning; TensorFlow; Machine Learning; NLP; Python; Publications; PyTorch; Mathematics,PhD,"Dedicated AI Researcher with 0 years of experience skilled in Deep Learning, TensorFlow, Machine Learning. Holds a PhD. Seeking to leverage expertise to deliver impact."
Intern Program Manager,Product & Management,Strategy; Stakeholder Management; Roadmapping; Agile; Leadership; Budgeting; Program Management,Master's Degree,"Collaborative Program Manager with 0 years of experience skilled in Strategy, Stakeholder Management, Roadmapping. Holds a Master's Degree. Seeking to leverage expertise to deliver impact."
Junior Security Engineer,Cloud & Infrastructure,Encryption; Penetration Testing; Incident Response; SIEM,PhD,"Detail-oriented Security Engineer with 2 years of experience skilled in Encryption, Penetration Testing, Incident Response. Holds a PhD. Seeking to leverage expertise to deliver impact."
Mid-level Computer Vision Engineer,Data & AI,PyTorch; TensorFlow; C++; CUDA; CNN; Deep Learning; OpenCV; Machine Learning,PhD,"Collaborative Computer Vision Engineer with 6 years of experience skilled in PyTorch, TensorFlow, C++. Holds a PhD. Seeking to leverage expertise to deliver impact."
Lead Product Designer,Design,UX Design; Interaction Design; User Research; Prototyping; Usability Testing; UI Design; Wireframing,High School,"Detail-oriented Product Designer with 10 years of experience skilled in UX Design, Interaction Design, User Research. Holds a High School. Seeking to leverage expertise to deliver impact."
Lead Game Developer,Software Engineering,Optimization; C++; Unity; Shaders; Physics,Master's Degree,"Innovative Game Developer with 14 years of experience skilled in Optimization, C++, Unity. Holds a Master's Degree. Seeking to leverage expertise to deliver impact."
Principal Business Intelligence Analyst,Data & AI,SQL; ETL; Power BI; Dashboards; Data Warehousing; Excel; Python,Associate Degree,"Dedicated Business Intelligence Analyst with 12 years of experience skilled in SQL, ETL, Power BI. Holds a Associate Degree. Seeking to leverage expertise to deliver impact."
Senior NLP Engineer,Data & AI,Transformers; Text Mining; spaCy; Python; PyTorch; Machine Learning,Bachelor's Degree,"Innovative NLP Engineer with 8 years of experience skilled in Transformers, Text Mining, spaCy. Holds a Bachelor's Degree. Seeking to leverage expertise to deliver impact."
Intern Financial Analyst,Business,Power BI; Financial Modeling; Reporting; Analytics; Valuation; SQL; Accounting,Bachelor's Degree,"Experienced Financial Analyst with 0 years of experience skilled in Power BI, Financial Modeling, Reporting. Holds a Bachelor's Degree. Seeking to leverage expertise to deliver impact."
Intern Data Engineer,Data & AI,AWS; Hadoop; Kafka; Data Modeling; ETL; Snowflake,Master's Degree,"Collaborative Data Engineer with 1 years of experience skilled in AWS, Hadoop, Kafka. Holds a Master's Degree. Seeking to leverage expertise to deliver impact."
Intern Product Owner,Product & Management,Roadmapping; Stakeholder Management; Agile; Backlog Management; Analytics; Scrum,Bachelor's Degree,"Collaborative Product Owner with 1 years of experience skilled in Roadmapping, Stakeholder Management, Agile. Holds a Bachelor's Degree. Seeking to leverage expertise to deliver impact."
Mid-level SEO Specialist,Marketing,SEO; On-page SEO; Content Strategy; SEMrush; Google Analytics; Keyword Research; Copywriting; Technical SEO,Master's Degree,"Passionate SEO Specialist with 3 years of experience skilled in SEO, On-page SEO, Content Strategy. Holds a Master's Degree. Seeking to leverage expertise to deliver impact."
Mid-level Business Intelligence Analyst,Data & AI,Excel; Dashboards; Tableau; Python; ETL; Power BI,Bachelor's Degree,"Experienced Business Intelligence Analyst with 6 years of experience skilled in Excel, Dashboards, Tableau. Holds a Bachelor's Degree. Seeking to leverage expertise to deliver impact."
Intern Mobile Developer,Software Engineering,iOS; UI Design; React Native; Kotlin; Firebase; REST APIs; Swift,High School,"Passionate Mobile Developer with 0 years of experience skilled in iOS, UI Design, React Native. Holds a High School. Seeking to leverage expertise to deliver impact."
Mid-level Data Scientist,Data & AI,TensorFlow; SQL; Jupyter; Statistics; Data Visualization,Bachelor's Degree,"Dedicated Data Scientist with 6 years of experience skilled in TensorFlow, SQL, Jupyter. Holds a Bachelor's Degree. Seeking to leverage expertise to deliver impact."
Mid-level Site Reliability Engineer,Software Engineering,Prometheus; Incident Response; Kubernetes; AWS; Go; Monitoring; Grafana; Linux,High School,"Innovative Site Reliability Engineer with 3 years of experience skilled in Prometheus, Incident Response, Kubernetes. Holds a High School. Seeking to leverage expertise to deliver impact."
Mid-level Cloud Architect,Cloud & Infrastructure,Microservices; Networking; AWS; Security; Terraform; Cost Optimization; Kubernetes; Azure,Master's Degree,"Collaborative Cloud Architect with 6 years of experience skilled in Microservices, Networking, AWS. Holds a Master's Degree. Seeking to leverage expertise to deliver impact."
Junior Security Engineer,Cloud & Infrastructure,Penetration Testing; SIEM; Linux; Firewalls; Cybersecurity,Master's Degree,"Passionate Security Engineer with 2 years of experience skilled in Penetration Testing, SIEM, Linux. Holds a Master's Degree. Seeking to leverage expertise to deliver impact."
Mid-level Product Owner,Product & Management,Roadmapping; User Stories; Agile; Scrum; Backlog Management,High School,"Motivated Product Owner with 4 years of experience skilled in Roadmapping, User Stories, Agile. Holds a High School. Seeking to leverage expertise to deliver impact."
Mid-level Cloud Engineer,Cloud & Infrastructure,Networking; CI/CD; Kubernetes; Monitoring; Docker,PhD,"Results-driven Cloud Engineer with 6 years of experience skilled in Networking, CI/CD, Kubernetes. Holds a PhD. Seeking to leverage expertise to deliver impact."
Lead Content Strategist,Marketing,SEO; Analytics; Storytelling; Brand Voice; Copywriting; Social Media,High School,"Motivated Content Strategist with 9 years of experience skilled in SEO, Analytics, Storytelling. Holds a High School. Seeking to leverage expertise to deliver impact."
Mid-level Cloud Architect,Cloud & Infrastructure,Kubernetes; Terraform; AWS; Security; Cost Optimization; System Design,Bachelor's Degree,"Innovative Cloud Architect with 5 years of experience skilled in Kubernetes, Terraform, AWS. Holds a Bachelor's Degree. Seeking to leverage expertise to deliver impact."
Principal UX Designer,Design,Information Architecture; Figma; Prototyping; Personas; User Research; Accessibility; Wireframing,Associate Degree,"Collaborative UX Designer with 15 years of experience skilled in Information Architecture, Figma, Prototyping. Holds a Associate Degree. Seeking to leverage expertise to deliver impact."
Lead UX Designer,Design,Journey Mapping; Wireframing; Accessibility; Prototyping; Personas; Design Thinking; Usability Testing; Figma,Associate Degree,"Collaborative UX Designer with 10 years of experience skilled in Journey Mapping, Wireframing, Accessibility. Holds a Associate Degree. Seeking to leverage expertise to deliver impact."
Intern Data Analyst,Data & AI,Reporting; A/B Testing; Data Cleaning; Statistics; Excel,Master's Degree,"Innovative Data Analyst with 0 years of experience skilled in Reporting, A/B Testing, Data Cleaning. Holds a Master's Degree. Seeking to leverage expertise to deliver impact."
Principal Frontend Developer,Software Engineering,JavaScript; TypeScript; Webpack; Jest; Accessibility; React; CSS; HTML,High School,"Dedicated Frontend Developer with 15 years of experience skilled in JavaScript, TypeScript, Webpack. Holds a High School. Seeking to leverage expertise to deliver impact."
Junior Financial Analyst,Business,Reporting; Analytics; Accounting; Power BI; Valuation; Excel,Associate Degree,"Experienced Financial Analyst with 2 years of experience skilled in Reporting, Analytics, Accounting. Holds a Associate Degree. Seeking to leverage expertise to deliver impact."
Intern Frontend Developer,Software Engineering,Jest; TypeScript; Webpack; HTML,PhD,"Experienced Frontend Developer with 1 years of experience skilled in Jest, TypeScript, Webpack. Holds a PhD. Seeking to leverage expertise to deliver impact."
Intern Cloud Architect,Cloud & Infrastructure,Kubernetes; GCP; Terraform; Microservices; Networking; Cost Optimization; Security,Master's Degree,"Results-driven Cloud Architect with 1 years of experience skilled in Kubernetes, GCP, Terraform. Holds a Master's Degree. Seeking to leverage expertise to deliver impact."
Junior Network Engineer,Cloud & Infrastructure,Routing; TCP/IP; Linux; VPN; Switching; DNS; Firewalls; Cisco,High School,"Results-driven Network Engineer with 3 years of experience skilled in Routing, TCP/IP, Linux. Holds a High School. Seeking to leverage expertise to deliver impact."
Principal Sales Engineer,Business,Communication; CRM; Product Demos; Negotiation; Cloud; Presentations,Bachelor's Degree,"Dedicated Sales Engineer with 20 years of experience skilled in Communication, CRM, Product Demos. Holds a Bachelor's Degree. Seeking to leverage expertise to deliver impact."
Lead Operations Manager,Business,Lean; Vendor Management; Supply Chain; Communication; Analytics; Leadership; Operations Management; Process Improvement,Master's Degree,"Passionate Operations Manager with 10 years of experience skilled in Lean, Vendor Management, Supply Chain. Holds a Master's Degree. Seeking to leverage expertise to deliver impact."
Intern Social Media Manager,Marketing,Scheduling Tools; Analytics; Copywriting; Community Management; Content Creation; Social Media,PhD,"Dedicated Social Media Manager with 0 years of experience skilled in Scheduling Tools, Analytics, Copywriting. Holds a PhD. Seeking to leverage expertise to deliver impact."
Junior AI Researcher,Data & AI,PyTorch; Research; Reinforcement Learning; Mathematics; NLP; Deep Learning,Associate Degree,"Motivated AI Researcher with 3 years of experience skilled in PyTorch, Research, Reinforcement Learning. Holds a Associate Degree. Seeking to leverage expertise to deliver impact."
Intern Database Administrator,Cloud & Infrastructure,PostgreSQL; Linux; MongoDB; SQL; Oracle,PhD,"Motivated Database Administrator with 0 years of experience skilled in PostgreSQL, Linux, MongoDB. Holds a PhD. Seeking to leverage expertise to deliver impact."
Lead Data Engineer,Data & AI,Python; Data Modeling; Airflow; SQL; AWS; Hadoop; Kafka; Snowflake,Associate Degree,"Motivated Data Engineer with 8 years of experience skilled in Python, Data Modeling, Airflow. Holds a Associate Degree. Seeking to leverage expertise to deliver impact."
Intern Data Engineer,Data & AI,SQL; Data Modeling; AWS; Airflow,Master's Degree,"Detail-oriented Data Engineer with 1 years of experience skilled in SQL, Data Modeling, AWS. Holds a Master's Degree. Seeking to leverage expertise to deliver impact."
Intern Full Stack Developer,Software Engineering,TypeScript; Git; REST APIs; MongoDB; Python; JavaScript; SQL; Node.js,Bachelor's Degree,"Motivated Full Stack Developer with 0 years of experience skilled in TypeScript, Git, REST APIs. Holds a Bachelor's Degree. Seeking to leverage expertise to deliver impact."
Senior Project Manager,Product & Management,Stakeholder Management; Agile; Budgeting; Leadership,Bachelor's Degree,"Motivated Project Manager with 8 years of experience skilled in Stakeholder Management, Agile, Budgeting. Holds a Bachelor's Degree. Seeking to leverage expertise to deliver impact."
Intern Sales Engineer,Business,APIs; Technical Sales; Customer Success; Product Demos; Communication; Negotiation; CRM; Cloud,Bachelor's Degree,"Dedicated Sales Engineer with 1 years of experience skilled in APIs, Technical Sales, Customer Success. Holds a Bachelor's Degree. Seeking to leverage expertise to deliver impact."
Mid-level Business Analyst,Business,Requirements Gathering; Communication; Process Modeling; Documentation,Master's Degree,"Dedicated Business Analyst with 3 years of experience skilled in Requirements Gathering, Communication, Process Modeling. Holds a Master's Degree. Seeking to leverage expertise to deliver impact."
Intern Data Engineer,Data & AI,Kafka; ETL; AWS; Airflow; Python; Spark,High School,"Dedicated Data Engineer with 0 years of experience skilled in Kafka, ETL, AWS. Holds a High School. Seeking to leverage expertise to deliver impact."
Principal Digital Marketing Specialist,Marketing,Campaign Management; Analytics; Google Ads; SEO; A/B Testing; Email Marketing; Content Marketing,High School,"Detail-oriented Digital Marketing Specialist with 16 years of experience skilled in Campaign Management, Analytics, Google Ads. Holds a High School. Seeking to leverage expertise to deliver impact."
Mid-level Computer Vision Engineer,Data & AI,Machine Learning; C++; Image Processing; Python,PhD,"Experienced Computer Vision Engineer with 6 years of experience skilled in Machine Learning, C++, Image Processing. Holds a PhD. Seeking to leverage expertise to deliver impact."
Senior Operations Manager,Business,Vendor Management; Operations Management; Analytics; Lean,Associate Degree,"Dedicated Operations Manager with 10 years of experience skilled in Vendor Management, Operations Management, Analytics. Holds a Associate Degree. Seeking to leverage expertise to deliver impact."
Lead Product Owner,Product & Management,Stakeholder Management; Communication; Agile; Prioritization; Jira,PhD,"Dedicated Product Owner with 13 years of experience skilled in Stakeholder Management, Communication, Agile. Holds a PhD. Seeking to leverage expertise to deliver impact."
Senior Data Analyst,Data & AI,Pandas; SQL; Power BI; Python; A/B Testing; Data Cleaning; Reporting; Excel,Master's Degree,"Detail-oriented Data Analyst with 10 years of experience skilled in Pandas, SQL, Power BI. Holds a Master's Degree. Seeking to leverage expertise to deliver impact."
Intern Project Manager,Product & Management,Leadership; Planning; Risk Management; Communication; Budgeting; Agile,Master's Degree,"Results-driven Project Manager with 1 years of experience skilled in Leadership, Planning, Risk Management. Holds a Master's Degree. Seeking to leverage expertise to deliver impact."
Junior Financial Analyst,Business,Financial Modeling; Excel; Accounting; Forecasting; SQL,Master's Degree,"Passionate Financial Analyst with 2 years of experience skilled in Financial Modeling, Excel, Accounting. Holds a Master's Degree. Seeking to leverage expertise to deliver impact."
Intern Scrum Master,Product & Management,Agile; Communication; Scrum; Sprint Planning; Coaching; Facilitation,High School,"Collaborative Scrum Master with 0 years of experience skilled in Agile, Communication, Scrum. Holds a High School. Seeking to leverage expertise to deliver impact."
Mid-level Project Manager,Product & Management,Jira; Scrum; Communication; Budgeting; Planning; Risk Management; Agile; Stakeholder Management,Master's Degree,"Experienced Project Manager with 4 years of experience skilled in Jira, Scrum, Communication. Holds a Master's Degree. Seeking to leverage expertise to deliver impact."
Lead Scrum Master,Product & Management,Agile; Servant Leadership; Facilitation; Retrospectives; Scrum,PhD,"Dedicated Scrum Master with 12 years of experience skilled in Agile, Servant Leadership, Facilitation. Holds a PhD. Seeking to leverage expertise to deliver impact."
Senior Site Reliability Engineer,Software Engineering,Grafana; Monitoring; Go; Python; Linux; AWS,PhD,"Detail-oriented Site Reliability Engineer with 10 years of experience skilled in Grafana, Monitoring, Go. Holds a PhD. Seeking to leverage expertise to deliver impact."
Intern SEO Specialist,Marketing,Technical SEO; Content Strategy; Google Analytics; SEO; Copywriting; On-page SEO,Bachelor's Degree,"Collaborative SEO Specialist with 1 years of experience skilled in Technical SEO, Content Strategy, Google Analytics. Holds a Bachelor's Degree. Seeking to leverage expertise to deliver impact."
Mid-level Full Stack Developer,Software Engineering,Git; Node.js; JavaScript; Docker; SQL; React; MongoDB,Master's Degree,"Results-driven Full Stack Developer with 5 years of experience skilled in Git, Node.js, JavaScript. Holds a Master's Degree. Seeking to leverage expertise to deliver impact."
Intern Database Administrator,Cloud & Infrastructure,PostgreSQL; Replication; Oracle; Performance Tuning,Master's Degree,"Experienced Database Administrator with 1 years of experience skilled in PostgreSQL, Replication, Oracle. Holds a Master's Degree. Seeking to leverage expertise to deliver impact."
Senior Mobile Developer,Software Engineering,React Native; Flutter; Android SDK; Firebase; UI Design,PhD,"Passionate Mobile Developer with 7 years of experience skilled in React Native, Flutter, Android SDK. Holds a PhD. Seeking to leverage expertise to deliver impact."
Lead Security Engineer,Cloud & Infrastructure,Encryption; Cybersecurity; OWASP; Incident Response; Firewalls; Network Security,PhD,"Passionate Security Engineer with 13 years of experience skilled in Encryption, Cybersecurity, OWASP. Holds a PhD. Seeking to leverage expertise to deliver impact."
Principal Data Analyst,Data & AI,Pandas; Power BI; Excel; A/B Testing; Reporting; SQL,PhD,"Innovative Data Analyst with 18 years of experience skilled in Pandas, Power BI, Excel. Holds a PhD. Seeking to leverage expertise to deliver impact."
Senior Frontend Developer,Software Engineering,JavaScript; Redux; Accessibility; Sass,PhD,"Innovative Frontend Developer with 6 years of experience skilled in JavaScript, Redux, Accessibility. Holds a PhD. Seeking to leverage expertise to deliver impact."
Lead Frontend Developer,Software Engineering,Sass; TypeScript; Jest; React; Accessibility,High School,"Results-driven Frontend Developer with 11 years of experience skilled in Sass, TypeScript, Jest. Holds a High School. Seeking to leverage expertise to deliver impact."
Junior Project Manager,Product & Management,Agile; Risk Management; Budgeting; Leadership; Planning; Communication; Jira,PhD,"Innovative Project Manager with 2 years of experience skilled in Agile, Risk Management, Budgeting. Holds a PhD. Seeking to leverage expertise to deliver impact."
Intern Frontend Developer,Software Engineering,CSS; TypeScript; Accessibility; Sass; Redux; React; Webpack,Associate Degree,"Collaborative Frontend Developer with 0 years of experience skilled in CSS, TypeScript, Accessibility. Holds a Associate Degree. Seeking to leverage expertise to deliver impact."
Lead Product Owner,Product & Management,Jira; Prioritization; Roadmapping; Agile; User Stories; Stakeholder Management; Analytics; Scrum,High School,"Dedicated Product Owner with 11 years of experience skilled in Jira, Prioritization, Roadmapping. Holds a High School. Seeking to leverage expertise to deliver impact."
Lead QA Engineer,Software Engineering,Cypress; Python; JUnit; Jira; Bug Tracking; Manual Testing; Selenium; CI/CD,High School,"Results-driven QA Engineer with 14 years of experience skilled in Cypress, Python, JUnit. Holds a High School. Seeking to leverage expertise to deliver impact."
Mid-level AI Researcher,Data & AI,PyTorch; Machine Learning; TensorFlow; Deep Learning,High School,"Collaborative AI Researcher with 4 years of experience skilled in PyTorch, Machine Learning, TensorFlow. Holds a High School. Seeking to leverage expertise to deliver impact."
Junior UX Designer,Design,Journey Mapping; Usability Testing; Prototyping; Figma; Wireframing; Accessibility,High School,"Dedicated UX Designer with 3 years of experience skilled in Journey Mapping, Usability Testing, Prototyping. Holds a High School. Seeking to leverage expertise to deliver impact."
Lead UI Designer,Design,Figma; Design Systems; HTML; Sketch; Typography; Color Theory; CSS,Bachelor's Degree,"Experienced UI Designer with 13 years of experience skilled in Figma, Design Systems, HTML. Holds a Bachelor's Degree. Seeking to leverage expertise to deliver impact."
Lead Network Engineer,Cloud & Infrastructure,DNS; VPN; Cisco; Linux; TCP/IP,Bachelor's Degree,"Dedicated Network Engineer with 11 years of experience skilled in DNS, VPN, Cisco. Holds a Bachelor's Degree. Seeking to leverage expertise to deliver impact."
Lead Site Reliability Engineer,Software Engineering,Terraform; Monitoring; Kubernetes; Linux,Master's Degree,"Experienced Site Reliability Engineer with 14 years of experience skilled in Terraform, Monitoring, Kubernetes. Holds a Master's Degree. Seeking to leverage expertise to deliver impact."
Senior Mobile Developer,Software Engineering,REST APIs; iOS; Git; Kotlin; Flutter; React Native,Associate Degree,"Passionate Mobile Developer with 7 years of experience skilled in REST APIs, iOS, Git. Holds a Associate Degree. Seeking to leverage expertise to deliver impact."
Lead Frontend Developer,Software Engineering,Jest; Redux; Accessibility; JavaScript,Master's Degree,"Experienced Frontend Developer with 8 years of experience skilled in Jest, Redux, Accessibility. Holds a Master's Degree. Seeking to leverage expertise to deliver impact."
Principal Backend Developer,Software Engineering,Java; SQL; GraphQL; Python; Spring Boot; Microservices; REST APIs; Django,Associate Degree,"Innovative Backend Developer with 12 years of experience skilled in Java, SQL, GraphQL. Holds a Associate Degree. Seeking to leverage expertise to deliver impact."
Principal UX Designer,Design,Personas; User Research; Figma; Wireframing; Information Architecture; Design Thinking; Prototyping,Associate Degree,"Innovative UX Designer with 17 years of experience skilled in Personas, User Research, Figma. Holds a Associate Degree. Seeking to leverage expertise to deliver impact."
Principal UI Designer,Design,Adobe XD; Figma; Sketch; Color Theory,Associate Degree,"Collaborative UI Designer with 14 years of experience skilled in Adobe XD, Figma, Sketch. Holds a Associate Degree. Seeking to leverage expertise to deliver impact."
Lead Graphic Designer,Design,Photoshop; Print Design; InDesign; Color Theory; Typography; Creativity,Bachelor's Degree,"Detail-oriented Graphic Designer with 8 years of experience skilled in Photoshop, Print Design, InDesign. Holds a Bachelor's Degree. Seeking to leverage expertise to deliver impact."
Junior Interaction Designer,Design,Wireframing; User Research; Usability Testing; UX Design; After Effects,High School,"Collaborative Interaction Designer with 2 years of experience skilled in Wireframing, User Research, Usability Testing. Holds a High School. Seeking to leverage expertise to deliver impact."
Intern UX Designer,Design,Wireframing; Journey Mapping; Prototyping; Personas; Accessibility; Design Thinking; User Research,PhD,"Innovative UX Designer with 1 years of experience skilled in Wireframing, Journey Mapping, Prototyping. Holds a PhD. Seeking to leverage expertise to deliver impact."
Intern Sales Engineer,Business,CRM; Technical Sales; APIs; Communication; Product Demos,Bachelor's Degree,"Results-driven Sales Engineer with 0 years of experience skilled in CRM, Technical Sales, APIs. Holds a Bachelor's Degree. Seeking to leverage expertise to deliver impact."
Principal NLP Engineer,Data & AI,NLP; Python; PyTorch; spaCy; Tokenization; Deep Learning; Machine Learning; Transformers,PhD,"Experienced NLP Engineer with 12 years of experience skilled in NLP, Python, PyTorch. Holds a PhD. Seeking to leverage expertise to deliver impact."
Intern DevOps Engineer,Software Engineering,CI/CD; Kubernetes; Terraform; Jenkins; AWS; Monitoring; Bash; Ansible,Bachelor's Degree,"Motivated DevOps Engineer with 1 years of experience skilled in CI/CD, Kubernetes, Terraform. Holds a Bachelor's Degree. Seeking to leverage expertise to deliver impact."
Principal Project Manager,Product & Management,Jira; Risk Management; Agile; Gantt Charts; Budgeting; Communication; Stakeholder Management; Leadership,Master's Degree,"Results-driven Project Manager with 18 years of experience skilled in Jira, Risk Management, Agile. Holds a Master's Degree. Seeking to leverage expertise to deliver impact."
Intern Sales Engineer,Business,Cloud; Presentations; Technical Sales; Customer Success; Negotiation; Communication; Solution Design,Bachelor's Degree,"Results-driven Sales Engineer with 1 years of experience skilled in Cloud, Presentations, Technical Sales. Holds a Bachelor's Degree. Seeking to leverage expertise to deliver impact."
Senior Business Intelligence Analyst,Data & AI,DAX; Tableau; Data Warehousing; ETL; Power BI; Dashboards; Python; Excel,Bachelor's Degree,"Motivated Business Intelligence Analyst with 10 years of experience skilled in DAX, Tableau, Data Warehousing. Holds a Bachelor's Degree. Seeking to leverage expertise to deliver impact."
Intern Backend Developer,Software Engineering,Redis; GraphQL; Spring Boot; Microservices; Java; Node.js; REST APIs,Associate Degree,"Passionate Backend Developer with 0 years of experience skilled in Redis, GraphQL, Spring Boot. Holds a Associate Degree. Seeking to leverage expertise to deliver impact."
Mid-level HR Specialist,Business,Onboarding; Performance Management; HRIS; Training,Bachelor's Degree,"Passionate HR Specialist with 5 years of experience skilled in Onboarding, Performance Management, HRIS. Holds a Bachelor's Degree. Seeking to leverage expertise to deliver impact."
Junior Program Manager,Product & Management,Stakeholder Management; Strategy; Budgeting; Leadership; Reporting; Program Management,Associate Degree,"Passionate Program Manager with 3 years of experience skilled in Stakeholder Management, Strategy, Budgeting. Holds a Associate Degree. Seeking to leverage expertise to deliver impact."
Junior Computer Vision Engineer,Data & AI,Image Processing; OpenCV; C++; Python; CUDA; TensorFlow,High School,"Dedicated Computer Vision Engineer with 3 years of experience skilled in Image Processing, OpenCV, C++. Holds a High School. Seeking to leverage expertise to deliver impact."
Mid-level Full Stack Developer,Software Engineering,JavaScript; Git; Docker; SQL; Node.js,High School,"Passionate Full Stack Developer with 4 years of experience skilled in JavaScript, Git, Docker. Holds a High School. Seeking to leverage expertise to deliver impact."
Intern Game Developer,Software Engineering,Shaders; Game Design; Unreal Engine; Optimization; C#; 3D Math; Unity,Bachelor's Degree,"Collaborative Game Developer with 1 years of experience skilled in Shaders, Game Design, Unreal Engine. Holds a Bachelor's Degree. Seeking to leverage expertise to deliver impact."
Lead Interaction Designer,Design,After Effects; Usability Testing; Wireframing; Design Systems; User Research; Prototyping; Figma; Interaction Design,PhD,"Dedicated Interaction Designer with 12 years of experience skilled in After Effects, Usability Testing, Wireframing. Holds a PhD. Seeking to leverage expertise to deliver impact."
Junior Product Designer,Design,Figma; Design Systems; UI Design; Sketch; Wireframing; User Research; UX Design,Associate Degree,"Collaborative Product Designer with 3 years of experience skilled in Figma, Design Systems, UI Design. Holds a Associate Degree. Seeking to leverage expertise to deliver impact."
Mid-level Project Manager,Product & Management,Risk Management; Scrum; Stakeholder Management; Budgeting; Planning; Agile; Gantt Charts; Communication,High School,"Detail-oriented Project Manager with 6 years of experience skilled in Risk Management, Scrum, Stakeholder Management. Holds a High School. Seeking to leverage expertise to deliver impact."
Junior Product Manager,Product & Management,Communication; Roadmapping; Stakeholder Management; Agile; User Stories,Associate Degree,"Detail-oriented Product Manager with 3 years of experience skilled in Communication, Roadmapping, Stakeholder Management. Holds a Associate Degree. Seeking to leverage expertise to deliver impact."
Lead Sales Engineer,Business,CRM; Solution Design; Cloud; Negotiation; Presentations,High School,"Innovative Sales Engineer with 11 years of experience skilled in CRM, Solution Design, Cloud. Holds a High School. Seeking to leverage expertise to deliver impact."
Intern Database Administrator,Cloud & Infrastructure,PostgreSQL; Security; Replication; Linux; Backup & Recovery; MySQL; Performance Tuning,PhD,"Innovative Database Administrator with 0 years of experience skilled in PostgreSQL, Security, Replication. Holds a PhD. Seeking to leverage expertise to deliver impact."
Principal Database Administrator,Cloud & Infrastructure,MongoDB; MySQL; PostgreSQL; Oracle; Backup & Recovery; Performance Tuning; SQL,Bachelor's Degree,"Motivated Database Administrator with 12 years of experience skilled in MongoDB, MySQL, PostgreSQL. Holds a Bachelor's Degree. Seeking to leverage expertise to deliver impact."
Lead Social Media Manager,Marketing,Community Management; Content Creation; Canva; Copywriting; Branding; Scheduling Tools; Engagement; Social Media,PhD,"Experienced Social Media Manager with 14 years of experience skilled in Community Management, Content Creation, Canva. Holds a PhD. Seeking to leverage expertise to deliver impact."
Mid-level Interaction Designer,Design,Prototyping; After Effects; Motion Design; UX Design,Associate Degree,"Results-driven Interaction Designer with 6 years of experience skilled in Prototyping, After Effects, Motion Design. Holds a Associate Degree. Seeking to leverage expertise to deliver impact."
Junior Mobile Developer,Software Engineering,React Native; Android SDK; Flutter; iOS; Swift; Firebase; Git; Kotlin,High School,"Experienced Mobile Developer with 2 years of experience skilled in React Native, Android SDK, Flutter. Holds a High School. Seeking to leverage expertise to deliver impact."
Senior UI Designer,Design,Prototyping; Adobe XD; Sketch; Figma; Wireframing; CSS,PhD,"Motivated UI Designer with 10 years of experience skilled in Prototyping, Adobe XD, Sketch. Holds a PhD. Seeking to leverage expertise to deliver impact."
Principal Frontend Developer,Software Engineering,JavaScript; React; Accessibility; Redux; TypeScript,Bachelor's Degree,"Passionate Frontend Developer with 12 years of experience skilled in JavaScript, React, Accessibility. Holds a Bachelor's Degree. Seeking to leverage expertise to deliver impact."
Junior Computer Vision Engineer,Data & AI,Machine Learning; CUDA; Image Processing; TensorFlow; OpenCV,High School,"Motivated Computer Vision Engineer with 3 years of experience skilled in Machine Learning, CUDA, Image Processing. Holds a High School. Seeking to leverage expertise to deliver impact."
Principal Project Manager,Product & Management,Agile; Risk Management; Scrum; Budgeting; Gantt Charts,Master's Degree,"Experienced Project Manager with 12 years of experience skilled in Agile, Risk Management, Scrum. Holds a Master's Degree. Seeking to leverage expertise to deliver impact."
Junior Program Manager,Product & Management,Program Management; Agile; Risk Management; Communication,Master's Degree,"Collaborative Program Manager with 2 years of experience skilled in Program Management, Agile, Risk Management. Holds a Master's Degree. Seeking to leverage expertise to deliver impact."
Senior Product Manager,Product & Management,Agile; Communication; User Stories; Strategy; Roadmapping; Analytics; Prioritization; Stakeholder Management,Master's Degree,"Detail-oriented Product Manager with 6 years of experience skilled in Agile, Communication, User Stories. Holds a Master's Degree. Seeking to leverage expertise to deliver impact."
Mid-level Social Media Manager,Marketing,Engagement; Social Media; Analytics; Copywriting; Campaign Management; Canva; Content Creation,High School,"Experienced Social Media Manager with 3 years of experience skilled in Engagement, Social Media, Analytics. Holds a High School. Seeking to leverage expertise to deliver impact."
Principal Business Intelligence Analyst,Data & AI,DAX; Power BI; Excel; Data Warehousing; Python; ETL; SQL; Reporting,Master's Degree,"Collaborative Business Intelligence Analyst with 13 years of experience skilled in DAX, Power BI, Excel. Holds a Master's Degree. Seeking to leverage expertise to deliver impact."
Lead Frontend Developer,Software Engineering,Redux; Webpack; Accessibility; Jest,Master's Degree,"Collaborative Frontend Developer with 11 years of experience skilled in Redux, Webpack, Accessibility. Holds a Master's Degree. Seeking to leverage expertise to deliver impact."
Senior Full Stack Developer,Software Engineering,Docker; Node.js; React; SQL; TypeScript,Bachelor's Degree,"Innovative Full Stack Developer with 9 years of experience skilled in Docker, Node.js, React. Holds a Bachelor's Degree. Seeking to leverage expertise to deliver impact."
Mid-level Mobile Developer,Software Engineering,Android SDK; UI Design; Git; iOS; Kotlin; React Native; REST APIs; Swift,Bachelor's Degree,"Motivated Mobile Developer with 4 years of experience skilled in Android SDK, UI Design, Git. Holds a Bachelor's Degree. Seeking to leverage expertise to deliver impact."
Lead Computer Vision Engineer,Data & AI,Image Processing; Python; CNN; CUDA; Machine Learning; Deep Learning; OpenCV,Associate Degree,"Passionate Computer Vision Engineer with 11 years of experience skilled in Image Processing, Python, CNN. Holds a Associate Degree. Seeking to leverage expertise to deliver impact."
Senior Data Analyst,Data & AI,Data Cleaning; Excel; Reporting; Tableau; Pandas,Associate Degree,"Dedicated Data Analyst with 8 years of experience skilled in Data Cleaning, Excel, Reporting. Holds a Associate Degree. Seeking to leverage expertise to deliver impact."
Principal Site Reliability Engineer,Software Engineering,Go; Terraform; Python; Monitoring; Prometheus; Kubernetes,PhD,"Results-driven Site Reliability Engineer with 20 years of experience skilled in Go, Terraform, Python. Holds a PhD. Seeking to leverage expertise to deliver impact."
Principal Network Engineer,Cloud & Infrastructure,Security; TCP/IP; Switching; DNS; Routing; Linux; Cisco,PhD,"Dedicated Network Engineer with 13 years of experience skilled in Security, TCP/IP, Switching. Holds a PhD. Seeking to leverage expertise to deliver impact."
Junior AI Researcher,Data & AI,Reinforcement Learning; Machine Learning; Research; Deep Learning; Publications,Master's Degree,"Passionate AI Researcher with 2 years of experience skilled in Reinforcement Learning, Machine Learning, Research. Holds a Master's Degree. Seeking to leverage expertise to deliver impact."
Principal Project Manager,Product & Management,Jira; Gantt Charts; Budgeting; Scrum,Bachelor's Degree,"Motivated Project Manager with 15 years of experience skilled in Jira, Gantt Charts, Budgeting. Holds a Bachelor's Degree. Seeking to leverage expertise to deliver impact."
Principal Full Stack Developer,Software Engineering,React; TypeScript; MongoDB; Docker; REST APIs,Master's Degree,"Dedicated Full Stack Developer with 20 years of experience skilled in React, TypeScript, MongoDB. Holds a Master's Degree. Seeking to leverage expertise to deliver impact."
Mid-level Backend Developer,Software Engineering,Django; Redis; Spring Boot; GraphQL; REST APIs; Node.js,Bachelor's Degree,"Collaborative Backend Developer with 6 years of experience skilled in Django, Redis, Spring Boot. Holds a Bachelor's Degree. Seeking to leverage expertise to deliver impact."
Lead Program Manager,Product & Management,Agile; Risk Management; Leadership; Stakeholder Management; Reporting; Roadmapping,Master's Degree,"Experienced Program Manager with 12 years of experience skilled in Agile, Risk Management, Leadership. Holds a Master's Degree. Seeking to leverage expertise to deliver impact."
Senior Program Manager,Product & Management,Reporting; Communication; Stakeholder Management; Risk Management; Strategy; Roadmapping; Agile; Program Management,Bachelor's Degree,"Experienced Program Manager with 7 years of experience skilled in Reporting, Communication, Stakeholder Management. Holds a Bachelor's Degree. Seeking to leverage expertise to deliver impact."
Intern Project Manager,Product & Management,Agile; Jira; Stakeholder Management; Communication; Leadership; Risk Management; Scrum; Budgeting,Bachelor's Degree,"Innovative Project Manager with 0 years of experience skilled in Agile, Jira, Stakeholder Management. Holds a Bachelor's Degree. Seeking to leverage expertise to deliver impact."
Senior Database Administrator,Cloud & Infrastructure,Backup & Recovery; MongoDB; MySQL; SQL; PostgreSQL; Replication; Oracle,Associate Degree,"Motivated Database Administrator with 8 years of experience skilled in Backup & Recovery, MongoDB, MySQL. Holds a Associate Degree. Seeking to leverage expertise to deliver impact."
Principal Project Manager,Product & Management,Scrum; Stakeholder Management; Risk Management; Budgeting; Agile; Communication; Jira; Gantt Charts,PhD,"Motivated Project Manager with 16 years of experience skilled in Scrum, Stakeholder Management, Risk Management. Holds a PhD. Seeking to leverage expertise to deliver impact."
Junior Business Intelligence Analyst,Data & AI,Power BI; DAX; ETL; Tableau; Dashboards; SQL; Data Warehousing,Master's Degree,"Motivated Business Intelligence Analyst with 3 years of experience skilled in Power BI, DAX, ETL. Holds a Master's Degree. Seeking to leverage expertise to deliver impact."
Junior Content Strategist,Marketing,Content Marketing; Social Media; Copywriting; Editorial Planning,Bachelor's Degree,"Passionate Content Strategist with 3 years of experience skilled in Content Marketing, Social Media, Copywriting. Holds a Bachelor's Degree. Seeking to leverage expertise to deliver impact."
Intern Data Scientist,Data & AI,Statistics; Data Visualization; TensorFlow; Python,Bachelor's Degree,"Passionate Data Scientist with 1 years of experience skilled in Statistics, Data Visualization, TensorFlow. Holds a Bachelor's Degree. Seeking to leverage expertise to deliver impact."
Mid-level NLP Engineer,Data & AI,spaCy; Text Mining; BERT; Tokenization; Deep Learning; Transformers,High School,"Collaborative NLP Engineer with 3 years of experience skilled in spaCy, Text Mining, BERT. Holds a High School. Seeking to leverage expertise to deliver impact."
Principal Machine Learning Engineer,Data & AI,Python; SQL; Machine Learning; Deep Learning; PyTorch,Associate Degree,"Collaborative Machine Learning Engineer with 14 years of experience skilled in Python, SQL, Machine Learning. Holds a Associate Degree. Seeking to leverage expertise to deliver impact."
Senior Content Strategist,Marketing,Social Media; CMS; Research; Analytics; SEO,Associate Degree,"Motivated Content Strategist with 9 years of experience skilled in Social Media, CMS, Research. Holds a Associate Degree. Seeking to leverage expertise to deliver impact."
Intern Content Strategist,Marketing,Storytelling; Content Marketing; Research; CMS,Associate Degree,"Collaborative Content Strategist with 1 years of experience skilled in Storytelling, Content Marketing, Research. Holds a Associate Degree. Seeking to leverage expertise to deliver impact."
Intern Network Engineer,Cloud & Infrastructure,Routing; Security; Networking; Linux,Associate Degree,"Collaborative Network Engineer with 0 years of experience skilled in Routing, Security, Networking. Holds a Associate Degree. Seeking to leverage expertise to deliver impact."
Principal Data Engineer,Data & AI,SQL; Kafka; Spark; Snowflake; Airflow,High School,"Dedicated Data Engineer with 15 years of experience skilled in SQL, Kafka, Spark. Holds a High School. Seeking to leverage expertise to deliver impact."
Lead Backend Developer,Software Engineering,SQL; Java; GraphQL; Spring Boot; Redis; REST APIs,High School,"Collaborative Backend Developer with 14 years of experience skilled in SQL, Java, GraphQL. Holds a High School. Seeking to leverage expertise to deliver impact."
Intern Data Analyst,Data & AI,Excel; Power BI; Data Cleaning; Python; Tableau,Associate Degree,"Dedicated Data Analyst with 1 years of experience skilled in Excel, Power BI, Data Cleaning. Holds a Associate Degree. Seeking to leverage expertise to deliver impact."
Principal Data Engineer,Data & AI,Hadoop; Spark; Snowflake; AWS,Bachelor's Degree,"Passionate Data Engineer with 15 years of experience skilled in Hadoop, Spark, Snowflake. Holds a Bachelor's Degree. Seeking to leverage expertise to deliver impact."
Lead Project Manager,Product & Management,Budgeting; Leadership; Risk Management; Scrum; Planning; Gantt Charts,PhD,"Motivated Project Manager with 9 years of experience skilled in Budgeting, Leadership, Risk Management. Holds a PhD. Seeking to leverage expertise to deliver impact."
Lead Cloud Engineer,Cloud & Infrastructure,Docker; AWS; Linux; Monitoring; Kubernetes; Terraform; Python; CloudFormation,Associate Degree,"Dedicated Cloud Engineer with 9 years of experience skilled in Docker, AWS, Linux. Holds a Associate Degree. Seeking to leverage expertise to deliver impact."
Intern Digital Marketing Specialist,Marketing,Social Media; SEO; Copywriting; Email Marketing; CRM; A/B Testing; Campaign Management; Analytics,Master's Degree,"Collaborative Digital Marketing Specialist with 0 years of experience skilled in Social Media, SEO, Copywriting. Holds a Master's Degree. Seeking to leverage expertise to deliver impact."
Lead Game Developer,Software Engineering,Unreal Engine; Shaders; Unity; Game Design; OpenGL,High School,"Passionate Game Developer with 11 years of experience skilled in Unreal Engine, Shaders, Unity. Holds a High School. Seeking to leverage expertise to deliver impact."
Intern Program Manager,Product & Management,Reporting; Risk Management; Roadmapping; Agile; Program Management; Leadership,Bachelor's Degree,"Experienced Program Manager with 1 years of experience skilled in Reporting, Risk Management, Roadmapping. Holds a Bachelor's Degree. Seeking to leverage expertise to deliver impact."
Senior Program Manager,Product & Management,Agile; Strategy; Budgeting; Stakeholder Management; Communication,Associate Degree,"Passionate Program Manager with 7 years of experience skilled in Agile, Strategy, Budgeting. Holds a Associate Degree. Seeking to leverage expertise to deliver impact."
Junior Data Scientist,Data & AI,Python; Pandas; Machine Learning; NumPy; Data Visualization; SQL; Statistics; TensorFlow,Associate Degree,"Passionate Data Scientist with 3 years of experience skilled in Python, Pandas, Machine Learning. Holds a Associate Degree. Seeking to leverage expertise to deliver impact."
Senior Product Manager,Product & Management,Prioritization; Stakeholder Management; Analytics; Agile,High School,"Dedicated Product Manager with 8 years of experience skilled in Prioritization, Stakeholder Management, Analytics. Holds a High School. Seeking to leverage expertise to deliver impact."
Principal Business Intelligence Analyst,Data & AI,Data Warehousing; Power BI; Python; DAX; SQL; Tableau; Dashboards,Bachelor's Degree,"Detail-oriented Business Intelligence Analyst with 19 years of experience skilled in Data Warehousing, Power BI, Python. Holds a Bachelor's Degree. Seeking to leverage expertise to deliver impact."
Intern Business Intelligence Analyst,Data & AI,ETL; Data Warehousing; DAX; Excel; SQL; Reporting; Tableau,High School,"Detail-oriented Business Intelligence Analyst with 0 years of experience skilled in ETL, Data Warehousing, DAX. Holds a High School. Seeking to leverage expertise to deliver impact."
Senior Computer Vision Engineer,Data & AI,TensorFlow; Python; CNN; Image Processing; Deep Learning,PhD,"Collaborative Computer Vision Engineer with 7 years of experience skilled in TensorFlow, Python, CNN. Holds a PhD. Seeking to leverage expertise to deliver impact."
Senior Project Manager,Product & Management,Jira; Stakeholder Management; Communication; Agile,Bachelor's Degree,"Experienced Project Manager with 8 years of experience skilled in Jira, Stakeholder Management, Communication. Holds a Bachelor's Degree. Seeking to leverage expertise to deliver impact."
Intern Database Administrator,Cloud & Infrastructure,PostgreSQL; Performance Tuning; Security; Oracle; Linux,High School,"Detail-oriented Database Administrator with 1 years of experience skilled in PostgreSQL, Performance Tuning, Security. Holds a High School. Seeking to leverage expertise to deliver impact."
Principal Database Administrator,Cloud & Infrastructure,Performance Tuning; Replication; Backup & Recovery; SQL; MongoDB; Linux,PhD,"Motivated Database Administrator with 18 years of experience skilled in Performance Tuning, Replication, Backup & Recovery. Holds a PhD. Seeking to leverage expertise to deliver impact."
Mid-level Business Analyst,Business,UML; Data Analysis; Documentation; Agile; SQL; Requirements Gathering; Process Modeling,Associate Degree,"Results-driven Business Analyst with 3 years of experience skilled in UML, Data Analysis, Documentation. Holds a Associate Degree. Seeking to leverage expertise to deliver impact."
Junior AI Researcher,Data & AI,PyTorch; Python; Deep Learning; Mathematics; Machine Learning; Research; Reinforcement Learning,High School,"Passionate AI Researcher with 1 years of experience skilled in PyTorch, Python, Deep Learning. Holds a High School. Seeking to leverage expertise to deliver impact."
Intern Product Designer,Design,UX Design; Design Systems; Usability Testing; Interaction Design; UI Design,PhD,"Collaborative Product Designer with 1 years of experience skilled in UX Design, Design Systems, Usability Testing. Holds a PhD. Seeking to leverage expertise to deliver impact."
Intern Program Manager,Product & Management,Reporting; Strategy; Risk Management; Program Management; Stakeholder Management; Leadership; Budgeting; Agile,High School,"Passionate Program Manager with 0 years of experience skilled in Reporting, Strategy, Risk Management. Holds a High School. Seeking to leverage expertise to deliver impact."
Senior Site Reliability Engineer,Software Engineering,Kubernetes; AWS; Terraform; Go; Python; Incident Response; Linux,Master's Degree,"Innovative Site Reliability Engineer with 10 years of experience skilled in Kubernetes, AWS, Terraform. Holds a Master's Degree. Seeking to leverage expertise to deliver impact."
Principal Business Intelligence Analyst,Data & AI,Dashboards; DAX; Data Warehousing; SQL; Python,Master's Degree,"Innovative Business Intelligence Analyst with 13 years of experience skilled in Dashboards, DAX, Data Warehousing. Holds a Master's Degree. Seeking to leverage expertise to deliver impact."
Junior Product Designer,Design,UI Design; Wireframing; Prototyping; User Research,Associate Degree,"Results-driven Product Designer with 1 years of experience skilled in UI Design, Wireframing, Prototyping. Holds a Associate Degree. Seeking to leverage expertise to deliver impact."
Intern Data Analyst,Data & AI,Excel; Statistics; SQL; Data Cleaning; Tableau; Power BI; Python; A/B Testing,PhD,"Collaborative Data Analyst with 1 years of experience skilled in Excel, Statistics, SQL. Holds a PhD. Seeking to leverage expertise to deliver impact."
Senior UX Designer,Design,User Research; Accessibility; Figma; Prototyping,Master's Degree,"Dedicated UX Designer with 10 years of experience skilled in User Research, Accessibility, Figma. Holds a Master's Degree. Seeking to leverage expertise to deliver impact."
Mid-level Product Designer,Design,Usability Testing; Sketch; UX Design; Prototyping; Interaction Design; Design Systems; Wireframing; User Research,Master's Degree,"Motivated Product Designer with 3 years of experience skilled in Usability Testing, Sketch, UX Design. Holds a Master's Degree. Seeking to leverage expertise to deliver impact."
Mid-level Scrum Master,Product & Management,Scrum; Coaching; Kanban; Servant Leadership; Sprint Planning; Jira; Agile,Bachelor's Degree,"Motivated Scrum Master with 5 years of experience skilled in Scrum, Coaching, Kanban. Holds a Bachelor's Degree. Seeking to leverage expertise to deliver impact."
Junior Social Media Manager,Marketing,Engagement; Canva; Copywriting; Scheduling Tools,PhD,"Passionate Social Media Manager with 2 years of experience skilled in Engagement, Canva, Copywriting. Holds a PhD. Seeking to leverage expertise to deliver impact."
Senior Content Strategist,Marketing,Copywriting; Analytics; SEO; Storytelling,Associate Degree,"Innovative Content Strategist with 9 years of experience skilled in Copywriting, Analytics, SEO. Holds a Associate Degree. Seeking to leverage expertise to deliver impact."
Intern NLP Engineer,Data & AI,Tokenization; BERT; Python; NLP; spaCy; Machine Learning,Associate Degree,"Passionate NLP Engineer with 0 years of experience skilled in Tokenization, BERT, Python. Holds a Associate Degree. Seeking to leverage expertise to deliver impact."
Senior Content Strategist,Marketing,CMS; Storytelling; Editorial Planning; Content Marketing; SEO,Bachelor's Degree,"Innovative Content Strategist with 10 years of experience skilled in CMS, Storytelling, Editorial Planning. Holds a Bachelor's Degree. Seeking to leverage expertise to deliver impact."
Senior Operations Manager,Business,Leadership; Lean; Vendor Management; Process Improvement; Supply Chain; Analytics,Bachelor's Degree,"Motivated Operations Manager with 8 years of experience skilled in Leadership, Lean, Vendor Management. Holds a Bachelor's Degree. Seeking to leverage expertise to deliver impact."
Principal Product Designer,Design,User Research; Interaction Design; UX Design; Design Systems; UI Design; Wireframing,PhD,"Motivated Product Designer with 15 years of experience skilled in User Research, Interaction Design, UX Design. Holds a PhD. Seeking to leverage expertise to deliver impact."
Mid-level AI Researcher,Data & AI,NLP; Mathematics; Research; Reinforcement Learning; PyTorch; Publications; Machine Learning; Python,Associate Degree,"Motivated AI Researcher with 4 years of experience skilled in NLP, Mathematics, Research. Holds a Associate Degree. Seeking to leverage expertise to deliver impact."
Lead Mobile Developer,Software Engineering,Git; Firebase; Flutter; Android SDK; iOS; React Native,Associate Degree,"Experienced Mobile Developer with 13 years of experience skilled in Git, Firebase, Flutter. Holds a Associate Degree. Seeking to leverage expertise to deliver impact."
Junior Software Architect,Software Engineering,Microservices; System Design; Scalability; Leadership; Docker,Associate Degree,"Detail-oriented Software Architect with 3 years of experience skilled in Microservices, System Design, Scalability. Holds a Associate Degree. Seeking to leverage expertise to deliver impact."
Intern Social Media Manager,Marketing,Campaign Management; Copywriting; Engagement; Content Creation; Analytics; Community Management; Scheduling Tools,Master's Degree,"Passionate Social Media Manager with 1 years of experience skilled in Campaign Management, Copywriting, Engagement. Holds a Master's Degree. Seeking to leverage expertise to deliver impact."
Intern Site Reliability Engineer,Software Engineering,Kubernetes; Monitoring; Python; Grafana; AWS,Bachelor's Degree,"Dedicated Site Reliability Engineer with 1 years of experience skilled in Kubernetes, Monitoring, Python. Holds a Bachelor's Degree. Seeking to leverage expertise to deliver impact."
Junior DevOps Engineer,Software Engineering,Terraform; Docker; Bash; Kubernetes; Jenkins; AWS; Linux; Monitoring,Associate Degree,"Collaborative DevOps Engineer with 1 years of experience skilled in Terraform, Docker, Bash. Holds a Associate Degree. Seeking to leverage expertise to deliver impact."
Senior Interaction Designer,Design,After Effects; Design Systems; Interaction Design; Motion Design; User Research; UX Design,High School,"Dedicated Interaction Designer with 9 years of experience skilled in After Effects, Design Systems, Interaction Design. Holds a High School. Seeking to leverage expertise to deliver impact."
Lead QA Engineer,Software Engineering,JUnit; Test Automation; Manual Testing; Postman; Cypress; Python; Jira; Selenium,Bachelor's Degree,"Dedicated QA Engineer with 10 years of experience skilled in JUnit, Test Automation, Manual Testing. Holds a Bachelor's Degree. Seeking to leverage expertise to deliver impact."
Junior Scrum Master,Product & Management,Agile; Jira; Kanban; Scrum,Bachelor's Degree,"Passionate Scrum Master with 1 years of experience skilled in Agile, Jira, Kanban. Holds a Bachelor's Degree. Seeking to leverage expertise to deliver impact."
Senior Machine Learning Engineer,Data & AI,PyTorch; Python; Scikit-learn; TensorFlow; Model Deployment,Bachelor's Degree,"Passionate Machine Learning Engineer with 9 years of experience skilled in PyTorch, Python, Scikit-learn. Holds a Bachelor's Degree. Seeking to leverage expertise to deliver impact."
Senior AI Researcher,Data & AI,Deep Learning; Python; Mathematics; Publications; Machine Learning,PhD,"Dedicated AI Researcher with 9 years of experience skilled in Deep Learning, Python, Mathematics. Holds a PhD. Seeking to leverage expertise to deliver impact."
Principal Cloud Architect,Cloud & Infrastructure,Microservices; AWS; Cost Optimization; Terraform; Kubernetes; GCP; Azure,Master's Degree,"Results-driven Cloud Architect with 16 years of experience skilled in Microservices, AWS, Cost Optimization. Holds a Master's Degree. Seeking to leverage expertise to deliver impact."
Principal Data Scientist,Data & AI,TensorFlow; Jupyter; Machine Learning; Python,Bachelor's Degree,"Motivated Data Scientist with 19 years of experience skilled in TensorFlow, Jupyter, Machine Learning. Holds a Bachelor's Degree. Seeking to leverage expertise to deliver impact."
Mid-level Full Stack Developer,Software Engineering,MongoDB; JavaScript; Node.js; React; SQL,High School,"Passionate Full Stack Developer with 5 years of experience skilled in MongoDB, JavaScript, Node.js. Holds a High School. Seeking to leverage expertise to deliver impact."
Lead Data Analyst,Data & AI,Python; Data Cleaning; Reporting; Tableau; Excel; Power BI; Pandas; A/B Testing,Associate Degree,"Motivated Data Analyst with 14 years of experience skilled in Python, Data Cleaning, Reporting. Holds a Associate Degree. Seeking to leverage expertise to deliver impact."
Junior Machine Learning Engineer,Data & AI,PyTorch; Scikit-learn; Python; TensorFlow; Deep Learning; Machine Learning; Model Deployment; MLOps,High School,"Motivated Machine Learning Engineer with 3 years of experience skilled in PyTorch, Scikit-learn, Python. Holds a High School. Seeking to leverage expertise to deliver impact."
Intern NLP Engineer,Data & AI,Python; Transformers; Deep Learning; spaCy; BERT,Master's Degree,"Detail-oriented NLP Engineer with 1 years of experience skilled in Python, Transformers, Deep Learning. Holds a Master's Degree. Seeking to leverage expertise to deliver impact."
Principal Game Developer,Software Engineering,Game Design; Physics; Unity; Unreal Engine; Shaders; C#; OpenGL,Bachelor's Degree,"Motivated Game Developer with 17 years of experience skilled in Game Design, Physics, Unity. Holds a Bachelor's Degree. Seeking to leverage expertise to deliver impact."
Junior Mobile Developer,Software Engineering,iOS; React Native; Kotlin; REST APIs; Swift; UI Design,PhD,"Experienced Mobile Developer with 3 years of experience skilled in iOS, React Native, Kotlin. Holds a PhD. Seeking to leverage expertise to deliver impact."
Junior Growth Marketer,Marketing,Growth Hacking; SEO; Paid Ads; Funnel Optimization; A/B Testing,Associate Degree,"Experienced Growth Marketer with 1 years of experience skilled in Growth Hacking, SEO, Paid Ads. Holds a Associate Degree. Seeking to leverage expertise to deliver impact."
Intern Content Strategist,Marketing,Content Marketing; Copywriting; Brand Voice; Analytics; Research; CMS; Storytelling; Editorial Planning,Bachelor's Degree,"Results-driven Content Strategist with 0 years of experience skilled in Content Marketing, Copywriting, Brand Voice. Holds a Bachelor's Degree. Seeking to leverage expertise to deliver impact."
Principal SEO Specialist,Marketing,Content Strategy; Copywriting; On-page SEO; Technical SEO; SEO; Link Building; HTML,Bachelor's Degree,"Dedicated SEO Specialist with 17 years of experience skilled in Content Strategy, Copywriting, On-page SEO. Holds a Bachelor's Degree. Seeking to leverage expertise to deliver impact."
Lead Software Architect,Software Engineering,Java; AWS; System Design; Design Patterns; Leadership; Docker; Microservices; Kafka,Master's Degree,"Passionate Software Architect with 14 years of experience skilled in Java, AWS, System Design. Holds a Master's Degree. Seeking to leverage expertise to deliver impact."
Principal Social Media Manager,Marketing,Campaign Management; Branding; Content Creation; Scheduling Tools; Canva,PhD,"Results-driven Social Media Manager with 17 years of experience skilled in Campaign Management, Branding, Content Creation. Holds a PhD. Seeking to leverage expertise to deliver impact."
Principal Business Analyst,Business,Agile; Communication; Stakeholder Management; Documentation; Excel; Data Analysis,Associate Degree,"Collaborative Business Analyst with 14 years of experience skilled in Agile, Communication, Stakeholder Management. Holds a Associate Degree. Seeking to leverage expertise to deliver impact."
Principal Business Intelligence Analyst,Data & AI,Reporting; Power BI; Tableau; SQL; Python,High School,"Results-driven Business Intelligence Analyst with 13 years of experience skilled in Reporting, Power BI, Tableau. Holds a High School. Seeking to leverage expertise to deliver impact."
Lead Game Developer,Software Engineering,OpenGL; Unity; Unreal Engine; Physics; C++; 3D Math; Game Design,PhD,"Results-driven Game Developer with 14 years of experience skilled in OpenGL, Unity, Unreal Engine. Holds a PhD. Seeking to leverage expertise to deliver impact."
Senior DevOps Engineer,Software Engineering,Linux; CI/CD; Docker; Ansible,PhD,"Passionate DevOps Engineer with 7 years of experience skilled in Linux, CI/CD, Docker. Holds a PhD. Seeking to leverage expertise to deliver impact."
Intern Product Manager,Product & Management,Strategy; Market Research; Analytics; Agile; Communication; Stakeholder Management; Roadmapping; Prioritization,Associate Degree,"Passionate Product Manager with 0 years of experience skilled in Strategy, Market Research, Analytics. Holds a Associate Degree. Seeking to leverage expertise to deliver impact."
Senior Data Scientist,Data & AI,Machine Learning; Scikit-learn; Data Visualization; Jupyter; TensorFlow; Pandas; SQL,Bachelor's Degree,"Experienced Data Scientist with 6 years of experience skilled in Machine Learning, Scikit-learn, Data Visualization. Holds a Bachelor's Degree. Seeking to leverage expertise to deliver impact."
Junior Data Scientist,Data & AI,SQL; NumPy; Jupyter; Statistics,Bachelor's Degree,"Dedicated Data Scientist with 2 years of experience skilled in SQL, NumPy, Jupyter. Holds a Bachelor's Degree. Seeking to leverage expertise to deliver impact."
Junior Machine Learning Engineer,Data & AI,SQL; Scikit-learn; Model Deployment; PyTorch,Bachelor's Degree,"Collaborative Machine Learning Engineer with 2 years of experience skilled in SQL, Scikit-learn, Model Deployment. Holds a Bachelor's Degree. Seeking to leverage expertise to deliver impact."
Mid-level Backend Developer,Software Engineering,Microservices; Redis; Django; Python; Node.js; SQL; Spring Boot; REST APIs,Bachelor's Degree,"Dedicated Backend Developer with 3 years of experience skilled in Microservices, Redis, Django. Holds a Bachelor's Degree. Seeking to leverage expertise to deliver impact."
Principal Cloud Architect,Cloud & Infrastructure,Azure; Kubernetes; System Design; Networking; Microservices; Security,Bachelor's Degree,"Passionate Cloud Architect with 19 years of experience skilled in Azure, Kubernetes, System Design. Holds a Bachelor's Degree. Seeking to leverage expertise to deliver impact."
Senior Program Manager,Product & Management,Roadmapping; Agile; Communication; Stakeholder Management; Leadership,Master's Degree,"Collaborative Program Manager with 7 years of experience skilled in Roadmapping, Agile, Communication. Holds a Master's Degree. Seeking to leverage expertise to deliver impact."
Mid-level Social Media Manager,Marketing,Analytics; Campaign Management; Engagement; Social Media; Community Management,Master's Degree,"Innovative Social Media Manager with 3 years of experience skilled in Analytics, Campaign Management, Engagement. Holds a Master's Degree. Seeking to leverage expertise to deliver impact."
Intern Network Engineer,Cloud & Infrastructure,Security; Cisco; Networking; Routing; DNS,Associate Degree,"Experienced Network Engineer with 0 years of experience skilled in Security, Cisco, Networking. Holds a Associate Degree. Seeking to leverage expertise to deliver impact."
Intern Game Developer,Software Engineering,Shaders; Unreal Engine; Unity; C#; 3D Math; C++,PhD,"Dedicated Game Developer with 1 years of experience skilled in Shaders, Unreal Engine, Unity. Holds a PhD. Seeking to leverage expertise to deliver impact."
Senior Computer Vision Engineer,Data & AI,Machine Learning; PyTorch; TensorFlow; OpenCV; CNN,Associate Degree,"Results-driven Computer Vision Engineer with 8 years of experience skilled in Machine Learning, PyTorch, TensorFlow. Holds a Associate Degree. Seeking to leverage expertise to deliver impact."
Senior Digital Marketing Specialist,Marketing,Social Media; Analytics; SEO; A/B Testing,Bachelor's Degree,"Detail-oriented Digital Marketing Specialist with 10 years of experience skilled in Social Media, Analytics, SEO. Holds a Bachelor's Degree. Seeking to leverage expertise to deliver impact."
Junior Machine Learning Engineer,Data & AI,Scikit-learn; SQL; Python; Deep Learning,PhD,"Motivated Machine Learning Engineer with 2 years of experience skilled in Scikit-learn, SQL, Python. Holds a PhD. Seeking to leverage expertise to deliver impact."
Intern Data Analyst,Data & AI,Tableau; A/B Testing; Excel; Data Cleaning,High School,"Innovative Data Analyst with 0 years of experience skilled in Tableau, A/B Testing, Excel. Holds a High School. Seeking to leverage expertise to deliver impact."
Lead UX Designer,Design,Information Architecture; Design Thinking; Figma; Personas,PhD,"Dedicated UX Designer with 11 years of experience skilled in Information Architecture, Design Thinking, Figma. Holds a PhD. Seeking to leverage expertise to deliver impact."
Senior Network Engineer,Cloud & Infrastructure,VPN; Networking; TCP/IP; Switching; Security; DNS; Cisco,PhD,"Results-driven Network Engineer with 8 years of experience skilled in VPN, Networking, TCP/IP. Holds a PhD. Seeking to leverage expertise to deliver impact."
Mid-level Scrum Master,Product & Management,Facilitation; Scrum; Communication; Sprint Planning; Jira; Agile,Master's Degree,"Collaborative Scrum Master with 6 years of experience skilled in Facilitation, Scrum, Communication. Holds a Master's Degree. Seeking to leverage expertise to deliver impact."
Mid-level Business Intelligence Analyst,Data & AI,ETL; Excel; Python; Tableau; Data Warehousing; Reporting; SQL; DAX,Associate Degree,"Motivated Business Intelligence Analyst with 6 years of experience skilled in ETL, Excel, Python. Holds a Associate Degree. Seeking to leverage expertise to deliver impact."
Principal UX Designer,Design,Wireframing; Figma; Personas; Journey Mapping; Accessibility,High School,"Motivated UX Designer with 14 years of experience skilled in Wireframing, Figma, Personas. Holds a High School. Seeking to leverage expertise to deliver impact."
Intern Data Engineer,Data & AI,SQL; Python; Kafka; Hadoop; Snowflake; Spark,High School,"Experienced Data Engineer with 0 years of experience skilled in SQL, Python, Kafka. Holds a High School. Seeking to leverage expertise to deliver impact."
Lead Growth Marketer,Marketing,A/B Testing; CRM; SQL; Email Marketing; Paid Ads; SEO; Experimentation; Funnel Optimization,PhD,"Experienced Growth Marketer with 12 years of experience skilled in A/B Testing, CRM, SQL. Holds a PhD. Seeking to leverage expertise to deliver impact."
Principal Database Administrator,Cloud & Infrastructure,PostgreSQL; MySQL; Oracle; SQL; Performance Tuning; Backup & Recovery; Replication; MongoDB,Master's Degree,"Dedicated Database Administrator with 15 years of experience skilled in PostgreSQL, MySQL, Oracle. Holds a Master's Degree. Seeking to leverage expertise to deliver impact."
Intern Product Owner,Product & Management,Backlog Management; Jira; Communication; Agile; User Stories,PhD,"Innovative Product Owner with 0 years of experience skilled in Backlog Management, Jira, Communication. Holds a PhD. Seeking to leverage expertise to deliver impact."
Lead Machine Learning Engineer,Data & AI,Scikit-learn; TensorFlow; Python; PyTorch; Docker; Deep Learning; Machine Learning,Associate Degree,"Experienced Machine Learning Engineer with 14 years of experience skilled in Scikit-learn, TensorFlow, Python. Holds a Associate Degree. Seeking to leverage expertise to deliver impact."
Lead Business Intelligence Analyst,Data & AI,Python; SQL; ETL; DAX; Reporting,Master's Degree,"Passionate Business Intelligence Analyst with 9 years of experience skilled in Python, SQL, ETL. Holds a Master's Degree. Seeking to leverage expertise to deliver impact."
Lead Database Administrator,Cloud & Infrastructure,SQL; MongoDB; Replication; Backup & Recovery,Master's Degree,"Passionate Database Administrator with 13 years of experience skilled in SQL, MongoDB, Replication. Holds a Master's Degree. Seeking to leverage expertise to deliver impact."
Senior Content Strategist,Marketing,Editorial Planning; SEO; Social Media; CMS; Storytelling,Master's Degree,"Motivated Content Strategist with 10 years of experience skilled in Editorial Planning, SEO, Social Media. Holds a Master's Degree. Seeking to leverage expertise to deliver impact."
Senior NLP Engineer,Data & AI,NLP; Deep Learning; Machine Learning; BERT; Python; PyTorch; Transformers,Master's Degree,"Collaborative NLP Engineer with 7 years of experience skilled in NLP, Deep Learning, Machine Learning. Holds a Master's Degree. Seeking to leverage expertise to deliver impact."
Junior Software Architect,Software Engineering,Docker; AWS; Microservices; System Design; REST APIs; Scalability; Leadership,PhD,"Passionate Software Architect with 3 years of experience skilled in Docker, AWS, Microservices. Holds a PhD. Seeking to leverage expertise to deliver impact."
Junior Machine Learning Engineer,Data & AI,PyTorch; TensorFlow; Scikit-learn; Model Deployment; SQL; Deep Learning; Python; Machine Learning,Bachelor's Degree,"Results-driven Machine Learning Engineer with 2 years of experience skilled in PyTorch, TensorFlow, Scikit-learn. Holds a Bachelor's Degree. Seeking to leverage expertise to deliver impact."
Senior Program Manager,Product & Management,Communication; Stakeholder Management; Program Management; Risk Management; Agile; Roadmapping; Reporting,PhD,"Detail-oriented Program Manager with 6 years of experience skilled in Communication, Stakeholder Management, Program Management. Holds a PhD. Seeking to leverage expertise to deliver impact."
Mid-level Sales Engineer,Business,CRM; Product Demos; Customer Success; Negotiation; Communication,High School,"Collaborative Sales Engineer with 6 years of experience skilled in CRM, Product Demos, Customer Success. Holds a High School. Seeking to leverage expertise to deliver impact."
Principal Cloud Architect,Cloud & Infrastructure,Kubernetes; Networking; System Design; Terraform,Bachelor's Degree,"Collaborative Cloud Architect with 16 years of experience skilled in Kubernetes, Networking, System Design. Holds a Bachelor's Degree. Seeking to leverage expertise to deliver impact."
Principal Data Engineer,Data & AI,Spark; AWS; Data Modeling; Hadoop,PhD,"Dedicated Data Engineer with 18 years of experience skilled in Spark, AWS, Data Modeling. Holds a PhD. Seeking to leverage expertise to deliver impact."
Lead Data Analyst,Data & AI,A/B Testing; Excel; Tableau; Pandas; Power BI; Reporting,PhD,"Passionate Data Analyst with 10 years of experience skilled in A/B Testing, Excel, Tableau. Holds a PhD. Seeking to leverage expertise to deliver impact."
Mid-level Interaction Designer,Design,UX Design; User Research; Design Systems; Wireframing; Usability Testing,Master's Degree,"Experienced Interaction Designer with 3 years of experience skilled in UX Design, User Research, Design Systems. Holds a Master's Degree. Seeking to leverage expertise to deliver impact."
Lead Site Reliability Engineer,Software Engineering,Kubernetes; AWS; Python; Terraform; Linux; Prometheus; Incident Response; Go,Bachelor's Degree,"Detail-oriented Site Reliability Engineer with 12 years of experience skilled in Kubernetes, AWS, Python. Holds a Bachelor's Degree. Seeking to leverage expertise to deliver impact."
Lead SEO Specialist,Marketing,SEMrush; On-page SEO; SEO; Content Strategy; Copywriting; HTML; Link Building; Keyword Research,Master's Degree,"Experienced SEO Specialist with 13 years of experience skilled in SEMrush, On-page SEO, SEO. Holds a Master's Degree. Seeking to leverage expertise to deliver impact."
Mid-level Security Engineer,Cloud & Infrastructure,Network Security; Encryption; Python; SIEM; Cybersecurity; OWASP; Penetration Testing; Incident Response,High School,"Dedicated Security Engineer with 5 years of experience skilled in Network Security, Encryption, Python. Holds a High School. Seeking to leverage expertise to deliver impact."
Junior Content Strategist,Marketing,Brand Voice; Research; Analytics; Copywriting; Editorial Planning; Storytelling,PhD,"Detail-oriented Content Strategist with 3 years of experience skilled in Brand Voice, Research, Analytics. Holds a PhD. Seeking to leverage expertise to deliver impact."
Mid-level Scrum Master,Product & Management,Communication; Scrum; Coaching; Facilitation; Sprint Planning; Servant Leadership; Agile; Kanban,High School,"Innovative Scrum Master with 6 years of experience skilled in Communication, Scrum, Coaching. Holds a High School. Seeking to leverage expertise to deliver impact."
Intern Data Analyst,Data & AI,Tableau; Data Cleaning; A/B Testing; Power BI,Master's Degree,"Dedicated Data Analyst with 0 years of experience skilled in Tableau, Data Cleaning, A/B Testing. Holds a Master's Degree. Seeking to leverage expertise to deliver impact."
Lead UX Designer,Design,User Research; Accessibility; Figma; Journey Mapping; Usability Testing; Personas; Information Architecture; Prototyping,Associate Degree,"Results-driven UX Designer with 8 years of experience skilled in User Research, Accessibility, Figma. Holds a Associate Degree. Seeking to leverage expertise to deliver impact."
Lead Security Engineer,Cloud & Infrastructure,OWASP; Firewalls; Cybersecurity; SIEM; Network Security; Python; Penetration Testing; Encryption,Master's Degree,"Experienced Security Engineer with 12 years of experience skilled in OWASP, Firewalls, Cybersecurity. Holds a Master's Degree. Seeking to leverage expertise to deliver impact."
Lead Software Architect,Software Engineering,REST APIs; Design Patterns; System Design; Microservices; Docker; Java,High School,"Results-driven Software Architect with 8 years of experience skilled in REST APIs, Design Patterns, System Design. Holds a High School. Seeking to leverage expertise to deliver impact."
Intern NLP Engineer,Data & AI,Text Mining; Tokenization; NLP; PyTorch; Deep Learning; spaCy,High School,"Innovative NLP Engineer with 0 years of experience skilled in Text Mining, Tokenization, NLP. Holds a High School. Seeking to leverage expertise to deliver impact."
Mid-level Scrum Master,Product & Management,Communication; Coaching; Jira; Sprint Planning,PhD,"Experienced Scrum Master with 6 years of experience skilled in Communication, Coaching, Jira. Holds a PhD. Seeking to leverage expertise to deliver impact."
Senior Digital Marketing Specialist,Marketing,SEO; CRM; Copywriting; Social Media; A/B Testing; Campaign Management; Email Marketing; Analytics,High School,"Results-driven Digital Marketing Specialist with 9 years of experience skilled in SEO, CRM, Copywriting. Holds a High School. Seeking to leverage expertise to deliver impact."
Principal Game Developer,Software Engineering,Shaders; Physics; C#; Unity; Game Design,Bachelor's Degree,"Experienced Game Developer with 16 years of experience skilled in Shaders, Physics, C#. Holds a Bachelor's Degree. Seeking to leverage expertise to deliver impact."
Junior AI Researcher,Data & AI,Publications; Python; TensorFlow; Research; PyTorch; Machine Learning; NLP; Mathematics,Bachelor's Degree,"Passionate AI Researcher with 2 years of experience skilled in Publications, Python, TensorFlow. Holds a Bachelor's Degree. Seeking to leverage expertise to deliver impact."
Intern Product Designer,Design,Prototyping; UX Design; User Research; UI Design; Usability Testing; Interaction Design; Design Systems,Associate Degree,"Innovative Product Designer with 1 years of experience skilled in Prototyping, UX Design, User Research. Holds a Associate Degree. Seeking to leverage expertise to deliver impact."
Junior Digital Marketing Specialist,Marketing,Content Marketing; Google Ads; SEO; A/B Testing; CRM,Bachelor's Degree,"Collaborative Digital Marketing Specialist with 1 years of experience skilled in Content Marketing, Google Ads, SEO. Holds a Bachelor's Degree. Seeking to leverage expertise to deliver impact."
Mid-level Backend Developer,Software Engineering,REST APIs; Redis; Spring Boot; Node.js; GraphQL; Microservices; Django,PhD,"Motivated Backend Developer with 5 years of experience skilled in REST APIs, Redis, Spring Boot. Holds a PhD. Seeking to leverage expertise to deliver impact."
Senior Financial Analyst,Business,Accounting; Excel; Forecasting; Valuation; Reporting; Analytics,Master's Degree,"Detail-oriented Financial Analyst with 6 years of experience skilled in Accounting, Excel, Forecasting. Holds a Master's Degree. Seeking to leverage expertise to deliver impact."
Mid-level Site Reliability Engineer,Software Engineering,Terraform; Linux; Prometheus; AWS; Monitoring; Python,High School,"Motivated Site Reliability Engineer with 3 years of experience skilled in Terraform, Linux, Prometheus. Holds a High School. Seeking to leverage expertise to deliver impact."
Junior Program Manager,Product & Management,Stakeholder Management; Leadership; Strategy; Reporting; Agile,Master's Degree,"Collaborative Program Manager with 1 years of experience skilled in Stakeholder Management, Leadership, Strategy. Holds a Master's Degree. Seeking to leverage expertise to deliver impact."
Senior Data Analyst,Data & AI,Reporting; A/B Testing; Power BI; Python; Tableau; Data Cleaning,Bachelor's Degree,"Innovative Data Analyst with 8 years of experience skilled in Reporting, A/B Testing, Power BI. Holds a Bachelor's Degree. Seeking to leverage expertise to deliver impact."
Junior Data Analyst,Data & AI,Python; Tableau; Statistics; Excel; Pandas; Reporting; SQL; Data Cleaning,PhD,"Innovative Data Analyst with 1 years of experience skilled in Python, Tableau, Statistics. Holds a PhD. Seeking to leverage expertise to deliver impact."
Mid-level Growth Marketer,Marketing,A/B Testing; SQL; CRM; Growth Hacking; Analytics; Email Marketing; Paid Ads; Experimentation,PhD,"Detail-oriented Growth Marketer with 5 years of experience skilled in A/B Testing, SQL, CRM. Holds a PhD. Seeking to leverage expertise to deliver impact."
Senior AI Researcher,Data & AI,Mathematics; Publications; NLP; Deep Learning; PyTorch; TensorFlow; Machine Learning,Bachelor's Degree,"Collaborative AI Researcher with 7 years of experience skilled in Mathematics, Publications, NLP. Holds a Bachelor's Degree. Seeking to leverage expertise to deliver impact."
Principal Cloud Engineer,Cloud & Infrastructure,Terraform; Networking; Monitoring; Docker; Linux; Python,Associate Degree,"Experienced Cloud Engineer with 19 years of experience skilled in Terraform, Networking, Monitoring. Holds a Associate Degree. Seeking to leverage expertise to deliver impact."
Lead UX Designer,Design,User Research; Information Architecture; Prototyping; Journey Mapping; Usability Testing,High School,"Motivated UX Designer with 12 years of experience skilled in User Research, Information Architecture, Prototyping. Holds a High School. Seeking to leverage expertise to deliver impact."
Intern Machine Learning Engineer,Data & AI,Scikit-learn; Machine Learning; TensorFlow; SQL; Python; Deep Learning; MLOps; PyTorch,Master's Degree,"Results-driven Machine Learning Engineer with 0 years of experience skilled in Scikit-learn, Machine Learning, TensorFlow. Holds a Master's Degree. Seeking to leverage expertise to deliver impact."
Senior Cloud Architect,Cloud & Infrastructure,Microservices; GCP; Azure; Cost Optimization; Security; System Design; Terraform; AWS,Bachelor's Degree,"Dedicated Cloud Architect with 6 years of experience skilled in Microservices, GCP, Azure. Holds a Bachelor's Degree. Seeking to leverage expertise to deliver impact."
Mid-level Data Engineer,Data & AI,ETL; Spark; SQL; Airflow,Master's Degree,"Innovative Data Engineer with 5 years of experience skilled in ETL, Spark, SQL. Holds a Master's Degree. Seeking to leverage expertise to deliver impact."
Mid-level NLP Engineer,Data & AI,BERT; Deep Learning; Python; Tokenization; PyTorch,Bachelor's Degree,"Dedicated NLP Engineer with 3 years of experience skilled in BERT, Deep Learning, Python. Holds a Bachelor's Degree. Seeking to leverage expertise to deliver impact."
Junior Social Media Manager,Marketing,Copywriting; Canva; Scheduling Tools; Social Media; Campaign Management; Community Management,Master's Degree,"Passionate Social Media Manager with 2 years of experience skilled in Copywriting, Canva, Scheduling Tools. Holds a Master's Degree. Seeking to leverage expertise to deliver impact."
Senior Business Analyst,Business,SQL; Stakeholder Management; Process Modeling; Communication; Data Analysis; Agile; Excel; UML,Bachelor's Degree,"Innovative Business Analyst with 9 years of experience skilled in SQL, Stakeholder Management, Process Modeling. Holds a Bachelor's Degree. Seeking to leverage expertise to deliver impact."
Lead Mobile Developer,Software Engineering,UI Design; Kotlin; Git; REST APIs; Firebase; Android SDK; Flutter; Swift,PhD,"Results-driven Mobile Developer with 9 years of experience skilled in UI Design, Kotlin, Git. Holds a PhD. Seeking to leverage expertise to deliver impact."
Junior Network Engineer,Cloud & Infrastructure,Cisco; TCP/IP; DNS; VPN; Switching; Firewalls,PhD,"Experienced Network Engineer with 3 years of experience skilled in Cisco, TCP/IP, DNS. Holds a PhD. Seeking to leverage expertise to deliver impact."
Junior UX Designer,Design,Personas; Usability Testing; Design Thinking; Journey Mapping; Information Architecture; Accessibility,Master's Degree,"Innovative UX Designer with 3 years of experience skilled in Personas, Usability Testing, Design Thinking. Holds a Master's Degree. Seeking to leverage expertise to deliver impact."
Junior SEO Specialist,Marketing,Technical SEO; On-page SEO; HTML; Copywriting; SEMrush; Content Strategy; Google Analytics; Link Building,PhD,"Detail-oriented SEO Specialist with 1 years of experience skilled in Technical SEO, On-page SEO, HTML. Holds a PhD. Seeking to leverage expertise to deliver impact."
Intern Business Analyst,Business,Excel; SQL; Data Analysis; Documentation; Stakeholder Management,PhD,"Detail-oriented Business Analyst with 1 years of experience skilled in Excel, SQL, Data Analysis. Holds a PhD. Seeking to leverage expertise to deliver impact."
Mid-level Site Reliability Engineer,Software Engineering,Go; Linux; AWS; Kubernetes; Monitoring; Incident Response; Grafana; Terraform,Bachelor's Degree,"Innovative Site Reliability Engineer with 5 years of experience skilled in Go, Linux, AWS. Holds a Bachelor's Degree. Seeking to leverage expertise to deliver impact."
Mid-level Software Architect,Software Engineering,REST APIs; Scalability; Java; AWS; Design Patterns,High School,"Passionate Software Architect with 3 years of experience skilled in REST APIs, Scalability, Java. Holds a High School. Seeking to leverage expertise to deliver impact."
Principal NLP Engineer,Data & AI,Transformers; Deep Learning; Machine Learning; Text Mining,PhD,"Detail-oriented NLP Engineer with 18 years of experience skilled in Transformers, Deep Learning, Machine Learning. Holds a PhD. Seeking to leverage expertise to deliver impact."
Lead QA Engineer,Software Engineering,Bug Tracking; Python; Test Automation; Cypress; Jira,High School,"Results-driven QA Engineer with 12 years of experience skilled in Bug Tracking, Python, Test Automation. Holds a High School. Seeking to leverage expertise to deliver impact."
Principal Operations Manager,Business,Supply Chain; Process Improvement; Six Sigma; Budgeting; Leadership; Operations Management; Communication; Vendor Management,PhD,"Dedicated Operations Manager with 14 years of experience skilled in Supply Chain, Process Improvement, Six Sigma. Holds a PhD. Seeking to leverage expertise to deliver impact."
Lead Digital Marketing Specialist,Marketing,Email Marketing; Social Media; Google Ads; CRM; Campaign Management,PhD,"Results-driven Digital Marketing Specialist with 10 years of experience skilled in Email Marketing, Social Media, Google Ads. Holds a PhD. Seeking to leverage expertise to deliver impact."
Principal Content Strategist,Marketing,Analytics; Editorial Planning; SEO; Social Media,High School,"Detail-oriented Content Strategist with 18 years of experience skilled in Analytics, Editorial Planning, SEO. Holds a High School. Seeking to leverage expertise to deliver impact."
Lead Game Developer,Software Engineering,Optimization; C#; Unity; OpenGL; 3D Math,PhD,"Collaborative Game Developer with 9 years of experience skilled in Optimization, C#, Unity. Holds a PhD. Seeking to leverage expertise to deliver impact."
Junior Product Designer,Design,Wireframing; User Research; Design Systems; UX Design; Sketch; Figma,High School,"Innovative Product Designer with 3 years of experience skilled in Wireframing, User Research, Design Systems. Holds a High School. Seeking to leverage expertise to deliver impact."
Intern Network Engineer,Cloud & Infrastructure,TCP/IP; Networking; VPN; Cisco; DNS; Security; Switching; Routing,Associate Degree,"Dedicated Network Engineer with 1 years of experience skilled in TCP/IP, Networking, VPN. Holds a Associate Degree. Seeking to leverage expertise to deliver impact."
Mid-level DevOps Engineer,Software Engineering,Linux; Terraform; Ansible; Monitoring; Bash; Kubernetes; Jenkins; Docker,Bachelor's Degree,"Dedicated DevOps Engineer with 4 years of experience skilled in Linux, Terraform, Ansible. Holds a Bachelor's Degree. Seeking to leverage expertise to deliver impact."
Junior Database Administrator,Cloud & Infrastructure,Performance Tuning; Oracle; SQL; Security; MongoDB,Bachelor's Degree,"Innovative Database Administrator with 3 years of experience skilled in Performance Tuning, Oracle, SQL. Holds a Bachelor's Degree. Seeking to leverage expertise to deliver impact."
Intern Digital Marketing Specialist,Marketing,Analytics; Copywriting; Email Marketing; SEO; Social Media; Content Marketing,Master's Degree,"Motivated Digital Marketing Specialist with 1 years of experience skilled in Analytics, Copywriting, Email Marketing. Holds a Master's Degree. Seeking to leverage expertise to deliver impact."
Senior Business Analyst,Business,Excel; Documentation; UML; Agile; Requirements Gathering; Data Analysis; Process Modeling; SQL,Master's Degree,"Results-driven Business Analyst with 7 years of experience skilled in Excel, Documentation, UML. Holds a Master's Degree. Seeking to leverage expertise to deliver impact."
Lead Site Reliability Engineer,Software Engineering,AWS; Monitoring; Grafana; Linux; Kubernetes,Associate Degree,"Dedicated Site Reliability Engineer with 14 years of experience skilled in AWS, Monitoring, Grafana. Holds a Associate Degree. Seeking to leverage expertise to deliver impact."
Senior Sales Engineer,Business,Technical Sales; Solution Design; Communication; Product Demos; CRM; Negotiation; Cloud,Bachelor's Degree,"Experienced Sales Engineer with 9 years of experience skilled in Technical Sales, Solution Design, Communication. Holds a Bachelor's Degree. Seeking to leverage expertise to deliver impact."
Principal DevOps Engineer,Software Engineering,Kubernetes; Docker; Monitoring; CI/CD; Jenkins; Terraform; AWS,Bachelor's Degree,"Experienced DevOps Engineer with 15 years of experience skilled in Kubernetes, Docker, Monitoring. Holds a Bachelor's Degree. Seeking to leverage expertise to deliver impact."
Mid-level Product Owner,Product & Management,Scrum; User Stories; Backlog Management; Communication,Associate Degree,"Collaborative Product Owner with 3 years of experience skilled in Scrum, User Stories, Backlog Management. Holds a Associate Degree. Seeking to leverage expertise to deliver impact."
Intern NLP Engineer,Data & AI,spaCy; BERT; Text Mining; NLP; Transformers; Deep Learning,Bachelor's Degree,"Experienced NLP Engineer with 0 years of experience skilled in spaCy, BERT, Text Mining. Holds a Bachelor's Degree. Seeking to leverage expertise to deliver impact."
Senior UI Designer,Design,CSS; Prototyping; Color Theory; Design Systems,High School,"Dedicated UI Designer with 7 years of experience skilled in CSS, Prototyping, Color Theory. Holds a High School. Seeking to leverage expertise to deliver impact."
Intern Database Administrator,Cloud & Infrastructure,MongoDB; Replication; Backup & Recovery; Performance Tuning; Linux; Security; SQL,Associate Degree,"Experienced Database Administrator with 0 years of experience skilled in MongoDB, Replication, Backup & Recovery. Holds a Associate Degree. Seeking to leverage expertise to deliver impact."
Lead Operations Manager,Business,Leadership; Analytics; Vendor Management; Operations Management; Six Sigma; Process Improvement; Supply Chain,Master's Degree,"Passionate Operations Manager with 12 years of experience skilled in Leadership, Analytics, Vendor Management. Holds a Master's Degree. Seeking to leverage expertise to deliver impact."
Intern Growth Marketer,Marketing,Paid Ads; SEO; Growth Hacking; Funnel Optimization; Experimentation; CRM; SQL,Master's Degree,"Experienced Growth Marketer with 0 years of experience skilled in Paid Ads, SEO, Growth Hacking. Holds a Master's Degree. Seeking to leverage expertise to deliver impact."
Junior Full Stack Developer,Software Engineering,Python; Git; React; SQL; TypeScript; REST APIs,Master's Degree,"Collaborative Full Stack Developer with 3 years of experience skilled in Python, Git, React. Holds a Master's Degree. Seeking to leverage expertise to deliver impact."
Principal Sales Engineer,Business,APIs; Communication; Cloud; CRM; Customer Success; Product Demos,Master's Degree,"Results-driven Sales Engineer with 19 years of experience skilled in APIs, Communication, Cloud. Holds a Master's Degree. Seeking to leverage expertise to deliver impact."
Intern AI Researcher,Data & AI,Python; Publications; Deep Learning; PyTorch; NLP,High School,"Passionate AI Researcher with 1 years of experience skilled in Python, Publications, Deep Learning. Holds a High School. Seeking to leverage expertise to deliver impact."
Junior Network Engineer,Cloud & Infrastructure,Cisco; Routing; VPN; Switching; TCP/IP; Networking; Security,Associate Degree,"Motivated Network Engineer with 1 years of experience skilled in Cisco, Routing, VPN. Holds a Associate Degree. Seeking to leverage expertise to deliver impact."
Lead QA Engineer,Software Engineering,Postman; Python; CI/CD; Test Automation,Bachelor's Degree,"Experienced QA Engineer with 8 years of experience skilled in Postman, Python, CI/CD. Holds a Bachelor's Degree. Seeking to leverage expertise to deliver impact."
Intern DevOps Engineer,Software Engineering,Linux; CI/CD; Kubernetes; Bash,Associate Degree,"Experienced DevOps Engineer with 0 years of experience skilled in Linux, CI/CD, Kubernetes. Holds a Associate Degree. Seeking to leverage expertise to deliver impact."
Junior Project Manager,Product & Management,Scrum; Agile; Communication; Jira; Stakeholder Management; Risk Management; Gantt Charts; Planning,Associate Degree,"Experienced Project Manager with 1 years of experience skilled in Scrum, Agile, Communication. Holds a Associate Degree. Seeking to leverage expertise to deliver impact."
Senior Network Engineer,Cloud & Infrastructure,Security; DNS; Linux; TCP/IP,Bachelor's Degree,"Dedicated Network Engineer with 9 years of experience skilled in Security, DNS, Linux. Holds a Bachelor's Degree. Seeking to leverage expertise to deliver impact."
Junior NLP Engineer,Data & AI,Machine Learning; NLP; BERT; Text Mining; spaCy,Associate Degree,"Experienced NLP Engineer with 1 years of experience skilled in Machine Learning, NLP, BERT. Holds a Associate Degree. Seeking to leverage expertise to deliver impact."
Mid-level Frontend Developer,Software Engineering,React; Webpack; TypeScript; JavaScript; CSS,High School,"Motivated Frontend Developer with 3 years of experience skilled in React, Webpack, TypeScript. Holds a High School. Seeking to leverage expertise to deliver impact."
Senior Product Designer,Design,Usability Testing; User Research; UX Design; UI Design; Figma; Design Systems; Wireframing; Interaction Design,Master's Degree,"Collaborative Product Designer with 10 years of experience skilled in Usability Testing, User Research, UX Design. Holds a Master's Degree. Seeking to leverage expertise to deliver impact."
Junior Sales Engineer,Business,Product Demos; Technical Sales; APIs; Negotiation,Associate Degree,"Dedicated Sales Engineer with 2 years of experience skilled in Product Demos, Technical Sales, APIs. Holds a Associate Degree. Seeking to leverage expertise to deliver impact."
Principal Product Owner,Product & Management,User Stories; Scrum; Prioritization; Analytics; Stakeholder Management,High School,"Innovative Product Owner with 12 years of experience skilled in User Stories, Scrum, Prioritization. Holds a High School. Seeking to leverage expertise to deliver impact."
Senior Content Strategist,Marketing,Analytics; Content Marketing; Research; Brand Voice; Editorial Planning; Copywriting; Storytelling; Social Media,High School,"Results-driven Content Strategist with 10 years of experience skilled in Analytics, Content Marketing, Research. Holds a High School. Seeking to leverage expertise to deliver impact."
Junior Content Strategist,Marketing,Brand Voice; Copywriting; Editorial Planning; CMS; Content Marketing; Social Media; Research; Analytics,High School,"Motivated Content Strategist with 1 years of experience skilled in Brand Voice, Copywriting, Editorial Planning. Holds a High School. Seeking to leverage expertise to deliver impact."
Senior Network Engineer,Cloud & Infrastructure,Networking; DNS; Linux; Security; Routing; Firewalls; VPN; Switching,High School,"Results-driven Network Engineer with 7 years of experience skilled in Networking, DNS, Linux. Holds a High School. Seeking to leverage expertise to deliver impact."
Mid-level AI Researcher,Data & AI,TensorFlow; Deep Learning; NLP; Python; Mathematics; Reinforcement Learning,Master's Degree,"Results-driven AI Researcher with 3 years of experience skilled in TensorFlow, Deep Learning, NLP. Holds a Master's Degree. Seeking to leverage expertise to deliver impact."
Mid-level Content Strategist,Marketing,Editorial Planning; CMS; Content Marketing; Copywriting; Research; SEO,Associate Degree,"Passionate Content Strategist with 5 years of experience skilled in Editorial Planning, CMS, Content Marketing. Holds a Associate Degree. Seeking to leverage expertise to deliver impact."
Junior Project Manager,Product & Management,Planning; Agile; Risk Management; Communication,Associate Degree,"Experienced Project Manager with 1 years of experience skilled in Planning, Agile, Risk Management. Holds a Associate Degree. Seeking to leverage expertise to deliver impact."
Junior QA Engineer,Software Engineering,Bug Tracking; Manual Testing; CI/CD; Postman,Master's Degree,"Passionate QA Engineer with 2 years of experience skilled in Bug Tracking, Manual Testing, CI/CD. Holds a Master's Degree. Seeking to leverage expertise to deliver impact."
Lead Scrum Master,Product & Management,Jira; Facilitation; Sprint Planning; Kanban,Bachelor's Degree,"Innovative Scrum Master with 13 years of experience skilled in Jira, Facilitation, Sprint Planning. Holds a Bachelor's Degree. Seeking to leverage expertise to deliver impact."
Junior Software Architect,Software Engineering,Scalability; REST APIs; Microservices; Kafka; Design Patterns,Bachelor's Degree,"Results-driven Software Architect with 3 years of experience skilled in Scalability, REST APIs, Microservices. Holds a Bachelor's Degree. Seeking to leverage expertise to deliver impact."
Mid-level Site Reliability Engineer,Software Engineering,Terraform; Go; Monitoring; Kubernetes; Linux; Incident Response,High School,"Detail-oriented Site Reliability Engineer with 4 years of experience skilled in Terraform, Go, Monitoring. Holds a High School. Seeking to leverage expertise to deliver impact."
Principal Database Administrator,Cloud & Infrastructure,Performance Tuning; Linux; PostgreSQL; MongoDB,PhD,"Dedicated Database Administrator with 18 years of experience skilled in Performance Tuning, Linux, PostgreSQL. Holds a PhD. Seeking to leverage expertise to deliver impact."
Principal UX Designer,Design,Design Thinking; Personas; Usability Testing; Prototyping; Journey Mapping; Accessibility; Information Architecture; User Research,Master's Degree,"Dedicated UX Designer with 15 years of experience skilled in Design Thinking, Personas, Usability Testing. Holds a Master's Degree. Seeking to leverage expertise to deliver impact."
Intern Mobile Developer,Software Engineering,Git; Android SDK; UI Design; React Native; Flutter; Kotlin; Swift; Firebase,PhD,"Detail-oriented Mobile Developer with 0 years of experience skilled in Git, Android SDK, UI Design. Holds a PhD. Seeking to leverage expertise to deliver impact."
Intern Database Administrator,Cloud & Infrastructure,Backup & Recovery; MySQL; PostgreSQL; Oracle; Linux; SQL; Security,PhD,"Motivated Database Administrator with 1 years of experience skilled in Backup & Recovery, MySQL, PostgreSQL. Holds a PhD. Seeking to leverage expertise to deliver impact."
Lead Program Manager,Product & Management,Risk Management; Agile; Leadership; Roadmapping; Budgeting,PhD,"Dedicated Program Manager with 10 years of experience skilled in Risk Management, Agile, Leadership. Holds a PhD. Seeking to leverage expertise to deliver impact."
Senior UI Designer,Design,CSS; Adobe XD; Sketch; HTML,PhD,"Dedicated UI Designer with 10 years of experience skilled in CSS, Adobe XD, Sketch. Holds a PhD. Seeking to leverage expertise to deliver impact."
Mid-level Graphic Designer,Design,InDesign; Print Design; Photoshop; Illustrator; Adobe XD; Color Theory; Branding,Associate Degree,"Results-driven Graphic Designer with 6 years of experience skilled in InDesign, Print Design, Photoshop. Holds a Associate Degree. Seeking to leverage expertise to deliver impact."
Mid-level Product Manager,Product & Management,User Stories; Strategy; Roadmapping; Jira,High School,"Dedicated Product Manager with 3 years of experience skilled in User Stories, Strategy, Roadmapping. Holds a High School. Seeking to leverage expertise to deliver impact."
Mid-level Business Intelligence Analyst,Data & AI,Reporting; Data Warehousing; Power BI; DAX; SQL; ETL; Excel,Bachelor's Degree,"Detail-oriented Business Intelligence Analyst with 3 years of experience skilled in Reporting, Data Warehousing, Power BI. Holds a Bachelor's Degree. Seeking to leverage expertise to deliver impact."
Intern Program Manager,Product & Management,Leadership; Stakeholder Management; Communication; Budgeting,Associate Degree,"Passionate Program Manager with 0 years of experience skilled in Leadership, Stakeholder Management, Communication. Holds a Associate Degree. Seeking to leverage expertise to deliver impact."
Junior Growth Marketer,Marketing,CRM; Experimentation; SQL; Funnel Optimization; Email Marketing; Paid Ads; Growth Hacking,High School,"Innovative Growth Marketer with 2 years of experience skilled in CRM, Experimentation, SQL. Holds a High School. Seeking to leverage expertise to deliver impact."
Lead Product Designer,Design,UI Design; Usability Testing; Sketch; Prototyping,Associate Degree,"Results-driven Product Designer with 11 years of experience skilled in UI Design, Usability Testing, Sketch. Holds a Associate Degree. Seeking to leverage expertise to deliver impact."
Intern Mobile Developer,Software Engineering,UI Design; Git; Android SDK; iOS; Swift; Firebase; React Native; Kotlin,Associate Degree,"Collaborative Mobile Developer with 0 years of experience skilled in UI Design, Git, Android SDK. Holds a Associate Degree. Seeking to leverage expertise to deliver impact."
Intern QA Engineer,Software Engineering,Test Automation; Postman; Bug Tracking; CI/CD; Manual Testing; Jira; Cypress; JUnit,Bachelor's Degree,"Passionate QA Engineer with 1 years of experience skilled in Test Automation, Postman, Bug Tracking. Holds a Bachelor's Degree. Seeking to leverage expertise to deliver impact."
Mid-level Database Administrator,Cloud & Infrastructure,SQL; Oracle; Backup & Recovery; Replication; Performance Tuning,High School,"Innovative Database Administrator with 3 years of experience skilled in SQL, Oracle, Backup & Recovery. Holds a High School. Seeking to leverage expertise to deliver impact."
Mid-level NLP Engineer,Data & AI,PyTorch; Text Mining; Deep Learning; Python; Transformers,Master's Degree,"Experienced NLP Engineer with 5 years of experience skilled in PyTorch, Text Mining, Deep Learning. Holds a Master's Degree. Seeking to leverage expertise to deliver impact."
Lead UX Designer,Design,Personas; Accessibility; Journey Mapping; Wireframing; Information Architecture; User Research,High School,"Passionate UX Designer with 8 years of experience skilled in Personas, Accessibility, Journey Mapping. Holds a High School. Seeking to leverage expertise to deliver impact."
Principal UI Designer,Design,Adobe XD; CSS; Sketch; Color Theory,Associate Degree,"Passionate UI Designer with 20 years of experience skilled in Adobe XD, CSS, Sketch. Holds a Associate Degree. Seeking to leverage expertise to deliver impact."
Junior Sales Engineer,Business,Customer Success; Negotiation; Technical Sales; CRM; Communication; Presentations; Cloud; Product Demos,PhD,"Detail-oriented Sales Engineer with 2 years of experience skilled in Customer Success, Negotiation, Technical Sales. Holds a PhD. Seeking to leverage expertise to deliver impact."
Mid-level Growth Marketer,Marketing,Analytics; SQL; SEO; Email Marketing; CRM; A/B Testing,Bachelor's Degree,"Passionate Growth Marketer with 6 years of experience skilled in Analytics, SQL, SEO. Holds a Bachelor's Degree. Seeking to leverage expertise to deliver impact."
Mid-level Computer Vision Engineer,Data & AI,Python; CUDA; CNN; C++; OpenCV; Machine Learning; TensorFlow,PhD,"Innovative Computer Vision Engineer with 4 years of experience skilled in Python, CUDA, CNN. Holds a PhD. Seeking to leverage expertise to deliver impact."
Lead Software Architect,Software Engineering,REST APIs; Microservices; Java; Leadership,Bachelor's Degree,"Innovative Software Architect with 13 years of experience skilled in REST APIs, Microservices, Java. Holds a Bachelor's Degree. Seeking to leverage expertise to deliver impact."
Intern Database Administrator,Cloud & Infrastructure,Replication; PostgreSQL; SQL; MongoDB; Oracle; Backup & Recovery,Associate Degree,"Results-driven Database Administrator with 0 years of experience skilled in Replication, PostgreSQL, SQL. Holds a Associate Degree. Seeking to leverage expertise to deliver impact."
Senior AI Researcher,Data & AI,Python; Publications; Deep Learning; NLP; Mathematics; TensorFlow; Machine Learning,High School,"Results-driven AI Researcher with 9 years of experience skilled in Python, Publications, Deep Learning. Holds a High School. Seeking to leverage expertise to deliver impact."
Principal QA Engineer,Software Engineering,JUnit; Cypress; Jira; Selenium; CI/CD,Associate Degree,"Results-driven QA Engineer with 13 years of experience skilled in JUnit, Cypress, Jira. Holds a Associate Degree. Seeking to leverage expertise to deliver impact."
Mid-level Sales Engineer,Business,Solution Design; Technical Sales; Customer Success; Cloud; Communication; Presentations; Product Demos; APIs,Bachelor's Degree,"Dedicated Sales Engineer with 5 years of experience skilled in Solution Design, Technical Sales, Customer Success. Holds a Bachelor's Degree. Seeking to leverage expertise to deliver impact."
Mid-level Full Stack Developer,Software Engineering,Node.js; REST APIs; Docker; React; MongoDB,Master's Degree,"Results-driven Full Stack Developer with 5 years of experience skilled in Node.js, REST APIs, Docker. Holds a Master's Degree. Seeking to leverage expertise to deliver impact."
Lead Software Architect,Software Engineering,Kafka; Design Patterns; System Design; Java,Associate Degree,"Experienced Software Architect with 11 years of experience skilled in Kafka, Design Patterns, System Design. Holds a Associate Degree. Seeking to leverage expertise to deliver impact."
Junior Growth Marketer,Marketing,SEO; Funnel Optimization; Email Marketing; Growth Hacking; CRM; Experimentation,Associate Degree,"Passionate Growth Marketer with 3 years of experience skilled in SEO, Funnel Optimization, Email Marketing. Holds a Associate Degree. Seeking to leverage expertise to deliver impact."
Intern Graphic Designer,Design,Adobe XD; InDesign; Color Theory; Typography; Photoshop,Master's Degree,"Dedicated Graphic Designer with 1 years of experience skilled in Adobe XD, InDesign, Color Theory. Holds a Master's Degree. Seeking to leverage expertise to deliver impact."
Principal Product Manager,Product & Management,Stakeholder Management; Strategy; Market Research; Roadmapping; Jira; User Stories; Analytics,Master's Degree,"Experienced Product Manager with 20 years of experience skilled in Stakeholder Management, Strategy, Market Research. Holds a Master's Degree. Seeking to leverage expertise to deliver impact."
Mid-level Operations Manager,Business,Six Sigma; Process Improvement; Supply Chain; Leadership; Operations Management; Vendor Management; Communication,High School,"Dedicated Operations Manager with 3 years of experience skilled in Six Sigma, Process Improvement, Supply Chain. Holds a High School. Seeking to leverage expertise to deliver impact."
Lead Software Architect,Software Engineering,Docker; Scalability; AWS; Microservices; REST APIs; Kafka,Bachelor's Degree,"Motivated Software Architect with 10 years of experience skilled in Docker, Scalability, AWS. Holds a Bachelor's Degree. Seeking to leverage expertise to deliver impact."
Intern Product Designer,Design,Usability Testing; UX Design; Prototyping; Figma; User Research; UI Design,Master's Degree,"Experienced Product Designer with 1 years of experience skilled in Usability Testing, UX Design, Prototyping. Holds a Master's Degree. Seeking to leverage expertise to deliver impact."
Principal Financial Analyst,Business,Accounting; SQL; Valuation; Power BI; Excel; Financial Modeling,Bachelor's Degree,"Experienced Financial Analyst with 18 years of experience skilled in Accounting, SQL, Valuation. Holds a Bachelor's Degree. Seeking to leverage expertise to deliver impact."
Intern Sales Engineer,Business,CRM; Customer Success; Communication; Negotiation,PhD,"Passionate Sales Engineer with 0 years of experience skilled in CRM, Customer Success, Communication. Holds a PhD. Seeking to leverage expertise to deliver impact."
Junior Content Strategist,Marketing,CMS; Editorial Planning; Storytelling; Copywriting,PhD,"Experienced Content Strategist with 2 years of experience skilled in CMS, Editorial Planning, Storytelling. Holds a PhD. Seeking to leverage expertise to deliver impact."
Lead Cloud Architect,Cloud & Infrastructure,Azure; Microservices; Terraform; Security; System Design,High School,"Dedicated Cloud Architect with 12 years of experience skilled in Azure, Microservices, Terraform. Holds a High School. Seeking to leverage expertise to deliver impact."
Mid-level Program Manager,Product & Management,Agile; Stakeholder Management; Reporting; Program Management,High School,"Passionate Program Manager with 4 years of experience skilled in Agile, Stakeholder Management, Reporting. Holds a High School. Seeking to leverage expertise to deliver impact."
Mid-level Project Manager,Product & Management,Stakeholder Management; Scrum; Risk Management; Gantt Charts; Agile,Master's Degree,"Results-driven Project Manager with 3 years of experience skilled in Stakeholder Management, Scrum, Risk Management. Holds a Master's Degree. Seeking to leverage expertise to deliver impact."
Lead Product Designer,Design,Usability Testing; Figma; Design Systems; Sketch; User Research; UI Design; UX Design; Interaction Design,Associate Degree,"Passionate Product Designer with 8 years of experience skilled in Usability Testing, Figma, Design Systems. Holds a Associate Degree. Seeking to leverage expertise to deliver impact."
Principal Mobile Developer,Software Engineering,Swift; REST APIs; Kotlin; Git; Firebase,High School,"Results-driven Mobile Developer with 16 years of experience skilled in Swift, REST APIs, Kotlin. Holds a High School. Seeking to leverage expertise to deliver impact."
Mid-level NLP Engineer,Data & AI,NLP; Transformers; Tokenization; Text Mining; Machine Learning; Deep Learning; Python,PhD,"Dedicated NLP Engineer with 6 years of experience skilled in NLP, Transformers, Tokenization. Holds a PhD. Seeking to leverage expertise to deliver impact."
Principal Full Stack Developer,Software Engineering,Docker; Node.js; MongoDB; REST APIs,PhD,"Experienced Full Stack Developer with 12 years of experience skilled in Docker, Node.js, MongoDB. Holds a PhD. Seeking to leverage expertise to deliver impact."
Lead Software Architect,Software Engineering,Scalability; Docker; Kafka; REST APIs; Java; System Design,High School,"Detail-oriented Software Architect with 13 years of experience skilled in Scalability, Docker, Kafka. Holds a High School. Seeking to leverage expertise to deliver impact."
Senior NLP Engineer,Data & AI,Transformers; Machine Learning; spaCy; Deep Learning; Python; Text Mining,Associate Degree,"Collaborative NLP Engineer with 9 years of experience skilled in Transformers, Machine Learning, spaCy. Holds a Associate Degree. Seeking to leverage expertise to deliver impact."
Principal Cloud Engineer,Cloud & Infrastructure,Networking; Docker; Monitoring; Linux,Associate Degree,"Collaborative Cloud Engineer with 12 years of experience skilled in Networking, Docker, Monitoring. Holds a Associate Degree. Seeking to leverage expertise to deliver impact."
Senior Game Developer,Software Engineering,Shaders; Unity; C#; Optimization,Master's Degree,"Passionate Game Developer with 10 years of experience skilled in Shaders, Unity, C#. Holds a Master's Degree. Seeking to leverage expertise to deliver impact."
Junior Site Reliability Engineer,Software Engineering,Monitoring; Incident Response; Python; Linux; Go; Kubernetes; Prometheus; Terraform,Associate Degree,"Results-driven Site Reliability Engineer with 2 years of experience skilled in Monitoring, Incident Response, Python. Holds a Associate Degree. Seeking to leverage expertise to deliver impact."
Senior SEO Specialist,Marketing,Keyword Research; SEO; Google Analytics; SEMrush; On-page SEO; Content Strategy; Copywriting; Technical SEO,Bachelor's Degree,"Innovative SEO Specialist with 10 years of experience skilled in Keyword Research, SEO, Google Analytics. Holds a Bachelor's Degree. Seeking to leverage expertise to deliver impact."
Lead Content Strategist,Marketing,Content Marketing; SEO; Storytelling; Analytics,Bachelor's Degree,"Motivated Content Strategist with 14 years of experience skilled in Content Marketing, SEO, Storytelling. Holds a Bachelor's Degree. Seeking to leverage expertise to deliver impact."
Junior Site Reliability Engineer,Software Engineering,Grafana; Monitoring; Prometheus; Linux; Python; Kubernetes; Incident Response,Master's Degree,"Innovative Site Reliability Engineer with 3 years of experience skilled in Grafana, Monitoring, Prometheus. Holds a Master's Degree. Seeking to leverage expertise to deliver impact."
Mid-level Content Strategist,Marketing,Brand Voice; Content Marketing; CMS; Social Media; Editorial Planning; SEO; Research,PhD,"Detail-oriented Content Strategist with 6 years of experience skilled in Brand Voice, Content Marketing, CMS. Holds a PhD. Seeking to leverage expertise to deliver impact."
Lead Business Intelligence Analyst,Data & AI,Tableau; Power BI; ETL; SQL; Reporting; Excel,Master's Degree,"Experienced Business Intelligence Analyst with 14 years of experience skilled in Tableau, Power BI, ETL. Holds a Master's Degree. Seeking to leverage expertise to deliver impact."
Senior Data Scientist,Data & AI,Python; TensorFlow; Jupyter; Pandas,Bachelor's Degree,"Results-driven Data Scientist with 7 years of experience skilled in Python, TensorFlow, Jupyter. Holds a Bachelor's Degree. Seeking to leverage expertise to deliver impact."
Lead Sales Engineer,Business,Product Demos; Negotiation; Communication; Solution Design; Presentations; Technical Sales,PhD,"Motivated Sales Engineer with 12 years of experience skilled in Product Demos, Negotiation, Communication. Holds a PhD. Seeking to leverage expertise to deliver impact."
Junior Database Administrator,Cloud & Infrastructure,Linux; Backup & Recovery; PostgreSQL; MongoDB; SQL; Performance Tuning,High School,"Dedicated Database Administrator with 2 years of experience skilled in Linux, Backup & Recovery, PostgreSQL. Holds a High School. Seeking to leverage expertise to deliver impact."
Intern Financial Analyst,Business,SQL; Forecasting; Financial Modeling; Excel,Bachelor's Degree,"Detail-oriented Financial Analyst with 0 years of experience skilled in SQL, Forecasting, Financial Modeling. Holds a Bachelor's Degree. Seeking to leverage expertise to deliver impact."
Senior Scrum Master,Product & Management,Communication; Sprint Planning; Coaching; Jira; Kanban; Agile,PhD,"Innovative Scrum Master with 7 years of experience skilled in Communication, Sprint Planning, Coaching. Holds a PhD. Seeking to leverage expertise to deliver impact."
Mid-level Computer Vision Engineer,Data & AI,OpenCV; CUDA; Python; PyTorch; Machine Learning; Image Processing; TensorFlow; C++,Bachelor's Degree,"Passionate Computer Vision Engineer with 6 years of experience skilled in OpenCV, CUDA, Python. Holds a Bachelor's Degree. Seeking to leverage expertise to deliver impact."
Lead Growth Marketer,Marketing,Email Marketing; A/B Testing; Funnel Optimization; SEO; Experimentation; Paid Ads; Analytics; SQL,High School,"Passionate Growth Marketer with 13 years of experience skilled in Email Marketing, A/B Testing, Funnel Optimization. Holds a High School. Seeking to leverage expertise to deliver impact."
Intern Network Engineer,Cloud & Infrastructure,Linux; Routing; TCP/IP; Security; Switching; VPN; Cisco,PhD,"Detail-oriented Network Engineer with 1 years of experience skilled in Linux, Routing, TCP/IP. Holds a PhD. Seeking to leverage expertise to deliver impact."
Mid-level Interaction Designer,Design,Motion Design; Design Systems; Figma; After Effects; Wireframing; User Research,Associate Degree,"Motivated Interaction Designer with 6 years of experience skilled in Motion Design, Design Systems, Figma. Holds a Associate Degree. Seeking to leverage expertise to deliver impact."
Intern Scrum Master,Product & Management,Coaching; Servant Leadership; Sprint Planning; Retrospectives; Kanban,Bachelor's Degree,"Dedicated Scrum Master with 1 years of experience skilled in Coaching, Servant Leadership, Sprint Planning. Holds a Bachelor's Degree. Seeking to leverage expertise to deliver impact."
Senior Content Strategist,Marketing,Content Marketing; Analytics; Copywriting; Editorial Planning; Social Media,Master's Degree,"Motivated Content Strategist with 6 years of experience skilled in Content Marketing, Analytics, Copywriting. Holds a Master's Degree. Seeking to leverage expertise to deliver impact."
Lead Mobile Developer,Software Engineering,Swift; iOS; Firebase; REST APIs; Flutter; React Native; UI Design,High School,"Motivated Mobile Developer with 11 years of experience skilled in Swift, iOS, Firebase. Holds a High School. Seeking to leverage expertise to deliver impact."
Senior Software Architect,Software Engineering,AWS; Design Patterns; System Design; REST APIs; Microservices; Docker,High School,"Experienced Software Architect with 8 years of experience skilled in AWS, Design Patterns, System Design. Holds a High School. Seeking to leverage expertise to deliver impact."
Mid-level Cloud Architect,Cloud & Infrastructure,GCP; Networking; AWS; Azure; Terraform; Microservices; Cost Optimization,Master's Degree,"Dedicated Cloud Architect with 5 years of experience skilled in GCP, Networking, AWS. Holds a Master's Degree. Seeking to leverage expertise to deliver impact."
Senior Data Scientist,Data & AI,Data Visualization; Jupyter; Machine Learning; Python; Scikit-learn,Master's Degree,"Experienced Data Scientist with 9 years of experience skilled in Data Visualization, Jupyter, Machine Learning. Holds a Master's Degree. Seeking to leverage expertise to deliver impact."
Intern Site Reliability Engineer,Software Engineering,Incident Response; Linux; Grafana; Go; Kubernetes; Prometheus; AWS,PhD,"Dedicated Site Reliability Engineer with 0 years of experience skilled in Incident Response, Linux, Grafana. Holds a PhD. Seeking to leverage expertise to deliver impact."
Senior Social Media Manager,Marketing,Campaign Management; Analytics; Community Management; Copywriting; Scheduling Tools,Master's Degree,"Results-driven Social Media Manager with 10 years of experience skilled in Campaign Management, Analytics, Community Management. Holds a Master's Degree. Seeking to leverage expertise to deliver impact."
Principal Product Owner,Product & Management,Stakeholder Management; Communication; Roadmapping; Jira,Associate Degree,"Results-driven Product Owner with 15 years of experience skilled in Stakeholder Management, Communication, Roadmapping. Holds a Associate Degree. Seeking to leverage expertise to deliver impact."
Mid-level Interaction Designer,Design,User Research; Figma; Wireframing; Design Systems; After Effects,Master's Degree,"Motivated Interaction Designer with 4 years of experience skilled in User Research, Figma, Wireframing. Holds a Master's Degree. Seeking to leverage expertise to deliver impact."
Senior Database Administrator,Cloud & Infrastructure,Performance Tuning; MongoDB; Replication; MySQL,Bachelor's Degree,"Motivated Database Administrator with 6 years of experience skilled in Performance Tuning, MongoDB, Replication. Holds a Bachelor's Degree. Seeking to leverage expertise to deliver impact."
Principal Sales Engineer,Business,Presentations; Customer Success; Technical Sales; Solution Design; Communication; Negotiation,Master's Degree,"Innovative Sales Engineer with 19 years of experience skilled in Presentations, Customer Success, Technical Sales. Holds a Master's Degree. Seeking to leverage expertise to deliver impact."
Mid-level Product Manager,Product & Management,Prioritization; Agile; Roadmapping; Communication; Market Research,Associate Degree,"Passionate Product Manager with 5 years of experience skilled in Prioritization, Agile, Roadmapping. Holds a Associate Degree. Seeking to leverage expertise to deliver impact."
Junior Social Media Manager,Marketing,Analytics; Scheduling Tools; Community Management; Content Creation; Social Media; Canva; Copywriting,Associate Degree,"Collaborative Social Media Manager with 3 years of experience skilled in Analytics, Scheduling Tools, Community Management. Holds a Associate Degree. Seeking to leverage expertise to deliver impact."
Intern Software Architect,Software Engineering,Scalability; Kafka; Leadership; Design Patterns,Master's Degree,"Detail-oriented Software Architect with 0 years of experience skilled in Scalability, Kafka, Leadership. Holds a Master's Degree. Seeking to leverage expertise to deliver impact."
Junior Digital Marketing Specialist,Marketing,Analytics; Content Marketing; Social Media; SEO,Bachelor's Degree,"Dedicated Digital Marketing Specialist with 2 years of experience skilled in Analytics, Content Marketing, Social Media. Holds a Bachelor's Degree. Seeking to leverage expertise to deliver impact."
Lead Database Administrator,Cloud & Infrastructure,SQL; Performance Tuning; MySQL; Security; Oracle,High School,"Motivated Database Administrator with 12 years of experience skilled in SQL, Performance Tuning, MySQL. Holds a High School. Seeking to leverage expertise to deliver impact."
Junior Business Analyst,Business,Requirements Gathering; Excel; Agile; Stakeholder Management; Data Analysis,High School,"Experienced Business Analyst with 1 years of experience skilled in Requirements Gathering, Excel, Agile. Holds a High School. Seeking to leverage expertise to deliver impact."
Principal Data Engineer,Data & AI,Kafka; Snowflake; SQL; Python; Airflow; Hadoop; AWS,Master's Degree,"Collaborative Data Engineer with 13 years of experience skilled in Kafka, Snowflake, SQL. Holds a Master's Degree. Seeking to leverage expertise to deliver impact."
Junior Backend Developer,Software Engineering,Spring Boot; SQL; Redis; GraphQL,Bachelor's Degree,"Results-driven Backend Developer with 1 years of experience skilled in Spring Boot, SQL, Redis. Holds a Bachelor's Degree. Seeking to leverage expertise to deliver impact."
Mid-level Full Stack Developer,Software Engineering,Python; TypeScript; Node.js; Git; Docker; React; REST APIs; SQL,PhD,"Motivated Full Stack Developer with 6 years of experience skilled in Python, TypeScript, Node.js. Holds a PhD. Seeking to leverage expertise to deliver impact."
Senior Game Developer,Software Engineering,Optimization; 3D Math; Game Design; Unreal Engine; C#,High School,"Motivated Game Developer with 10 years of experience skilled in Optimization, 3D Math, Game Design. Holds a High School. Seeking to leverage expertise to deliver impact."
Intern Database Administrator,Cloud & Infrastructure,Performance Tuning; Backup & Recovery; SQL; PostgreSQL; MySQL; Linux; Security,PhD,"Motivated Database Administrator with 0 years of experience skilled in Performance Tuning, Backup & Recovery, SQL. Holds a PhD. Seeking to leverage expertise to deliver impact."
Junior Financial Analyst,Business,Power BI; Accounting; Analytics; Excel; Valuation,Associate Degree,"Detail-oriented Financial Analyst with 1 years of experience skilled in Power BI, Accounting, Analytics. Holds a Associate Degree. Seeking to leverage expertise to deliver impact."
Junior Scrum Master,Product & Management,Scrum; Coaching; Sprint Planning; Servant Leadership; Agile; Jira,Master's Degree,"Collaborative Scrum Master with 3 years of experience skilled in Scrum, Coaching, Sprint Planning. Holds a Master's Degree. Seeking to leverage expertise to deliver impact."
Principal Program Manager,Product & Management,Roadmapping; Strategy; Leadership; Budgeting; Agile; Reporting,Associate Degree,"Collaborative Program Manager with 17 years of experience skilled in Roadmapping, Strategy, Leadership. Holds a Associate Degree. Seeking to leverage expertise to deliver impact."
Lead AI Researcher,Data & AI,Machine Learning; Python; NLP; Publications; Reinforcement Learning; Mathematics; Research; Deep Learning,High School,"Dedicated AI Researcher with 14 years of experience skilled in Machine Learning, Python, NLP. Holds a High School. Seeking to leverage expertise to deliver impact."
Mid-level Growth Marketer,Marketing,Growth Hacking; Analytics; CRM; Paid Ads; SQL; Funnel Optimization; A/B Testing,Associate Degree,"Passionate Growth Marketer with 3 years of experience skilled in Growth Hacking, Analytics, CRM. Holds a Associate Degree. Seeking to leverage expertise to deliver impact."
Mid-level DevOps Engineer,Software Engineering,Terraform; Docker; CI/CD; AWS; Linux; Jenkins,PhD,"Motivated DevOps Engineer with 3 years of experience skilled in Terraform, Docker, CI/CD. Holds a PhD. Seeking to leverage expertise to deliver impact."
Junior Data Engineer,Data & AI,Airflow; Hadoop; Data Modeling; SQL; Python; AWS,Bachelor's Degree,"Detail-oriented Data Engineer with 1 years of experience skilled in Airflow, Hadoop, Data Modeling. Holds a Bachelor's Degree. Seeking to leverage expertise to deliver impact."
Junior Full Stack Developer,Software Engineering,MongoDB; TypeScript; JavaScript; REST APIs; SQL; React,Bachelor's Degree,"Innovative Full Stack Developer with 2 years of experience skilled in MongoDB, TypeScript, JavaScript. Holds a Bachelor's Degree. Seeking to leverage expertise to deliver impact."
Junior Full Stack Developer,Software Engineering,TypeScript; Git; SQL; MongoDB; React; REST APIs; Docker,Associate Degree,"Passionate Full Stack Developer with 1 years of experience skilled in TypeScript, Git, SQL. Holds a Associate Degree. Seeking to leverage expertise to deliver impact."
Junior UX Designer,Design,Figma; Personas; Accessibility; User Research; Usability Testing; Design Thinking; Journey Mapping,PhD,"Motivated UX Designer with 3 years of experience skilled in Figma, Personas, Accessibility. Holds a PhD. Seeking to leverage expertise to deliver impact."
Junior Game Developer,Software Engineering,3D Math; C#; C++; Optimization; Unity; Unreal Engine,PhD,"Dedicated Game Developer with 2 years of experience skilled in 3D Math, C#, C++. Holds a PhD. Seeking to leverage expertise to deliver impact."
Lead Graphic Designer,Design,Print Design; InDesign; Photoshop; Adobe XD; Illustrator; Layout Design; Typography; Branding,High School,"Collaborative Graphic Designer with 9 years of experience skilled in Print Design, InDesign, Photoshop. Holds a High School. Seeking to leverage expertise to deliver impact."
Mid-level Content Strategist,Marketing,Analytics; Storytelling; SEO; Content Marketing; CMS; Editorial Planning; Copywriting; Brand Voice,High School,"Motivated Content Strategist with 5 years of experience skilled in Analytics, Storytelling, SEO. Holds a High School. Seeking to leverage expertise to deliver impact."
Mid-level SEO Specialist,Marketing,Keyword Research; Google Analytics; Copywriting; Link Building; SEMrush; SEO; HTML; Content Strategy,Bachelor's Degree,"Motivated SEO Specialist with 6 years of experience skilled in Keyword Research, Google Analytics, Copywriting. Holds a Bachelor's Degree. Seeking to leverage expertise to deliver impact."
Junior Program Manager,Product & Management,Budgeting; Strategy; Agile; Stakeholder Management; Reporting; Leadership; Risk Management,Master's Degree,"Detail-oriented Program Manager with 2 years of experience skilled in Budgeting, Strategy, Agile. Holds a Master's Degree. Seeking to leverage expertise to deliver impact."
Principal Data Scientist,Data & AI,Jupyter; SQL; Pandas; Scikit-learn,High School,"Results-driven Data Scientist with 15 years of experience skilled in Jupyter, SQL, Pandas. Holds a High School. Seeking to leverage expertise to deliver impact."
Lead Database Administrator,Cloud & Infrastructure,Linux; Backup & Recovery; Performance Tuning; Replication; PostgreSQL,High School,"Motivated Database Administrator with 10 years of experience skilled in Linux, Backup & Recovery, Performance Tuning. Holds a High School. Seeking to leverage expertise to deliver impact."
Principal Data Analyst,Data & AI,Excel; Statistics; Power BI; Data Cleaning,Bachelor's Degree,"Results-driven Data Analyst with 17 years of experience skilled in Excel, Statistics, Power BI. Holds a Bachelor's Degree. Seeking to leverage expertise to deliver impact."
Intern Graphic Designer,Design,Typography; InDesign; Illustrator; Branding; Layout Design; Photoshop,Associate Degree,"Results-driven Graphic Designer with 1 years of experience skilled in Typography, InDesign, Illustrator. Holds a Associate Degree. Seeking to leverage expertise to deliver impact."
Senior Cloud Engineer,Cloud & Infrastructure,Monitoring; Networking; Docker; CloudFormation; Kubernetes; Linux; Terraform,Bachelor's Degree,"Passionate Cloud Engineer with 8 years of experience skilled in Monitoring, Networking, Docker. Holds a Bachelor's Degree. Seeking to leverage expertise to deliver impact."
Intern Data Scientist,Data & AI,Data Visualization; Scikit-learn; Machine Learning; Statistics; SQL; NumPy; Python; TensorFlow,High School,"Experienced Data Scientist with 0 years of experience skilled in Data Visualization, Scikit-learn, Machine Learning. Holds a High School. Seeking to leverage expertise to deliver impact."
Senior Network Engineer,Cloud & Infrastructure,Networking; Switching; Linux; Routing; Firewalls; VPN; TCP/IP,Associate Degree,"Passionate Network Engineer with 7 years of experience skilled in Networking, Switching, Linux. Holds a Associate Degree. Seeking to leverage expertise to deliver impact."
Lead Business Analyst,Business,Agile; Documentation; SQL; Excel; Stakeholder Management; Requirements Gathering; Data Analysis; Process Modeling,PhD,"Experienced Business Analyst with 11 years of experience skilled in Agile, Documentation, SQL. Holds a PhD. Seeking to leverage expertise to deliver impact."
Mid-level Digital Marketing Specialist,Marketing,CRM; Social Media; A/B Testing; Copywriting,PhD,"Passionate Digital Marketing Specialist with 4 years of experience skilled in CRM, Social Media, A/B Testing. Holds a PhD. Seeking to leverage expertise to deliver impact."
Principal Graphic Designer,Design,Adobe XD; InDesign; Color Theory; Print Design; Illustrator; Photoshop; Creativity,Master's Degree,"Passionate Graphic Designer with 18 years of experience skilled in Adobe XD, InDesign, Color Theory. Holds a Master's Degree. Seeking to leverage expertise to deliver impact."
Junior Business Analyst,Business,Stakeholder Management; Process Modeling; Documentation; Data Analysis; Excel; Requirements Gathering,Master's Degree,"Passionate Business Analyst with 3 years of experience skilled in Stakeholder Management, Process Modeling, Documentation. Holds a Master's Degree. Seeking to leverage expertise to deliver impact."
Junior Security Engineer,Cloud & Infrastructure,SIEM; Linux; Cybersecurity; Python; Incident Response,Associate Degree,"Innovative Security Engineer with 3 years of experience skilled in SIEM, Linux, Cybersecurity. Holds a Associate Degree. Seeking to leverage expertise to deliver impact."
Senior HR Specialist,Business,Payroll; Performance Management; Employee Relations; Conflict Resolution; HRIS,PhD,"Experienced HR Specialist with 7 years of experience skilled in Payroll, Performance Management, Employee Relations. Holds a PhD. Seeking to leverage expertise to deliver impact."
Principal Data Engineer,Data & AI,SQL; Spark; Data Modeling; Hadoop,High School,"Experienced Data Engineer with 16 years of experience skilled in SQL, Spark, Data Modeling. Holds a High School. Seeking to leverage expertise to deliver impact."
Lead Database Administrator,Cloud & Infrastructure,Security; SQL; Linux; Backup & Recovery; Performance Tuning,Master's Degree,"Dedicated Database Administrator with 13 years of experience skilled in Security, SQL, Linux. Holds a Master's Degree. Seeking to leverage expertise to deliver impact."
Principal Data Analyst,Data & AI,SQL; Tableau; Data Cleaning; Power BI; A/B Testing; Reporting; Python,PhD,"Innovative Data Analyst with 12 years of experience skilled in SQL, Tableau, Data Cleaning. Holds a PhD. Seeking to leverage expertise to deliver impact."
Junior Digital Marketing Specialist,Marketing,Google Ads; Copywriting; Analytics; Social Media; SEO,Associate Degree,"Detail-oriented Digital Marketing Specialist with 1 years of experience skilled in Google Ads, Copywriting, Analytics. Holds a Associate Degree. Seeking to leverage expertise to deliver impact."
Principal Mobile Developer,Software Engineering,UI Design; React Native; Git; Flutter,PhD,"Passionate Mobile Developer with 15 years of experience skilled in UI Design, React Native, Git. Holds a PhD. Seeking to leverage expertise to deliver impact."
Junior Site Reliability Engineer,Software Engineering,AWS; Prometheus; Go; Python; Monitoring; Linux,High School,"Dedicated Site Reliability Engineer with 1 years of experience skilled in AWS, Prometheus, Go. Holds a High School. Seeking to leverage expertise to deliver impact."
Lead Backend Developer,Software Engineering,Redis; GraphQL; Python; Node.js; SQL,Master's Degree,"Detail-oriented Backend Developer with 10 years of experience skilled in Redis, GraphQL, Python. Holds a Master's Degree. Seeking to leverage expertise to deliver impact."
Intern Product Owner,Product & Management,Roadmapping; Agile; Jira; Communication; User Stories; Stakeholder Management; Analytics,High School,"Innovative Product Owner with 0 years of experience skilled in Roadmapping, Agile, Jira. Holds a High School. Seeking to leverage expertise to deliver impact."
Senior Computer Vision Engineer,Data & AI,Deep Learning; CNN; TensorFlow; Python; CUDA,Associate Degree,"Motivated Computer Vision Engineer with 9 years of experience skilled in Deep Learning, CNN, TensorFlow. Holds a Associate Degree. Seeking to leverage expertise to deliver impact."
Junior Game Developer,Software Engineering,Shaders; C#; Unity; Physics; 3D Math,Bachelor's Degree,"Detail-oriented Game Developer with 2 years of experience skilled in Shaders, C#, Unity. Holds a Bachelor's Degree. Seeking to leverage expertise to deliver impact."
Mid-level Digital Marketing Specialist,Marketing,Email Marketing; Google Ads; Campaign Management; Content Marketing; Copywriting,High School,"Motivated Digital Marketing Specialist with 5 years of experience skilled in Email Marketing, Google Ads, Campaign Management. Holds a High School. Seeking to leverage expertise to deliver impact."
Junior Content Strategist,Marketing,Brand Voice; CMS; Analytics; Editorial Planning; Research; Content Marketing; Social Media,Associate Degree,"Experienced Content Strategist with 3 years of experience skilled in Brand Voice, CMS, Analytics. Holds a Associate Degree. Seeking to leverage expertise to deliver impact."
Mid-level Financial Analyst,Business,Analytics; Financial Modeling; Valuation; Forecasting; Reporting,Bachelor's Degree,"Innovative Financial Analyst with 6 years of experience skilled in Analytics, Financial Modeling, Valuation. Holds a Bachelor's Degree. Seeking to leverage expertise to deliver impact."
Lead Software Architect,Software Engineering,Scalability; System Design; Microservices; REST APIs; Design Patterns; AWS; Leadership; Docker,Associate Degree,"Results-driven Software Architect with 10 years of experience skilled in Scalability, System Design, Microservices. Holds a Associate Degree. Seeking to leverage expertise to deliver impact."
Mid-level Data Analyst,Data & AI,Power BI; Pandas; Python; Tableau; Data Cleaning; SQL; A/B Testing; Reporting,Bachelor's Degree,"Innovative Data Analyst with 4 years of experience skilled in Power BI, Pandas, Python. Holds a Bachelor's Degree. Seeking to leverage expertise to deliver impact."
Mid-level Digital Marketing Specialist,Marketing,CRM; Campaign Management; Analytics; Email Marketing; Copywriting,Associate Degree,"Innovative Digital Marketing Specialist with 3 years of experience skilled in CRM, Campaign Management, Analytics. Holds a Associate Degree. Seeking to leverage expertise to deliver impact."
Lead UX Designer,Design,Prototyping; Personas; Figma; Accessibility; Usability Testing; Information Architecture,Bachelor's Degree,"Collaborative UX Designer with 8 years of experience skilled in Prototyping, Personas, Figma. Holds a Bachelor's Degree. Seeking to leverage expertise to deliver impact."
Junior Data Engineer,Data & AI,AWS; Kafka; SQL; ETL; Python; Hadoop; Spark; Data Modeling,Bachelor's Degree,"Innovative Data Engineer with 3 years of experience skilled in AWS, Kafka, SQL. Holds a Bachelor's Degree. Seeking to leverage expertise to deliver impact."
Principal Social Media Manager,Marketing,Analytics; Content Creation; Canva; Campaign Management; Engagement; Branding,PhD,"Results-driven Social Media Manager with 17 years of experience skilled in Analytics, Content Creation, Canva. Holds a PhD. Seeking to leverage expertise to deliver impact."
Lead Full Stack Developer,Software Engineering,REST APIs; Git; React; Node.js; MongoDB,High School,"Experienced Full Stack Developer with 11 years of experience skilled in REST APIs, Git, React. Holds a High School. Seeking to leverage expertise to deliver impact."
Principal Growth Marketer,Marketing,A/B Testing; Paid Ads; SEO; SQL; Experimentation; Funnel Optimization; Analytics,Associate Degree,"Collaborative Growth Marketer with 16 years of experience skilled in A/B Testing, Paid Ads, SEO. Holds a Associate Degree. Seeking to leverage expertise to deliver impact."
Senior Mobile Developer,Software Engineering,Swift; Git; REST APIs; Firebase; iOS; Flutter; React Native,Master's Degree,"Collaborative Mobile Developer with 8 years of experience skilled in Swift, Git, REST APIs. Holds a Master's Degree. Seeking to leverage expertise to deliver impact."
Principal Site Reliability Engineer,Software Engineering,Linux; Incident Response; Prometheus; Grafana; Terraform; Go; Kubernetes,Bachelor's Degree,"Results-driven Site Reliability Engineer with 20 years of experience skilled in Linux, Incident Response, Prometheus. Holds a Bachelor's Degree. Seeking to leverage expertise to deliver impact."
Junior Mobile Developer,Software Engineering,REST APIs; Flutter; Swift; Kotlin; Android SDK; Git; iOS,Master's Degree,"Dedicated Mobile Developer with 1 years of experience skilled in REST APIs, Flutter, Swift. Holds a Master's Degree. Seeking to leverage expertise to deliver impact."
Mid-level Backend Developer,Software Engineering,Django; Spring Boot; Microservices; Python; Node.js,Associate Degree,"Motivated Backend Developer with 3 years of experience skilled in Django, Spring Boot, Microservices. Holds a Associate Degree. Seeking to leverage expertise to deliver impact."
Mid-level SEO Specialist,Marketing,HTML; Copywriting; Link Building; Keyword Research; SEO; On-page SEO; Content Strategy,Associate Degree,"Results-driven SEO Specialist with 6 years of experience skilled in HTML, Copywriting, Link Building. Holds a Associate Degree. Seeking to leverage expertise to deliver impact."
Senior Program Manager,Product & Management,Reporting; Roadmapping; Leadership; Agile,Master's Degree,"Dedicated Program Manager with 7 years of experience skilled in Reporting, Roadmapping, Leadership. Holds a Master's Degree. Seeking to leverage expertise to deliver impact."
Lead Social Media Manager,Marketing,Content Creation; Social Media; Scheduling Tools; Copywriting; Campaign Management; Canva,Bachelor's Degree,"Motivated Social Media Manager with 11 years of experience skilled in Content Creation, Social Media, Scheduling Tools. Holds a Bachelor's Degree. Seeking to leverage expertise to deliver impact."
Mid-level Cloud Architect,Cloud & Infrastructure,AWS; Networking; Security; Microservices; Azure; Terraform; System Design; Cost Optimization,Associate Degree,"Collaborative Cloud Architect with 5 years of experience skilled in AWS, Networking, Security. Holds a Associate Degree. Seeking to leverage expertise to deliver impact."
Intern Program Manager,Product & Management,Agile; Program Management; Budgeting; Strategy; Stakeholder Management; Leadership,Master's Degree,"Results-driven Program Manager with 0 years of experience skilled in Agile, Program Management, Budgeting. Holds a Master's Degree. Seeking to leverage expertise to deliver impact."
Principal AI Researcher,Data & AI,TensorFlow; Deep Learning; Publications; Machine Learning; NLP; Research; Python; Reinforcement Learning,Associate Degree,"Passionate AI Researcher with 18 years of experience skilled in TensorFlow, Deep Learning, Publications. Holds a Associate Degree. Seeking to leverage expertise to deliver impact."
Intern Mobile Developer,Software Engineering,Flutter; Kotlin; REST APIs; Swift; Android SDK; iOS; Firebase,PhD,"Passionate Mobile Developer with 0 years of experience skilled in Flutter, Kotlin, REST APIs. Holds a PhD. Seeking to leverage expertise to deliver impact."
Intern Growth Marketer,Marketing,Analytics; Email Marketing; Funnel Optimization; Experimentation; A/B Testing; SQL; SEO; Growth Hacking,High School,"Dedicated Growth Marketer with 1 years of experience skilled in Analytics, Email Marketing, Funnel Optimization. Holds a High School. Seeking to leverage expertise to deliver impact."
Lead Product Designer,Design,Prototyping; Usability Testing; Interaction Design; User Research; Figma; UI Design,PhD,"Motivated Product Designer with 13 years of experience skilled in Prototyping, Usability Testing, Interaction Design. Holds a PhD. Seeking to leverage expertise to deliver impact."
Principal QA Engineer,Software Engineering,Postman; Manual Testing; Selenium; Python; Cypress,PhD,"Dedicated QA Engineer with 17 years of experience skilled in Postman, Manual Testing, Selenium. Holds a PhD. Seeking to leverage expertise to deliver impact."
Intern SEO Specialist,Marketing,HTML; Google Analytics; Keyword Research; Content Strategy; Copywriting; SEMrush; Link Building,High School,"Innovative SEO Specialist with 0 years of experience skilled in HTML, Google Analytics, Keyword Research. Holds a High School. Seeking to leverage expertise to deliver impact."
Lead AI Researcher,Data & AI,PyTorch; Mathematics; Research; Reinforcement Learning; TensorFlow; Publications; Deep Learning; Python,Associate Degree,"Detail-oriented AI Researcher with 13 years of experience skilled in PyTorch, Mathematics, Research. Holds a Associate Degree. Seeking to leverage expertise to deliver impact."
Principal Content Strategist,Marketing,Copywriting; CMS; Brand Voice; Storytelling; Content Marketing; Editorial Planning; Research; SEO,Associate Degree,"Detail-oriented Content Strategist with 16 years of experience skilled in Copywriting, CMS, Brand Voice. Holds a Associate Degree. Seeking to leverage expertise to deliver impact."
Principal Interaction Designer,Design,UX Design; Figma; Prototyping; Interaction Design; Wireframing; Motion Design; Usability Testing; User Research,High School,"Innovative Interaction Designer with 20 years of experience skilled in UX Design, Figma, Prototyping. Holds a High School. Seeking to leverage expertise to deliver impact."
Junior Frontend Developer,Software Engineering,JavaScript; TypeScript; Sass; Accessibility; CSS; Jest; HTML,Bachelor's Degree,"Results-driven Frontend Developer with 3 years of experience skilled in JavaScript, TypeScript, Sass. Holds a Bachelor's Degree. Seeking to leverage expertise to deliver impact."
Intern SEO Specialist,Marketing,SEO; Copywriting; HTML; Content Strategy; Technical SEO,Master's Degree,"Passionate SEO Specialist with 0 years of experience skilled in SEO, Copywriting, HTML. Holds a Master's Degree. Seeking to leverage expertise to deliver impact."
Junior Program Manager,Product & Management,Roadmapping; Communication; Leadership; Agile; Strategy; Reporting; Budgeting; Program Management,High School,"Collaborative Program Manager with 3 years of experience skilled in Roadmapping, Communication, Leadership. Holds a High School. Seeking to leverage expertise to deliver impact."
Lead Data Scientist,Data & AI,Jupyter; Statistics; NumPy; Data Visualization; SQL; Scikit-learn; TensorFlow; Python,Master's Degree,"Results-driven Data Scientist with 8 years of experience skilled in Jupyter, Statistics, NumPy. Holds a Master's Degree. Seeking to leverage expertise to deliver impact."
Lead Digital Marketing Specialist,Marketing,A/B Testing; Campaign Management; Google Ads; Copywriting,Master's Degree,"Dedicated Digital Marketing Specialist with 14 years of experience skilled in A/B Testing, Campaign Management, Google Ads. Holds a Master's Degree. Seeking to leverage expertise to deliver impact."
Junior Program Manager,Product & Management,Reporting; Program Management; Roadmapping; Communication,Associate Degree,"Detail-oriented Program Manager with 1 years of experience skilled in Reporting, Program Management, Roadmapping. Holds a Associate Degree. Seeking to leverage expertise to deliver impact."
Intern Content Strategist,Marketing,CMS; Editorial Planning; Storytelling; SEO; Social Media,Bachelor's Degree,"Dedicated Content Strategist with 0 years of experience skilled in CMS, Editorial Planning, Storytelling. Holds a Bachelor's Degree. Seeking to leverage expertise to deliver impact."
Principal HR Specialist,Business,Payroll; Compliance; Performance Management; Recruitment; Communication,High School,"Experienced HR Specialist with 14 years of experience skilled in Payroll, Compliance, Performance Management. Holds a High School. Seeking to leverage expertise to deliver impact."
Mid-level Data Scientist,Data & AI,Statistics; Scikit-learn; SQL; Machine Learning; Python,Associate Degree,"Motivated Data Scientist with 3 years of experience skilled in Statistics, Scikit-learn, SQL. Holds a Associate Degree. Seeking to leverage expertise to deliver impact."
Mid-level Content Strategist,Marketing,Content Marketing; SEO; Storytelling; Brand Voice; Editorial Planning,High School,"Motivated Content Strategist with 6 years of experience skilled in Content Marketing, SEO, Storytelling. Holds a High School. Seeking to leverage expertise to deliver impact."
Senior Operations Manager,Business,Operations Management; Supply Chain; Leadership; Process Improvement; Budgeting; Vendor Management; Lean,High School,"Innovative Operations Manager with 8 years of experience skilled in Operations Management, Supply Chain, Leadership. Holds a High School. Seeking to leverage expertise to deliver impact."
Junior Product Manager,Product & Management,Market Research; Communication; Agile; Analytics; Strategy; User Stories; Stakeholder Management,High School,"Motivated Product Manager with 2 years of experience skilled in Market Research, Communication, Agile. Holds a High School. Seeking to leverage expertise to deliver impact."
Principal Program Manager,Product & Management,Reporting; Leadership; Roadmapping; Program Management; Strategy; Budgeting,Master's Degree,"Motivated Program Manager with 19 years of experience skilled in Reporting, Leadership, Roadmapping. Holds a Master's Degree. Seeking to leverage expertise to deliver impact."
Mid-level Cloud Engineer,Cloud & Infrastructure,Python; Monitoring; Docker; Terraform; CloudFormation; CI/CD,High School,"Dedicated Cloud Engineer with 6 years of experience skilled in Python, Monitoring, Docker. Holds a High School. Seeking to leverage expertise to deliver impact."
Senior Program Manager,Product & Management,Leadership; Reporting; Communication; Roadmapping; Budgeting; Program Management; Stakeholder Management; Risk Management,Bachelor's Degree,"Collaborative Program Manager with 10 years of experience skilled in Leadership, Reporting, Communication. Holds a Bachelor's Degree. Seeking to leverage expertise to deliver impact."
Junior Data Engineer,Data & AI,Kafka; Spark; AWS; SQL,Master's Degree,"Passionate Data Engineer with 1 years of experience skilled in Kafka, Spark, AWS. Holds a Master's Degree. Seeking to leverage expertise to deliver impact."
Senior Frontend Developer,Software Engineering,Webpack; TypeScript; Sass; CSS; Accessibility; HTML; Jest,Bachelor's Degree,"Dedicated Frontend Developer with 7 years of experience skilled in Webpack, TypeScript, Sass. Holds a Bachelor's Degree. Seeking to leverage expertise to deliver impact."
Lead Operations Manager,Business,Supply Chain; Vendor Management; Budgeting; Process Improvement; Communication; Leadership; Six Sigma; Lean,PhD,"Collaborative Operations Manager with 12 years of experience skilled in Supply Chain, Vendor Management, Budgeting. Holds a PhD. Seeking to leverage expertise to deliver impact."
Senior Growth Marketer,Marketing,Analytics; Funnel Optimization; Email Marketing; Growth Hacking; CRM; SQL; A/B Testing; SEO,Associate Degree,"Results-driven Growth Marketer with 10 years of experience skilled in Analytics, Funnel Optimization, Email Marketing. Holds a Associate Degree. Seeking to leverage expertise to deliver impact."
Mid-level Cloud Engineer,Cloud & Infrastructure,Kubernetes; Terraform; CI/CD; CloudFormation; Linux; Networking; Python; Docker,Associate Degree,"Passionate Cloud Engineer with 3 years of experience skilled in Kubernetes, Terraform, CI/CD. Holds a Associate Degree. Seeking to leverage expertise to deliver impact."
Intern Program Manager,Product & Management,Program Management; Stakeholder Management; Budgeting; Roadmapping,Master's Degree,"Dedicated Program Manager with 0 years of experience skilled in Program Management, Stakeholder Management, Budgeting. Holds a Master's Degree. Seeking to leverage expertise to deliver impact."
Lead Data Scientist,Data & AI,Machine Learning; Scikit-learn; Python; SQL,PhD,"Detail-oriented Data Scientist with 10 years of experience skilled in Machine Learning, Scikit-learn, Python. Holds a PhD. Seeking to leverage expertise to deliver impact."
Mid-level NLP Engineer,Data & AI,Python; Transformers; BERT; spaCy,PhD,"Collaborative NLP Engineer with 4 years of experience skilled in Python, Transformers, BERT. Holds a PhD. Seeking to leverage expertise to deliver impact."
Intern Site Reliability Engineer,Software Engineering,Monitoring; Go; Incident Response; Terraform; Grafana; Linux; AWS; Kubernetes,Bachelor's Degree,"Results-driven Site Reliability Engineer with 0 years of experience skilled in Monitoring, Go, Incident Response. Holds a Bachelor's Degree. Seeking to leverage expertise to deliver impact."
Lead Interaction Designer,Design,Figma; After Effects; Motion Design; Prototyping; Usability Testing,Associate Degree,"Results-driven Interaction Designer with 14 years of experience skilled in Figma, After Effects, Motion Design. Holds a Associate Degree. Seeking to leverage expertise to deliver impact."
Senior Database Administrator,Cloud & Infrastructure,Replication; PostgreSQL; Backup & Recovery; MongoDB; Security; Oracle; Linux,PhD,"Results-driven Database Administrator with 10 years of experience skilled in Replication, PostgreSQL, Backup & Recovery. Holds a PhD. Seeking to leverage expertise to deliver impact."
Mid-level Sales Engineer,Business,APIs; Product Demos; Technical Sales; Customer Success; Communication; Cloud; CRM,Master's Degree,"Dedicated Sales Engineer with 3 years of experience skilled in APIs, Product Demos, Technical Sales. Holds a Master's Degree. Seeking to leverage expertise to deliver impact."
Intern Product Owner,Product & Management,Roadmapping; Scrum; Analytics; User Stories; Communication; Agile; Backlog Management; Jira,Bachelor's Degree,"Collaborative Product Owner with 0 years of experience skilled in Roadmapping, Scrum, Analytics. Holds a Bachelor's Degree. Seeking to leverage expertise to deliver impact."
Intern AI Researcher,Data & AI,Machine Learning; Research; Deep Learning; Publications; NLP,PhD,"Innovative AI Researcher with 1 years of experience skilled in Machine Learning, Research, Deep Learning. Holds a PhD. Seeking to leverage expertise to deliver impact."
Intern Program Manager,Product & Management,Program Management; Strategy; Reporting; Risk Management,Associate Degree,"Detail-oriented Program Manager with 0 years of experience skilled in Program Management, Strategy, Reporting. Holds a Associate Degree. Seeking to leverage expertise to deliver impact."
Mid-level Growth Marketer,Marketing,SEO; Email Marketing; A/B Testing; Experimentation,High School,"Passionate Growth Marketer with 4 years of experience skilled in SEO, Email Marketing, A/B Testing. Holds a High School. Seeking to leverage expertise to deliver impact."
Lead Interaction Designer,Design,UX Design; Prototyping; Interaction Design; User Research; Usability Testing; After Effects; Design Systems; Wireframing,Associate Degree,"Experienced Interaction Designer with 8 years of experience skilled in UX Design, Prototyping, Interaction Design. Holds a Associate Degree. Seeking to leverage expertise to deliver impact."
Mid-level Data Engineer,Data & AI,Kafka; Snowflake; Hadoop; Data Modeling; AWS; Python,Master's Degree,"Dedicated Data Engineer with 5 years of experience skilled in Kafka, Snowflake, Hadoop. Holds a Master's Degree. Seeking to leverage expertise to deliver impact."
Senior Backend Developer,Software Engineering,Spring Boot; Node.js; SQL; Microservices; Python; Django; Redis; Java,High School,"Detail-oriented Backend Developer with 8 years of experience skilled in Spring Boot, Node.js, SQL. Holds a High School. Seeking to leverage expertise to deliver impact."
Principal Social Media Manager,Marketing,Branding; Campaign Management; Content Creation; Community Management,Associate Degree,"Innovative Social Media Manager with 15 years of experience skilled in Branding, Campaign Management, Content Creation. Holds a Associate Degree. Seeking to leverage expertise to deliver impact."
Mid-level QA Engineer,Software Engineering,Jira; JUnit; Manual Testing; Selenium; Python; Bug Tracking,PhD,"Results-driven QA Engineer with 5 years of experience skilled in Jira, JUnit, Manual Testing. Holds a PhD. Seeking to leverage expertise to deliver impact."
Mid-level Product Manager,Product & Management,Agile; Strategy; Analytics; Prioritization; User Stories; Stakeholder Management; Market Research; Jira,Bachelor's Degree,"Motivated Product Manager with 6 years of experience skilled in Agile, Strategy, Analytics. Holds a Bachelor's Degree. Seeking to leverage expertise to deliver impact."
Principal Financial Analyst,Business,Budgeting; Financial Modeling; Power BI; Analytics,High School,"Results-driven Financial Analyst with 19 years of experience skilled in Budgeting, Financial Modeling, Power BI. Holds a High School. Seeking to leverage expertise to deliver impact."
Intern UX Designer,Design,Prototyping; User Research; Usability Testing; Figma; Personas; Design Thinking; Information Architecture; Journey Mapping,PhD,"Passionate UX Designer with 0 years of experience skilled in Prototyping, User Research, Usability Testing. Holds a PhD. Seeking to leverage expertise to deliver impact."
Intern Data Engineer,Data & AI,Python; Airflow; AWS; Data Modeling; SQL; Hadoop; ETL; Spark,PhD,"Dedicated Data Engineer with 1 years of experience skilled in Python, Airflow, AWS. Holds a PhD. Seeking to leverage expertise to deliver impact."
Principal UI Designer,Design,HTML; CSS; Figma; Sketch,Bachelor's Degree,"Passionate UI Designer with 18 years of experience skilled in HTML, CSS, Figma. Holds a Bachelor's Degree. Seeking to leverage expertise to deliver impact."
Principal Financial Analyst,Business,Excel; Budgeting; Valuation; SQL; Forecasting; Power BI,Associate Degree,"Motivated Financial Analyst with 15 years of experience skilled in Excel, Budgeting, Valuation. Holds a Associate Degree. Seeking to leverage expertise to deliver impact."
Principal Interaction Designer,Design,Motion Design; Interaction Design; Figma; Prototyping; User Research; After Effects; UX Design,High School,"Results-driven Interaction Designer with 16 years of experience skilled in Motion Design, Interaction Design, Figma. Holds a High School. Seeking to leverage expertise to deliver impact."
Senior Digital Marketing Specialist,Marketing,CRM; A/B Testing; Copywriting; SEO,Associate Degree,"Results-driven Digital Marketing Specialist with 10 years of experience skilled in CRM, A/B Testing, Copywriting. Holds a Associate Degree. Seeking to leverage expertise to deliver impact."
Lead Game Developer,Software Engineering,C#; OpenGL; 3D Math; Shaders; Optimization; Unity; Game Design; Unreal Engine,Associate Degree,"Dedicated Game Developer with 13 years of experience skilled in C#, OpenGL, 3D Math. Holds a Associate Degree. Seeking to leverage expertise to deliver impact."
Intern Scrum Master,Product & Management,Kanban; Communication; Coaching; Retrospectives,PhD,"Results-driven Scrum Master with 1 years of experience skilled in Kanban, Communication, Coaching. Holds a PhD. Seeking to leverage expertise to deliver impact."
Junior Interaction Designer,Design,Interaction Design; Motion Design; Prototyping; Figma; User Research; UX Design; Design Systems,Master's Degree,"Passionate Interaction Designer with 2 years of experience skilled in Interaction Design, Motion Design, Prototyping. Holds a Master's Degree. Seeking to leverage expertise to deliver impact."
Intern Data Scientist,Data & AI,Scikit-learn; TensorFlow; Python; Jupyter; SQL; NumPy,Bachelor's Degree,"Experienced Data Scientist with 1 years of experience skilled in Scikit-learn, TensorFlow, Python. Holds a Bachelor's Degree. Seeking to leverage expertise to deliver impact."
Principal Social Media Manager,Marketing,Branding; Analytics; Community Management; Social Media,High School,"Experienced Social Media Manager with 19 years of experience skilled in Branding, Analytics, Community Management. Holds a High School. Seeking to leverage expertise to deliver impact."
Principal Scrum Master,Product & Management,Servant Leadership; Kanban; Jira; Coaching,Master's Degree,"Collaborative Scrum Master with 16 years of experience skilled in Servant Leadership, Kanban, Jira. Holds a Master's Degree. Seeking to leverage expertise to deliver impact."
Senior Scrum Master,Product & Management,Sprint Planning; Facilitation; Jira; Communication; Kanban,Master's Degree,"Results-driven Scrum Master with 10 years of experience skilled in Sprint Planning, Facilitation, Jira. Holds a Master's Degree. Seeking to leverage expertise to deliver impact."
Junior Project Manager,Product & Management,Risk Management; Planning; Scrum; Jira,Bachelor's Degree,"Results-driven Project Manager with 3 years of experience skilled in Risk Management, Planning, Scrum. Holds a Bachelor's Degree. Seeking to leverage expertise to deliver impact."
Mid-level Site Reliability Engineer,Software Engineering,Go; AWS; Kubernetes; Prometheus; Linux; Python; Terraform,Bachelor's Degree,"Results-driven Site Reliability Engineer with 3 years of experience skilled in Go, AWS, Kubernetes. Holds a Bachelor's Degree. Seeking to leverage expertise to deliver impact."
Junior Program Manager,Product & Management,Communication; Leadership; Risk Management; Strategy,Bachelor's Degree,"Results-driven Program Manager with 1 years of experience skilled in Communication, Leadership, Risk Management. Holds a Bachelor's Degree. Seeking to leverage expertise to deliver impact."
Principal Site Reliability Engineer,Software Engineering,Prometheus; Incident Response; Python; Go; Kubernetes; AWS; Terraform; Linux,PhD,"Results-driven Site Reliability Engineer with 15 years of experience skilled in Prometheus, Incident Response, Python. Holds a PhD. Seeking to leverage expertise to deliver impact."
Intern Business Analyst,Business,Requirements Gathering; Process Modeling; Communication; SQL; Excel,High School,"Experienced Business Analyst with 0 years of experience skilled in Requirements Gathering, Process Modeling, Communication. Holds a High School. Seeking to leverage expertise to deliver impact."
Junior Interaction Designer,Design,Usability Testing; Wireframing; UX Design; After Effects; User Research,Associate Degree,"Detail-oriented Interaction Designer with 2 years of experience skilled in Usability Testing, Wireframing, UX Design. Holds a Associate Degree. Seeking to leverage expertise to deliver impact."
Principal Database Administrator,Cloud & Infrastructure,Replication; SQL; Linux; Backup & Recovery; Performance Tuning,Master's Degree,"Results-driven Database Administrator with 20 years of experience skilled in Replication, SQL, Linux. Holds a Master's Degree. Seeking to leverage expertise to deliver impact."
Senior Site Reliability Engineer,Software Engineering,AWS; Python; Terraform; Grafana; Incident Response; Go,High School,"Innovative Site Reliability Engineer with 7 years of experience skilled in AWS, Python, Terraform. Holds a High School. Seeking to leverage expertise to deliver impact."
Principal UX Designer,Design,Accessibility; Usability Testing; Design Thinking; Figma; Wireframing; Journey Mapping; User Research; Prototyping,High School,"Detail-oriented UX Designer with 20 years of experience skilled in Accessibility, Usability Testing, Design Thinking. Holds a High School. Seeking to leverage expertise to deliver impact."
Lead Security Engineer,Cloud & Infrastructure,Linux; Network Security; Firewalls; SIEM; Python; OWASP; Incident Response,Associate Degree,"Passionate Security Engineer with 11 years of experience skilled in Linux, Network Security, Firewalls. Holds a Associate Degree. Seeking to leverage expertise to deliver impact."
Principal Financial Analyst,Business,Accounting; Excel; Power BI; Valuation; Forecasting; Financial Modeling,Master's Degree,"Dedicated Financial Analyst with 17 years of experience skilled in Accounting, Excel, Power BI. Holds a Master's Degree. Seeking to leverage expertise to deliver impact."
Junior Frontend Developer,Software Engineering,TypeScript; Webpack; React; Sass; CSS; HTML; JavaScript,High School,"Experienced Frontend Developer with 2 years of experience skilled in TypeScript, Webpack, React. Holds a High School. Seeking to leverage expertise to deliver impact."
Principal SEO Specialist,Marketing,SEMrush; HTML; SEO; Keyword Research; Copywriting,High School,"Innovative SEO Specialist with 17 years of experience skilled in SEMrush, HTML, SEO. Holds a High School. Seeking to leverage expertise to deliver impact."
Mid-level Cloud Architect,Cloud & Infrastructure,Azure; Kubernetes; System Design; Microservices,High School,"Collaborative Cloud Architect with 3 years of experience skilled in Azure, Kubernetes, System Design. Holds a High School. Seeking to leverage expertise to deliver impact."
Principal Computer Vision Engineer,Data & AI,TensorFlow; Machine Learning; OpenCV; PyTorch,High School,"Innovative Computer Vision Engineer with 18 years of experience skilled in TensorFlow, Machine Learning, OpenCV. Holds a High School. Seeking to leverage expertise to deliver impact."
Senior Cloud Engineer,Cloud & Infrastructure,AWS; CI/CD; Docker; Terraform; Networking; CloudFormation; Monitoring; Kubernetes,PhD,"Innovative Cloud Engineer with 7 years of experience skilled in AWS, CI/CD, Docker. Holds a PhD. Seeking to leverage expertise to deliver impact."
Senior Product Designer,Design,Interaction Design; Figma; Usability Testing; Prototyping; Wireframing; Sketch; User Research; UI Design,Master's Degree,"Results-driven Product Designer with 8 years of experience skilled in Interaction Design, Figma, Usability Testing. Holds a Master's Degree. Seeking to leverage expertise to deliver impact."
Principal Graphic Designer,Design,Illustrator; Print Design; Color Theory; Typography; Layout Design; InDesign; Adobe XD,Master's Degree,"Innovative Graphic Designer with 15 years of experience skilled in Illustrator, Print Design, Color Theory. Holds a Master's Degree. Seeking to leverage expertise to deliver impact."
Intern Scrum Master,Product & Management,Jira; Servant Leadership; Kanban; Retrospectives; Coaching; Communication; Facilitation; Sprint Planning,Master's Degree,"Results-driven Scrum Master with 1 years of experience skilled in Jira, Servant Leadership, Kanban. Holds a Master's Degree. Seeking to leverage expertise to deliver impact."
Principal Project Manager,Product & Management,Agile; Risk Management; Budgeting; Jira; Planning; Communication; Stakeholder Management,PhD,"Experienced Project Manager with 13 years of experience skilled in Agile, Risk Management, Budgeting. Holds a PhD. Seeking to leverage expertise to deliver impact."
Intern Business Intelligence Analyst,Data & AI,Dashboards; Tableau; Python; SQL,Master's Degree,"Collaborative Business Intelligence Analyst with 1 years of experience skilled in Dashboards, Tableau, Python. Holds a Master's Degree. Seeking to leverage expertise to deliver impact."
Junior Business Intelligence Analyst,Data & AI,Tableau; Reporting; Data Warehousing; Excel; ETL,Associate Degree,"Dedicated Business Intelligence Analyst with 1 years of experience skilled in Tableau, Reporting, Data Warehousing. Holds a Associate Degree. Seeking to leverage expertise to deliver impact."
Mid-level UX Designer,Design,Figma; Design Thinking; Accessibility; Journey Mapping,Associate Degree,"Dedicated UX Designer with 4 years of experience skilled in Figma, Design Thinking, Accessibility. Holds a Associate Degree. Seeking to leverage expertise to deliver impact."
Senior Content Strategist,Marketing,Social Media; SEO; Storytelling; Copywriting; Editorial Planning; Analytics; CMS; Research,Associate Degree,"Innovative Content Strategist with 7 years of experience skilled in Social Media, SEO, Storytelling. Holds a Associate Degree. Seeking to leverage expertise to deliver impact."
Junior Sales Engineer,Business,Product Demos; Communication; Cloud; Technical Sales,High School,"Experienced Sales Engineer with 3 years of experience skilled in Product Demos, Communication, Cloud. Holds a High School. Seeking to leverage expertise to deliver impact."
Intern Frontend Developer,Software Engineering,Accessibility; HTML; Jest; Webpack; TypeScript; CSS; React,Associate Degree,"Motivated Frontend Developer with 1 years of experience skilled in Accessibility, HTML, Jest. Holds a Associate Degree. Seeking to leverage expertise to deliver impact."
Senior Product Designer,Design,UX Design; UI Design; Prototyping; Interaction Design,Master's Degree,"Innovative Product Designer with 6 years of experience skilled in UX Design, UI Design, Prototyping. Holds a Master's Degree. Seeking to leverage expertise to deliver impact."
Intern Graphic Designer,Design,Branding; Layout Design; InDesign; Typography; Photoshop; Color Theory,Master's Degree,"Detail-oriented Graphic Designer with 1 years of experience skilled in Branding, Layout Design, InDesign. Holds a Master's Degree. Seeking to leverage expertise to deliver impact."
Lead Machine Learning Engineer,Data & AI,TensorFlow; Python; SQL; Docker; Scikit-learn,Bachelor's Degree,"Motivated Machine Learning Engineer with 14 years of experience skilled in TensorFlow, Python, SQL. Holds a Bachelor's Degree. Seeking to leverage expertise to deliver impact."
Principal NLP Engineer,Data & AI,spaCy; Text Mining; Tokenization; NLP; Transformers,Master's Degree,"Collaborative NLP Engineer with 19 years of experience skilled in spaCy, Text Mining, Tokenization. Holds a Master's Degree. Seeking to leverage expertise to deliver impact."
Junior NLP Engineer,Data & AI,Text Mining; Deep Learning; Python; Transformers,Bachelor's Degree,"Collaborative NLP Engineer with 2 years of experience skilled in Text Mining, Deep Learning, Python. Holds a Bachelor's Degree. Seeking to leverage expertise to deliver impact."
Senior Backend Developer,Software Engineering,SQL; Microservices; Django; Python,Master's Degree,"Results-driven Backend Developer with 7 years of experience skilled in SQL, Microservices, Django. Holds a Master's Degree. Seeking to leverage expertise to deliver impact."
Lead Interaction Designer,Design,Motion Design; After Effects; User Research; Prototyping; Wireframing; UX Design,High School,"Collaborative Interaction Designer with 8 years of experience skilled in Motion Design, After Effects, User Research. Holds a High School. Seeking to leverage expertise to deliver impact."
Principal Product Designer,Design,Prototyping; Sketch; Interaction Design; Figma,Master's Degree,"Innovative Product Designer with 18 years of experience skilled in Prototyping, Sketch, Interaction Design. Holds a Master's Degree. Seeking to leverage expertise to deliver impact."
Junior Cloud Architect,Cloud & Infrastructure,Security; Networking; GCP; Cost Optimization; Terraform; AWS; System Design,High School,"Results-driven Cloud Architect with 1 years of experience skilled in Security, Networking, GCP. Holds a High School. Seeking to leverage expertise to deliver impact."
Principal Business Intelligence Analyst,Data & AI,Data Warehousing; Python; ETL; Reporting; Dashboards; Tableau; Excel,Bachelor's Degree,"Collaborative Business Intelligence Analyst with 13 years of experience skilled in Data Warehousing, Python, ETL. Holds a Bachelor's Degree. Seeking to leverage expertise to deliver impact."
Mid-level UI Designer,Design,HTML; Prototyping; Sketch; Typography; Wireframing; Design Systems; CSS; Adobe XD,PhD,"Detail-oriented UI Designer with 5 years of experience skilled in HTML, Prototyping, Sketch. Holds a PhD. Seeking to leverage expertise to deliver impact."
Lead AI Researcher,Data & AI,TensorFlow; Python; Machine Learning; Publications; PyTorch; Reinforcement Learning; NLP; Research,Associate Degree,"Passionate AI Researcher with 13 years of experience skilled in TensorFlow, Python, Machine Learning. Holds a Associate Degree. Seeking to leverage expertise to deliver impact."
Senior Product Owner,Product & Management,Prioritization; Agile; Communication; Scrum; User Stories; Stakeholder Management,Master's Degree,"Detail-oriented Product Owner with 8 years of experience skilled in Prioritization, Agile, Communication. Holds a Master's Degree. Seeking to leverage expertise to deliver impact."
Intern Site Reliability Engineer,Software Engineering,Go; Monitoring; Prometheus; Terraform; Kubernetes,PhD,"Experienced Site Reliability Engineer with 1 years of experience skilled in Go, Monitoring, Prometheus. Holds a PhD. Seeking to leverage expertise to deliver impact."
Mid-level Security Engineer,Cloud & Infrastructure,Encryption; Cybersecurity; OWASP; Linux; Incident Response,Master's Degree,"Dedicated Security Engineer with 4 years of experience skilled in Encryption, Cybersecurity, OWASP. Holds a Master's Degree. Seeking to leverage expertise to deliver impact."
Junior Data Analyst,Data & AI,A/B Testing; Reporting; Python; Power BI; Tableau,Associate Degree,"Innovative Data Analyst with 1 years of experience skilled in A/B Testing, Reporting, Python. Holds a Associate Degree. Seeking to leverage expertise to deliver impact."
Principal Program Manager,Product & Management,Reporting; Strategy; Stakeholder Management; Communication; Budgeting; Agile; Leadership,Associate Degree,"Collaborative Program Manager with 14 years of experience skilled in Reporting, Strategy, Stakeholder Management. Holds a Associate Degree. Seeking to leverage expertise to deliver impact."
Principal Cloud Engineer,Cloud & Infrastructure,Networking; AWS; CI/CD; Monitoring; Linux; Docker; CloudFormation; Terraform,High School,"Dedicated Cloud Engineer with 20 years of experience skilled in Networking, AWS, CI/CD. Holds a High School. Seeking to leverage expertise to deliver impact."
Principal DevOps Engineer,Software Engineering,CI/CD; Jenkins; Ansible; AWS; Terraform,Bachelor's Degree,"Dedicated DevOps Engineer with 20 years of experience skilled in CI/CD, Jenkins, Ansible. Holds a Bachelor's Degree. Seeking to leverage expertise to deliver impact."
Principal Backend Developer,Software Engineering,Microservices; Spring Boot; Redis; REST APIs; Node.js; GraphQL,Associate Degree,"Motivated Backend Developer with 18 years of experience skilled in Microservices, Spring Boot, Redis. Holds a Associate Degree. Seeking to leverage expertise to deliver impact."
Lead Frontend Developer,Software Engineering,React; HTML; Webpack; Sass; JavaScript; Redux; CSS,Associate Degree,"Dedicated Frontend Developer with 12 years of experience skilled in React, HTML, Webpack. Holds a Associate Degree. Seeking to leverage expertise to deliver impact."
Senior QA Engineer,Software Engineering,Cypress; Selenium; Test Automation; JUnit; Bug Tracking; Postman; Manual Testing,PhD,"Dedicated QA Engineer with 9 years of experience skilled in Cypress, Selenium, Test Automation. Holds a PhD. Seeking to leverage expertise to deliver impact."
Mid-level UI Designer,Design,CSS; Design Systems; Color Theory; Adobe XD; Wireframing; Prototyping; HTML,Associate Degree,"Experienced UI Designer with 3 years of experience skilled in CSS, Design Systems, Color Theory. Holds a Associate Degree. Seeking to leverage expertise to deliver impact."
Senior Social Media Manager,Marketing,Social Media; Engagement; Branding; Community Management; Copywriting; Canva,PhD,"Dedicated Social Media Manager with 8 years of experience skilled in Social Media, Engagement, Branding. Holds a PhD. Seeking to leverage expertise to deliver impact."
Junior Cloud Engineer,Cloud & Infrastructure,AWS; CI/CD; Terraform; Kubernetes; Python; Docker,Bachelor's Degree,"Detail-oriented Cloud Engineer with 2 years of experience skilled in AWS, CI/CD, Terraform. Holds a Bachelor's Degree. Seeking to leverage expertise to deliver impact."
Junior Data Scientist,Data & AI,Machine Learning; Jupyter; Pandas; SQL; Data Visualization; Statistics,Master's Degree,"Experienced Data Scientist with 3 years of experience skilled in Machine Learning, Jupyter, Pandas. Holds a Master's Degree. Seeking to leverage expertise to deliver impact."
Junior Frontend Developer,Software Engineering,HTML; Jest; Webpack; CSS; Accessibility,PhD,"Motivated Frontend Developer with 1 years of experience skilled in HTML, Jest, Webpack. Holds a PhD. Seeking to leverage expertise to deliver impact."
Senior Graphic Designer,Design,Illustrator; Adobe XD; Photoshop; Print Design,Associate Degree,"Results-driven Graphic Designer with 9 years of experience skilled in Illustrator, Adobe XD, Photoshop. Holds a Associate Degree. Seeking to leverage expertise to deliver impact."
Mid-level Operations Manager,Business,Supply Chain; Budgeting; Lean; Operations Management; Process Improvement; Six Sigma,High School,"Motivated Operations Manager with 5 years of experience skilled in Supply Chain, Budgeting, Lean. Holds a High School. Seeking to leverage expertise to deliver impact."
Lead Backend Developer,Software Engineering,Java; SQL; REST APIs; Django; Redis; Python,Master's Degree,"Detail-oriented Backend Developer with 12 years of experience skilled in Java, SQL, REST APIs. Holds a Master's Degree. Seeking to leverage expertise to deliver impact."
Senior Financial Analyst,Business,Power BI; Analytics; Accounting; Budgeting; Reporting; SQL; Excel; Valuation,High School,"Motivated Financial Analyst with 8 years of experience skilled in Power BI, Analytics, Accounting. Holds a High School. Seeking to leverage expertise to deliver impact."
Senior Project Manager,Product & Management,Stakeholder Management; Gantt Charts; Agile; Risk Management; Planning; Communication; Budgeting; Leadership,Master's Degree,"Collaborative Project Manager with 8 years of experience skilled in Stakeholder Management, Gantt Charts, Agile. Holds a Master's Degree. Seeking to leverage expertise to deliver impact."
Lead Product Designer,Design,UX Design; Wireframing; Sketch; UI Design,Associate Degree,"Experienced Product Designer with 13 years of experience skilled in UX Design, Wireframing, Sketch. Holds a Associate Degree. Seeking to leverage expertise to deliver impact."
Mid-level Backend Developer,Software Engineering,Microservices; Python; Node.js; Django; SQL; GraphQL; Java; Redis,Bachelor's Degree,"Passionate Backend Developer with 5 years of experience skilled in Microservices, Python, Node.js. Holds a Bachelor's Degree. Seeking to leverage expertise to deliver impact."
Intern Sales Engineer,Business,CRM; Solution Design; Product Demos; Customer Success; Negotiation,PhD,"Results-driven Sales Engineer with 1 years of experience skilled in CRM, Solution Design, Product Demos. Holds a PhD. Seeking to leverage expertise to deliver impact."
Junior Content Strategist,Marketing,SEO; Content Marketing; Editorial Planning; Research; Storytelling; Brand Voice,Master's Degree,"Collaborative Content Strategist with 3 years of experience skilled in SEO, Content Marketing, Editorial Planning. Holds a Master's Degree. Seeking to leverage expertise to deliver impact."
Lead UX Designer,Design,Journey Mapping; Information Architecture; Design Thinking; User Research; Accessibility; Figma; Personas,Master's Degree,"Experienced UX Designer with 12 years of experience skilled in Journey Mapping, Information Architecture, Design Thinking. Holds a Master's Degree. Seeking to leverage expertise to deliver impact."
Principal Cloud Engineer,Cloud & Infrastructure,Kubernetes; AWS; Docker; Python; Linux,PhD,"Dedicated Cloud Engineer with 17 years of experience skilled in Kubernetes, AWS, Docker. Holds a PhD. Seeking to leverage expertise to deliver impact."
Mid-level Cloud Architect,Cloud & Infrastructure,Cost Optimization; Networking; GCP; Azure,Associate Degree,"Dedicated Cloud Architect with 4 years of experience skilled in Cost Optimization, Networking, GCP. Holds a Associate Degree. Seeking to leverage expertise to deliver impact."
Principal Backend Developer,Software Engineering,Microservices; Spring Boot; REST APIs; Java; SQL; Django,Bachelor's Degree,"Motivated Backend Developer with 19 years of experience skilled in Microservices, Spring Boot, REST APIs. Holds a Bachelor's Degree. Seeking to leverage expertise to deliver impact."
Senior Software Architect,Software Engineering,System Design; REST APIs; Docker; Microservices; AWS,High School,"Innovative Software Architect with 7 years of experience skilled in System Design, REST APIs, Docker. Holds a High School. Seeking to leverage expertise to deliver impact."
Lead QA Engineer,Software Engineering,Python; CI/CD; Cypress; Bug Tracking,Associate Degree,"Dedicated QA Engineer with 14 years of experience skilled in Python, CI/CD, Cypress. Holds a Associate Degree. Seeking to leverage expertise to deliver impact."
Mid-level Project Manager,Product & Management,Stakeholder Management; Planning; Agile; Budgeting; Scrum; Jira; Leadership; Gantt Charts,Associate Degree,"Collaborative Project Manager with 4 years of experience skilled in Stakeholder Management, Planning, Agile. Holds a Associate Degree. Seeking to leverage expertise to deliver impact."
Senior Game Developer,Software Engineering,OpenGL; Unity; C++; C#; Shaders; Unreal Engine; Optimization; 3D Math,Bachelor's Degree,"Experienced Game Developer with 9 years of experience skilled in OpenGL, Unity, C++. Holds a Bachelor's Degree. Seeking to leverage expertise to deliver impact."
Principal Network Engineer,Cloud & Infrastructure,Networking; DNS; VPN; Switching; Firewalls; Routing; Cisco,High School,"Collaborative Network Engineer with 16 years of experience skilled in Networking, DNS, VPN. Holds a High School. Seeking to leverage expertise to deliver impact."
Senior Product Owner,Product & Management,Scrum; Prioritization; User Stories; Roadmapping; Stakeholder Management; Jira,High School,"Collaborative Product Owner with 10 years of experience skilled in Scrum, Prioritization, User Stories. Holds a High School. Seeking to leverage expertise to deliver impact."
Senior NLP Engineer,Data & AI,NLP; Machine Learning; Tokenization; spaCy; Transformers; PyTorch; Python; Text Mining,Bachelor's Degree,"Innovative NLP Engineer with 10 years of experience skilled in NLP, Machine Learning, Tokenization. Holds a Bachelor's Degree. Seeking to leverage expertise to deliver impact."
Lead Cloud Architect,Cloud & Infrastructure,GCP; Networking; System Design; Terraform; Cost Optimization; Microservices; Security,Associate Degree,"Results-driven Cloud Architect with 11 years of experience skilled in GCP, Networking, System Design. Holds a Associate Degree. Seeking to leverage expertise to deliver impact."
Intern Data Scientist,Data & AI,SQL; Pandas; NumPy; Data Visualization; Machine Learning; Scikit-learn; Python,High School,"Results-driven Data Scientist with 0 years of experience skilled in SQL, Pandas, NumPy. Holds a High School. Seeking to leverage expertise to deliver impact."
Mid-level HR Specialist,Business,Training; Conflict Resolution; Onboarding; Performance Management,High School,"Passionate HR Specialist with 6 years of experience skilled in Training, Conflict Resolution, Onboarding. Holds a High School. Seeking to leverage expertise to deliver impact."
Principal Backend Developer,Software Engineering,Python; Spring Boot; Microservices; Django; REST APIs; GraphQL; Redis,Master's Degree,"Passionate Backend Developer with 12 years of experience skilled in Python, Spring Boot, Microservices. Holds a Master's Degree. Seeking to leverage expertise to deliver impact."
Senior Computer Vision Engineer,Data & AI,CUDA; C++; PyTorch; Deep Learning; CNN,Associate Degree,"Motivated Computer Vision Engineer with 10 years of experience skilled in CUDA, C++, PyTorch. Holds a Associate Degree. Seeking to leverage expertise to deliver impact."
Principal UI Designer,Design,Design Systems; Typography; HTML; Figma; Sketch; Adobe XD; Wireframing; Color Theory,Bachelor's Degree,"Collaborative UI Designer with 19 years of experience skilled in Design Systems, Typography, HTML. Holds a Bachelor's Degree. Seeking to leverage expertise to deliver impact."
Lead Cloud Architect,Cloud & Infrastructure,Microservices; System Design; Cost Optimization; GCP; Networking; Security; AWS,Master's Degree,"Collaborative Cloud Architect with 14 years of experience skilled in Microservices, System Design, Cost Optimization. Holds a Master's Degree. Seeking to leverage expertise to deliver impact."
Principal Business Intelligence Analyst,Data & AI,Tableau; Data Warehousing; Power BI; Dashboards,Bachelor's Degree,"Results-driven Business Intelligence Analyst with 17 years of experience skilled in Tableau, Data Warehousing, Power BI. Holds a Bachelor's Degree. Seeking to leverage expertise to deliver impact."
Senior Graphic Designer,Design,Layout Design; InDesign; Illustrator; Branding,PhD,"Motivated Graphic Designer with 9 years of experience skilled in Layout Design, InDesign, Illustrator. Holds a PhD. Seeking to leverage expertise to deliver impact."
Mid-level Cloud Engineer,Cloud & Infrastructure,Linux; AWS; Monitoring; Docker; Networking; CI/CD,High School,"Detail-oriented Cloud Engineer with 4 years of experience skilled in Linux, AWS, Monitoring. Holds a High School. Seeking to leverage expertise to deliver impact."
Intern Product Designer,Design,Sketch; Figma; User Research; Usability Testing; UX Design; Wireframing,High School,"Motivated Product Designer with 1 years of experience skilled in Sketch, Figma, User Research. Holds a High School. Seeking to leverage expertise to deliver impact."
Lead Program Manager,Product & Management,Stakeholder Management; Agile; Communication; Strategy; Budgeting; Reporting; Program Management,High School,"Collaborative Program Manager with 13 years of experience skilled in Stakeholder Management, Agile, Communication. Holds a High School. Seeking to leverage expertise to deliver impact."
Lead SEO Specialist,Marketing,Copywriting; SEO; Google Analytics; Keyword Research; Technical SEO; On-page SEO; Content Strategy,Master's Degree,"Experienced SEO Specialist with 10 years of experience skilled in Copywriting, SEO, Google Analytics. Holds a Master's Degree. Seeking to leverage expertise to deliver impact."
Senior AI Researcher,Data & AI,Publications; Mathematics; Python; TensorFlow; Deep Learning; Research; Reinforcement Learning,High School,"Detail-oriented AI Researcher with 8 years of experience skilled in Publications, Mathematics, Python. Holds a High School. Seeking to leverage expertise to deliver impact."
Junior Digital Marketing Specialist,Marketing,A/B Testing; Social Media; Copywriting; Google Ads; Email Marketing,Associate Degree,"Detail-oriented Digital Marketing Specialist with 3 years of experience skilled in A/B Testing, Social Media, Copywriting. Holds a Associate Degree. Seeking to leverage expertise to deliver impact."
Lead Product Manager,Product & Management,Analytics; Jira; Stakeholder Management; Market Research; Strategy; Agile; User Stories,High School,"Dedicated Product Manager with 9 years of experience skilled in Analytics, Jira, Stakeholder Management. Holds a High School. Seeking to leverage expertise to deliver impact."
Principal Security Engineer,Cloud & Infrastructure,Cybersecurity; SIEM; Penetration Testing; OWASP; Encryption,Bachelor's Degree,"Passionate Security Engineer with 17 years of experience skilled in Cybersecurity, SIEM, Penetration Testing. Holds a Bachelor's Degree. Seeking to leverage expertise to deliver impact."
Junior Computer Vision Engineer,Data & AI,CNN; OpenCV; TensorFlow; Machine Learning; Image Processing,High School,"Innovative Computer Vision Engineer with 2 years of experience skilled in CNN, OpenCV, TensorFlow. Holds a High School. Seeking to leverage expertise to deliver impact."
Principal HR Specialist,Business,Training; HRIS; Communication; Performance Management; Conflict Resolution; Recruitment,Associate Degree,"Experienced HR Specialist with 19 years of experience skilled in Training, HRIS, Communication. Holds a Associate Degree. Seeking to leverage expertise to deliver impact."
Senior UX Designer,Design,Usability Testing; Personas; Figma; Information Architecture; User Research; Journey Mapping; Accessibility,Bachelor's Degree,"Detail-oriented UX Designer with 10 years of experience skilled in Usability Testing, Personas, Figma. Holds a Bachelor's Degree. Seeking to leverage expertise to deliver impact."
Senior HR Specialist,Business,Conflict Resolution; Onboarding; Communication; Recruitment; HRIS; Performance Management,High School,"Passionate HR Specialist with 8 years of experience skilled in Conflict Resolution, Onboarding, Communication. Holds a High School. Seeking to leverage expertise to deliver impact."
Intern Data Analyst,Data & AI,Excel; Data Cleaning; A/B Testing; Statistics; Tableau; SQL; Pandas; Power BI,Master's Degree,"Dedicated Data Analyst with 1 years of experience skilled in Excel, Data Cleaning, A/B Testing. Holds a Master's Degree. Seeking to leverage expertise to deliver impact."
Principal Mobile Developer,Software Engineering,Android SDK; Git; React Native; iOS; REST APIs; Firebase; Flutter; Kotlin,PhD,"Passionate Mobile Developer with 14 years of experience skilled in Android SDK, Git, React Native. Holds a PhD. Seeking to leverage expertise to deliver impact."
Senior Network Engineer,Cloud & Infrastructure,Firewalls; Security; Networking; Switching; TCP/IP; DNS,High School,"Dedicated Network Engineer with 8 years of experience skilled in Firewalls, Security, Networking. Holds a High School. Seeking to leverage expertise to deliver impact."
Intern Data Engineer,Data & AI,Airflow; AWS; Data Modeling; Hadoop; Snowflake; Python; ETL; SQL,Master's Degree,"Detail-oriented Data Engineer with 1 years of experience skilled in Airflow, AWS, Data Modeling. Holds a Master's Degree. Seeking to leverage expertise to deliver impact."
Junior Frontend Developer,Software Engineering,Webpack; HTML; CSS; TypeScript; JavaScript; Accessibility,Associate Degree,"Motivated Frontend Developer with 1 years of experience skilled in Webpack, HTML, CSS. Holds a Associate Degree. Seeking to leverage expertise to deliver impact."
Lead UI Designer,Design,CSS; Figma; Sketch; HTML; Color Theory; Prototyping; Typography; Adobe XD,Master's Degree,"Collaborative UI Designer with 9 years of experience skilled in CSS, Figma, Sketch. Holds a Master's Degree. Seeking to leverage expertise to deliver impact."
Intern Backend Developer,Software Engineering,Redis; Java; Django; Microservices; GraphQL; Node.js; REST APIs,High School,"Experienced Backend Developer with 1 years of experience skilled in Redis, Java, Django. Holds a High School. Seeking to leverage expertise to deliver impact."
Junior Operations Manager,Business,Budgeting; Analytics; Process Improvement; Communication; Supply Chain,Bachelor's Degree,"Dedicated Operations Manager with 2 years of experience skilled in Budgeting, Analytics, Process Improvement. Holds a Bachelor's Degree. Seeking to leverage expertise to deliver impact."
