title,category,skills,level,description
DAX,Data & AI,AI Researcher,Intermediate,DAX is an intermediate-level skill commonly required for AI Researcher roles in the Data & AI field.
System Design,Software Engineering,Backend Developer,Advanced,System Design is an advanced-level skill commonly required for Backend Developer roles in the Software Engineering field.
SQL,Software Engineering,Financial Analyst,Advanced,SQL is an advanced-level skill commonly required for Financial Analyst roles in the Software Engineering field.
Paid Ads,Marketing,Growth Marketer,Advanced,Paid Ads is an advanced-level skill commonly required for Growth Marketer roles in the Marketing field.
Funnel Optimization,Marketing,Content Strategist,Beginner,Funnel Optimization is an beginner-level skill commonly required for Content Strategist roles in the Marketing field.
NLP,Data & AI,Computer Vision Engineer,Expert,NLP is an expert-level skill commonly required for Computer Vision Engineer roles in the Data & AI field.
Interaction Design,Design,Product Designer,Beginner,Interaction Design is an beginner-level skill commonly required for Product Designer roles in the Design field.
Retrospectives,Product & Management,Product Owner,Intermediate,Retrospectives is an intermediate-level skill commonly required for Product Owner roles in the Product & Management field.
Python,Software Engineering,Game Developer,Intermediate,Python is an intermediate-level skill commonly required for Game Developer roles in the Software Engineering field.
Postman,Software Engineering,Backend Developer,Expert,Postman is an expert-level skill commonly required for Backend Developer roles in the Software Engineering field.
Jira,Software Engineering,Full Stack Developer,Intermediate,Jira is an intermediate-level skill commonly required for Full Stack Developer roles in the Software Engineering field.
Cypress,Software Engineering,QA Engineer,Beginner,Cypress is an beginner-level skill commonly required for QA Engineer roles in the Software Engineering field.
User Research,Design,Graphic Designer,Intermediate,User Research is an intermediate-level skill commonly required for Graphic Designer roles in the Design field.
HTML,Software Engineering,Site Reliability Engineer,Advanced,HTML is an advanced-level skill commonly required for Site Reliability Engineer roles in the Software Engineering field.
Agile,Product & Management,Product Manager,Expert,Agile is an expert-level skill commonly required for Product Manager roles in the Product & Management field.
GraphQL,Software Engineering,Backend Developer,Beginner,GraphQL is an beginner-level skill commonly required for Backend Developer roles in the Software Engineering field.
Sketch,Design,Graphic Designer,Advanced,Sketch is an advanced-level skill commonly required for Graphic Designer roles in the Design field.
Customer Success,Business,HR Specialist,Expert,Customer Success is an expert-level skill commonly required for HR Specialist roles in the Business field.
Stakeholder Management,Product & Management,Program Manager,Intermediate,Stakeholder Management is an intermediate-level skill commonly required for Program Manager roles in the Product & Management field.
Communication,Product & Management,Product Manager,Expert,Communication is an expert-level skill commonly required for Product Manager roles in the Product & Management field.
Analytics,Product & Management,Product Manager,Intermediate,Analytics is an intermediate-level skill commonly required for Product Manager roles in the Product & Management field.
Git,Software Engineering,Frontend Developer,Advanced,Git is an advanced-level skill commonly required for Frontend Developer roles in the Software Engineering field.
Kotlin,Software Engineering,Site Reliability Engineer,Advanced,Kotlin is an advanced-level skill commonly required for Site Reliability Engineer roles in the Software Engineering field.
Cost Optimization,Cloud & Infrastructure,Network Engineer,Expert,Cost Optimization is an expert-level skill commonly required for Network Engineer roles in the Cloud & Infrastructure field.
Growth Hacking,Marketing,Digital Marketing Specialist,Expert,Growth Hacking is an expert-level skill commonly required for Digital Marketing Specialist roles in the Marketing field.
Product Demos,Business,Sales Engineer,Beginner,Product Demos is an beginner-level skill commonly required for Sales Engineer roles in the Business field.
Jest,Software Engineering,Site Reliability Engineer,Advanced,Jest is an advanced-level skill commonly required for Site Reliability Engineer roles in the Software Engineering field.
Technical SEO,Marketing,SEO Specialist,Expert,Technical SEO is an expert-level skill commonly required for SEO Specialist roles in the Marketing field.
Wireframing,Design,Graphic Designer,Intermediate,Wireframing is an intermediate-level skill commonly required for Graphic Designer roles in the Design field.
Operations Management,Business,HR Specialist,Intermediate,Operations Management is an intermediate-level skill commonly required for HR Specialist roles in the Business field.
Payroll,Business,Sales Engineer,Expert,Payroll is an expert-level skill commonly required for Sales Engineer roles in the Business field.
Git,Software Engineering,Backend Developer,Beginner,Git is an beginner-level skill commonly required for Backend Developer roles in the Software Engineering field.
AWS,Software Engineering,DevOps Engineer,Expert,AWS is an expert-level skill commonly required for DevOps Engineer roles in the Software Engineering field.
REST APIs,Software Engineering,Mobile Developer,Beginner,REST APIs is an beginner-level skill commonly required for Mobile Developer roles in the Software Engineering field.
MLOps,Data & AI,Data Engineer,Advanced,MLOps is an advanced-level skill commonly required for Data Engineer roles in the Data & AI field.
C++,Software Engineering,DevOps Engineer,Beginner,C++ is an beginner-level skill commonly required for DevOps Engineer roles in the Software Engineering field.
Microservices,Software Engineering,Backend Developer,Expert,Microservices is an expert-level skill commonly required for Backend Developer roles in the Software Engineering field.
Community Management,Marketing,SEO Specialist,Beginner,Community Management is an beginner-level skill commonly required for SEO Specialist roles in the Marketing field.
SIEM,Cloud & Infrastructure,Cloud Engineer,Intermediate,SIEM is an intermediate-level skill commonly required for Cloud Engineer roles in the Cloud & Infrastructure field.
Reporting,Data & AI,Data Analyst,Advanced,Reporting is an advanced-level skill commonly required for Data Analyst roles in the Data & AI field.
Ansible,Software Engineering,DevOps Engineer,Intermediate,Ansible is an intermediate-level skill commonly required for DevOps Engineer roles in the Software Engineering field.
Shaders,Software Engineering,Game Developer,Expert,Shaders is an expert-level skill commonly required for Game Developer roles in the Software Engineering field.
Employee Relations,Business,Sales Engineer,Expert,Employee Relations is an expert-level skill commonly required for Sales Engineer roles in the Business field.
Onboarding,Business,HR Specialist,Beginner,Onboarding is an beginner-level skill commonly required for HR Specialist roles in the Business field.
SEMrush,Marketing,Social Media Manager,Expert,SEMrush is an expert-level skill commonly required for Social Media Manager roles in the Marketing field.
Go,Software Engineering,Game Developer,Expert,Go is an expert-level skill commonly required for Game Developer roles in the Software Engineering field.
JUnit,Software Engineering,QA Engineer,Expert,JUnit is an expert-level skill commonly required for QA Engineer roles in the Software Engineering field.
Test Automation,Software Engineering,Mobile Developer,Beginner,Test Automation is an beginner-level skill commonly required for Mobile Developer roles in the Software Engineering field.
Switching,Cloud & Infrastructure,Cloud Architect,Advanced,Switching is an advanced-level skill commonly required for Cloud Architect roles in the Cloud & Infrastructure field.
Data Visualization,Data & AI,Data Analyst,Expert,Data Visualization is an expert-level skill commonly required for Data Analyst roles in the Data & AI field.
C++,Software Engineering,Game Developer,Advanced,C++ is an advanced-level skill commonly required for Game Developer roles in the Software Engineering field.
Wireframing,Design,UX Designer,Beginner,Wireframing is an beginner-level skill commonly required for UX Designer roles in the Design field.
Kubernetes,Software Engineering,Software Architect,Expert,Kubernetes is an expert-level skill commonly required for Software Architect roles in the Software Engineering field.
Design Systems,Design,UX Designer,Advanced,Design Systems is an advanced-level skill commonly required for UX Designer roles in the Design field.
PyTorch,Data & AI,NLP Engineer,Expert,PyTorch is an expert-level skill commonly required for NLP Engineer roles in the Data & AI field.
Coaching,Product & Management,Scrum Master,Advanced,Coaching is an advanced-level skill commonly required for Scrum Master roles in the Product & Management field.
Documentation,Business,Sales Engineer,Advanced,Documentation is an advanced-level skill commonly required for Sales Engineer roles in the Business field.
AWS,Software Engineering,QA Engineer,Beginner,AWS is an beginner-level skill commonly required for QA Engineer roles in the Software Engineering field.
Copywriting,Marketing,Digital Marketing Specialist,Intermediate,Copywriting is an intermediate-level skill commonly required for Digital Marketing Specialist roles in the Marketing field.
Sass,Software Engineering,Backend Developer,Expert,Sass is an expert-level skill commonly required for Backend Developer roles in the Software Engineering field.
Budgeting,Product & Management,Product Owner,Expert,Budgeting is an expert-level skill commonly required for Product Owner roles in the Product & Management field.
Storytelling,Marketing,Content Strategist,Beginner,Storytelling is an beginner-level skill commonly required for Content Strategist roles in the Marketing field.
SEMrush,Marketing,SEO Specialist,Intermediate,SEMrush is an intermediate-level skill commonly required for SEO Specialist roles in the Marketing field.
Firebase,Software Engineering,Full Stack Developer,Beginner,Firebase is an beginner-level skill commonly required for Full Stack Developer roles in the Software Engineering field.
Bug Tracking,Software Engineering,Software Architect,Advanced,Bug Tracking is an advanced-level skill commonly required for Software Architect roles in the Software Engineering field.
Supply Chain,Business,Operations Manager,Advanced,Supply Chain is an advanced-level skill commonly required for Operations Manager roles in the Business field.
Python,Software Engineering,Data Scientist,Intermediate,Python is an intermediate-level skill commonly required for Data Scientist roles in the Software Engineering field.
TypeScript,Software Engineering,QA Engineer,Expert,TypeScript is an expert-level skill commonly required for QA Engineer roles in the Software Engineering field.
Deep Learning,Data & AI,NLP Engineer,Expert,Deep Learning is an expert-level skill commonly required for NLP Engineer roles in the Data & AI field.
Transformers,Data & AI,Data Scientist,Beginner,Transformers is an beginner-level skill commonly required for Data Scientist roles in the Data & AI field.
Editorial Planning,Marketing,Growth Marketer,Expert,Editorial Planning is an expert-level skill commonly required for Growth Marketer roles in the Marketing field.
Cost Optimization,Cloud & Infrastructure,Cloud Architect,Advanced,Cost Optimization is an advanced-level skill commonly required for Cloud Architect roles in the Cloud & Infrastructure field.
Content Creation,Marketing,Social Media Manager,Beginner,Content Creation is an beginner-level skill commonly required for Social Media Manager roles in the Marketing field.
Network Security,Cloud & Infrastructure,Security Engineer,Beginner,Network Security is an beginner-level skill commonly required for Security Engineer roles in the Cloud & Infrastructure field.
Google Ads,Marketing,Growth Marketer,Expert,Google Ads is an expert-level skill commonly required for Growth Marketer roles in the Marketing field.
Backlog Management,Product & Management,Scrum Master,Expert,Backlog Management is an expert-level skill commonly required for Scrum Master roles in the Product & Management field.
Scikit-learn,Data & AI,Data Analyst,Advanced,Scikit-learn is an advanced-level skill commonly required for Data Analyst roles in the Data & AI field.
Postman,Software Engineering,QA Engineer,Beginner,Postman is an beginner-level skill commonly required for QA Engineer roles in the Software Engineering field.
spaCy,Data & AI,Data Engineer,Advanced,spaCy is an advanced-level skill commonly required for Data Engineer roles in the Data & AI field.
Networking,Cloud & Infrastructure,Cloud Architect,Advanced,Networking is an advanced-level skill commonly required for Cloud Architect roles in the Cloud & Infrastructure field.
Firewalls,Cloud & Infrastructure,Cloud Engineer,Expert,Firewalls is an expert-level skill commonly required for Cloud Engineer roles in the Cloud & Infrastructure field.
Excel,Data & AI,Business Analyst,Advanced,Excel is an advanced-level skill commonly required for Business Analyst roles in the Data & AI field.
Compliance,Business,HR Specialist,Advanced,Compliance is an advanced-level skill commonly required for HR Specialist roles in the Business field.
CI/CD,Software Engineering,Frontend Developer,Beginner,CI/CD is an beginner-level skill commonly required for Frontend Developer roles in the Software Engineering field.
Data Analysis,Business,Business Analyst,Advanced,Data Analysis is an advanced-level skill commonly required for Business Analyst roles in the Business field.
Publications,Data & AI,Data Analyst,Intermediate,Publications is an intermediate-level skill commonly required for Data Analyst roles in the Data & AI field.
Encryption,Cloud & Infrastructure,Network Engineer,Advanced,Encryption is an advanced-level skill commonly required for Network Engineer roles in the Cloud & Infrastructure field.
UI Design,Software Engineering,Mobile Developer,Advanced,UI Design is an advanced-level skill commonly required for Mobile Developer roles in the Software Engineering field.
Git,Software Engineering,Full Stack Developer,Expert,Git is an expert-level skill commonly required for Full Stack Developer roles in the Software Engineering field.
NLP,Data & AI,AI Researcher,Beginner,NLP is an beginner-level skill commonly required for AI Researcher roles in the Data & AI field.
CI/CD,Software Engineering,Mobile Developer,Expert,CI/CD is an expert-level skill commonly required for Mobile Developer roles in the Software Engineering field.
Content Strategy,Marketing,Social Media Manager,Advanced,Content Strategy is an advanced-level skill commonly required for Social Media Manager roles in the Marketing field.
Performance Tuning,Cloud & Infrastructure,Database Administrator,Advanced,Performance Tuning is an advanced-level skill commonly required for Database Administrator roles in the Cloud & Infrastructure field.
SIEM,Cloud & Infrastructure,Network Engineer,Beginner,SIEM is an beginner-level skill commonly required for Network Engineer roles in the Cloud & Infrastructure field.
React,Software Engineering,Full Stack Developer,Beginner,React is an beginner-level skill commonly required for Full Stack Developer roles in the Software Engineering field.
Layout Design,Design,Graphic Designer,Advanced,Layout Design is an advanced-level skill commonly required for Graphic Designer roles in the Design field.
Java,Software Engineering,Software Architect,Beginner,Java is an beginner-level skill commonly required for Software Architect roles in the Software Engineering field.
Design Thinking,Design,Graphic Designer,Expert,Design Thinking is an expert-level skill commonly required for Graphic Designer roles in the Design field.
Accounting,Business,HR Specialist,Intermediate,Accounting is an intermediate-level skill commonly required for HR Specialist roles in the Business field.
APIs,Business,Operations Manager,Intermediate,APIs is an intermediate-level skill commonly required for Operations Manager roles in the Business field.
PyTorch,Data & AI,AI Researcher,Beginner,PyTorch is an beginner-level skill commonly required for AI Researcher roles in the Data & AI field.
Strategy,Product & Management,Project Manager,Beginner,Strategy is an beginner-level skill commonly required for Project Manager roles in the Product & Management field.
Linux,Software Engineering,Mobile Developer,Intermediate,Linux is an intermediate-level skill commonly required for Mobile Developer roles in the Software Engineering field.
Redux,Software Engineering,Full Stack Developer,Intermediate,Redux is an intermediate-level skill commonly required for Full Stack Developer roles in the Software Engineering field.
Redis,Software Engineering,QA Engineer,Expert,Redis is an expert-level skill commonly required for QA Engineer roles in the Software Engineering field.
Network Security,Cloud & Infrastructure,Network Engineer,Expert,Network Security is an expert-level skill commonly required for Network Engineer roles in the Cloud & Infrastructure field.
Wireframing,Design,Interaction Designer,Advanced,Wireframing is an advanced-level skill commonly required for Interaction Designer roles in the Design field.
Redis,Software Engineering,DevOps Engineer,Advanced,Redis is an advanced-level skill commonly required for DevOps Engineer roles in the Software Engineering field.
Personas,Design,UX Designer,Expert,Personas is an expert-level skill commonly required for UX Designer roles in the Design field.
Redis,Software Engineering,Frontend Developer,Intermediate,Redis is an intermediate-level skill commonly required for Frontend Developer roles in the Software Engineering field.
Illustrator,Design,Graphic Designer,Expert,Illustrator is an expert-level skill commonly required for Graphic Designer roles in the Design field.
Redux,Software Engineering,Mobile Developer,Beginner,Redux is an beginner-level skill commonly required for Mobile Developer roles in the Software Engineering field.
Program Management,Product & Management,Product Owner,Beginner,Program Management is an beginner-level skill commonly required for Product Owner roles in the Product & Management field.
Hadoop,Data & AI,Computer Vision Engineer,Advanced,Hadoop is an advanced-level skill commonly required for Computer Vision Engineer roles in the Data & AI field.
Kotlin,Software Engineering,Frontend Developer,Advanced,Kotlin is an advanced-level skill commonly required for Frontend Developer roles in the Software Engineering field.
System Design,Software Engineering,Cloud Architect,Beginner,System Design is an beginner-level skill commonly required for Cloud Architect roles in the Software Engineering field.
Servant Leadership,Product & Management,Product Manager,Intermediate,Servant Leadership is an intermediate-level skill commonly required for Product Manager roles in the Product & Management field.
Content Strategy,Marketing,Content Strategist,Beginner,Content Strategy is an beginner-level skill commonly required for Content Strategist roles in the Marketing field.
MongoDB,Software Engineering,Game Developer,Expert,MongoDB is an expert-level skill commonly required for Game Developer roles in the Software Engineering field.
Leadership,Software Engineering,DevOps Engineer,Beginner,Leadership is an beginner-level skill commonly required for DevOps Engineer roles in the Software Engineering field.
Encryption,Cloud & Infrastructure,Security Engineer,Advanced,Encryption is an advanced-level skill commonly required for Security Engineer roles in the Cloud & Infrastructure field.
Pandas,Data & AI,Data Engineer,Advanced,Pandas is an advanced-level skill commonly required for Data Engineer roles in the Data & AI field.
InDesign,Design,Graphic Designer,Expert,InDesign is an expert-level skill commonly required for Graphic Designer roles in the Design field.
CNN,Data & AI,Computer Vision Engineer,Expert,CNN is an expert-level skill commonly required for Computer Vision Engineer roles in the Data & AI field.
Azure,Cloud & Infrastructure,Cloud Architect,Beginner,Azure is an beginner-level skill commonly required for Cloud Architect roles in the Cloud & Infrastructure field.
MySQL,Cloud & Infrastructure,Security Engineer,Intermediate,MySQL is an intermediate-level skill commonly required for Security Engineer roles in the Cloud & Infrastructure field.
AWS,Software Engineering,Frontend Developer,Advanced,AWS is an advanced-level skill commonly required for Frontend Developer roles in the Software Engineering field.
BERT,Data & AI,Data Analyst,Beginner,BERT is an beginner-level skill commonly required for Data Analyst roles in the Data & AI field.
Community Management,Marketing,Digital Marketing Specialist,Expert,Community Management is an expert-level skill commonly required for Digital Marketing Specialist roles in the Marketing field.
Forecasting,Business,Sales Engineer,Beginner,Forecasting is an beginner-level skill commonly required for Sales Engineer roles in the Business field.
Selenium,Software Engineering,QA Engineer,Intermediate,Selenium is an intermediate-level skill commonly required for QA Engineer roles in the Software Engineering field.
Sass,Software Engineering,Software Architect,Advanced,Sass is an advanced-level skill commonly required for Software Architect roles in the Software Engineering field.
React Native,Software Engineering,Mobile Developer,Advanced,React Native is an advanced-level skill commonly required for Mobile Developer roles in the Software Engineering field.
Scikit-learn,Data & AI,NLP Engineer,Intermediate,Scikit-learn is an intermediate-level skill commonly required for NLP Engineer roles in the Data & AI field.
A/B Testing,Data & AI,Computer Vision Engineer,Beginner,A/B Testing is an beginner-level skill commonly required for Computer Vision Engineer roles in the Data & AI field.
Physics,Software Engineering,QA Engineer,Advanced,Physics is an advanced-level skill commonly required for QA Engineer roles in the Software Engineering field.
Shaders,Software Engineering,Full Stack Developer,Expert,Shaders is an expert-level skill commonly required for Full Stack Developer roles in the Software Engineering field.
Leadership,Software Engineering,Program Manager,Intermediate,Leadership is an intermediate-level skill commonly required for Program Manager roles in the Software Engineering field.
Presentations,Business,Sales Engineer,Expert,Presentations is an expert-level skill commonly required for Sales Engineer roles in the Business field.
Coaching,Product & Management,Project Manager,Advanced,Coaching is an advanced-level skill commonly required for Project Manager roles in the Product & Management field.
Recruitment,Business,Business Analyst,Intermediate,Recruitment is an intermediate-level skill commonly required for Business Analyst roles in the Business field.
Power BI,Data & AI,Data Analyst,Advanced,Power BI is an advanced-level skill commonly required for Data Analyst roles in the Data & AI field.
Spark,Data & AI,Data Analyst,Beginner,Spark is an beginner-level skill commonly required for Data Analyst roles in the Data & AI field.
SQL,Software Engineering,Frontend Developer,Expert,SQL is an expert-level skill commonly required for Frontend Developer roles in the Software Engineering field.
Prometheus,Software Engineering,Game Developer,Intermediate,Prometheus is an intermediate-level skill commonly required for Game Developer roles in the Software Engineering field.
System Design,Software Engineering,Game Developer,Advanced,System Design is an advanced-level skill commonly required for Game Developer roles in the Software Engineering field.
Manual Testing,Software Engineering,Software Architect,Advanced,Manual Testing is an advanced-level skill commonly required for Software Architect roles in the Software Engineering field.
Shaders,Software Engineering,Backend Developer,Beginner,Shaders is an beginner-level skill commonly required for Backend Developer roles in the Software Engineering field.
Data Cleaning,Data & AI,AI Researcher,Expert,Data Cleaning is an expert-level skill commonly required for AI Researcher roles in the Data & AI field.
User Research,Design,UX Designer,Intermediate,User Research is an intermediate-level skill commonly required for UX Designer roles in the Design field.
Dashboards,Data & AI,AI Researcher,Beginner,Dashboards is an beginner-level skill commonly required for AI Researcher roles in the Data & AI field.
Branding,Design,UI Designer,Expert,Branding is an expert-level skill commonly required for UI Designer roles in the Design field.
Stakeholder Management,Product & Management,Product Owner,Intermediate,Stakeholder Management is an intermediate-level skill commonly required for Product Owner roles in the Product & Management field.
Prototyping,Design,Graphic Designer,Advanced,Prototyping is an advanced-level skill commonly required for Graphic Designer roles in the Design field.
Process Improvement,Business,HR Specialist,Advanced,Process Improvement is an advanced-level skill commonly required for HR Specialist roles in the Business field.
Design Patterns,Software Engineering,Software Architect,Expert,Design Patterns is an expert-level skill commonly required for Software Architect roles in the Software Engineering field.
Campaign Management,Marketing,Digital Marketing Specialist,Advanced,Campaign Management is an advanced-level skill commonly required for Digital Marketing Specialist roles in the Marketing field.
Scrum,Product & Management,Scrum Master,Beginner,Scrum is an beginner-level skill commonly required for Scrum Master roles in the Product & Management field.
Physics,Software Engineering,Game Developer,Intermediate,Physics is an intermediate-level skill commonly required for Game Developer roles in the Software Engineering field.
Process Modeling,Business,Sales Engineer,Intermediate,Process Modeling is an intermediate-level skill commonly required for Sales Engineer roles in the Business field.
JavaScript,Software Engineering,Frontend Developer,Beginner,JavaScript is an beginner-level skill commonly required for Frontend Developer roles in the Software Engineering field.
Jupyter,Data & AI,Data Engineer,Advanced,Jupyter is an advanced-level skill commonly required for Data Engineer roles in the Data & AI field.
SQL,Software Engineering,Backend Developer,Intermediate,SQL is an intermediate-level skill commonly required for Backend Developer roles in the Software Engineering field.
Communication,Product & Management,Project Manager,Beginner,Communication is an beginner-level skill commonly required for Project Manager roles in the Product & Management field.
Java,Software Engineering,Mobile Developer,Advanced,Java is an advanced-level skill commonly required for Mobile Developer roles in the Software Engineering field.
Typography,Design,UI Designer,Expert,Typography is an expert-level skill commonly required for UI Designer roles in the Design field.
Engagement,Marketing,Social Media Manager,Expert,Engagement is an expert-level skill commonly required for Social Media Manager roles in the Marketing field.
Creativity,Design,Graphic Designer,Advanced,Creativity is an advanced-level skill commonly required for Graphic Designer roles in the Design field.
Test Automation,Software Engineering,QA Engineer,Expert,Test Automation is an expert-level skill commonly required for QA Engineer roles in the Software Engineering field.
Leadership,Software Engineering,Backend Developer,Expert,Leadership is an expert-level skill commonly required for Backend Developer roles in the Software Engineering field.
Python,Software Engineering,Computer Vision Engineer,Beginner,Python is an beginner-level skill commonly required for Computer Vision Engineer roles in the Software Engineering field.
Process Improvement,Business,Operations Manager,Advanced,Process Improvement is an advanced-level skill commonly required for Operations Manager roles in the Business field.
Stakeholder Management,Product & Management,Project Manager,Advanced,Stakeholder Management is an advanced-level skill commonly required for Project Manager roles in the Product & Management field.
Shaders,Software Engineering,Software Architect,Advanced,Shaders is an advanced-level skill commonly required for Software Architect roles in the Software Engineering field.
CUDA,Data & AI,Machine Learning Engineer,Advanced,CUDA is an advanced-level skill commonly required for Machine Learning Engineer roles in the Data & AI field.
MLOps,Data & AI,Data Analyst,Expert,MLOps is an expert-level skill commonly required for Data Analyst roles in the Data & AI field.
Jenkins,Software Engineering,Site Reliability Engineer,Intermediate,Jenkins is an intermediate-level skill commonly required for Site Reliability Engineer roles in the Software Engineering field.
CSS,Software Engineering,Software Architect,Expert,CSS is an expert-level skill commonly required for Software Architect roles in the Software Engineering field.
Firewalls,Cloud & Infrastructure,Database Administrator,Expert,Firewalls is an expert-level skill commonly required for Database Administrator roles in the Cloud & Infrastructure field.
SEMrush,Marketing,Growth Marketer,Intermediate,SEMrush is an intermediate-level skill commonly required for Growth Marketer roles in the Marketing field.
Accounting,Business,Business Analyst,Intermediate,Accounting is an intermediate-level skill commonly required for Business Analyst roles in the Business field.
Gantt Charts,Product & Management,Product Owner,Expert,Gantt Charts is an expert-level skill commonly required for Product Owner roles in the Product & Management field.
Kubernetes,Software Engineering,Site Reliability Engineer,Advanced,Kubernetes is an advanced-level skill commonly required for Site Reliability Engineer roles in the Software Engineering field.
Training,Business,Sales Engineer,Expert,Training is an expert-level skill commonly required for Sales Engineer roles in the Business field.
Manual Testing,Software Engineering,Frontend Developer,Beginner,Manual Testing is an beginner-level skill commonly required for Frontend Developer roles in the Software Engineering field.
CSS,Software Engineering,Frontend Developer,Beginner,CSS is an beginner-level skill commonly required for Frontend Developer roles in the Software Engineering field.
Snowflake,Data & AI,Data Engineer,Expert,Snowflake is an expert-level skill commonly required for Data Engineer roles in the Data & AI field.
Payroll,Business,Business Analyst,Advanced,Payroll is an advanced-level skill commonly required for Business Analyst roles in the Business field.
Scalability,Software Engineering,Mobile Developer,Beginner,Scalability is an beginner-level skill commonly required for Mobile Developer roles in the Software Engineering field.
Optimization,Software Engineering,Game Developer,Intermediate,Optimization is an intermediate-level skill commonly required for Game Developer roles in the Software Engineering field.
Performance Management,Business,Sales Engineer,Advanced,Performance Management is an advanced-level skill commonly required for Sales Engineer roles in the Business field.
Pandas,Data & AI,Data Scientist,Advanced,Pandas is an advanced-level skill commonly required for Data Scientist roles in the Data & AI field.
React Native,Software Engineering,Full Stack Developer,Advanced,React Native is an advanced-level skill commonly required for Full Stack Developer roles in the Software Engineering field.
UI Design,Software Engineering,Product Designer,Advanced,UI Design is an advanced-level skill commonly required for Product Designer roles in the Software Engineering field.
Cypress,Software Engineering,Game Developer,Expert,Cypress is an expert-level skill commonly required for Game Developer roles in the Software Engineering field.
SQL,Software Engineering,Data Analyst,Expert,SQL is an expert-level skill commonly required for Data Analyst roles in the Software Engineering field.
REST APIs,Software Engineering,Full Stack Developer,Beginner,REST APIs is an beginner-level skill commonly required for Full Stack Developer roles in the Software Engineering field.
Personas,Design,Graphic Designer,Intermediate,Personas is an intermediate-level skill commonly required for Graphic Designer roles in the Design field.
DAX,Data & AI,Data Scientist,Intermediate,DAX is an intermediate-level skill commonly required for Data Scientist roles in the Data & AI field.
Django,Software Engineering,Frontend Developer,Advanced,Django is an advanced-level skill commonly required for Frontend Developer roles in the Software Engineering field.
Risk Management,Product & Management,Product Owner,Expert,Risk Management is an expert-level skill commonly required for Product Owner roles in the Product & Management field.
Python,Software Engineering,Full Stack Developer,Expert,Python is an expert-level skill commonly required for Full Stack Developer roles in the Software Engineering field.
Analytics,Product & Management,Digital Marketing Specialist,Beginner,Analytics is an beginner-level skill commonly required for Digital Marketing Specialist roles in the Product & Management field.
Valuation,Business,Sales Engineer,Advanced,Valuation is an advanced-level skill commonly required for Sales Engineer roles in the Business field.
Networking,Cloud & Infrastructure,Network Engineer,Expert,Networking is an expert-level skill commonly required for Network Engineer roles in the Cloud & Infrastructure field.
CRM,Marketing,Growth Marketer,Intermediate,CRM is an intermediate-level skill commonly required for Growth Marketer roles in the Marketing field.
Encryption,Cloud & Infrastructure,Cloud Architect,Expert,Encryption is an expert-level skill commonly required for Cloud Architect roles in the Cloud & Infrastructure field.
C++,Software Engineering,Software Architect,Intermediate,C++ is an intermediate-level skill commonly required for Software Architect roles in the Software Engineering field.
Kafka,Software Engineering,Game Developer,Expert,Kafka is an expert-level skill commonly required for Game Developer roles in the Software Engineering field.
Security,Cloud & Infrastructure,Database Administrator,Beginner,Security is an beginner-level skill commonly required for Database Administrator roles in the Cloud & Infrastructure field.
Cypress,Software Engineering,Software Architect,Beginner,Cypress is an beginner-level skill commonly required for Software Architect roles in the Software Engineering field.
Agile,Product & Management,Project Manager,Expert,Agile is an expert-level skill commonly required for Project Manager roles in the Product & Management field.
Sass,Software Engineering,QA Engineer,Intermediate,Sass is an intermediate-level skill commonly required for QA Engineer roles in the Software Engineering field.
CSS,Software Engineering,Full Stack Developer,Intermediate,CSS is an intermediate-level skill commonly required for Full Stack Developer roles in the Software Engineering field.
Firebase,Software Engineering,QA Engineer,Beginner,Firebase is an beginner-level skill commonly required for QA Engineer roles in the Software Engineering field.
Unreal Engine,Software Engineering,DevOps Engineer,Advanced,Unreal Engine is an advanced-level skill commonly required for DevOps Engineer roles in the Software Engineering field.
UML,Business,Financial Analyst,Intermediate,UML is an intermediate-level skill commonly required for Financial Analyst roles in the Business field.
Branding,Design,Graphic Designer,Intermediate,Branding is an intermediate-level skill commonly required for Graphic Designer roles in the Design field.
Print Design,Design,UX Designer,Expert,Print Design is an expert-level skill commonly required for UX Designer roles in the Design field.
DNS,Cloud & Infrastructure,Cloud Architect,Expert,DNS is an expert-level skill commonly required for Cloud Architect roles in the Cloud & Infrastructure field.
Compliance,Business,Sales Engineer,Advanced,Compliance is an advanced-level skill commonly required for Sales Engineer roles in the Business field.
Power BI,Data & AI,Financial Analyst,Intermediate,Power BI is an intermediate-level skill commonly required for Financial Analyst roles in the Data & AI field.
PyTorch,Data & AI,Business Intelligence Analyst,Expert,PyTorch is an expert-level skill commonly required for Business Intelligence Analyst roles in the Data & AI field.
Jenkins,Software Engineering,Game Developer,Advanced,Jenkins is an advanced-level skill commonly required for Game Developer roles in the Software Engineering field.
On-page SEO,Marketing,Content Strategist,Advanced,On-page SEO is an advanced-level skill commonly required for Content Strategist roles in the Marketing field.
Excel,Data & AI,Data Scientist,Advanced,Excel is an advanced-level skill commonly required for Data Scientist roles in the Data & AI field.
Network Security,Cloud & Infrastructure,Cloud Architect,Beginner,Network Security is an beginner-level skill commonly required for Cloud Architect roles in the Cloud & Infrastructure field.
Creativity,Design,Interaction Designer,Advanced,Creativity is an advanced-level skill commonly required for Interaction Designer roles in the Design field.
Layout Design,Design,UX Designer,Expert,Layout Design is an expert-level skill commonly required for UX Designer roles in the Design field.
Unity,Software Engineering,Backend Developer,Intermediate,Unity is an intermediate-level skill commonly required for Backend Developer roles in the Software Engineering field.
Interaction Design,Design,UX Designer,Expert,Interaction Design is an expert-level skill commonly required for UX Designer roles in the Design field.
Postman,Software Engineering,Site Reliability Engineer,Expert,Postman is an expert-level skill commonly required for Site Reliability Engineer roles in the Software Engineering field.
3D Math,Software Engineering,Site Reliability Engineer,Expert,3D Math is an expert-level skill commonly required for Site Reliability Engineer roles in the Software Engineering field.
Funnel Optimization,Marketing,Digital Marketing Specialist,Advanced,Funnel Optimization is an advanced-level skill commonly required for Digital Marketing Specialist roles in the Marketing field.
Layout Design,Design,Interaction Designer,Expert,Layout Design is an expert-level skill commonly required for Interaction Designer roles in the Design field.
Adobe XD,Design,Product Designer,Intermediate,Adobe XD is an intermediate-level skill commonly required for Product Designer roles in the Design field.
Photoshop,Design,UX Designer,Intermediate,Photoshop is an intermediate-level skill commonly required for UX Designer roles in the Design field.
Model Deployment,Data & AI,Machine Learning Engineer,Expert,Model Deployment is an expert-level skill commonly required for Machine Learning Engineer roles in the Data & AI field.
Agile,Product & Management,Scrum Master,Advanced,Agile is an advanced-level skill commonly required for Scrum Master roles in the Product & Management field.
Reporting,Data & AI,Program Manager,Beginner,Reporting is an beginner-level skill commonly required for Program Manager roles in the Data & AI field.
Linux,Software Engineering,Frontend Developer,Advanced,Linux is an advanced-level skill commonly required for Frontend Developer roles in the Software Engineering field.
Physics,Software Engineering,Backend Developer,Expert,Physics is an expert-level skill commonly required for Backend Developer roles in the Software Engineering field.
Data Modeling,Data & AI,Business Intelligence Analyst,Intermediate,Data Modeling is an intermediate-level skill commonly required for Business Intelligence Analyst roles in the Data & AI field.
Planning,Product & Management,Program Manager,Beginner,Planning is an beginner-level skill commonly required for Program Manager roles in the Product & Management field.
TypeScript,Software Engineering,Frontend Developer,Expert,TypeScript is an expert-level skill commonly required for Frontend Developer roles in the Software Engineering field.
Agile,Product & Management,Product Owner,Expert,Agile is an expert-level skill commonly required for Product Owner roles in the Product & Management field.
Brand Voice,Marketing,Content Strategist,Expert,Brand Voice is an expert-level skill commonly required for Content Strategist roles in the Marketing field.
Google Ads,Marketing,Content Strategist,Expert,Google Ads is an expert-level skill commonly required for Content Strategist roles in the Marketing field.
TCP/IP,Cloud & Infrastructure,Cloud Engineer,Intermediate,TCP/IP is an intermediate-level skill commonly required for Cloud Engineer roles in the Cloud & Infrastructure field.
Django,Software Engineering,Backend Developer,Beginner,Django is an beginner-level skill commonly required for Backend Developer roles in the Software Engineering field.
PostgreSQL,Cloud & Infrastructure,Security Engineer,Intermediate,PostgreSQL is an intermediate-level skill commonly required for Security Engineer roles in the Cloud & Infrastructure field.
Valuation,Business,HR Specialist,Intermediate,Valuation is an intermediate-level skill commonly required for HR Specialist roles in the Business field.
Design Patterns,Software Engineering,QA Engineer,Beginner,Design Patterns is an beginner-level skill commonly required for QA Engineer roles in the Software Engineering field.
Facilitation,Product & Management,Product Owner,Expert,Facilitation is an expert-level skill commonly required for Product Owner roles in the Product & Management field.
Servant Leadership,Product & Management,Product Owner,Beginner,Servant Leadership is an beginner-level skill commonly required for Product Owner roles in the Product & Management field.
Monitoring,Software Engineering,Backend Developer,Advanced,Monitoring is an advanced-level skill commonly required for Backend Developer roles in the Software Engineering field.
Jenkins,Software Engineering,Software Architect,Intermediate,Jenkins is an intermediate-level skill commonly required for Software Architect roles in the Software Engineering field.
Unity,Software Engineering,Site Reliability Engineer,Intermediate,Unity is an intermediate-level skill commonly required for Site Reliability Engineer roles in the Software Engineering field.
iOS,Software Engineering,DevOps Engineer,Expert,iOS is an expert-level skill commonly required for DevOps Engineer roles in the Software Engineering field.
AWS,Software Engineering,Cloud Architect,Beginner,AWS is an beginner-level skill commonly required for Cloud Architect roles in the Software Engineering field.
Dashboards,Data & AI,Data Engineer,Advanced,Dashboards is an advanced-level skill commonly required for Data Engineer roles in the Data & AI field.
CRM,Marketing,Content Strategist,Beginner,CRM is an beginner-level skill commonly required for Content Strategist roles in the Marketing field.
On-page SEO,Marketing,SEO Specialist,Expert,On-page SEO is an expert-level skill commonly required for SEO Specialist roles in the Marketing field.
React Native,Software Engineering,Site Reliability Engineer,Intermediate,React Native is an intermediate-level skill commonly required for Site Reliability Engineer roles in the Software Engineering field.
Payroll,Business,HR Specialist,Intermediate,Payroll is an intermediate-level skill commonly required for HR Specialist roles in the Business field.
ETL,Data & AI,Business Intelligence Analyst,Expert,ETL is an expert-level skill commonly required for Business Intelligence Analyst roles in the Data & AI field.
Shaders,Software Engineering,QA Engineer,Advanced,Shaders is an advanced-level skill commonly required for QA Engineer roles in the Software Engineering field.
Linux,Software Engineering,Site Reliability Engineer,Intermediate,Linux is an intermediate-level skill commonly required for Site Reliability Engineer roles in the Software Engineering field.
VPN,Cloud & Infrastructure,Network Engineer,Intermediate,VPN is an intermediate-level skill commonly required for Network Engineer roles in the Cloud & Infrastructure field.
Prioritization,Product & Management,Scrum Master,Expert,Prioritization is an expert-level skill commonly required for Scrum Master roles in the Product & Management field.
Copywriting,Marketing,Social Media Manager,Intermediate,Copywriting is an intermediate-level skill commonly required for Social Media Manager roles in the Marketing field.
Color Theory,Design,Interaction Designer,Advanced,Color Theory is an advanced-level skill commonly required for Interaction Designer roles in the Design field.
Reinforcement Learning,Data & AI,Data Scientist,Intermediate,Reinforcement Learning is an intermediate-level skill commonly required for Data Scientist roles in the Data & AI field.
Webpack,Software Engineering,Backend Developer,Advanced,Webpack is an advanced-level skill commonly required for Backend Developer roles in the Software Engineering field.
Negotiation,Business,HR Specialist,Beginner,Negotiation is an beginner-level skill commonly required for HR Specialist roles in the Business field.
CI/CD,Software Engineering,DevOps Engineer,Beginner,CI/CD is an beginner-level skill commonly required for DevOps Engineer roles in the Software Engineering field.
TypeScript,Software Engineering,Mobile Developer,Intermediate,TypeScript is an intermediate-level skill commonly required for Mobile Developer roles in the Software Engineering field.
Django,Software Engineering,DevOps Engineer,Expert,Django is an expert-level skill commonly required for DevOps Engineer roles in the Software Engineering field.
Technical Sales,Business,Sales Engineer,Expert,Technical Sales is an expert-level skill commonly required for Sales Engineer roles in the Business field.
Forecasting,Business,Financial Analyst,Intermediate,Forecasting is an intermediate-level skill commonly required for Financial Analyst roles in the Business field.
Funnel Optimization,Marketing,Growth Marketer,Expert,Funnel Optimization is an expert-level skill commonly required for Growth Marketer roles in the Marketing field.
UI Design,Software Engineering,Site Reliability Engineer,Intermediate,UI Design is an intermediate-level skill commonly required for Site Reliability Engineer roles in the Software Engineering field.
Excel,Data & AI,Computer Vision Engineer,Intermediate,Excel is an intermediate-level skill commonly required for Computer Vision Engineer roles in the Data & AI field.
Statistics,Data & AI,Data Engineer,Expert,Statistics is an expert-level skill commonly required for Data Engineer roles in the Data & AI field.
GraphQL,Software Engineering,QA Engineer,Beginner,GraphQL is an beginner-level skill commonly required for QA Engineer roles in the Software Engineering field.
Physics,Software Engineering,DevOps Engineer,Advanced,Physics is an advanced-level skill commonly required for DevOps Engineer roles in the Software Engineering field.
Unity,Software Engineering,Software Architect,Intermediate,Unity is an intermediate-level skill commonly required for Software Architect roles in the Software Engineering field.
Research,Data & AI,Machine Learning Engineer,Intermediate,Research is an intermediate-level skill commonly required for Machine Learning Engineer roles in the Data & AI field.
NumPy,Data & AI,Data Scientist,Expert,NumPy is an expert-level skill commonly required for Data Scientist roles in the Data & AI field.
Routing,Cloud & Infrastructure,Cloud Architect,Beginner,Routing is an beginner-level skill commonly required for Cloud Architect roles in the Cloud & Infrastructure field.
Physics,Software Engineering,Frontend Developer,Beginner,Physics is an beginner-level skill commonly required for Frontend Developer roles in the Software Engineering field.
Penetration Testing,Cloud & Infrastructure,Security Engineer,Beginner,Penetration Testing is an beginner-level skill commonly required for Security Engineer roles in the Cloud & Infrastructure field.
OWASP,Cloud & Infrastructure,Cloud Engineer,Expert,OWASP is an expert-level skill commonly required for Cloud Engineer roles in the Cloud & Infrastructure field.
MongoDB,Software Engineering,Site Reliability Engineer,Expert,MongoDB is an expert-level skill commonly required for Site Reliability Engineer roles in the Software Engineering field.
Design Systems,Design,UI Designer,Expert,Design Systems is an expert-level skill commonly required for UI Designer roles in the Design field.
Financial Modeling,Business,Financial Analyst,Beginner,Financial Modeling is an beginner-level skill commonly required for Financial Analyst roles in the Business field.
Strategy,Product & Management,Product Owner,Expert,Strategy is an expert-level skill commonly required for Product Owner roles in the Product & Management field.
Image Processing,Data & AI,Computer Vision Engineer,Advanced,Image Processing is an advanced-level skill commonly required for Computer Vision Engineer roles in the Data & AI field.
Cost Optimization,Cloud & Infrastructure,Database Administrator,Beginner,Cost Optimization is an beginner-level skill commonly required for Database Administrator roles in the Cloud & Infrastructure field.
Tableau,Data & AI,NLP Engineer,Beginner,Tableau is an beginner-level skill commonly required for NLP Engineer roles in the Data & AI field.
Jira,Software Engineering,Scrum Master,Expert,Jira is an expert-level skill commonly required for Scrum Master roles in the Software Engineering field.
Linux,Software Engineering,Cloud Engineer,Expert,Linux is an expert-level skill commonly required for Cloud Engineer roles in the Software Engineering field.
SQL,Software Engineering,Growth Marketer,Beginner,SQL is an beginner-level skill commonly required for Growth Marketer roles in the Software Engineering field.
Airflow,Data & AI,Computer Vision Engineer,Advanced,Airflow is an advanced-level skill commonly required for Computer Vision Engineer roles in the Data & AI field.
Penetration Testing,Cloud & Infrastructure,Database Administrator,Expert,Penetration Testing is an expert-level skill commonly required for Database Administrator roles in the Cloud & Infrastructure field.
Text Mining,Data & AI,Data Analyst,Beginner,Text Mining is an beginner-level skill commonly required for Data Analyst roles in the Data & AI field.
Data Warehousing,Data & AI,AI Researcher,Advanced,Data Warehousing is an advanced-level skill commonly required for AI Researcher roles in the Data & AI field.
Go,Software Engineering,Site Reliability Engineer,Expert,Go is an expert-level skill commonly required for Site Reliability Engineer roles in the Software Engineering field.
Firebase,Software Engineering,Mobile Developer,Expert,Firebase is an expert-level skill commonly required for Mobile Developer roles in the Software Engineering field.
Accessibility,Software Engineering,DevOps Engineer,Expert,Accessibility is an expert-level skill commonly required for DevOps Engineer roles in the Software Engineering field.
DNS,Cloud & Infrastructure,Cloud Engineer,Beginner,DNS is an beginner-level skill commonly required for Cloud Engineer roles in the Cloud & Infrastructure field.
Budgeting,Product & Management,Program Manager,Beginner,Budgeting is an beginner-level skill commonly required for Program Manager roles in the Product & Management field.
Machine Learning,Data & AI,NLP Engineer,Intermediate,Machine Learning is an intermediate-level skill commonly required for NLP Engineer roles in the Data & AI field.
Spring Boot,Software Engineering,Frontend Developer,Advanced,Spring Boot is an advanced-level skill commonly required for Frontend Developer roles in the Software Engineering field.
Facilitation,Product & Management,Product Manager,Beginner,Facilitation is an beginner-level skill commonly required for Product Manager roles in the Product & Management field.
Data Visualization,Data & AI,Data Scientist,Intermediate,Data Visualization is an intermediate-level skill commonly required for Data Scientist roles in the Data & AI field.
CRM,Marketing,Digital Marketing Specialist,Advanced,CRM is an advanced-level skill commonly required for Digital Marketing Specialist roles in the Marketing field.
Data Visualization,Data & AI,Business Intelligence Analyst,Expert,Data Visualization is an expert-level skill commonly required for Business Intelligence Analyst roles in the Data & AI field.
MLOps,Data & AI,Machine Learning Engineer,Advanced,MLOps is an advanced-level skill commonly required for Machine Learning Engineer roles in the Data & AI field.
REST APIs,Software Engineering,QA Engineer,Intermediate,REST APIs is an intermediate-level skill commonly required for QA Engineer roles in the Software Engineering field.
Dashboards,Data & AI,Data Analyst,Intermediate,Dashboards is an intermediate-level skill commonly required for Data Analyst roles in the Data & AI field.
Sketch,Design,Product Designer,Expert,Sketch is an expert-level skill commonly required for Product Designer roles in the Design field.
Cost Optimization,Cloud & Infrastructure,Cloud Engineer,Intermediate,Cost Optimization is an intermediate-level skill commonly required for Cloud Engineer roles in the Cloud & Infrastructure field.
OWASP,Cloud & Infrastructure,Database Administrator,Advanced,OWASP is an advanced-level skill commonly required for Database Administrator roles in the Cloud & Infrastructure field.
REST APIs,Software Engineering,Software Architect,Beginner,REST APIs is an beginner-level skill commonly required for Software Architect roles in the Software Engineering field.
UML,Business,Business Analyst,Advanced,UML is an advanced-level skill commonly required for Business Analyst roles in the Business field.
Scalability,Software Engineering,Full Stack Developer,Beginner,Scalability is an beginner-level skill commonly required for Full Stack Developer roles in the Software Engineering field.
Prioritization,Product & Management,Product Manager,Expert,Prioritization is an expert-level skill commonly required for Product Manager roles in the Product & Management field.
Data Warehousing,Data & AI,Computer Vision Engineer,Expert,Data Warehousing is an expert-level skill commonly required for Computer Vision Engineer roles in the Data & AI field.
ETL,Data & AI,Computer Vision Engineer,Intermediate,ETL is an intermediate-level skill commonly required for Computer Vision Engineer roles in the Data & AI field.
Grafana,Software Engineering,Backend Developer,Advanced,Grafana is an advanced-level skill commonly required for Backend Developer roles in the Software Engineering field.
TensorFlow,Data & AI,Computer Vision Engineer,Advanced,TensorFlow is an advanced-level skill commonly required for Computer Vision Engineer roles in the Data & AI field.
InDesign,Design,UI Designer,Advanced,InDesign is an advanced-level skill commonly required for UI Designer roles in the Design field.
Google Analytics,Marketing,Content Strategist,Expert,Google Analytics is an expert-level skill commonly required for Content Strategist roles in the Marketing field.
Presentations,Business,Operations Manager,Advanced,Presentations is an advanced-level skill commonly required for Operations Manager roles in the Business field.
Google Analytics,Marketing,SEO Specialist,Expert,Google Analytics is an expert-level skill commonly required for SEO Specialist roles in the Marketing field.
CloudFormation,Cloud & Infrastructure,Cloud Engineer,Advanced,CloudFormation is an advanced-level skill commonly required for Cloud Engineer roles in the Cloud & Infrastructure field.
Terraform,Software Engineering,QA Engineer,Advanced,Terraform is an advanced-level skill commonly required for QA Engineer roles in the Software Engineering field.
Firewalls,Cloud & Infrastructure,Security Engineer,Beginner,Firewalls is an beginner-level skill commonly required for Security Engineer roles in the Cloud & Infrastructure field.
Machine Learning,Data & AI,Data Scientist,Intermediate,Machine Learning is an intermediate-level skill commonly required for Data Scientist roles in the Data & AI field.
Monitoring,Software Engineering,Full Stack Developer,Intermediate,Monitoring is an intermediate-level skill commonly required for Full Stack Developer roles in the Software Engineering field.
Terraform,Software Engineering,Cloud Engineer,Advanced,Terraform is an advanced-level skill commonly required for Cloud Engineer roles in the Software Engineering field.
Cisco,Cloud & Infrastructure,Database Administrator,Beginner,Cisco is an beginner-level skill commonly required for Database Administrator roles in the Cloud & Infrastructure field.
Data Visualization,Data & AI,NLP Engineer,Intermediate,Data Visualization is an intermediate-level skill commonly required for NLP Engineer roles in the Data & AI field.
Kanban,Product & Management,Product Manager,Advanced,Kanban is an advanced-level skill commonly required for Product Manager roles in the Product & Management field.
Cloud,Business,Business Analyst,Advanced,Cloud is an advanced-level skill commonly required for Business Analyst roles in the Business field.
Spring Boot,Software Engineering,Software Architect,Advanced,Spring Boot is an advanced-level skill commonly required for Software Architect roles in the Software Engineering field.
Text Mining,Data & AI,Business Intelligence Analyst,Advanced,Text Mining is an advanced-level skill commonly required for Business Intelligence Analyst roles in the Data & AI field.
SIEM,Cloud & Infrastructure,Database Administrator,Intermediate,SIEM is an intermediate-level skill commonly required for Database Administrator roles in the Cloud & Infrastructure field.
Tokenization,Data & AI,Data Analyst,Advanced,Tokenization is an advanced-level skill commonly required for Data Analyst roles in the Data & AI field.
Unreal Engine,Software Engineering,Frontend Developer,Expert,Unreal Engine is an expert-level skill commonly required for Frontend Developer roles in the Software Engineering field.
SQL,Software Engineering,Business Intelligence Analyst,Expert,SQL is an expert-level skill commonly required for Business Intelligence Analyst roles in the Software Engineering field.
Selenium,Software Engineering,DevOps Engineer,Advanced,Selenium is an advanced-level skill commonly required for DevOps Engineer roles in the Software Engineering field.
Jupyter,Data & AI,Computer Vision Engineer,Intermediate,Jupyter is an intermediate-level skill commonly required for Computer Vision Engineer roles in the Data & AI field.
Employee Relations,Business,Business Analyst,Intermediate,Employee Relations is an intermediate-level skill commonly required for Business Analyst roles in the Business field.
Machine Learning,Data & AI,Computer Vision Engineer,Intermediate,Machine Learning is an intermediate-level skill commonly required for Computer Vision Engineer roles in the Data & AI field.
Docker,Software Engineering,Cloud Engineer,Advanced,Docker is an advanced-level skill commonly required for Cloud Engineer roles in the Software Engineering field.
Webpack,Software Engineering,DevOps Engineer,Expert,Webpack is an expert-level skill commonly required for DevOps Engineer roles in the Software Engineering field.
Valuation,Business,Financial Analyst,Advanced,Valuation is an advanced-level skill commonly required for Financial Analyst roles in the Business field.
Communication,Product & Management,Program Manager,Intermediate,Communication is an intermediate-level skill commonly required for Program Manager roles in the Product & Management field.
Color Theory,Design,UI Designer,Beginner,Color Theory is an beginner-level skill commonly required for UI Designer roles in the Design field.
Growth Hacking,Marketing,SEO Specialist,Intermediate,Growth Hacking is an intermediate-level skill commonly required for SEO Specialist roles in the Marketing field.
MongoDB,Software Engineering,Software Architect,Advanced,MongoDB is an advanced-level skill commonly required for Software Architect roles in the Software Engineering field.
Oracle,Cloud & Infrastructure,Network Engineer,Intermediate,Oracle is an intermediate-level skill commonly required for Network Engineer roles in the Cloud & Infrastructure field.
C#,Software Engineering,Frontend Developer,Beginner,C# is an beginner-level skill commonly required for Frontend Developer roles in the Software Engineering field.
Google Ads,Marketing,SEO Specialist,Advanced,Google Ads is an advanced-level skill commonly required for SEO Specialist roles in the Marketing field.
Solution Design,Business,Sales Engineer,Advanced,Solution Design is an advanced-level skill commonly required for Sales Engineer roles in the Business field.
Go,Software Engineering,Frontend Developer,Expert,Go is an expert-level skill commonly required for Frontend Developer roles in the Software Engineering field.
Grafana,Software Engineering,QA Engineer,Expert,Grafana is an expert-level skill commonly required for QA Engineer roles in the Software Engineering field.
Backup & Recovery,Cloud & Infrastructure,Database Administrator,Intermediate,Backup & Recovery is an intermediate-level skill commonly required for Database Administrator roles in the Cloud & Infrastructure field.
Market Research,Product & Management,Product Owner,Advanced,Market Research is an advanced-level skill commonly required for Product Owner roles in the Product & Management field.
Mathematics,Data & AI,Business Intelligence Analyst,Intermediate,Mathematics is an intermediate-level skill commonly required for Business Intelligence Analyst roles in the Data & AI field.
Monitoring,Software Engineering,DevOps Engineer,Advanced,Monitoring is an advanced-level skill commonly required for DevOps Engineer roles in the Software Engineering field.
Performance Management,Business,Financial Analyst,Advanced,Performance Management is an advanced-level skill commonly required for Financial Analyst roles in the Business field.
Game Design,Software Engineering,QA Engineer,Expert,Game Design is an expert-level skill commonly required for QA Engineer roles in the Software Engineering field.
Reinforcement Learning,Data & AI,Data Engineer,Expert,Reinforcement Learning is an expert-level skill commonly required for Data Engineer roles in the Data & AI field.
Node.js,Software Engineering,Frontend Developer,Intermediate,Node.js is an intermediate-level skill commonly required for Frontend Developer roles in the Software Engineering field.
Reinforcement Learning,Data & AI,Data Analyst,Expert,Reinforcement Learning is an expert-level skill commonly required for Data Analyst roles in the Data & AI field.
Google Ads,Marketing,Digital Marketing Specialist,Intermediate,Google Ads is an intermediate-level skill commonly required for Digital Marketing Specialist roles in the Marketing field.
Replication,Cloud & Infrastructure,Security Engineer,Expert,Replication is an expert-level skill commonly required for Security Engineer roles in the Cloud & Infrastructure field.
Image Processing,Data & AI,Business Intelligence Analyst,Expert,Image Processing is an expert-level skill commonly required for Business Intelligence Analyst roles in the Data & AI field.
Switching,Cloud & Infrastructure,Cloud Engineer,Beginner,Switching is an beginner-level skill commonly required for Cloud Engineer roles in the Cloud & Infrastructure field.
Optimization,Software Engineering,Full Stack Developer,Beginner,Optimization is an beginner-level skill commonly required for Full Stack Developer roles in the Software Engineering field.
Prioritization,Product & Management,Product Owner,Advanced,Prioritization is an advanced-level skill commonly required for Product Owner roles in the Product & Management field.
Test Automation,Software Engineering,DevOps Engineer,Intermediate,Test Automation is an intermediate-level skill commonly required for DevOps Engineer roles in the Software Engineering field.
Physics,Software Engineering,Full Stack Developer,Advanced,Physics is an advanced-level skill commonly required for Full Stack Developer roles in the Software Engineering field.
Kafka,Software Engineering,DevOps Engineer,Intermediate,Kafka is an intermediate-level skill commonly required for DevOps Engineer roles in the Software Engineering field.
C#,Software Engineering,DevOps Engineer,Intermediate,C# is an intermediate-level skill commonly required for DevOps Engineer roles in the Software Engineering field.
CNN,Data & AI,Data Scientist,Intermediate,CNN is an intermediate-level skill commonly required for Data Scientist roles in the Data & AI field.
Node.js,Software Engineering,Full Stack Developer,Advanced,Node.js is an advanced-level skill commonly required for Full Stack Developer roles in the Software Engineering field.
Model Deployment,Data & AI,Data Analyst,Beginner,Model Deployment is an beginner-level skill commonly required for Data Analyst roles in the Data & AI field.
AWS,Software Engineering,Game Developer,Intermediate,AWS is an intermediate-level skill commonly required for Game Developer roles in the Software Engineering field.
Data Warehousing,Data & AI,Machine Learning Engineer,Advanced,Data Warehousing is an advanced-level skill commonly required for Machine Learning Engineer roles in the Data & AI field.
Canva,Marketing,Social Media Manager,Expert,Canva is an expert-level skill commonly required for Social Media Manager roles in the Marketing field.
Communication,Product & Management,Product Owner,Expert,Communication is an expert-level skill commonly required for Product Owner roles in the Product & Management field.
APIs,Business,Financial Analyst,Beginner,APIs is an beginner-level skill commonly required for Financial Analyst roles in the Business field.
spaCy,Data & AI,NLP Engineer,Intermediate,spaCy is an intermediate-level skill commonly required for NLP Engineer roles in the Data & AI field.
Dashboards,Data & AI,Business Intelligence Analyst,Intermediate,Dashboards is an intermediate-level skill commonly required for Business Intelligence Analyst roles in the Data & AI field.
Journey Mapping,Design,Product Designer,Advanced,Journey Mapping is an advanced-level skill commonly required for Product Designer roles in the Design field.
Six Sigma,Business,HR Specialist,Beginner,Six Sigma is an beginner-level skill commonly required for HR Specialist roles in the Business field.
Coaching,Product & Management,Program Manager,Expert,Coaching is an expert-level skill commonly required for Program Manager roles in the Product & Management field.
Data Cleaning,Data & AI,Business Intelligence Analyst,Beginner,Data Cleaning is an beginner-level skill commonly required for Business Intelligence Analyst roles in the Data & AI field.
Risk Management,Product & Management,Program Manager,Advanced,Risk Management is an advanced-level skill commonly required for Program Manager roles in the Product & Management field.
Terraform,Software Engineering,Site Reliability Engineer,Beginner,Terraform is an beginner-level skill commonly required for Site Reliability Engineer roles in the Software Engineering field.
Monitoring,Software Engineering,Site Reliability Engineer,Advanced,Monitoring is an advanced-level skill commonly required for Site Reliability Engineer roles in the Software Engineering field.
OWASP,Cloud & Infrastructure,Security Engineer,Beginner,OWASP is an beginner-level skill commonly required for Security Engineer roles in the Cloud & Infrastructure field.
Tokenization,Data & AI,NLP Engineer,Beginner,Tokenization is an beginner-level skill commonly required for NLP Engineer roles in the Data & AI field.
AWS,Software Engineering,Software Architect,Expert,AWS is an expert-level skill commonly required for Software Architect roles in the Software Engineering field.
Switching,Cloud & Infrastructure,Network Engineer,Intermediate,Switching is an intermediate-level skill commonly required for Network Engineer roles in the Cloud & Infrastructure field.
Microservices,Software Engineering,Mobile Developer,Intermediate,Microservices is an intermediate-level skill commonly required for Mobile Developer roles in the Software Engineering field.
Ansible,Software Engineering,Mobile Developer,Advanced,Ansible is an advanced-level skill commonly required for Mobile Developer roles in the Software Engineering field.
Budgeting,Product & Management,Scrum Master,Intermediate,Budgeting is an intermediate-level skill commonly required for Scrum Master roles in the Product & Management field.
Statistics,Data & AI,Data Analyst,Intermediate,Statistics is an intermediate-level skill commonly required for Data Analyst roles in the Data & AI field.
Deep Learning,Data & AI,AI Researcher,Intermediate,Deep Learning is an intermediate-level skill commonly required for AI Researcher roles in the Data & AI field.
Data Modeling,Data & AI,Data Engineer,Expert,Data Modeling is an expert-level skill commonly required for Data Engineer roles in the Data & AI field.
A/B Testing,Data & AI,Growth Marketer,Intermediate,A/B Testing is an intermediate-level skill commonly required for Growth Marketer roles in the Data & AI field.
Kanban,Product & Management,Scrum Master,Beginner,Kanban is an beginner-level skill commonly required for Scrum Master roles in the Product & Management field.
NumPy,Data & AI,NLP Engineer,Advanced,NumPy is an advanced-level skill commonly required for NLP Engineer roles in the Data & AI field.
Snowflake,Data & AI,Machine Learning Engineer,Advanced,Snowflake is an advanced-level skill commonly required for Machine Learning Engineer roles in the Data & AI field.
OpenGL,Software Engineering,Game Developer,Beginner,OpenGL is an beginner-level skill commonly required for Game Developer roles in the Software Engineering field.
REST APIs,Software Engineering,Game Developer,Intermediate,REST APIs is an intermediate-level skill commonly required for Game Developer roles in the Software Engineering field.
User Research,Design,Product Designer,Beginner,User Research is an beginner-level skill commonly required for Product Designer roles in the Design field.
Jupyter,Data & AI,Business Intelligence Analyst,Intermediate,Jupyter is an intermediate-level skill commonly required for Business Intelligence Analyst roles in the Data & AI field.
Deep Learning,Data & AI,Computer Vision Engineer,Advanced,Deep Learning is an advanced-level skill commonly required for Computer Vision Engineer roles in the Data & AI field.
MongoDB,Software Engineering,Full Stack Developer,Beginner,MongoDB is an beginner-level skill commonly required for Full Stack Developer roles in the Software Engineering field.
Negotiation,Business,Sales Engineer,Intermediate,Negotiation is an intermediate-level skill commonly required for Sales Engineer roles in the Business field.
DAX,Data & AI,NLP Engineer,Intermediate,DAX is an intermediate-level skill commonly required for NLP Engineer roles in the Data & AI field.
Cybersecurity,Cloud & Infrastructure,Database Administrator,Intermediate,Cybersecurity is an intermediate-level skill commonly required for Database Administrator roles in the Cloud & Infrastructure field.
Machine Learning,Data & AI,Machine Learning Engineer,Expert,Machine Learning is an expert-level skill commonly required for Machine Learning Engineer roles in the Data & AI field.
Kotlin,Software Engineering,Full Stack Developer,Expert,Kotlin is an expert-level skill commonly required for Full Stack Developer roles in the Software Engineering field.
CSS,Software Engineering,Mobile Developer,Beginner,CSS is an beginner-level skill commonly required for Mobile Developer roles in the Software Engineering field.
Model Deployment,Data & AI,Data Engineer,Beginner,Model Deployment is an beginner-level skill commonly required for Data Engineer roles in the Data & AI field.
ETL,Data & AI,Data Engineer,Advanced,ETL is an advanced-level skill commonly required for Data Engineer roles in the Data & AI field.
Accessibility,Software Engineering,Frontend Developer,Beginner,Accessibility is an beginner-level skill commonly required for Frontend Developer roles in the Software Engineering field.
Kubernetes,Software Engineering,QA Engineer,Intermediate,Kubernetes is an intermediate-level skill commonly required for QA Engineer roles in the Software Engineering field.
SQL,Software Engineering,Game Developer,Expert,SQL is an expert-level skill commonly required for Game Developer roles in the Software Engineering field.
Conflict Resolution,Business,HR Specialist,Beginner,Conflict Resolution is an beginner-level skill commonly required for HR Specialist roles in the Business field.
C#,Software Engineering,Game Developer,Expert,C# is an expert-level skill commonly required for Game Developer roles in the Software Engineering field.
Prometheus,Software Engineering,Backend Developer,Beginner,Prometheus is an beginner-level skill commonly required for Backend Developer roles in the Software Engineering field.
Jupyter,Data & AI,Data Analyst,Expert,Jupyter is an expert-level skill commonly required for Data Analyst roles in the Data & AI field.
Data Warehousing,Data & AI,Business Intelligence Analyst,Intermediate,Data Warehousing is an intermediate-level skill commonly required for Business Intelligence Analyst roles in the Data & AI field.
Payroll,Business,Operations Manager,Beginner,Payroll is an beginner-level skill commonly required for Operations Manager roles in the Business field.
Figma,Design,Graphic Designer,Intermediate,Figma is an intermediate-level skill commonly required for Graphic Designer roles in the Design field.
Photoshop,Design,UI Designer,Expert,Photoshop is an expert-level skill commonly required for UI Designer roles in the Design field.
MongoDB,Software Engineering,QA Engineer,Advanced,MongoDB is an advanced-level skill commonly required for QA Engineer roles in the Software Engineering field.
CRM,Marketing,Social Media Manager,Beginner,CRM is an beginner-level skill commonly required for Social Media Manager roles in the Marketing field.
Training,Business,Operations Manager,Expert,Training is an expert-level skill commonly required for Operations Manager roles in the Business field.
Engagement,Marketing,SEO Specialist,Beginner,Engagement is an beginner-level skill commonly required for SEO Specialist roles in the Marketing field.
Machine Learning,Data & AI,AI Researcher,Expert,Machine Learning is an expert-level skill commonly required for AI Researcher roles in the Data & AI field.
Tableau,Data & AI,Data Analyst,Intermediate,Tableau is an intermediate-level skill commonly required for Data Analyst roles in the Data & AI field.
CloudFormation,Cloud & Infrastructure,Cloud Architect,Expert,CloudFormation is an expert-level skill commonly required for Cloud Architect roles in the Cloud & Infrastructure field.
Planning,Product & Management,Product Manager,Beginner,Planning is an beginner-level skill commonly required for Product Manager roles in the Product & Management field.
Tokenization,Data & AI,Business Intelligence Analyst,Advanced,Tokenization is an advanced-level skill commonly required for Business Intelligence Analyst roles in the Data & AI field.
Email Marketing,Marketing,Social Media Manager,Expert,Email Marketing is an expert-level skill commonly required for Social Media Manager roles in the Marketing field.
OpenCV,Data & AI,AI Researcher,Advanced,OpenCV is an advanced-level skill commonly required for AI Researcher roles in the Data & AI field.
Jira,Software Engineering,QA Engineer,Expert,Jira is an expert-level skill commonly required for QA Engineer roles in the Software Engineering field.
Keyword Research,Marketing,SEO Specialist,Intermediate,Keyword Research is an intermediate-level skill commonly required for SEO Specialist roles in the Marketing field.
Pandas,Data & AI,Computer Vision Engineer,Advanced,Pandas is an advanced-level skill commonly required for Computer Vision Engineer roles in the Data & AI field.
Reporting,Data & AI,Business Intelligence Analyst,Expert,Reporting is an expert-level skill commonly required for Business Intelligence Analyst roles in the Data & AI field.
3D Math,Software Engineering,DevOps Engineer,Advanced,3D Math is an advanced-level skill commonly required for DevOps Engineer roles in the Software Engineering field.
DAX,Data & AI,Data Engineer,Advanced,DAX is an advanced-level skill commonly required for Data Engineer roles in the Data & AI field.
Cypress,Software Engineering,Full Stack Developer,Advanced,Cypress is an advanced-level skill commonly required for Full Stack Developer roles in the Software Engineering field.
Manual Testing,Software Engineering,Mobile Developer,Intermediate,Manual Testing is an intermediate-level skill commonly required for Mobile Developer roles in the Software Engineering field.
APIs,Business,HR Specialist,Advanced,APIs is an advanced-level skill commonly required for HR Specialist roles in the Business field.
UI Design,Software Engineering,Game Developer,Advanced,UI Design is an advanced-level skill commonly required for Game Developer roles in the Software Engineering field.
Design Patterns,Software Engineering,Mobile Developer,Advanced,Design Patterns is an advanced-level skill commonly required for Mobile Developer roles in the Software Engineering field.
Node.js,Software Engineering,Game Developer,Expert,Node.js is an expert-level skill commonly required for Game Developer roles in the Software Engineering field.
Stakeholder Management,Product & Management,Business Analyst,Beginner,Stakeholder Management is an beginner-level skill commonly required for Business Analyst roles in the Product & Management field.
Accounting,Business,Operations Manager,Intermediate,Accounting is an intermediate-level skill commonly required for Operations Manager roles in the Business field.
Customer Success,Business,Operations Manager,Expert,Customer Success is an expert-level skill commonly required for Operations Manager roles in the Business field.
Power BI,Data & AI,Data Scientist,Beginner,Power BI is an beginner-level skill commonly required for Data Scientist roles in the Data & AI field.
Django,Software Engineering,QA Engineer,Advanced,Django is an advanced-level skill commonly required for QA Engineer roles in the Software Engineering field.
BERT,Data & AI,Data Scientist,Expert,BERT is an expert-level skill commonly required for Data Scientist roles in the Data & AI field.
Android SDK,Software Engineering,Backend Developer,Expert,Android SDK is an expert-level skill commonly required for Backend Developer roles in the Software Engineering field.
Optimization,Software Engineering,Backend Developer,Intermediate,Optimization is an intermediate-level skill commonly required for Backend Developer roles in the Software Engineering field.
Email Marketing,Marketing,SEO Specialist,Intermediate,Email Marketing is an intermediate-level skill commonly required for SEO Specialist roles in the Marketing field.
Bash,Software Engineering,Site Reliability Engineer,Beginner,Bash is an beginner-level skill commonly required for Site Reliability Engineer roles in the Software Engineering field.
NLP,Data & AI,Machine Learning Engineer,Expert,NLP is an expert-level skill commonly required for Machine Learning Engineer roles in the Data & AI field.
Publications,Data & AI,Business Intelligence Analyst,Advanced,Publications is an advanced-level skill commonly required for Business Intelligence Analyst roles in the Data & AI field.
Node.js,Software Engineering,Backend Developer,Beginner,Node.js is an beginner-level skill commonly required for Backend Developer roles in the Software Engineering field.
Microservices,Software Engineering,Game Developer,Expert,Microservices is an expert-level skill commonly required for Game Developer roles in the Software Engineering field.
Bug Tracking,Software Engineering,Game Developer,Advanced,Bug Tracking is an advanced-level skill commonly required for Game Developer roles in the Software Engineering field.
JavaScript,Software Engineering,DevOps Engineer,Intermediate,JavaScript is an intermediate-level skill commonly required for DevOps Engineer roles in the Software Engineering field.
Storytelling,Marketing,Digital Marketing Specialist,Intermediate,Storytelling is an intermediate-level skill commonly required for Digital Marketing Specialist roles in the Marketing field.
Strategy,Product & Management,Program Manager,Beginner,Strategy is an beginner-level skill commonly required for Program Manager roles in the Product & Management field.
Leadership,Software Engineering,Software Architect,Intermediate,Leadership is an intermediate-level skill commonly required for Software Architect roles in the Software Engineering field.
Bash,Software Engineering,QA Engineer,Intermediate,Bash is an intermediate-level skill commonly required for QA Engineer roles in the Software Engineering field.
Presentations,Business,Business Analyst,Advanced,Presentations is an advanced-level skill commonly required for Business Analyst roles in the Business field.
Webpack,Software Engineering,QA Engineer,Advanced,Webpack is an advanced-level skill commonly required for QA Engineer roles in the Software Engineering field.
Canva,Marketing,Growth Marketer,Advanced,Canva is an advanced-level skill commonly required for Growth Marketer roles in the Marketing field.
Git,Software Engineering,Software Architect,Expert,Git is an expert-level skill commonly required for Software Architect roles in the Software Engineering field.
Figma,Design,Interaction Designer,Beginner,Figma is an beginner-level skill commonly required for Interaction Designer roles in the Design field.
ETL,Data & AI,NLP Engineer,Advanced,ETL is an advanced-level skill commonly required for NLP Engineer roles in the Data & AI field.
Content Strategy,Marketing,SEO Specialist,Intermediate,Content Strategy is an intermediate-level skill commonly required for SEO Specialist roles in the Marketing field.
On-page SEO,Marketing,Growth Marketer,Intermediate,On-page SEO is an intermediate-level skill commonly required for Growth Marketer roles in the Marketing field.
Linux,Software Engineering,Game Developer,Advanced,Linux is an advanced-level skill commonly required for Game Developer roles in the Software Engineering field.
NumPy,Data & AI,Data Engineer,Intermediate,NumPy is an intermediate-level skill commonly required for Data Engineer roles in the Data & AI field.
Google Analytics,Marketing,Digital Marketing Specialist,Intermediate,Google Analytics is an intermediate-level skill commonly required for Digital Marketing Specialist roles in the Marketing field.
Network Security,Cloud & Infrastructure,Database Administrator,Expert,Network Security is an expert-level skill commonly required for Database Administrator roles in the Cloud & Infrastructure field.
Lean,Business,Sales Engineer,Intermediate,Lean is an intermediate-level skill commonly required for Sales Engineer roles in the Business field.
Game Design,Software Engineering,Frontend Developer,Intermediate,Game Design is an intermediate-level skill commonly required for Frontend Developer roles in the Software Engineering field.
Mathematics,Data & AI,Computer Vision Engineer,Intermediate,Mathematics is an intermediate-level skill commonly required for Computer Vision Engineer roles in the Data & AI field.
OpenCV,Data & AI,Computer Vision Engineer,Advanced,OpenCV is an advanced-level skill commonly required for Computer Vision Engineer roles in the Data & AI field.
Unreal Engine,Software Engineering,Mobile Developer,Expert,Unreal Engine is an expert-level skill commonly required for Mobile Developer roles in the Software Engineering field.
Model Deployment,Data & AI,NLP Engineer,Expert,Model Deployment is an expert-level skill commonly required for NLP Engineer roles in the Data & AI field.
Terraform,Software Engineering,Full Stack Developer,Advanced,Terraform is an advanced-level skill commonly required for Full Stack Developer roles in the Software Engineering field.
Prototyping,Design,Interaction Designer,Intermediate,Prototyping is an intermediate-level skill commonly required for Interaction Designer roles in the Design field.
Recruitment,Business,Operations Manager,Advanced,Recruitment is an advanced-level skill commonly required for Operations Manager roles in the Business field.
User Research,Design,Interaction Designer,Expert,User Research is an expert-level skill commonly required for Interaction Designer roles in the Design field.
Requirements Gathering,Business,Business Analyst,Advanced,Requirements Gathering is an advanced-level skill commonly required for Business Analyst roles in the Business field.
Scalability,Software Engineering,Backend Developer,Advanced,Scalability is an advanced-level skill commonly required for Backend Developer roles in the Software Engineering field.
CNN,Data & AI,Data Analyst,Intermediate,CNN is an intermediate-level skill commonly required for Data Analyst roles in the Data & AI field.
ETL,Data & AI,Machine Learning Engineer,Advanced,ETL is an advanced-level skill commonly required for Machine Learning Engineer roles in the Data & AI field.
Process Improvement,Business,Business Analyst,Advanced,Process Improvement is an advanced-level skill commonly required for Business Analyst roles in the Business field.
Android SDK,Software Engineering,Game Developer,Advanced,Android SDK is an advanced-level skill commonly required for Game Developer roles in the Software Engineering field.
Typography,Design,UX Designer,Advanced,Typography is an advanced-level skill commonly required for UX Designer roles in the Design field.
UX Design,Design,UX Designer,Expert,UX Design is an expert-level skill commonly required for UX Designer roles in the Design field.
Redis,Software Engineering,Backend Developer,Advanced,Redis is an advanced-level skill commonly required for Backend Developer roles in the Software Engineering field.
Analytics,Product & Management,Operations Manager,Expert,Analytics is an expert-level skill commonly required for Operations Manager roles in the Product & Management field.
JavaScript,Software Engineering,QA Engineer,Expert,JavaScript is an expert-level skill commonly required for QA Engineer roles in the Software Engineering field.
Tableau,Data & AI,Business Intelligence Analyst,Expert,Tableau is an expert-level skill commonly required for Business Intelligence Analyst roles in the Data & AI field.
iOS,Software Engineering,Software Architect,Beginner,iOS is an beginner-level skill commonly required for Software Architect roles in the Software Engineering field.
Agile,Product & Management,Program Manager,Expert,Agile is an expert-level skill commonly required for Program Manager roles in the Product & Management field.
SQL,Software Engineering,Full Stack Developer,Beginner,SQL is an beginner-level skill commonly required for Full Stack Developer roles in the Software Engineering field.
UI Design,Software Engineering,Full Stack Developer,Expert,UI Design is an expert-level skill commonly required for Full Stack Developer roles in the Software Engineering field.
Process Improvement,Business,Financial Analyst,Advanced,Process Improvement is an advanced-level skill commonly required for Financial Analyst roles in the Business field.
Prioritization,Product & Management,Program Manager,Intermediate,Prioritization is an intermediate-level skill commonly required for Program Manager roles in the Product & Management field.
Docker,Software Engineering,DevOps Engineer,Expert,Docker is an expert-level skill commonly required for DevOps Engineer roles in the Software Engineering field.
BERT,Data & AI,NLP Engineer,Advanced,BERT is an advanced-level skill commonly required for NLP Engineer roles in the Data & AI field.
Program Management,Product & Management,Program Manager,Beginner,Program Management is an beginner-level skill commonly required for Program Manager roles in the Product & Management field.
MongoDB,Software Engineering,Backend Developer,Intermediate,MongoDB is an intermediate-level skill commonly required for Backend Developer roles in the Software Engineering field.
Encryption,Cloud & Infrastructure,Database Administrator,Intermediate,Encryption is an intermediate-level skill commonly required for Database Administrator roles in the Cloud & Infrastructure field.
Sprint Planning,Product & Management,Product Owner,Advanced,Sprint Planning is an advanced-level skill commonly required for Product Owner roles in the Product & Management field.
Reporting,Data & AI,Data Engineer,Advanced,Reporting is an advanced-level skill commonly required for Data Engineer roles in the Data & AI field.
System Design,Software Engineering,Software Architect,Advanced,System Design is an advanced-level skill commonly required for Software Architect roles in the Software Engineering field.
Docker,Software Engineering,Game Developer,Beginner,Docker is an beginner-level skill commonly required for Game Developer roles in the Software Engineering field.
Communication,Product & Management,Scrum Master,Advanced,Communication is an advanced-level skill commonly required for Scrum Master roles in the Product & Management field.
Scheduling Tools,Marketing,Social Media Manager,Expert,Scheduling Tools is an expert-level skill commonly required for Social Media Manager roles in the Marketing field.
Roadmapping,Product & Management,Product Owner,Expert,Roadmapping is an expert-level skill commonly required for Product Owner roles in the Product & Management field.
Unity,Software Engineering,Mobile Developer,Advanced,Unity is an advanced-level skill commonly required for Mobile Developer roles in the Software Engineering field.
NLP,Data & AI,Data Scientist,Intermediate,NLP is an intermediate-level skill commonly required for Data Scientist roles in the Data & AI field.
Facilitation,Product & Management,Program Manager,Intermediate,Facilitation is an intermediate-level skill commonly required for Program Manager roles in the Product & Management field.
Firebase,Software Engineering,Game Developer,Expert,Firebase is an expert-level skill commonly required for Game Developer roles in the Software Engineering field.
Android SDK,Software Engineering,QA Engineer,Advanced,Android SDK is an advanced-level skill commonly required for QA Engineer roles in the Software Engineering field.
Security,Cloud & Infrastructure,Security Engineer,Beginner,Security is an beginner-level skill commonly required for Security Engineer roles in the Cloud & Infrastructure field.
Dashboards,Data & AI,NLP Engineer,Beginner,Dashboards is an beginner-level skill commonly required for NLP Engineer roles in the Data & AI field.
Incident Response,Software Engineering,Frontend Developer,Intermediate,Incident Response is an intermediate-level skill commonly required for Frontend Developer roles in the Software Engineering field.
Hadoop,Data & AI,Data Engineer,Intermediate,Hadoop is an intermediate-level skill commonly required for Data Engineer roles in the Data & AI field.
CI/CD,Software Engineering,Cloud Engineer,Advanced,CI/CD is an advanced-level skill commonly required for Cloud Engineer roles in the Software Engineering field.
Adobe XD,Design,Graphic Designer,Expert,Adobe XD is an expert-level skill commonly required for Graphic Designer roles in the Design field.
Performance Tuning,Cloud & Infrastructure,Network Engineer,Expert,Performance Tuning is an expert-level skill commonly required for Network Engineer roles in the Cloud & Infrastructure field.
Monitoring,Software Engineering,Cloud Engineer,Beginner,Monitoring is an beginner-level skill commonly required for Cloud Engineer roles in the Software Engineering field.
Deep Learning,Data & AI,Data Scientist,Expert,Deep Learning is an expert-level skill commonly required for Data Scientist roles in the Data & AI field.
Design Patterns,Software Engineering,Frontend Developer,Expert,Design Patterns is an expert-level skill commonly required for Frontend Developer roles in the Software Engineering field.
AWS,Software Engineering,Cloud Engineer,Intermediate,AWS is an intermediate-level skill commonly required for Cloud Engineer roles in the Software Engineering field.
CI/CD,Software Engineering,Site Reliability Engineer,Advanced,CI/CD is an advanced-level skill commonly required for Site Reliability Engineer roles in the Software Engineering field.
Usability Testing,Design,UI Designer,Expert,Usability Testing is an expert-level skill commonly required for UI Designer roles in the Design field.
Data Analysis,Business,HR Specialist,Beginner,Data Analysis is an beginner-level skill commonly required for HR Specialist roles in the Business field.
Terraform,Software Engineering,DevOps Engineer,Beginner,Terraform is an beginner-level skill commonly required for DevOps Engineer roles in the Software Engineering field.
Compliance,Business,Business Analyst,Beginner,Compliance is an beginner-level skill commonly required for Business Analyst roles in the Business field.
Postman,Software Engineering,DevOps Engineer,Advanced,Postman is an advanced-level skill commonly required for DevOps Engineer roles in the Software Engineering field.
Bug Tracking,Software Engineering,Site Reliability Engineer,Advanced,Bug Tracking is an advanced-level skill commonly required for Site Reliability Engineer roles in the Software Engineering field.
Wireframing,Design,Product Designer,Advanced,Wireframing is an advanced-level skill commonly required for Product Designer roles in the Design field.
MySQL,Cloud & Infrastructure,Cloud Engineer,Expert,MySQL is an expert-level skill commonly required for Cloud Engineer roles in the Cloud & Infrastructure field.
Excel,Data & AI,Machine Learning Engineer,Advanced,Excel is an advanced-level skill commonly required for Machine Learning Engineer roles in the Data & AI field.
Typography,Design,Interaction Designer,Beginner,Typography is an beginner-level skill commonly required for Interaction Designer roles in the Design field.
Interaction Design,Design,Graphic Designer,Expert,Interaction Design is an expert-level skill commonly required for Graphic Designer roles in the Design field.
Jupyter,Data & AI,Machine Learning Engineer,Intermediate,Jupyter is an intermediate-level skill commonly required for Machine Learning Engineer roles in the Data & AI field.
Jest,Software Engineering,Frontend Developer,Beginner,Jest is an beginner-level skill commonly required for Frontend Developer roles in the Software Engineering field.
Linux,Software Engineering,Network Engineer,Advanced,Linux is an advanced-level skill commonly required for Network Engineer roles in the Software Engineering field.
Flutter,Software Engineering,QA Engineer,Expert,Flutter is an expert-level skill commonly required for QA Engineer roles in the Software Engineering field.
Information Architecture,Design,UX Designer,Intermediate,Information Architecture is an intermediate-level skill commonly required for UX Designer roles in the Design field.
Content Marketing,Marketing,SEO Specialist,Intermediate,Content Marketing is an intermediate-level skill commonly required for SEO Specialist roles in the Marketing field.
Onboarding,Business,Sales Engineer,Advanced,Onboarding is an advanced-level skill commonly required for Sales Engineer roles in the Business field.
Lean,Business,Financial Analyst,Intermediate,Lean is an intermediate-level skill commonly required for Financial Analyst roles in the Business field.
Onboarding,Business,Operations Manager,Beginner,Onboarding is an beginner-level skill commonly required for Operations Manager roles in the Business field.
Redis,Software Engineering,Full Stack Developer,Expert,Redis is an expert-level skill commonly required for Full Stack Developer roles in the Software Engineering field.
PostgreSQL,Cloud & Infrastructure,Network Engineer,Intermediate,PostgreSQL is an intermediate-level skill commonly required for Network Engineer roles in the Cloud & Infrastructure field.
React Native,Software Engineering,Software Architect,Advanced,React Native is an advanced-level skill commonly required for Software Architect roles in the Software Engineering field.
React,Software Engineering,Backend Developer,Advanced,React is an advanced-level skill commonly required for Backend Developer roles in the Software Engineering field.
Jira,Software Engineering,Frontend Developer,Advanced,Jira is an advanced-level skill commonly required for Frontend Developer roles in the Software Engineering field.
Hadoop,Data & AI,AI Researcher,Beginner,Hadoop is an beginner-level skill commonly required for AI Researcher roles in the Data & AI field.
Sprint Planning,Product & Management,Program Manager,Intermediate,Sprint Planning is an intermediate-level skill commonly required for Program Manager roles in the Product & Management field.
Android SDK,Software Engineering,Software Architect,Beginner,Android SDK is an beginner-level skill commonly required for Software Architect roles in the Software Engineering field.
Engagement,Marketing,Content Strategist,Advanced,Engagement is an advanced-level skill commonly required for Content Strategist roles in the Marketing field.
CRM,Marketing,SEO Specialist,Advanced,CRM is an advanced-level skill commonly required for SEO Specialist roles in the Marketing field.
Snowflake,Data & AI,NLP Engineer,Expert,Snowflake is an expert-level skill commonly required for NLP Engineer roles in the Data & AI field.
Accessibility,Software Engineering,Backend Developer,Intermediate,Accessibility is an intermediate-level skill commonly required for Backend Developer roles in the Software Engineering field.
CUDA,Data & AI,Data Analyst,Intermediate,CUDA is an intermediate-level skill commonly required for Data Analyst roles in the Data & AI field.
Information Architecture,Design,UI Designer,Advanced,Information Architecture is an advanced-level skill commonly required for UI Designer roles in the Design field.
Unreal Engine,Software Engineering,Backend Developer,Expert,Unreal Engine is an expert-level skill commonly required for Backend Developer roles in the Software Engineering field.
Ansible,Software Engineering,Site Reliability Engineer,Intermediate,Ansible is an intermediate-level skill commonly required for Site Reliability Engineer roles in the Software Engineering field.
Postman,Software Engineering,Full Stack Developer,Expert,Postman is an expert-level skill commonly required for Full Stack Developer roles in the Software Engineering field.
Figma,Design,UX Designer,Advanced,Figma is an advanced-level skill commonly required for UX Designer roles in the Design field.
Kotlin,Software Engineering,Mobile Developer,Advanced,Kotlin is an advanced-level skill commonly required for Mobile Developer roles in the Software Engineering field.
SEO,Marketing,Social Media Manager,Intermediate,SEO is an intermediate-level skill commonly required for Social Media Manager roles in the Marketing field.
Kotlin,Software Engineering,QA Engineer,Advanced,Kotlin is an advanced-level skill commonly required for QA Engineer roles in the Software Engineering field.
GraphQL,Software Engineering,Site Reliability Engineer,Advanced,GraphQL is an advanced-level skill commonly required for Site Reliability Engineer roles in the Software Engineering field.
Process Modeling,Business,Financial Analyst,Beginner,Process Modeling is an beginner-level skill commonly required for Financial Analyst roles in the Business field.
React Native,Software Engineering,QA Engineer,Intermediate,React Native is an intermediate-level skill commonly required for QA Engineer roles in the Software Engineering field.
Link Building,Marketing,Social Media Manager,Beginner,Link Building is an beginner-level skill commonly required for Social Media Manager roles in the Marketing field.
Journey Mapping,Design,UI Designer,Expert,Journey Mapping is an expert-level skill commonly required for UI Designer roles in the Design field.
Go,Software Engineering,Mobile Developer,Expert,Go is an expert-level skill commonly required for Mobile Developer roles in the Software Engineering field.
User Research,Design,UI Designer,Expert,User Research is an expert-level skill commonly required for UI Designer roles in the Design field.
Prototyping,Design,UI Designer,Expert,Prototyping is an expert-level skill commonly required for UI Designer roles in the Design field.
Accessibility,Software Engineering,Site Reliability Engineer,Beginner,Accessibility is an beginner-level skill commonly required for Site Reliability Engineer roles in the Software Engineering field.
Bug Tracking,Software Engineering,Backend Developer,Beginner,Bug Tracking is an beginner-level skill commonly required for Backend Developer roles in the Software Engineering field.
Customer Success,Business,Sales Engineer,Advanced,Customer Success is an advanced-level skill commonly required for Sales Engineer roles in the Business field.
Statistics,Data & AI,Business Intelligence Analyst,Beginner,Statistics is an beginner-level skill commonly required for Business Intelligence Analyst roles in the Data & AI field.
Paid Ads,Marketing,Content Strategist,Expert,Paid Ads is an expert-level skill commonly required for Content Strategist roles in the Marketing field.
Budgeting,Product & Management,Project Manager,Beginner,Budgeting is an beginner-level skill commonly required for Project Manager roles in the Product & Management field.
Email Marketing,Marketing,Growth Marketer,Advanced,Email Marketing is an advanced-level skill commonly required for Growth Marketer roles in the Marketing field.
Optimization,Software Engineering,Software Architect,Expert,Optimization is an expert-level skill commonly required for Software Architect roles in the Software Engineering field.
Ansible,Software Engineering,Software Architect,Advanced,Ansible is an advanced-level skill commonly required for Software Architect roles in the Software Engineering field.
Firebase,Software Engineering,Software Architect,Advanced,Firebase is an advanced-level skill commonly required for Software Architect roles in the Software Engineering field.
Terraform,Software Engineering,Frontend Developer,Beginner,Terraform is an beginner-level skill commonly required for Frontend Developer roles in the Software Engineering field.
User Stories,Product & Management,Product Owner,Beginner,User Stories is an beginner-level skill commonly required for Product Owner roles in the Product & Management field.
HRIS,Business,Operations Manager,Beginner,HRIS is an beginner-level skill commonly required for Operations Manager roles in the Business field.
Reinforcement Learning,Data & AI,NLP Engineer,Beginner,Reinforcement Learning is an beginner-level skill commonly required for NLP Engineer roles in the Data & AI field.
CI/CD,Software Engineering,QA Engineer,Intermediate,CI/CD is an intermediate-level skill commonly required for QA Engineer roles in the Software Engineering field.
Game Design,Software Engineering,Game Developer,Beginner,Game Design is an beginner-level skill commonly required for Game Developer roles in the Software Engineering field.
Servant Leadership,Product & Management,Scrum Master,Expert,Servant Leadership is an expert-level skill commonly required for Scrum Master roles in the Product & Management field.
AWS,Software Engineering,Mobile Developer,Intermediate,AWS is an intermediate-level skill commonly required for Mobile Developer roles in the Software Engineering field.
CMS,Marketing,Content Strategist,Beginner,CMS is an beginner-level skill commonly required for Content Strategist roles in the Marketing field.
Spark,Data & AI,Machine Learning Engineer,Expert,Spark is an expert-level skill commonly required for Machine Learning Engineer roles in the Data & AI field.
DAX,Data & AI,Business Intelligence Analyst,Advanced,DAX is an advanced-level skill commonly required for Business Intelligence Analyst roles in the Data & AI field.
Figma,Design,Product Designer,Expert,Figma is an expert-level skill commonly required for Product Designer roles in the Design field.
Kubernetes,Software Engineering,Game Developer,Expert,Kubernetes is an expert-level skill commonly required for Game Developer roles in the Software Engineering field.
Presentations,Business,Financial Analyst,Intermediate,Presentations is an intermediate-level skill commonly required for Financial Analyst roles in the Business field.
Email Marketing,Marketing,Digital Marketing Specialist,Advanced,Email Marketing is an advanced-level skill commonly required for Digital Marketing Specialist roles in the Marketing field.
Data Modeling,Data & AI,Data Analyst,Beginner,Data Modeling is an beginner-level skill commonly required for Data Analyst roles in the Data & AI field.
TypeScript,Software Engineering,Full Stack Developer,Intermediate,TypeScript is an intermediate-level skill commonly required for Full Stack Developer roles in the Software Engineering field.
Content Creation,Marketing,Digital Marketing Specialist,Advanced,Content Creation is an advanced-level skill commonly required for Digital Marketing Specialist roles in the Marketing field.
SEO,Marketing,Digital Marketing Specialist,Expert,SEO is an expert-level skill commonly required for Digital Marketing Specialist roles in the Marketing field.
Illustrator,Design,UI Designer,Expert,Illustrator is an expert-level skill commonly required for UI Designer roles in the Design field.
Firebase,Software Engineering,DevOps Engineer,Beginner,Firebase is an beginner-level skill commonly required for DevOps Engineer roles in the Software Engineering field.
NumPy,Data & AI,Business Intelligence Analyst,Expert,NumPy is an expert-level skill commonly required for Business Intelligence Analyst roles in the Data & AI field.
Data Visualization,Data & AI,Data Engineer,Advanced,Data Visualization is an advanced-level skill commonly required for Data Engineer roles in the Data & AI field.
Firewalls,Cloud & Infrastructure,Network Engineer,Beginner,Firewalls is an beginner-level skill commonly required for Network Engineer roles in the Cloud & Infrastructure field.
Unreal Engine,Software Engineering,Software Architect,Expert,Unreal Engine is an expert-level skill commonly required for Software Architect roles in the Software Engineering field.
Reporting,Data & AI,Data Scientist,Beginner,Reporting is an beginner-level skill commonly required for Data Scientist roles in the Data & AI field.
System Design,Software Engineering,Frontend Developer,Beginner,System Design is an beginner-level skill commonly required for Frontend Developer roles in the Software Engineering field.
SEO,Marketing,Content Strategist,Intermediate,SEO is an intermediate-level skill commonly required for Content Strategist roles in the Marketing field.
Scalability,Software Engineering,Software Architect,Advanced,Scalability is an advanced-level skill commonly required for Software Architect roles in the Software Engineering field.
Microservices,Software Engineering,Cloud Architect,Expert,Microservices is an expert-level skill commonly required for Cloud Architect roles in the Software Engineering field.
Experimentation,Marketing,Growth Marketer,Intermediate,Experimentation is an intermediate-level skill commonly required for Growth Marketer roles in the Marketing field.
Android SDK,Software Engineering,Full Stack Developer,Advanced,Android SDK is an advanced-level skill commonly required for Full Stack Developer roles in the Software Engineering field.
3D Math,Software Engineering,Game Developer,Intermediate,3D Math is an intermediate-level skill commonly required for Game Developer roles in the Software Engineering field.
UI Design,Software Engineering,DevOps Engineer,Advanced,UI Design is an advanced-level skill commonly required for DevOps Engineer roles in the Software Engineering field.
CNN,Data & AI,Machine Learning Engineer,Expert,CNN is an expert-level skill commonly required for Machine Learning Engineer roles in the Data & AI field.
Motion Design,Design,Interaction Designer,Intermediate,Motion Design is an intermediate-level skill commonly required for Interaction Designer roles in the Design field.
CSS,Software Engineering,UI Designer,Advanced,CSS is an advanced-level skill commonly required for UI Designer roles in the Software Engineering field.
Git,Software Engineering,DevOps Engineer,Intermediate,Git is an intermediate-level skill commonly required for DevOps Engineer roles in the Software Engineering field.
Cybersecurity,Cloud & Infrastructure,Security Engineer,Intermediate,Cybersecurity is an intermediate-level skill commonly required for Security Engineer roles in the Cloud & Infrastructure field.
OpenCV,Data & AI,Data Analyst,Intermediate,OpenCV is an intermediate-level skill commonly required for Data Analyst roles in the Data & AI field.
Monitoring,Software Engineering,Frontend Developer,Intermediate,Monitoring is an intermediate-level skill commonly required for Frontend Developer roles in the Software Engineering field.
Prometheus,Software Engineering,Mobile Developer,Advanced,Prometheus is an advanced-level skill commonly required for Mobile Developer roles in the Software Engineering field.
TensorFlow,Data & AI,Data Analyst,Intermediate,TensorFlow is an intermediate-level skill commonly required for Data Analyst roles in the Data & AI field.
Prototyping,Design,Product Designer,Beginner,Prototyping is an beginner-level skill commonly required for Product Designer roles in the Design field.
Git,Software Engineering,QA Engineer,Beginner,Git is an beginner-level skill commonly required for QA Engineer roles in the Software Engineering field.
Airflow,Data & AI,Business Intelligence Analyst,Beginner,Airflow is an beginner-level skill commonly required for Business Intelligence Analyst roles in the Data & AI field.
Kafka,Software Engineering,Software Architect,Intermediate,Kafka is an intermediate-level skill commonly required for Software Architect roles in the Software Engineering field.
Redux,Software Engineering,Software Architect,Advanced,Redux is an advanced-level skill commonly required for Software Architect roles in the Software Engineering field.
VPN,Cloud & Infrastructure,Security Engineer,Beginner,VPN is an beginner-level skill commonly required for Security Engineer roles in the Cloud & Infrastructure field.
Program Management,Product & Management,Scrum Master,Advanced,Program Management is an advanced-level skill commonly required for Scrum Master roles in the Product & Management field.
Data Visualization,Data & AI,AI Researcher,Advanced,Data Visualization is an advanced-level skill commonly required for AI Researcher roles in the Data & AI field.
Kotlin,Software Engineering,Backend Developer,Intermediate,Kotlin is an intermediate-level skill commonly required for Backend Developer roles in the Software Engineering field.
Flutter,Software Engineering,DevOps Engineer,Intermediate,Flutter is an intermediate-level skill commonly required for DevOps Engineer roles in the Software Engineering field.
React,Software Engineering,Game Developer,Intermediate,React is an intermediate-level skill commonly required for Game Developer roles in the Software Engineering field.
Excel,Data & AI,Data Engineer,Advanced,Excel is an advanced-level skill commonly required for Data Engineer roles in the Data & AI field.
Financial Modeling,Business,Sales Engineer,Intermediate,Financial Modeling is an intermediate-level skill commonly required for Sales Engineer roles in the Business field.
Technical Sales,Business,HR Specialist,Expert,Technical Sales is an expert-level skill commonly required for HR Specialist roles in the Business field.
Power BI,Data & AI,Business Intelligence Analyst,Advanced,Power BI is an advanced-level skill commonly required for Business Intelligence Analyst roles in the Data & AI field.
HRIS,Business,Business Analyst,Intermediate,HRIS is an intermediate-level skill commonly required for Business Analyst roles in the Business field.
Process Modeling,Business,Business Analyst,Intermediate,Process Modeling is an intermediate-level skill commonly required for Business Analyst roles in the Business field.
Jenkins,Software Engineering,Frontend Developer,Advanced,Jenkins is an advanced-level skill commonly required for Frontend Developer roles in the Software Engineering field.
A/B Testing,Data & AI,Data Analyst,Beginner,A/B Testing is an beginner-level skill commonly required for Data Analyst roles in the Data & AI field.
PostgreSQL,Cloud & Infrastructure,Cloud Engineer,Intermediate,PostgreSQL is an intermediate-level skill commonly required for Cloud Engineer roles in the Cloud & Infrastructure field.
Routing,Cloud & Infrastructure,Database Administrator,Expert,Routing is an expert-level skill commonly required for Database Administrator roles in the Cloud & Infrastructure field.
Azure,Cloud & Infrastructure,Network Engineer,Beginner,Azure is an beginner-level skill commonly required for Network Engineer roles in the Cloud & Infrastructure field.
Snowflake,Data & AI,AI Researcher,Expert,Snowflake is an expert-level skill commonly required for AI Researcher roles in the Data & AI field.
Motion Design,Design,Graphic Designer,Beginner,Motion Design is an beginner-level skill commonly required for Graphic Designer roles in the Design field.
GCP,Cloud & Infrastructure,Database Administrator,Expert,GCP is an expert-level skill commonly required for Database Administrator roles in the Cloud & Infrastructure field.
Docker,Software Engineering,QA Engineer,Intermediate,Docker is an intermediate-level skill commonly required for QA Engineer roles in the Software Engineering field.
Process Modeling,Business,HR Specialist,Expert,Process Modeling is an expert-level skill commonly required for HR Specialist roles in the Business field.
Linux,Software Engineering,Full Stack Developer,Beginner,Linux is an beginner-level skill commonly required for Full Stack Developer roles in the Software Engineering field.
Content Creation,Marketing,Content Strategist,Expert,Content Creation is an expert-level skill commonly required for Content Strategist roles in the Marketing field.
Python,Software Engineering,Site Reliability Engineer,Expert,Python is an expert-level skill commonly required for Site Reliability Engineer roles in the Software Engineering field.
Conflict Resolution,Business,Business Analyst,Expert,Conflict Resolution is an expert-level skill commonly required for Business Analyst roles in the Business field.
On-page SEO,Marketing,Digital Marketing Specialist,Intermediate,On-page SEO is an intermediate-level skill commonly required for Digital Marketing Specialist roles in the Marketing field.
Performance Tuning,Cloud & Infrastructure,Cloud Architect,Intermediate,Performance Tuning is an intermediate-level skill commonly required for Cloud Architect roles in the Cloud & Infrastructure field.
Brand Voice,Marketing,Digital Marketing Specialist,Expert,Brand Voice is an expert-level skill commonly required for Digital Marketing Specialist roles in the Marketing field.
System Design,Software Engineering,Site Reliability Engineer,Beginner,System Design is an beginner-level skill commonly required for Site Reliability Engineer roles in the Software Engineering field.
Kubernetes,Software Engineering,Cloud Architect,Beginner,Kubernetes is an beginner-level skill commonly required for Cloud Architect roles in the Software Engineering field.
Planning,Product & Management,Product Owner,Intermediate,Planning is an intermediate-level skill commonly required for Product Owner roles in the Product & Management field.
Stakeholder Management,Product & Management,Product Manager,Beginner,Stakeholder Management is an beginner-level skill commonly required for Product Manager roles in the Product & Management field.
Employee Relations,Business,HR Specialist,Intermediate,Employee Relations is an intermediate-level skill commonly required for HR Specialist roles in the Business field.
OpenCV,Data & AI,Data Scientist,Intermediate,OpenCV is an intermediate-level skill commonly required for Data Scientist roles in the Data & AI field.
Canva,Marketing,Content Strategist,Beginner,Canva is an beginner-level skill commonly required for Content Strategist roles in the Marketing field.
TCP/IP,Cloud & Infrastructure,Network Engineer,Expert,TCP/IP is an expert-level skill commonly required for Network Engineer roles in the Cloud & Infrastructure field.
Roadmapping,Product & Management,Program Manager,Advanced,Roadmapping is an advanced-level skill commonly required for Program Manager roles in the Product & Management field.
CUDA,Data & AI,Data Engineer,Advanced,CUDA is an advanced-level skill commonly required for Data Engineer roles in the Data & AI field.
Shaders,Software Engineering,Site Reliability Engineer,Expert,Shaders is an expert-level skill commonly required for Site Reliability Engineer roles in the Software Engineering field.
Valuation,Business,Operations Manager,Intermediate,Valuation is an intermediate-level skill commonly required for Operations Manager roles in the Business field.
JUnit,Software Engineering,Backend Developer,Intermediate,JUnit is an intermediate-level skill commonly required for Backend Developer roles in the Software Engineering field.
Reinforcement Learning,Data & AI,AI Researcher,Beginner,Reinforcement Learning is an beginner-level skill commonly required for AI Researcher roles in the Data & AI field.
After Effects,Design,Graphic Designer,Advanced,After Effects is an advanced-level skill commonly required for Graphic Designer roles in the Design field.
MongoDB,Software Engineering,Mobile Developer,Expert,MongoDB is an expert-level skill commonly required for Mobile Developer roles in the Software Engineering field.
Leadership,Software Engineering,Game Developer,Advanced,Leadership is an advanced-level skill commonly required for Game Developer roles in the Software Engineering field.
3D Math,Software Engineering,Full Stack Developer,Beginner,3D Math is an beginner-level skill commonly required for Full Stack Developer roles in the Software Engineering field.
Gantt Charts,Product & Management,Scrum Master,Expert,Gantt Charts is an expert-level skill commonly required for Scrum Master roles in the Product & Management field.
Adobe XD,Design,Interaction Designer,Beginner,Adobe XD is an beginner-level skill commonly required for Interaction Designer roles in the Design field.
Sketch,Design,Interaction Designer,Beginner,Sketch is an beginner-level skill commonly required for Interaction Designer roles in the Design field.
TensorFlow,Data & AI,Data Scientist,Expert,TensorFlow is an expert-level skill commonly required for Data Scientist roles in the Data & AI field.
Transformers,Data & AI,Machine Learning Engineer,Expert,Transformers is an expert-level skill commonly required for Machine Learning Engineer roles in the Data & AI field.
TensorFlow,Data & AI,Business Intelligence Analyst,Expert,TensorFlow is an expert-level skill commonly required for Business Intelligence Analyst roles in the Data & AI field.
Vendor Management,Business,HR Specialist,Beginner,Vendor Management is an beginner-level skill commonly required for HR Specialist roles in the Business field.
Incident Response,Software Engineering,Mobile Developer,Advanced,Incident Response is an advanced-level skill commonly required for Mobile Developer roles in the Software Engineering field.
UX Design,Design,Graphic Designer,Advanced,UX Design is an advanced-level skill commonly required for Graphic Designer roles in the Design field.
JUnit,Software Engineering,Site Reliability Engineer,Advanced,JUnit is an advanced-level skill commonly required for Site Reliability Engineer roles in the Software Engineering field.
Cloud,Business,Sales Engineer,Beginner,Cloud is an beginner-level skill commonly required for Sales Engineer roles in the Business field.
Bash,Software Engineering,Full Stack Developer,Expert,Bash is an expert-level skill commonly required for Full Stack Developer roles in the Software Engineering field.
JavaScript,Software Engineering,Mobile Developer,Advanced,JavaScript is an advanced-level skill commonly required for Mobile Developer roles in the Software Engineering field.
On-page SEO,Marketing,Social Media Manager,Intermediate,On-page SEO is an intermediate-level skill commonly required for Social Media Manager roles in the Marketing field.
DAX,Data & AI,Machine Learning Engineer,Beginner,DAX is an beginner-level skill commonly required for Machine Learning Engineer roles in the Data & AI field.
Prototyping,Design,UX Designer,Expert,Prototyping is an expert-level skill commonly required for UX Designer roles in the Design field.
Publications,Data & AI,Computer Vision Engineer,Expert,Publications is an expert-level skill commonly required for Computer Vision Engineer roles in the Data & AI field.
Usability Testing,Design,Graphic Designer,Beginner,Usability Testing is an beginner-level skill commonly required for Graphic Designer roles in the Design field.
3D Math,Software Engineering,Software Architect,Advanced,3D Math is an advanced-level skill commonly required for Software Architect roles in the Software Engineering field.
Spring Boot,Software Engineering,Site Reliability Engineer,Advanced,Spring Boot is an advanced-level skill commonly required for Site Reliability Engineer roles in the Software Engineering field.
Java,Software Engineering,DevOps Engineer,Beginner,Java is an beginner-level skill commonly required for DevOps Engineer roles in the Software Engineering field.
Swift,Software Engineering,Software Architect,Intermediate,Swift is an intermediate-level skill commonly required for Software Architect roles in the Software Engineering field.
Manual Testing,Software Engineering,DevOps Engineer,Intermediate,Manual Testing is an intermediate-level skill commonly required for DevOps Engineer roles in the Software Engineering field.
PyTorch,Data & AI,Data Analyst,Intermediate,PyTorch is an intermediate-level skill commonly required for Data Analyst roles in the Data & AI field.
Django,Software Engineering,Software Architect,Beginner,Django is an beginner-level skill commonly required for Software Architect roles in the Software Engineering field.
Retrospectives,Product & Management,Program Manager,Intermediate,Retrospectives is an intermediate-level skill commonly required for Program Manager roles in the Product & Management field.
OpenGL,Software Engineering,QA Engineer,Intermediate,OpenGL is an intermediate-level skill commonly required for QA Engineer roles in the Software Engineering field.
Operations Management,Business,Operations Manager,Intermediate,Operations Management is an intermediate-level skill commonly required for Operations Manager roles in the Business field.
Terraform,Software Engineering,Mobile Developer,Expert,Terraform is an expert-level skill commonly required for Mobile Developer roles in the Software Engineering field.
Risk Management,Product & Management,Project Manager,Beginner,Risk Management is an beginner-level skill commonly required for Project Manager roles in the Product & Management field.
Excel,Data & AI,NLP Engineer,Beginner,Excel is an beginner-level skill commonly required for NLP Engineer roles in the Data & AI field.
Design Thinking,Design,Product Designer,Intermediate,Design Thinking is an intermediate-level skill commonly required for Product Designer roles in the Design field.
JavaScript,Software Engineering,Site Reliability Engineer,Advanced,JavaScript is an advanced-level skill commonly required for Site Reliability Engineer roles in the Software Engineering field.
BERT,Data & AI,Machine Learning Engineer,Advanced,BERT is an advanced-level skill commonly required for Machine Learning Engineer roles in the Data & AI field.
Technical SEO,Marketing,Social Media Manager,Expert,Technical SEO is an expert-level skill commonly required for Social Media Manager roles in the Marketing field.
HTML,Software Engineering,Mobile Developer,Intermediate,HTML is an intermediate-level skill commonly required for Mobile Developer roles in the Software Engineering field.
Data Warehousing,Data & AI,Data Scientist,Expert,Data Warehousing is an expert-level skill commonly required for Data Scientist roles in the Data & AI field.
Game Design,Software Engineering,Full Stack Developer,Intermediate,Game Design is an intermediate-level skill commonly required for Full Stack Developer roles in the Software Engineering field.
Market Research,Product & Management,Project Manager,Intermediate,Market Research is an intermediate-level skill commonly required for Project Manager roles in the Product & Management field.
Cloud,Business,Operations Manager,Intermediate,Cloud is an intermediate-level skill commonly required for Operations Manager roles in the Business field.
Deep Learning,Data & AI,Business Intelligence Analyst,Intermediate,Deep Learning is an intermediate-level skill commonly required for Business Intelligence Analyst roles in the Data & AI field.
Employee Relations,Business,Operations Manager,Advanced,Employee Relations is an advanced-level skill commonly required for Operations Manager roles in the Business field.
Wireframing,Design,UI Designer,Beginner,Wireframing is an beginner-level skill commonly required for UI Designer roles in the Design field.
HTML,Software Engineering,Software Architect,Intermediate,HTML is an intermediate-level skill commonly required for Software Architect roles in the Software Engineering field.
Android SDK,Software Engineering,Mobile Developer,Beginner,Android SDK is an beginner-level skill commonly required for Mobile Developer roles in the Software Engineering field.
CUDA,Data & AI,Business Intelligence Analyst,Expert,CUDA is an expert-level skill commonly required for Business Intelligence Analyst roles in the Data & AI field.
Excel,Data & AI,Financial Analyst,Intermediate,Excel is an intermediate-level skill commonly required for Financial Analyst roles in the Data & AI field.
MLOps,Data & AI,Business Intelligence Analyst,Advanced,MLOps is an advanced-level skill commonly required for Business Intelligence Analyst roles in the Data & AI field.
Statistics,Data & AI,Data Scientist,Expert,Statistics is an expert-level skill commonly required for Data Scientist roles in the Data & AI field.
Print Design,Design,Graphic Designer,Advanced,Print Design is an advanced-level skill commonly required for Graphic Designer roles in the Design field.
Jira,Software Engineering,Backend Developer,Advanced,Jira is an advanced-level skill commonly required for Backend Developer roles in the Software Engineering field.
After Effects,Design,Product Designer,Advanced,After Effects is an advanced-level skill commonly required for Product Designer roles in the Design field.
Link Building,Marketing,Growth Marketer,Beginner,Link Building is an beginner-level skill commonly required for Growth Marketer roles in the Marketing field.
spaCy,Data & AI,Data Scientist,Beginner,spaCy is an beginner-level skill commonly required for Data Scientist roles in the Data & AI field.
BERT,Data & AI,AI Researcher,Advanced,BERT is an advanced-level skill commonly required for AI Researcher roles in the Data & AI field.
UI Design,Software Engineering,Frontend Developer,Beginner,UI Design is an beginner-level skill commonly required for Frontend Developer roles in the Software Engineering field.
HRIS,Business,Financial Analyst,Expert,HRIS is an expert-level skill commonly required for Financial Analyst roles in the Business field.
Documentation,Business,Operations Manager,Beginner,Documentation is an beginner-level skill commonly required for Operations Manager roles in the Business field.
Firebase,Software Engineering,Backend Developer,Intermediate,Firebase is an intermediate-level skill commonly required for Backend Developer roles in the Software Engineering field.
Backlog Management,Product & Management,Product Owner,Expert,Backlog Management is an expert-level skill commonly required for Product Owner roles in the Product & Management field.
Data Visualization,Data & AI,Machine Learning Engineer,Beginner,Data Visualization is an beginner-level skill commonly required for Machine Learning Engineer roles in the Data & AI field.
Backlog Management,Product & Management,Project Manager,Expert,Backlog Management is an expert-level skill commonly required for Project Manager roles in the Product & Management field.
Sass,Software Engineering,DevOps Engineer,Intermediate,Sass is an intermediate-level skill commonly required for DevOps Engineer roles in the Software Engineering field.
Jupyter,Data & AI,NLP Engineer,Intermediate,Jupyter is an intermediate-level skill commonly required for NLP Engineer roles in the Data & AI field.
Model Deployment,Data & AI,Computer Vision Engineer,Beginner,Model Deployment is an beginner-level skill commonly required for Computer Vision Engineer roles in the Data & AI field.
MySQL,Cloud & Infrastructure,Database Administrator,Beginner,MySQL is an beginner-level skill commonly required for Database Administrator roles in the Cloud & Infrastructure field.
Negotiation,Business,Operations Manager,Advanced,Negotiation is an advanced-level skill commonly required for Operations Manager roles in the Business field.
Tableau,Data & AI,AI Researcher,Intermediate,Tableau is an intermediate-level skill commonly required for AI Researcher roles in the Data & AI field.
Reporting,Data & AI,Machine Learning Engineer,Beginner,Reporting is an beginner-level skill commonly required for Machine Learning Engineer roles in the Data & AI field.
Jest,Software Engineering,Full Stack Developer,Expert,Jest is an expert-level skill commonly required for Full Stack Developer roles in the Software Engineering field.
Analytics,Product & Management,Program Manager,Beginner,Analytics is an beginner-level skill commonly required for Program Manager roles in the Product & Management field.
Google Ads,Marketing,Social Media Manager,Beginner,Google Ads is an beginner-level skill commonly required for Social Media Manager roles in the Marketing field.
Bash,Software Engineering,Frontend Developer,Expert,Bash is an expert-level skill commonly required for Frontend Developer roles in the Software Engineering field.
Print Design,Design,Product Designer,Expert,Print Design is an expert-level skill commonly required for Product Designer roles in the Design field.
Information Architecture,Design,Graphic Designer,Expert,Information Architecture is an expert-level skill commonly required for Graphic Designer roles in the Design field.
Incident Response,Software Engineering,Site Reliability Engineer,Expert,Incident Response is an expert-level skill commonly required for Site Reliability Engineer roles in the Software Engineering field.
Security,Cloud & Infrastructure,Cloud Engineer,Intermediate,Security is an intermediate-level skill commonly required for Cloud Engineer roles in the Cloud & Infrastructure field.
Six Sigma,Business,Operations Manager,Beginner,Six Sigma is an beginner-level skill commonly required for Operations Manager roles in the Business field.
Recruitment,Business,Sales Engineer,Advanced,Recruitment is an advanced-level skill commonly required for Sales Engineer roles in the Business field.
spaCy,Data & AI,Machine Learning Engineer,Expert,spaCy is an expert-level skill commonly required for Machine Learning Engineer roles in the Data & AI field.
BERT,Data & AI,Business Intelligence Analyst,Expert,BERT is an expert-level skill commonly required for Business Intelligence Analyst roles in the Data & AI field.
Monitoring,Software Engineering,Mobile Developer,Advanced,Monitoring is an advanced-level skill commonly required for Mobile Developer roles in the Software Engineering field.
Pandas,Data & AI,NLP Engineer,Intermediate,Pandas is an intermediate-level skill commonly required for NLP Engineer roles in the Data & AI field.
Usability Testing,Design,Interaction Designer,Advanced,Usability Testing is an advanced-level skill commonly required for Interaction Designer roles in the Design field.
Scalability,Software Engineering,DevOps Engineer,Advanced,Scalability is an advanced-level skill commonly required for DevOps Engineer roles in the Software Engineering field.
Swift,Software Engineering,QA Engineer,Beginner,Swift is an beginner-level skill commonly required for QA Engineer roles in the Software Engineering field.
Redis,Software Engineering,Mobile Developer,Expert,Redis is an expert-level skill commonly required for Mobile Developer roles in the Software Engineering field.
Data Modeling,Data & AI,Computer Vision Engineer,Expert,Data Modeling is an expert-level skill commonly required for Computer Vision Engineer roles in the Data & AI field.
Solution Design,Business,Business Analyst,Intermediate,Solution Design is an intermediate-level skill commonly required for Business Analyst roles in the Business field.
Tableau,Data & AI,Machine Learning Engineer,Intermediate,Tableau is an intermediate-level skill commonly required for Machine Learning Engineer roles in the Data & AI field.
Market Research,Product & Management,Scrum Master,Intermediate,Market Research is an intermediate-level skill commonly required for Scrum Master roles in the Product & Management field.
Content Creation,Marketing,Growth Marketer,Intermediate,Content Creation is an intermediate-level skill commonly required for Growth Marketer roles in the Marketing field.
Cloud,Business,Financial Analyst,Intermediate,Cloud is an intermediate-level skill commonly required for Financial Analyst roles in the Business field.
Networking,Cloud & Infrastructure,Security Engineer,Intermediate,Networking is an intermediate-level skill commonly required for Security Engineer roles in the Cloud & Infrastructure field.
Jupyter,Data & AI,Data Scientist,Beginner,Jupyter is an beginner-level skill commonly required for Data Scientist roles in the Data & AI field.
Azure,Cloud & Infrastructure,Security Engineer,Beginner,Azure is an beginner-level skill commonly required for Security Engineer roles in the Cloud & Infrastructure field.
Vendor Management,Business,Operations Manager,Expert,Vendor Management is an expert-level skill commonly required for Operations Manager roles in the Business field.
HTML,Software Engineering,Game Developer,Advanced,HTML is an advanced-level skill commonly required for Game Developer roles in the Software Engineering field.
Unity,Software Engineering,Game Developer,Beginner,Unity is an beginner-level skill commonly required for Game Developer roles in the Software Engineering field.
React,Software Engineering,Software Architect,Intermediate,React is an intermediate-level skill commonly required for Software Architect roles in the Software Engineering field.
REST APIs,Software Engineering,Frontend Developer,Intermediate,REST APIs is an intermediate-level skill commonly required for Frontend Developer roles in the Software Engineering field.
Experimentation,Marketing,Content Strategist,Advanced,Experimentation is an advanced-level skill commonly required for Content Strategist roles in the Marketing field.
Redis,Software Engineering,Software Architect,Intermediate,Redis is an intermediate-level skill commonly required for Software Architect roles in the Software Engineering field.
Accessibility,Software Engineering,Full Stack Developer,Advanced,Accessibility is an advanced-level skill commonly required for Full Stack Developer roles in the Software Engineering field.
Market Research,Product & Management,Program Manager,Advanced,Market Research is an advanced-level skill commonly required for Program Manager roles in the Product & Management field.
Analytics,Product & Management,Growth Marketer,Expert,Analytics is an expert-level skill commonly required for Growth Marketer roles in the Product & Management field.
Program Management,Product & Management,Product Manager,Advanced,Program Management is an advanced-level skill commonly required for Product Manager roles in the Product & Management field.
Azure,Cloud & Infrastructure,Cloud Engineer,Intermediate,Azure is an intermediate-level skill commonly required for Cloud Engineer roles in the Cloud & Infrastructure field.
Campaign Management,Marketing,Social Media Manager,Advanced,Campaign Management is an advanced-level skill commonly required for Social Media Manager roles in the Marketing field.
Copywriting,Marketing,Growth Marketer,Expert,Copywriting is an expert-level skill commonly required for Growth Marketer roles in the Marketing field.
Branding,Design,Product Designer,Advanced,Branding is an advanced-level skill commonly required for Product Designer roles in the Design field.
Experimentation,Marketing,Social Media Manager,Intermediate,Experimentation is an intermediate-level skill commonly required for Social Media Manager roles in the Marketing field.
Information Architecture,Design,Interaction Designer,Beginner,Information Architecture is an beginner-level skill commonly required for Interaction Designer roles in the Design field.
GraphQL,Software Engineering,Full Stack Developer,Expert,GraphQL is an expert-level skill commonly required for Full Stack Developer roles in the Software Engineering field.
JUnit,Software Engineering,DevOps Engineer,Beginner,JUnit is an beginner-level skill commonly required for DevOps Engineer roles in the Software Engineering field.
Flutter,Software Engineering,Backend Developer,Intermediate,Flutter is an intermediate-level skill commonly required for Backend Developer roles in the Software Engineering field.
SQL,Software Engineering,Database Administrator,Intermediate,SQL is an intermediate-level skill commonly required for Database Administrator roles in the Software Engineering field.
Swift,Software Engineering,Site Reliability Engineer,Beginner,Swift is an beginner-level skill commonly required for Site Reliability Engineer roles in the Software Engineering field.
Kubernetes,Software Engineering,Backend Developer,Intermediate,Kubernetes is an intermediate-level skill commonly required for Backend Developer roles in the Software Engineering field.
Android SDK,Software Engineering,Site Reliability Engineer,Beginner,Android SDK is an beginner-level skill commonly required for Site Reliability Engineer roles in the Software Engineering field.
Technical Sales,Business,Business Analyst,Intermediate,Technical Sales is an intermediate-level skill commonly required for Business Analyst roles in the Business field.
Swift,Software Engineering,Backend Developer,Intermediate,Swift is an intermediate-level skill commonly required for Backend Developer roles in the Software Engineering field.
Publications,Data & AI,Machine Learning Engineer,Expert,Publications is an expert-level skill commonly required for Machine Learning Engineer roles in the Data & AI field.
Lean,Business,Business Analyst,Advanced,Lean is an advanced-level skill commonly required for Business Analyst roles in the Business field.
Pandas,Data & AI,Machine Learning Engineer,Beginner,Pandas is an beginner-level skill commonly required for Machine Learning Engineer roles in the Data & AI field.
Editorial Planning,Marketing,Social Media Manager,Expert,Editorial Planning is an expert-level skill commonly required for Social Media Manager roles in the Marketing field.
Excel,Data & AI,Business Intelligence Analyst,Expert,Excel is an expert-level skill commonly required for Business Intelligence Analyst roles in the Data & AI field.
Vendor Management,Business,Business Analyst,Advanced,Vendor Management is an advanced-level skill commonly required for Business Analyst roles in the Business field.
Dashboards,Data & AI,Machine Learning Engineer,Intermediate,Dashboards is an intermediate-level skill commonly required for Machine Learning Engineer roles in the Data & AI field.
Supply Chain,Business,Business Analyst,Expert,Supply Chain is an expert-level skill commonly required for Business Analyst roles in the Business field.
spaCy,Data & AI,AI Researcher,Expert,spaCy is an expert-level skill commonly required for AI Researcher roles in the Data & AI field.
iOS,Software Engineering,Mobile Developer,Intermediate,iOS is an intermediate-level skill commonly required for Mobile Developer roles in the Software Engineering field.
Sprint Planning,Product & Management,Product Manager,Expert,Sprint Planning is an expert-level skill commonly required for Product Manager roles in the Product & Management field.
iOS,Software Engineering,Game Developer,Advanced,iOS is an advanced-level skill commonly required for Game Developer roles in the Software Engineering field.
Linux,Software Engineering,DevOps Engineer,Expert,Linux is an expert-level skill commonly required for DevOps Engineer roles in the Software Engineering field.
Data Cleaning,Data & AI,NLP Engineer,Beginner,Data Cleaning is an beginner-level skill commonly required for NLP Engineer roles in the Data & AI field.
Scrum,Product & Management,Project Manager,Advanced,Scrum is an advanced-level skill commonly required for Project Manager roles in the Product & Management field.
Mathematics,Data & AI,NLP Engineer,Advanced,Mathematics is an advanced-level skill commonly required for NLP Engineer roles in the Data & AI field.
Kafka,Software Engineering,Site Reliability Engineer,Advanced,Kafka is an advanced-level skill commonly required for Site Reliability Engineer roles in the Software Engineering field.
Kanban,Product & Management,Program Manager,Intermediate,Kanban is an intermediate-level skill commonly required for Program Manager roles in the Product & Management field.
Manual Testing,Software Engineering,Backend Developer,Advanced,Manual Testing is an advanced-level skill commonly required for Backend Developer roles in the Software Engineering field.
React Native,Software Engineering,Backend Developer,Advanced,React Native is an advanced-level skill commonly required for Backend Developer roles in the Software Engineering field.
MongoDB,Software Engineering,Frontend Developer,Expert,MongoDB is an expert-level skill commonly required for Frontend Developer roles in the Software Engineering field.
Accessibility,Software Engineering,Mobile Developer,Expert,Accessibility is an expert-level skill commonly required for Mobile Developer roles in the Software Engineering field.
Text Mining,Data & AI,Machine Learning Engineer,Beginner,Text Mining is an beginner-level skill commonly required for Machine Learning Engineer roles in the Data & AI field.
Copywriting,Marketing,Content Strategist,Advanced,Copywriting is an advanced-level skill commonly required for Content Strategist roles in the Marketing field.
Requirements Gathering,Business,Sales Engineer,Advanced,Requirements Gathering is an advanced-level skill commonly required for Sales Engineer roles in the Business field.
Postman,Software Engineering,Software Architect,Beginner,Postman is an beginner-level skill commonly required for Software Architect roles in the Software Engineering field.
REST APIs,Software Engineering,Site Reliability Engineer,Advanced,REST APIs is an advanced-level skill commonly required for Site Reliability Engineer roles in the Software Engineering field.
Bash,Software Engineering,Game Developer,Expert,Bash is an expert-level skill commonly required for Game Developer roles in the Software Engineering field.
Terraform,Software Engineering,Software Architect,Beginner,Terraform is an beginner-level skill commonly required for Software Architect roles in the Software Engineering field.
Transformers,Data & AI,AI Researcher,Intermediate,Transformers is an intermediate-level skill commonly required for AI Researcher roles in the Data & AI field.
Shaders,Software Engineering,Frontend Developer,Beginner,Shaders is an beginner-level skill commonly required for Frontend Developer roles in the Software Engineering field.
OpenGL,Software Engineering,Software Architect,Intermediate,OpenGL is an intermediate-level skill commonly required for Software Architect roles in the Software Engineering field.
Oracle,Cloud & Infrastructure,Security Engineer,Expert,Oracle is an expert-level skill commonly required for Security Engineer roles in the Cloud & Infrastructure field.
SEMrush,Marketing,Content Strategist,Beginner,SEMrush is an beginner-level skill commonly required for Content Strategist roles in the Marketing field.
Unity,Software Engineering,DevOps Engineer,Beginner,Unity is an beginner-level skill commonly required for DevOps Engineer roles in the Software Engineering field.
JavaScript,Software Engineering,Game Developer,Advanced,JavaScript is an advanced-level skill commonly required for Game Developer roles in the Software Engineering field.
ETL,Data & AI,AI Researcher,Intermediate,ETL is an intermediate-level skill commonly required for AI Researcher roles in the Data & AI field.
SQL,Software Engineering,Mobile Developer,Advanced,SQL is an advanced-level skill commonly required for Mobile Developer roles in the Software Engineering field.
Mathematics,Data & AI,AI Researcher,Advanced,Mathematics is an advanced-level skill commonly required for AI Researcher roles in the Data & AI field.
Postman,Software Engineering,Game Developer,Expert,Postman is an expert-level skill commonly required for Game Developer roles in the Software Engineering field.
Link Building,Marketing,Content Strategist,Expert,Link Building is an expert-level skill commonly required for Content Strategist roles in the Marketing field.
Requirements Gathering,Business,HR Specialist,Beginner,Requirements Gathering is an beginner-level skill commonly required for HR Specialist roles in the Business field.
Tokenization,Data & AI,AI Researcher,Intermediate,Tokenization is an intermediate-level skill commonly required for AI Researcher roles in the Data & AI field.
Django,Software Engineering,Full Stack Developer,Expert,Django is an expert-level skill commonly required for Full Stack Developer roles in the Software Engineering field.
Routing,Cloud & Infrastructure,Security Engineer,Intermediate,Routing is an intermediate-level skill commonly required for Security Engineer roles in the Cloud & Infrastructure field.
Research,Data & AI,AI Researcher,Intermediate,Research is an intermediate-level skill commonly required for AI Researcher roles in the Data & AI field.
Customer Success,Business,Business Analyst,Intermediate,Customer Success is an intermediate-level skill commonly required for Business Analyst roles in the Business field.
Keyword Research,Marketing,Growth Marketer,Beginner,Keyword Research is an beginner-level skill commonly required for Growth Marketer roles in the Marketing field.
Flutter,Software Engineering,Mobile Developer,Intermediate,Flutter is an intermediate-level skill commonly required for Mobile Developer roles in the Software Engineering field.
Forecasting,Business,Business Analyst,Advanced,Forecasting is an advanced-level skill commonly required for Business Analyst roles in the Business field.
NumPy,Data & AI,Machine Learning Engineer,Intermediate,NumPy is an intermediate-level skill commonly required for Machine Learning Engineer roles in the Data & AI field.
Editorial Planning,Marketing,Content Strategist,Beginner,Editorial Planning is an beginner-level skill commonly required for Content Strategist roles in the Marketing field.
Solution Design,Business,HR Specialist,Advanced,Solution Design is an advanced-level skill commonly required for HR Specialist roles in the Business field.
Image Processing,Data & AI,AI Researcher,Intermediate,Image Processing is an intermediate-level skill commonly required for AI Researcher roles in the Data & AI field.
Negotiation,Business,Business Analyst,Intermediate,Negotiation is an intermediate-level skill commonly required for Business Analyst roles in the Business field.
NumPy,Data & AI,Data Analyst,Advanced,NumPy is an advanced-level skill commonly required for Data Analyst roles in the Data & AI field.
Onboarding,Business,Financial Analyst,Intermediate,Onboarding is an intermediate-level skill commonly required for Financial Analyst roles in the Business field.
Scrum,Product & Management,Program Manager,Beginner,Scrum is an beginner-level skill commonly required for Program Manager roles in the Product & Management field.
Go,Software Engineering,DevOps Engineer,Intermediate,Go is an intermediate-level skill commonly required for DevOps Engineer roles in the Software Engineering field.
UX Design,Design,Product Designer,Intermediate,UX Design is an intermediate-level skill commonly required for Product Designer roles in the Design field.
C++,Software Engineering,Site Reliability Engineer,Intermediate,C++ is an intermediate-level skill commonly required for Site Reliability Engineer roles in the Software Engineering field.
Compliance,Business,Financial Analyst,Expert,Compliance is an expert-level skill commonly required for Financial Analyst roles in the Business field.
APIs,Business,Business Analyst,Intermediate,APIs is an intermediate-level skill commonly required for Business Analyst roles in the Business field.
Tableau,Data & AI,Computer Vision Engineer,Advanced,Tableau is an advanced-level skill commonly required for Computer Vision Engineer roles in the Data & AI field.
UI Design,Software Engineering,Backend Developer,Beginner,UI Design is an beginner-level skill commonly required for Backend Developer roles in the Software Engineering field.
Kanban,Product & Management,Project Manager,Expert,Kanban is an expert-level skill commonly required for Project Manager roles in the Product & Management field.
Design Systems,Design,Product Designer,Advanced,Design Systems is an advanced-level skill commonly required for Product Designer roles in the Design field.
Incident Response,Software Engineering,QA Engineer,Expert,Incident Response is an expert-level skill commonly required for QA Engineer roles in the Software Engineering field.
Engagement,Marketing,Growth Marketer,Expert,Engagement is an expert-level skill commonly required for Growth Marketer roles in the Marketing field.
Copywriting,Marketing,SEO Specialist,Expert,Copywriting is an expert-level skill commonly required for SEO Specialist roles in the Marketing field.
Prometheus,Software Engineering,Site Reliability Engineer,Expert,Prometheus is an expert-level skill commonly required for Site Reliability Engineer roles in the Software Engineering field.
Growth Hacking,Marketing,Growth Marketer,Advanced,Growth Hacking is an advanced-level skill commonly required for Growth Marketer roles in the Marketing field.
Java,Software Engineering,Frontend Developer,Intermediate,Java is an intermediate-level skill commonly required for Frontend Developer roles in the Software Engineering field.
Linux,Software Engineering,QA Engineer,Advanced,Linux is an advanced-level skill commonly required for QA Engineer roles in the Software Engineering field.
Snowflake,Data & AI,Computer Vision Engineer,Beginner,Snowflake is an beginner-level skill commonly required for Computer Vision Engineer roles in the Data & AI field.
CI/CD,Software Engineering,Full Stack Developer,Beginner,CI/CD is an beginner-level skill commonly required for Full Stack Developer roles in the Software Engineering field.
Bug Tracking,Software Engineering,DevOps Engineer,Advanced,Bug Tracking is an advanced-level skill commonly required for DevOps Engineer roles in the Software Engineering field.
Financial Modeling,Business,Business Analyst,Advanced,Financial Modeling is an advanced-level skill commonly required for Business Analyst roles in the Business field.
Analytics,Product & Management,Content Strategist,Intermediate,Analytics is an intermediate-level skill commonly required for Content Strategist roles in the Product & Management field.
Java,Software Engineering,QA Engineer,Beginner,Java is an beginner-level skill commonly required for QA Engineer roles in the Software Engineering field.
Webpack,Software Engineering,Site Reliability Engineer,Beginner,Webpack is an beginner-level skill commonly required for Site Reliability Engineer roles in the Software Engineering field.
Publications,Data & AI,Data Engineer,Expert,Publications is an expert-level skill commonly required for Data Engineer roles in the Data & AI field.
Prometheus,Software Engineering,Full Stack Developer,Intermediate,Prometheus is an intermediate-level skill commonly required for Full Stack Developer roles in the Software Engineering field.
Linux,Software Engineering,Database Administrator,Intermediate,Linux is an intermediate-level skill commonly required for Database Administrator roles in the Software Engineering field.
HTML,Software Engineering,Backend Developer,Expert,HTML is an expert-level skill commonly required for Backend Developer roles in the Software Engineering field.
A/B Testing,Data & AI,Digital Marketing Specialist,Intermediate,A/B Testing is an intermediate-level skill commonly required for Digital Marketing Specialist roles in the Data & AI field.
Python,Software Engineering,Security Engineer,Intermediate,Python is an intermediate-level skill commonly required for Security Engineer roles in the Software Engineering field.
Accessibility,Software Engineering,Game Developer,Expert,Accessibility is an expert-level skill commonly required for Game Developer roles in the Software Engineering field.
Dashboards,Data & AI,Computer Vision Engineer,Intermediate,Dashboards is an intermediate-level skill commonly required for Computer Vision Engineer roles in the Data & AI field.
Journey Mapping,Design,Interaction Designer,Expert,Journey Mapping is an expert-level skill commonly required for Interaction Designer roles in the Design field.
PyTorch,Data & AI,Computer Vision Engineer,Expert,PyTorch is an expert-level skill commonly required for Computer Vision Engineer roles in the Data & AI field.
Incident Response,Software Engineering,DevOps Engineer,Intermediate,Incident Response is an intermediate-level skill commonly required for DevOps Engineer roles in the Software Engineering field.
Product Demos,Business,Business Analyst,Intermediate,Product Demos is an intermediate-level skill commonly required for Business Analyst roles in the Business field.
Git,Software Engineering,Game Developer,Advanced,Git is an advanced-level skill commonly required for Game Developer roles in the Software Engineering field.
Linux,Software Engineering,Backend Developer,Beginner,Linux is an beginner-level skill commonly required for Backend Developer roles in the Software Engineering field.
Python,Software Engineering,Machine Learning Engineer,Intermediate,Python is an intermediate-level skill commonly required for Machine Learning Engineer roles in the Software Engineering field.
SQL,Software Engineering,Business Analyst,Advanced,SQL is an advanced-level skill commonly required for Business Analyst roles in the Software Engineering field.
TypeScript,Software Engineering,DevOps Engineer,Intermediate,TypeScript is an intermediate-level skill commonly required for DevOps Engineer roles in the Software Engineering field.
Selenium,Software Engineering,Frontend Developer,Expert,Selenium is an expert-level skill commonly required for Frontend Developer roles in the Software Engineering field.
Spark,Data & AI,Computer Vision Engineer,Beginner,Spark is an beginner-level skill commonly required for Computer Vision Engineer roles in the Data & AI field.
Snowflake,Data & AI,Data Analyst,Intermediate,Snowflake is an intermediate-level skill commonly required for Data Analyst roles in the Data & AI field.
Spring Boot,Software Engineering,Game Developer,Intermediate,Spring Boot is an intermediate-level skill commonly required for Game Developer roles in the Software Engineering field.
OWASP,Cloud & Infrastructure,Network Engineer,Expert,OWASP is an expert-level skill commonly required for Network Engineer roles in the Cloud & Infrastructure field.
Publications,Data & AI,AI Researcher,Intermediate,Publications is an intermediate-level skill commonly required for AI Researcher roles in the Data & AI field.
3D Math,Software Engineering,Mobile Developer,Advanced,3D Math is an advanced-level skill commonly required for Mobile Developer roles in the Software Engineering field.
Transformers,Data & AI,NLP Engineer,Advanced,Transformers is an advanced-level skill commonly required for NLP Engineer roles in the Data & AI field.
Cisco,Cloud & Infrastructure,Network Engineer,Beginner,Cisco is an beginner-level skill commonly required for Network Engineer roles in the Cloud & Infrastructure field.
Figma,Design,UI Designer,Beginner,Figma is an beginner-level skill commonly required for UI Designer roles in the Design field.
SQL,Software Engineering,Machine Learning Engineer,Advanced,SQL is an advanced-level skill commonly required for Machine Learning Engineer roles in the Software Engineering field.
After Effects,Design,Interaction Designer,Beginner,After Effects is an beginner-level skill commonly required for Interaction Designer roles in the Design field.
Unreal Engine,Software Engineering,Site Reliability Engineer,Expert,Unreal Engine is an expert-level skill commonly required for Site Reliability Engineer roles in the Software Engineering field.
Optimization,Software Engineering,QA Engineer,Intermediate,Optimization is an intermediate-level skill commonly required for QA Engineer roles in the Software Engineering field.
Scalability,Software Engineering,Game Developer,Expert,Scalability is an expert-level skill commonly required for Game Developer roles in the Software Engineering field.
Community Management,Marketing,Social Media Manager,Advanced,Community Management is an advanced-level skill commonly required for Social Media Manager roles in the Marketing field.
Roadmapping,Product & Management,Project Manager,Beginner,Roadmapping is an beginner-level skill commonly required for Project Manager roles in the Product & Management field.
Excel,Data & AI,AI Researcher,Expert,Excel is an expert-level skill commonly required for AI Researcher roles in the Data & AI field.
JUnit,Software Engineering,Game Developer,Intermediate,JUnit is an intermediate-level skill commonly required for Game Developer roles in the Software Engineering field.
Selenium,Software Engineering,Software Architect,Beginner,Selenium is an beginner-level skill commonly required for Software Architect roles in the Software Engineering field.
Selenium,Software Engineering,Game Developer,Advanced,Selenium is an advanced-level skill commonly required for Game Developer roles in the Software Engineering field.
Recruitment,Business,Financial Analyst,Advanced,Recruitment is an advanced-level skill commonly required for Financial Analyst roles in the Business field.
Switching,Cloud & Infrastructure,Database Administrator,Beginner,Switching is an beginner-level skill commonly required for Database Administrator roles in the Cloud & Infrastructure field.
InDesign,Design,Product Designer,Expert,InDesign is an expert-level skill commonly required for Product Designer roles in the Design field.
Scheduling Tools,Marketing,Content Strategist,Advanced,Scheduling Tools is an advanced-level skill commonly required for Content Strategist roles in the Marketing field.
After Effects,Design,UX Designer,Beginner,After Effects is an beginner-level skill commonly required for UX Designer roles in the Design field.
SQL,Software Engineering,Data Scientist,Expert,SQL is an expert-level skill commonly required for Data Scientist roles in the Software Engineering field.
CNN,Data & AI,Data Engineer,Expert,CNN is an expert-level skill commonly required for Data Engineer roles in the Data & AI field.
Tableau,Data & AI,Data Scientist,Intermediate,Tableau is an intermediate-level skill commonly required for Data Scientist roles in the Data & AI field.
ETL,Data & AI,Data Analyst,Expert,ETL is an expert-level skill commonly required for Data Analyst roles in the Data & AI field.
Roadmapping,Product & Management,Product Manager,Advanced,Roadmapping is an advanced-level skill commonly required for Product Manager roles in the Product & Management field.
3D Math,Software Engineering,Frontend Developer,Intermediate,3D Math is an intermediate-level skill commonly required for Frontend Developer roles in the Software Engineering field.
Data Modeling,Data & AI,NLP Engineer,Beginner,Data Modeling is an beginner-level skill commonly required for NLP Engineer roles in the Data & AI field.
Interaction Design,Design,UI Designer,Beginner,Interaction Design is an beginner-level skill commonly required for UI Designer roles in the Design field.
Go,Software Engineering,Software Architect,Advanced,Go is an advanced-level skill commonly required for Software Architect roles in the Software Engineering field.
JUnit,Software Engineering,Mobile Developer,Intermediate,JUnit is an intermediate-level skill commonly required for Mobile Developer roles in the Software Engineering field.
CloudFormation,Cloud & Infrastructure,Network Engineer,Expert,CloudFormation is an expert-level skill commonly required for Network Engineer roles in the Cloud & Infrastructure field.
System Design,Software Engineering,Mobile Developer,Expert,System Design is an expert-level skill commonly required for Mobile Developer roles in the Software Engineering field.
Roadmapping,Product & Management,Scrum Master,Expert,Roadmapping is an expert-level skill commonly required for Scrum Master roles in the Product & Management field.
Airflow,Data & AI,Data Engineer,Beginner,Airflow is an beginner-level skill commonly required for Data Engineer roles in the Data & AI field.
Conflict Resolution,Business,Financial Analyst,Beginner,Conflict Resolution is an beginner-level skill commonly required for Financial Analyst roles in the Business field.
Scrum,Product & Management,Product Owner,Advanced,Scrum is an advanced-level skill commonly required for Product Owner roles in the Product & Management field.
GCP,Cloud & Infrastructure,Network Engineer,Advanced,GCP is an advanced-level skill commonly required for Network Engineer roles in the Cloud & Infrastructure field.
Power BI,Data & AI,AI Researcher,Advanced,Power BI is an advanced-level skill commonly required for AI Researcher roles in the Data & AI field.
UX Design,Design,Interaction Designer,Advanced,UX Design is an advanced-level skill commonly required for Interaction Designer roles in the Design field.
Networking,Cloud & Infrastructure,Database Administrator,Expert,Networking is an expert-level skill commonly required for Database Administrator roles in the Cloud & Infrastructure field.
Vendor Management,Business,Sales Engineer,Advanced,Vendor Management is an advanced-level skill commonly required for Sales Engineer roles in the Business field.
Communication,Product & Management,Business Analyst,Advanced,Communication is an advanced-level skill commonly required for Business Analyst roles in the Product & Management field.
Color Theory,Design,Product Designer,Beginner,Color Theory is an beginner-level skill commonly required for Product Designer roles in the Design field.
Data Warehousing,Data & AI,NLP Engineer,Beginner,Data Warehousing is an beginner-level skill commonly required for NLP Engineer roles in the Data & AI field.
Machine Learning,Data & AI,Data Analyst,Beginner,Machine Learning is an beginner-level skill commonly required for Data Analyst roles in the Data & AI field.
Linux,Software Engineering,Security Engineer,Expert,Linux is an expert-level skill commonly required for Security Engineer roles in the Software Engineering field.
Prometheus,Software Engineering,Frontend Developer,Intermediate,Prometheus is an intermediate-level skill commonly required for Frontend Developer roles in the Software Engineering field.
Tokenization,Data & AI,Computer Vision Engineer,Expert,Tokenization is an expert-level skill commonly required for Computer Vision Engineer roles in the Data & AI field.
Cisco,Cloud & Infrastructure,Cloud Engineer,Intermediate,Cisco is an intermediate-level skill commonly required for Cloud Engineer roles in the Cloud & Infrastructure field.
Routing,Cloud & Infrastructure,Network Engineer,Expert,Routing is an expert-level skill commonly required for Network Engineer roles in the Cloud & Infrastructure field.
Linux,Software Engineering,Software Architect,Advanced,Linux is an advanced-level skill commonly required for Software Architect roles in the Software Engineering field.
Content Marketing,Marketing,Digital Marketing Specialist,Beginner,Content Marketing is an beginner-level skill commonly required for Digital Marketing Specialist roles in the Marketing field.
CSS,Software Engineering,Game Developer,Expert,CSS is an expert-level skill commonly required for Game Developer roles in the Software Engineering field.
Documentation,Business,HR Specialist,Expert,Documentation is an expert-level skill commonly required for HR Specialist roles in the Business field.
Research,Data & AI,Content Strategist,Expert,Research is an expert-level skill commonly required for Content Strategist roles in the Data & AI field.
Pandas,Data & AI,Data Analyst,Beginner,Pandas is an beginner-level skill commonly required for Data Analyst roles in the Data & AI field.
iOS,Software Engineering,QA Engineer,Beginner,iOS is an beginner-level skill commonly required for QA Engineer roles in the Software Engineering field.
Lean,Business,HR Specialist,Beginner,Lean is an beginner-level skill commonly required for HR Specialist roles in the Business field.
Leadership,Software Engineering,Operations Manager,Beginner,Leadership is an beginner-level skill commonly required for Operations Manager roles in the Software Engineering field.
MLOps,Data & AI,NLP Engineer,Beginner,MLOps is an beginner-level skill commonly required for NLP Engineer roles in the Data & AI field.
Scikit-learn,Data & AI,Machine Learning Engineer,Intermediate,Scikit-learn is an intermediate-level skill commonly required for Machine Learning Engineer roles in the Data & AI field.
Coaching,Product & Management,Product Manager,Advanced,Coaching is an advanced-level skill commonly required for Product Manager roles in the Product & Management field.
OpenGL,Software Engineering,Full Stack Developer,Expert,OpenGL is an expert-level skill commonly required for Full Stack Developer roles in the Software Engineering field.
Go,Software Engineering,Full Stack Developer,Expert,Go is an expert-level skill commonly required for Full Stack Developer roles in the Software Engineering field.
Shaders,Software Engineering,DevOps Engineer,Beginner,Shaders is an beginner-level skill commonly required for DevOps Engineer roles in the Software Engineering field.
Flutter,Software Engineering,Frontend Developer,Advanced,Flutter is an advanced-level skill commonly required for Frontend Developer roles in the Software Engineering field.
Replication,Cloud & Infrastructure,Database Administrator,Expert,Replication is an expert-level skill commonly required for Database Administrator roles in the Cloud & Infrastructure field.
Reporting,Data & AI,NLP Engineer,Expert,Reporting is an expert-level skill commonly required for NLP Engineer roles in the Data & AI field.
Node.js,Software Engineering,QA Engineer,Beginner,Node.js is an beginner-level skill commonly required for QA Engineer roles in the Software Engineering field.
Power BI,Data & AI,Data Engineer,Expert,Power BI is an expert-level skill commonly required for Data Engineer roles in the Data & AI field.
NumPy,Data & AI,Computer Vision Engineer,Expert,NumPy is an expert-level skill commonly required for Computer Vision Engineer roles in the Data & AI field.
Shaders,Software Engineering,Mobile Developer,Beginner,Shaders is an beginner-level skill commonly required for Mobile Developer roles in the Software Engineering field.
Ansible,Software Engineering,Frontend Developer,Intermediate,Ansible is an intermediate-level skill commonly required for Frontend Developer roles in the Software Engineering field.
Cypress,Software Engineering,Backend Developer,Intermediate,Cypress is an intermediate-level skill commonly required for Backend Developer roles in the Software Engineering field.
CloudFormation,Cloud & Infrastructure,Database Administrator,Beginner,CloudFormation is an beginner-level skill commonly required for Database Administrator roles in the Cloud & Infrastructure field.
Azure,Cloud & Infrastructure,Database Administrator,Advanced,Azure is an advanced-level skill commonly required for Database Administrator roles in the Cloud & Infrastructure field.
GraphQL,Software Engineering,DevOps Engineer,Beginner,GraphQL is an beginner-level skill commonly required for DevOps Engineer roles in the Software Engineering field.
DNS,Cloud & Infrastructure,Database Administrator,Advanced,DNS is an advanced-level skill commonly required for Database Administrator roles in the Cloud & Infrastructure field.
Social Media,Marketing,Social Media Manager,Expert,Social Media is an expert-level skill commonly required for Social Media Manager roles in the Marketing field.
SQL,Software Engineering,Software Architect,Beginner,SQL is an beginner-level skill commonly required for Software Architect roles in the Software Engineering field.
Branding,Design,Social Media Manager,Expert,Branding is an expert-level skill commonly required for Social Media Manager roles in the Design field.
Test Automation,Software Engineering,Software Architect,Advanced,Test Automation is an advanced-level skill commonly required for Software Architect roles in the Software Engineering field.
Jest,Software Engineering,QA Engineer,Advanced,Jest is an advanced-level skill commonly required for QA Engineer roles in the Software Engineering field.
Grafana,Software Engineering,Site Reliability Engineer,Advanced,Grafana is an advanced-level skill commonly required for Site Reliability Engineer roles in the Software Engineering field.
HTML,Software Engineering,Frontend Developer,Advanced,HTML is an advanced-level skill commonly required for Frontend Developer roles in the Software Engineering field.
HRIS,Business,Sales Engineer,Intermediate,HRIS is an intermediate-level skill commonly required for Sales Engineer roles in the Business field.
Experimentation,Marketing,SEO Specialist,Advanced,Experimentation is an advanced-level skill commonly required for SEO Specialist roles in the Marketing field.
GCP,Cloud & Infrastructure,Security Engineer,Expert,GCP is an expert-level skill commonly required for Security Engineer roles in the Cloud & Infrastructure field.
Brand Voice,Marketing,SEO Specialist,Beginner,Brand Voice is an beginner-level skill commonly required for SEO Specialist roles in the Marketing field.
3D Math,Software Engineering,QA Engineer,Advanced,3D Math is an advanced-level skill commonly required for QA Engineer roles in the Software Engineering field.
Journey Mapping,Design,Graphic Designer,Expert,Journey Mapping is an expert-level skill commonly required for Graphic Designer roles in the Design field.
Tokenization,Data & AI,Data Engineer,Advanced,Tokenization is an advanced-level skill commonly required for Data Engineer roles in the Data & AI field.
Replication,Cloud & Infrastructure,Network Engineer,Intermediate,Replication is an intermediate-level skill commonly required for Network Engineer roles in the Cloud & Infrastructure field.
Sass,Software Engineering,Full Stack Developer,Intermediate,Sass is an intermediate-level skill commonly required for Full Stack Developer roles in the Software Engineering field.
Test Automation,Software Engineering,Full Stack Developer,Advanced,Test Automation is an advanced-level skill commonly required for Full Stack Developer roles in the Software Engineering field.
Accessibility,Software Engineering,QA Engineer,Expert,Accessibility is an expert-level skill commonly required for QA Engineer roles in the Software Engineering field.
Keyword Research,Marketing,Digital Marketing Specialist,Advanced,Keyword Research is an advanced-level skill commonly required for Digital Marketing Specialist roles in the Marketing field.
Jira,Software Engineering,Game Developer,Intermediate,Jira is an intermediate-level skill commonly required for Game Developer roles in the Software Engineering field.
Accounting,Business,Financial Analyst,Expert,Accounting is an expert-level skill commonly required for Financial Analyst roles in the Business field.
Jira,Software Engineering,DevOps Engineer,Beginner,Jira is an beginner-level skill commonly required for DevOps Engineer roles in the Software Engineering field.
AWS,Software Engineering,Backend Developer,Advanced,AWS is an advanced-level skill commonly required for Backend Developer roles in the Software Engineering field.
Airflow,Data & AI,Data Analyst,Advanced,Airflow is an advanced-level skill commonly required for Data Analyst roles in the Data & AI field.
SEO,Marketing,Growth Marketer,Intermediate,SEO is an intermediate-level skill commonly required for Growth Marketer roles in the Marketing field.
Photoshop,Design,Interaction Designer,Advanced,Photoshop is an advanced-level skill commonly required for Interaction Designer roles in the Design field.
Design Patterns,Software Engineering,Game Developer,Advanced,Design Patterns is an advanced-level skill commonly required for Game Developer roles in the Software Engineering field.
Bash,Software Engineering,DevOps Engineer,Beginner,Bash is an beginner-level skill commonly required for DevOps Engineer roles in the Software Engineering field.
Servant Leadership,Product & Management,Project Manager,Beginner,Servant Leadership is an beginner-level skill commonly required for Project Manager roles in the Product & Management field.
Storytelling,Marketing,Growth Marketer,Expert,Storytelling is an expert-level skill commonly required for Growth Marketer roles in the Marketing field.
Incident Response,Software Engineering,Security Engineer,Advanced,Incident Response is an advanced-level skill commonly required for Security Engineer roles in the Software Engineering field.
Webpack,Software Engineering,Frontend Developer,Expert,Webpack is an expert-level skill commonly required for Frontend Developer roles in the Software Engineering field.
VPN,Cloud & Infrastructure,Cloud Architect,Intermediate,VPN is an intermediate-level skill commonly required for Cloud Architect roles in the Cloud & Infrastructure field.
Link Building,Marketing,Digital Marketing Specialist,Expert,Link Building is an expert-level skill commonly required for Digital Marketing Specialist roles in the Marketing field.
Spark,Data & AI,Data Engineer,Intermediate,Spark is an intermediate-level skill commonly required for Data Engineer roles in the Data & AI field.
Training,Business,HR Specialist,Advanced,Training is an advanced-level skill commonly required for HR Specialist roles in the Business field.
Illustrator,Design,UX Designer,Expert,Illustrator is an expert-level skill commonly required for UX Designer roles in the Design field.
Kubernetes,Software Engineering,Cloud Engineer,Advanced,Kubernetes is an advanced-level skill commonly required for Cloud Engineer roles in the Software Engineering field.
Bug Tracking,Software Engineering,Mobile Developer,Advanced,Bug Tracking is an advanced-level skill commonly required for Mobile Developer roles in the Software Engineering field.
C++,Software Engineering,QA Engineer,Expert,C++ is an expert-level skill commonly required for QA Engineer roles in the Software Engineering field.
Docker,Software Engineering,Software Architect,Advanced,Docker is an advanced-level skill commonly required for Software Architect roles in the Software Engineering field.
React,Software Engineering,Mobile Developer,Intermediate,React is an intermediate-level skill commonly required for Mobile Developer roles in the Software Engineering field.
Manual Testing,Software Engineering,QA Engineer,Intermediate,Manual Testing is an intermediate-level skill commonly required for QA Engineer roles in the Software Engineering field.
System Design,Software Engineering,Full Stack Developer,Advanced,System Design is an advanced-level skill commonly required for Full Stack Developer roles in the Software Engineering field.
Go,Software Engineering,QA Engineer,Beginner,Go is an beginner-level skill commonly required for QA Engineer roles in the Software Engineering field.
Campaign Management,Marketing,SEO Specialist,Beginner,Campaign Management is an beginner-level skill commonly required for SEO Specialist roles in the Marketing field.
Sass,Software Engineering,Mobile Developer,Intermediate,Sass is an intermediate-level skill commonly required for Mobile Developer roles in the Software Engineering field.
TensorFlow,Data & AI,AI Researcher,Advanced,TensorFlow is an advanced-level skill commonly required for AI Researcher roles in the Data & AI field.
Unity,Software Engineering,Full Stack Developer,Advanced,Unity is an advanced-level skill commonly required for Full Stack Developer roles in the Software Engineering field.
Research,Data & AI,NLP Engineer,Intermediate,Research is an intermediate-level skill commonly required for NLP Engineer roles in the Data & AI field.
Design Patterns,Software Engineering,Full Stack Developer,Expert,Design Patterns is an expert-level skill commonly required for Full Stack Developer roles in the Software Engineering field.
Kafka,Software Engineering,QA Engineer,Beginner,Kafka is an beginner-level skill commonly required for QA Engineer roles in the Software Engineering field.
Requirements Gathering,Business,Operations Manager,Intermediate,Requirements Gathering is an intermediate-level skill commonly required for Operations Manager roles in the Business field.
Git,Software Engineering,Site Reliability Engineer,Beginner,Git is an beginner-level skill commonly required for Site Reliability Engineer roles in the Software Engineering field.
Motion Design,Design,Product Designer,Beginner,Motion Design is an beginner-level skill commonly required for Product Designer roles in the Design field.
Machine Learning,Data & AI,Business Intelligence Analyst,Expert,Machine Learning is an expert-level skill commonly required for Business Intelligence Analyst roles in the Data & AI field.
Jira,Software Engineering,Site Reliability Engineer,Advanced,Jira is an advanced-level skill commonly required for Site Reliability Engineer roles in the Software Engineering field.
Image Processing,Data & AI,Data Scientist,Intermediate,Image Processing is an intermediate-level skill commonly required for Data Scientist roles in the Data & AI field.
Print Design,Design,UI Designer,Advanced,Print Design is an advanced-level skill commonly required for UI Designer roles in the Design field.
Data Cleaning,Data & AI,Data Analyst,Advanced,Data Cleaning is an advanced-level skill commonly required for Data Analyst roles in the Data & AI field.
PyTorch,Data & AI,Data Engineer,Expert,PyTorch is an expert-level skill commonly required for Data Engineer roles in the Data & AI field.
Scalability,Software Engineering,Site Reliability Engineer,Intermediate,Scalability is an intermediate-level skill commonly required for Site Reliability Engineer roles in the Software Engineering field.
Statistics,Data & AI,AI Researcher,Expert,Statistics is an expert-level skill commonly required for AI Researcher roles in the Data & AI field.
Microservices,Software Engineering,Site Reliability Engineer,Beginner,Microservices is an beginner-level skill commonly required for Site Reliability Engineer roles in the Software Engineering field.
Backlog Management,Product & Management,Product Manager,Advanced,Backlog Management is an advanced-level skill commonly required for Product Manager roles in the Product & Management field.
Sprint Planning,Product & Management,Scrum Master,Beginner,Sprint Planning is an beginner-level skill commonly required for Scrum Master roles in the Product & Management field.
Optimization,Software Engineering,DevOps Engineer,Advanced,Optimization is an advanced-level skill commonly required for DevOps Engineer roles in the Software Engineering field.
Bash,Software Engineering,Backend Developer,Intermediate,Bash is an intermediate-level skill commonly required for Backend Developer roles in the Software Engineering field.
Jira,Software Engineering,Product Owner,Expert,Jira is an expert-level skill commonly required for Product Owner roles in the Software Engineering field.
OpenGL,Software Engineering,DevOps Engineer,Beginner,OpenGL is an beginner-level skill commonly required for DevOps Engineer roles in the Software Engineering field.
Research,Data & AI,Data Engineer,Intermediate,Research is an intermediate-level skill commonly required for Data Engineer roles in the Data & AI field.
Redux,Software Engineering,Site Reliability Engineer,Intermediate,Redux is an intermediate-level skill commonly required for Site Reliability Engineer roles in the Software Engineering field.
Design Thinking,Design,UX Designer,Advanced,Design Thinking is an advanced-level skill commonly required for UX Designer roles in the Design field.
Python,Software Engineering,Frontend Developer,Beginner,Python is an beginner-level skill commonly required for Frontend Developer roles in the Software Engineering field.
DAX,Data & AI,Data Analyst,Expert,DAX is an expert-level skill commonly required for Data Analyst roles in the Data & AI field.
Supply Chain,Business,Sales Engineer,Intermediate,Supply Chain is an intermediate-level skill commonly required for Sales Engineer roles in the Business field.
Monitoring,Software Engineering,Game Developer,Intermediate,Monitoring is an intermediate-level skill commonly required for Game Developer roles in the Software Engineering field.
Jest,Software Engineering,DevOps Engineer,Intermediate,Jest is an intermediate-level skill commonly required for DevOps Engineer roles in the Software Engineering field.
HTML,Software Engineering,QA Engineer,Intermediate,HTML is an intermediate-level skill commonly required for QA Engineer roles in the Software Engineering field.
Experimentation,Marketing,Digital Marketing Specialist,Expert,Experimentation is an expert-level skill commonly required for Digital Marketing Specialist roles in the Marketing field.
Personas,Design,UI Designer,Intermediate,Personas is an intermediate-level skill commonly required for UI Designer roles in the Design field.
Kafka,Software Engineering,Full Stack Developer,Intermediate,Kafka is an intermediate-level skill commonly required for Full Stack Developer roles in the Software Engineering field.
Python,Software Engineering,Data Engineer,Beginner,Python is an beginner-level skill commonly required for Data Engineer roles in the Software Engineering field.
Security,Cloud & Infrastructure,Network Engineer,Advanced,Security is an advanced-level skill commonly required for Network Engineer roles in the Cloud & Infrastructure field.
C#,Software Engineering,Full Stack Developer,Intermediate,C# is an intermediate-level skill commonly required for Full Stack Developer roles in the Software Engineering field.
SEO,Marketing,SEO Specialist,Beginner,SEO is an beginner-level skill commonly required for SEO Specialist roles in the Marketing field.
Kafka,Software Engineering,Frontend Developer,Expert,Kafka is an expert-level skill commonly required for Frontend Developer roles in the Software Engineering field.
Security,Cloud & Infrastructure,Cloud Architect,Expert,Security is an expert-level skill commonly required for Cloud Architect roles in the Cloud & Infrastructure field.
Agile,Product & Management,Business Analyst,Expert,Agile is an expert-level skill commonly required for Business Analyst roles in the Product & Management field.
GraphQL,Software Engineering,Software Architect,Intermediate,GraphQL is an intermediate-level skill commonly required for Software Architect roles in the Software Engineering field.
Requirements Gathering,Business,Financial Analyst,Expert,Requirements Gathering is an expert-level skill commonly required for Financial Analyst roles in the Business field.
Airflow,Data & AI,Data Scientist,Intermediate,Airflow is an intermediate-level skill commonly required for Data Scientist roles in the Data & AI field.
Webpack,Software Engineering,Game Developer,Expert,Webpack is an expert-level skill commonly required for Game Developer roles in the Software Engineering field.
Brand Voice,Marketing,Social Media Manager,Expert,Brand Voice is an expert-level skill commonly required for Social Media Manager roles in the Marketing field.
NumPy,Data & AI,AI Researcher,Advanced,NumPy is an advanced-level skill commonly required for AI Researcher roles in the Data & AI field.
Reinforcement Learning,Data & AI,Business Intelligence Analyst,Advanced,Reinforcement Learning is an advanced-level skill commonly required for Business Intelligence Analyst roles in the Data & AI field.
Cybersecurity,Cloud & Infrastructure,Cloud Engineer,Advanced,Cybersecurity is an advanced-level skill commonly required for Cloud Engineer roles in the Cloud & Infrastructure field.
Risk Management,Product & Management,Product Manager,Expert,Risk Management is an expert-level skill commonly required for Product Manager roles in the Product & Management field.
Image Processing,Data & AI,NLP Engineer,Advanced,Image Processing is an advanced-level skill commonly required for NLP Engineer roles in the Data & AI field.
Kotlin,Software Engineering,Game Developer,Advanced,Kotlin is an advanced-level skill commonly required for Game Developer roles in the Software Engineering field.
GCP,Cloud & Infrastructure,Cloud Architect,Intermediate,GCP is an intermediate-level skill commonly required for Cloud Architect roles in the Cloud & Infrastructure field.
Kafka,Software Engineering,Mobile Developer,Advanced,Kafka is an advanced-level skill commonly required for Mobile Developer roles in the Software Engineering field.
NLP,Data & AI,Business Intelligence Analyst,Advanced,NLP is an advanced-level skill commonly required for Business Intelligence Analyst roles in the Data & AI field.
Tableau,Data & AI,Data Engineer,Beginner,Tableau is an beginner-level skill commonly required for Data Engineer roles in the Data & AI field.
Prometheus,Software Engineering,QA Engineer,Intermediate,Prometheus is an intermediate-level skill commonly required for QA Engineer roles in the Software Engineering field.
Python,Software Engineering,Mobile Developer,Advanced,Python is an advanced-level skill commonly required for Mobile Developer roles in the Software Engineering field.
Content Strategy,Marketing,Growth Marketer,Intermediate,Content Strategy is an intermediate-level skill commonly required for Growth Marketer roles in the Marketing field.
Routing,Cloud & Infrastructure,Cloud Engineer,Intermediate,Routing is an intermediate-level skill commonly required for Cloud Engineer roles in the Cloud & Infrastructure field.
Research,Data & AI,Data Analyst,Beginner,Research is an beginner-level skill commonly required for Data Analyst roles in the Data & AI field.
Bug Tracking,Software Engineering,QA Engineer,Expert,Bug Tracking is an expert-level skill commonly required for QA Engineer roles in the Software Engineering field.
Six Sigma,Business,Financial Analyst,Advanced,Six Sigma is an advanced-level skill commonly required for Financial Analyst roles in the Business field.
Pandas,Data & AI,Business Intelligence Analyst,Beginner,Pandas is an beginner-level skill commonly required for Business Intelligence Analyst roles in the Data & AI field.
Performance Management,Business,HR Specialist,Intermediate,Performance Management is an intermediate-level skill commonly required for HR Specialist roles in the Business field.
Scheduling Tools,Marketing,SEO Specialist,Advanced,Scheduling Tools is an advanced-level skill commonly required for SEO Specialist roles in the Marketing field.
Lean,Business,Operations Manager,Intermediate,Lean is an intermediate-level skill commonly required for Operations Manager roles in the Business field.
Transformers,Data & AI,Computer Vision Engineer,Expert,Transformers is an expert-level skill commonly required for Computer Vision Engineer roles in the Data & AI field.
Research,Data & AI,Business Intelligence Analyst,Advanced,Research is an advanced-level skill commonly required for Business Intelligence Analyst roles in the Data & AI field.
Creativity,Design,UX Designer,Beginner,Creativity is an beginner-level skill commonly required for UX Designer roles in the Design field.
Product Demos,Business,HR Specialist,Expert,Product Demos is an expert-level skill commonly required for HR Specialist roles in the Business field.
Docker,Software Engineering,Full Stack Developer,Expert,Docker is an expert-level skill commonly required for Full Stack Developer roles in the Software Engineering field.
CMS,Marketing,Social Media Manager,Expert,CMS is an expert-level skill commonly required for Social Media Manager roles in the Marketing field.
Data Visualization,Data & AI,Computer Vision Engineer,Expert,Data Visualization is an expert-level skill commonly required for Computer Vision Engineer roles in the Data & AI field.
Design Thinking,Design,UI Designer,Beginner,Design Thinking is an beginner-level skill commonly required for UI Designer roles in the Design field.
Leadership,Software Engineering,Site Reliability Engineer,Intermediate,Leadership is an intermediate-level skill commonly required for Site Reliability Engineer roles in the Software Engineering field.
Personas,Design,Interaction Designer,Beginner,Personas is an beginner-level skill commonly required for Interaction Designer roles in the Design field.
Grafana,Software Engineering,Full Stack Developer,Expert,Grafana is an expert-level skill commonly required for Full Stack Developer roles in the Software Engineering field.
Unreal Engine,Software Engineering,Game Developer,Beginner,Unreal Engine is an beginner-level skill commonly required for Game Developer roles in the Software Engineering field.
Jest,Software Engineering,Mobile Developer,Advanced,Jest is an advanced-level skill commonly required for Mobile Developer roles in the Software Engineering field.
Campaign Management,Marketing,Content Strategist,Expert,Campaign Management is an expert-level skill commonly required for Content Strategist roles in the Marketing field.
Creativity,Design,Product Designer,Intermediate,Creativity is an intermediate-level skill commonly required for Product Designer roles in the Design field.
SQL,Software Engineering,DevOps Engineer,Beginner,SQL is an beginner-level skill commonly required for DevOps Engineer roles in the Software Engineering field.
Funnel Optimization,Marketing,Social Media Manager,Advanced,Funnel Optimization is an advanced-level skill commonly required for Social Media Manager roles in the Marketing field.
Manual Testing,Software Engineering,Game Developer,Beginner,Manual Testing is an beginner-level skill commonly required for Game Developer roles in the Software Engineering field.
React,Software Engineering,Site Reliability Engineer,Advanced,React is an advanced-level skill commonly required for Site Reliability Engineer roles in the Software Engineering field.
Jest,Software Engineering,Game Developer,Advanced,Jest is an advanced-level skill commonly required for Game Developer roles in the Software Engineering field.
Facilitation,Product & Management,Scrum Master,Beginner,Facilitation is an beginner-level skill commonly required for Scrum Master roles in the Product & Management field.
Dashboards,Data & AI,Data Scientist,Expert,Dashboards is an expert-level skill commonly required for Data Scientist roles in the Data & AI field.
Selenium,Software Engineering,Backend Developer,Expert,Selenium is an expert-level skill commonly required for Backend Developer roles in the Software Engineering field.
Social Media,Marketing,Digital Marketing Specialist,Intermediate,Social Media is an intermediate-level skill commonly required for Digital Marketing Specialist roles in the Marketing field.
Django,Software Engineering,Mobile Developer,Expert,Django is an expert-level skill commonly required for Mobile Developer roles in the Software Engineering field.
Test Automation,Software Engineering,Backend Developer,Intermediate,Test Automation is an intermediate-level skill commonly required for Backend Developer roles in the Software Engineering field.
Cypress,Software Engineering,Mobile Developer,Expert,Cypress is an expert-level skill commonly required for Mobile Developer roles in the Software Engineering field.
Python,Software Engineering,QA Engineer,Advanced,Python is an advanced-level skill commonly required for QA Engineer roles in the Software Engineering field.
Optimization,Software Engineering,Site Reliability Engineer,Advanced,Optimization is an advanced-level skill commonly required for Site Reliability Engineer roles in the Software Engineering field.
Risk Management,Product & Management,Scrum Master,Advanced,Risk Management is an advanced-level skill commonly required for Scrum Master roles in the Product & Management field.
Retrospectives,Product & Management,Scrum Master,Intermediate,Retrospectives is an intermediate-level skill commonly required for Scrum Master roles in the Product & Management field.
Budgeting,Product & Management,Operations Manager,Expert,Budgeting is an expert-level skill commonly required for Operations Manager roles in the Product & Management field.
Reporting,Data & AI,Computer Vision Engineer,Intermediate,Reporting is an intermediate-level skill commonly required for Computer Vision Engineer roles in the Data & AI field.
Reporting,Data & AI,Financial Analyst,Advanced,Reporting is an advanced-level skill commonly required for Financial Analyst roles in the Data & AI field.
Docker,Software Engineering,Site Reliability Engineer,Beginner,Docker is an beginner-level skill commonly required for Site Reliability Engineer roles in the Software Engineering field.
Scikit-learn,Data & AI,Data Scientist,Beginner,Scikit-learn is an beginner-level skill commonly required for Data Scientist roles in the Data & AI field.
Statistics,Data & AI,Computer Vision Engineer,Advanced,Statistics is an advanced-level skill commonly required for Computer Vision Engineer roles in the Data & AI field.
Accessibility,Software Engineering,UX Designer,Beginner,Accessibility is an beginner-level skill commonly required for UX Designer roles in the Software Engineering field.
Model Deployment,Data & AI,AI Researcher,Beginner,Model Deployment is an beginner-level skill commonly required for AI Researcher roles in the Data & AI field.
Reinforcement Learning,Data & AI,Computer Vision Engineer,Beginner,Reinforcement Learning is an beginner-level skill commonly required for Computer Vision Engineer roles in the Data & AI field.
HTML,Software Engineering,DevOps Engineer,Expert,HTML is an expert-level skill commonly required for DevOps Engineer roles in the Software Engineering field.
Machine Learning,Data & AI,Data Engineer,Intermediate,Machine Learning is an intermediate-level skill commonly required for Data Engineer roles in the Data & AI field.
Design Thinking,Design,Interaction Designer,Intermediate,Design Thinking is an intermediate-level skill commonly required for Interaction Designer roles in the Design field.
Training,Business,Financial Analyst,Intermediate,Training is an intermediate-level skill commonly required for Financial Analyst roles in the Business field.
CI/CD,Software Engineering,Software Architect,Intermediate,CI/CD is an intermediate-level skill commonly required for Software Architect roles in the Software Engineering field.
CSS,Software Engineering,Site Reliability Engineer,Intermediate,CSS is an intermediate-level skill commonly required for Site Reliability Engineer roles in the Software Engineering field.
HTML,Software Engineering,UI Designer,Beginner,HTML is an beginner-level skill commonly required for UI Designer roles in the Software Engineering field.
Selenium,Software Engineering,Full Stack Developer,Expert,Selenium is an expert-level skill commonly required for Full Stack Developer roles in the Software Engineering field.
Process Modeling,Business,Operations Manager,Beginner,Process Modeling is an beginner-level skill commonly required for Operations Manager roles in the Business field.
A/B Testing,Data & AI,Data Engineer,Advanced,A/B Testing is an advanced-level skill commonly required for Data Engineer roles in the Data & AI field.
Backup & Recovery,Cloud & Infrastructure,Cloud Architect,Beginner,Backup & Recovery is an beginner-level skill commonly required for Cloud Architect roles in the Cloud & Infrastructure field.
Text Mining,Data & AI,Data Scientist,Beginner,Text Mining is an beginner-level skill commonly required for Data Scientist roles in the Data & AI field.
Market Research,Product & Management,Product Manager,Expert,Market Research is an expert-level skill commonly required for Product Manager roles in the Product & Management field.
Redis,Software Engineering,Site Reliability Engineer,Expert,Redis is an expert-level skill commonly required for Site Reliability Engineer roles in the Software Engineering field.
Sass,Software Engineering,Frontend Developer,Expert,Sass is an expert-level skill commonly required for Frontend Developer roles in the Software Engineering field.
MySQL,Cloud & Infrastructure,Cloud Architect,Expert,MySQL is an expert-level skill commonly required for Cloud Architect roles in the Cloud & Infrastructure field.
Model Deployment,Data & AI,Data Scientist,Expert,Model Deployment is an expert-level skill commonly required for Data Scientist roles in the Data & AI field.
Reinforcement Learning,Data & AI,Machine Learning Engineer,Intermediate,Reinforcement Learning is an intermediate-level skill commonly required for Machine Learning Engineer roles in the Data & AI field.
PostgreSQL,Cloud & Infrastructure,Cloud Architect,Advanced,PostgreSQL is an advanced-level skill commonly required for Cloud Architect roles in the Cloud & Infrastructure field.
Community Management,Marketing,Content Strategist,Intermediate,Community Management is an intermediate-level skill commonly required for Content Strategist roles in the Marketing field.
Information Architecture,Design,Product Designer,Beginner,Information Architecture is an beginner-level skill commonly required for Product Designer roles in the Design field.
Node.js,Software Engineering,Mobile Developer,Advanced,Node.js is an advanced-level skill commonly required for Mobile Developer roles in the Software Engineering field.
Prometheus,Software Engineering,DevOps Engineer,Advanced,Prometheus is an advanced-level skill commonly required for DevOps Engineer roles in the Software Engineering field.
Webpack,Software Engineering,Software Architect,Intermediate,Webpack is an intermediate-level skill commonly required for Software Architect roles in the Software Engineering field.
SIEM,Cloud & Infrastructure,Security Engineer,Expert,SIEM is an expert-level skill commonly required for Security Engineer roles in the Cloud & Infrastructure field.
Transformers,Data & AI,Data Engineer,Advanced,Transformers is an advanced-level skill commonly required for Data Engineer roles in the Data & AI field.
Test Automation,Software Engineering,Site Reliability Engineer,Expert,Test Automation is an expert-level skill commonly required for Site Reliability Engineer roles in the Software Engineering field.
Python,Software Engineering,AI Researcher,Beginner,Python is an beginner-level skill commonly required for AI Researcher roles in the Software Engineering field.
HRIS,Business,HR Specialist,Intermediate,HRIS is an intermediate-level skill commonly required for HR Specialist roles in the Business field.
Game Design,Software Engineering,Backend Developer,Advanced,Game Design is an advanced-level skill commonly required for Backend Developer roles in the Software Engineering field.
Mathematics,Data & AI,Machine Learning Engineer,Expert,Mathematics is an expert-level skill commonly required for Machine Learning Engineer roles in the Data & AI field.
Engagement,Marketing,Digital Marketing Specialist,Intermediate,Engagement is an intermediate-level skill commonly required for Digital Marketing Specialist roles in the Marketing field.
Link Building,Marketing,SEO Specialist,Intermediate,Link Building is an intermediate-level skill commonly required for SEO Specialist roles in the Marketing field.
Python,Software Engineering,Data Analyst,Advanced,Python is an advanced-level skill commonly required for Data Analyst roles in the Software Engineering field.
OpenGL,Software Engineering,Backend Developer,Beginner,OpenGL is an beginner-level skill commonly required for Backend Developer roles in the Software Engineering field.
CMS,Marketing,Digital Marketing Specialist,Advanced,CMS is an advanced-level skill commonly required for Digital Marketing Specialist roles in the Marketing field.
Jira,Software Engineering,Product Manager,Expert,Jira is an expert-level skill commonly required for Product Manager roles in the Software Engineering field.
Data Cleaning,Data & AI,Machine Learning Engineer,Beginner,Data Cleaning is an beginner-level skill commonly required for Machine Learning Engineer roles in the Data & AI field.
OpenGL,Software Engineering,Site Reliability Engineer,Advanced,OpenGL is an advanced-level skill commonly required for Site Reliability Engineer roles in the Software Engineering field.
Redux,Software Engineering,QA Engineer,Beginner,Redux is an beginner-level skill commonly required for QA Engineer roles in the Software Engineering field.
Stakeholder Management,Product & Management,Scrum Master,Beginner,Stakeholder Management is an beginner-level skill commonly required for Scrum Master roles in the Product & Management field.
Bug Tracking,Software Engineering,Frontend Developer,Beginner,Bug Tracking is an beginner-level skill commonly required for Frontend Developer roles in the Software Engineering field.
MLOps,Data & AI,Computer Vision Engineer,Advanced,MLOps is an advanced-level skill commonly required for Computer Vision Engineer roles in the Data & AI field.
Design Systems,Design,Graphic Designer,Beginner,Design Systems is an beginner-level skill commonly required for Graphic Designer roles in the Design field.
GraphQL,Software Engineering,Frontend Developer,Intermediate,GraphQL is an intermediate-level skill commonly required for Frontend Developer roles in the Software Engineering field.
Mathematics,Data & AI,Data Analyst,Beginner,Mathematics is an beginner-level skill commonly required for Data Analyst roles in the Data & AI field.
Python,Software Engineering,Backend Developer,Beginner,Python is an beginner-level skill commonly required for Backend Developer roles in the Software Engineering field.
Planning,Product & Management,Project Manager,Beginner,Planning is an beginner-level skill commonly required for Project Manager roles in the Product & Management field.
Recruitment,Business,HR Specialist,Advanced,Recruitment is an advanced-level skill commonly required for HR Specialist roles in the Business field.
Unreal Engine,Software Engineering,QA Engineer,Expert,Unreal Engine is an expert-level skill commonly required for QA Engineer roles in the Software Engineering field.
Text Mining,Data & AI,AI Researcher,Advanced,Text Mining is an advanced-level skill commonly required for AI Researcher roles in the Data & AI field.
Interaction Design,Design,Interaction Designer,Beginner,Interaction Design is an beginner-level skill commonly required for Interaction Designer roles in the Design field.
JUnit,Software Engineering,Frontend Developer,Advanced,JUnit is an advanced-level skill commonly required for Frontend Developer roles in the Software Engineering field.
Typography,Design,Product Designer,Beginner,Typography is an beginner-level skill commonly required for Product Designer roles in the Design field.
DAX,Data & AI,Computer Vision Engineer,Intermediate,DAX is an intermediate-level skill commonly required for Computer Vision Engineer roles in the Data & AI field.
Cloud,Business,HR Specialist,Intermediate,Cloud is an intermediate-level skill commonly required for HR Specialist roles in the Business field.
iOS,Software Engineering,Frontend Developer,Expert,iOS is an expert-level skill commonly required for Frontend Developer roles in the Software Engineering field.
Google Analytics,Marketing,Growth Marketer,Intermediate,Google Analytics is an intermediate-level skill commonly required for Growth Marketer roles in the Marketing field.
Cisco,Cloud & Infrastructure,Security Engineer,Intermediate,Cisco is an intermediate-level skill commonly required for Security Engineer roles in the Cloud & Infrastructure field.
Backup & Recovery,Cloud & Infrastructure,Network Engineer,Advanced,Backup & Recovery is an advanced-level skill commonly required for Network Engineer roles in the Cloud & Infrastructure field.
Storytelling,Marketing,Social Media Manager,Beginner,Storytelling is an beginner-level skill commonly required for Social Media Manager roles in the Marketing field.
Monitoring,Software Engineering,Software Architect,Intermediate,Monitoring is an intermediate-level skill commonly required for Software Architect roles in the Software Engineering field.
CSS,Software Engineering,Backend Developer,Advanced,CSS is an advanced-level skill commonly required for Backend Developer roles in the Software Engineering field.
Game Design,Software Engineering,Mobile Developer,Intermediate,Game Design is an intermediate-level skill commonly required for Mobile Developer roles in the Software Engineering field.
Research,Data & AI,Data Scientist,Expert,Research is an expert-level skill commonly required for Data Scientist roles in the Data & AI field.
Personas,Design,Product Designer,Intermediate,Personas is an intermediate-level skill commonly required for Product Designer roles in the Design field.
Selenium,Software Engineering,Site Reliability Engineer,Intermediate,Selenium is an intermediate-level skill commonly required for Site Reliability Engineer roles in the Software Engineering field.
Data Analysis,Business,Operations Manager,Expert,Data Analysis is an expert-level skill commonly required for Operations Manager roles in the Business field.
MongoDB,Software Engineering,DevOps Engineer,Beginner,MongoDB is an beginner-level skill commonly required for DevOps Engineer roles in the Software Engineering field.
CNN,Data & AI,Business Intelligence Analyst,Beginner,CNN is an beginner-level skill commonly required for Business Intelligence Analyst roles in the Data & AI field.
TCP/IP,Cloud & Infrastructure,Cloud Architect,Beginner,TCP/IP is an beginner-level skill commonly required for Cloud Architect roles in the Cloud & Infrastructure field.
SQL,Software Engineering,Site Reliability Engineer,Advanced,SQL is an advanced-level skill commonly required for Site Reliability Engineer roles in the Software Engineering field.
Adobe XD,Design,UI Designer,Advanced,Adobe XD is an advanced-level skill commonly required for UI Designer roles in the Design field.
Node.js,Software Engineering,DevOps Engineer,Beginner,Node.js is an beginner-level skill commonly required for DevOps Engineer roles in the Software Engineering field.
Scikit-learn,Data & AI,Business Intelligence Analyst,Advanced,Scikit-learn is an advanced-level skill commonly required for Business Intelligence Analyst roles in the Data & AI field.
Branding,Design,UX Designer,Intermediate,Branding is an intermediate-level skill commonly required for UX Designer roles in the Design field.
VPN,Cloud & Infrastructure,Cloud Engineer,Intermediate,VPN is an intermediate-level skill commonly required for Cloud Engineer roles in the Cloud & Infrastructure field.
Spark,Data & AI,Business Intelligence Analyst,Beginner,Spark is an beginner-level skill commonly required for Business Intelligence Analyst roles in the Data & AI field.
Growth Hacking,Marketing,Content Strategist,Expert,Growth Hacking is an expert-level skill commonly required for Content Strategist roles in the Marketing field.
Backup & Recovery,Cloud & Infrastructure,Cloud Engineer,Intermediate,Backup & Recovery is an intermediate-level skill commonly required for Cloud Engineer roles in the Cloud & Infrastructure field.
Photoshop,Design,Graphic Designer,Intermediate,Photoshop is an intermediate-level skill commonly required for Graphic Designer roles in the Design field.
Incident Response,Software Engineering,Software Architect,Advanced,Incident Response is an advanced-level skill commonly required for Software Architect roles in the Software Engineering field.
Performance Tuning,Cloud & Infrastructure,Cloud Engineer,Expert,Performance Tuning is an expert-level skill commonly required for Cloud Engineer roles in the Cloud & Infrastructure field.
Google Analytics,Marketing,Social Media Manager,Expert,Google Analytics is an expert-level skill commonly required for Social Media Manager roles in the Marketing field.
Scheduling Tools,Marketing,Growth Marketer,Expert,Scheduling Tools is an expert-level skill commonly required for Growth Marketer roles in the Marketing field.
Ansible,Software Engineering,Game Developer,Beginner,Ansible is an beginner-level skill commonly required for Game Developer roles in the Software Engineering field.
Terraform,Software Engineering,Game Developer,Beginner,Terraform is an beginner-level skill commonly required for Game Developer roles in the Software Engineering field.
Data Warehousing,Data & AI,Data Analyst,Advanced,Data Warehousing is an advanced-level skill commonly required for Data Analyst roles in the Data & AI field.
Strategy,Product & Management,Product Manager,Intermediate,Strategy is an intermediate-level skill commonly required for Product Manager roles in the Product & Management field.
APIs,Business,Sales Engineer,Advanced,APIs is an advanced-level skill commonly required for Sales Engineer roles in the Business field.
Optimization,Software Engineering,Mobile Developer,Intermediate,Optimization is an intermediate-level skill commonly required for Mobile Developer roles in the Software Engineering field.
Node.js,Software Engineering,Software Architect,Intermediate,Node.js is an intermediate-level skill commonly required for Software Architect roles in the Software Engineering field.
CMS,Marketing,SEO Specialist,Expert,CMS is an expert-level skill commonly required for SEO Specialist roles in the Marketing field.
Excel,Data & AI,Data Analyst,Intermediate,Excel is an intermediate-level skill commonly required for Data Analyst roles in the Data & AI field.
Supply Chain,Business,HR Specialist,Expert,Supply Chain is an expert-level skill commonly required for HR Specialist roles in the Business field.
Performance Tuning,Cloud & Infrastructure,Security Engineer,Beginner,Performance Tuning is an beginner-level skill commonly required for Security Engineer roles in the Cloud & Infrastructure field.
Webpack,Software Engineering,Full Stack Developer,Advanced,Webpack is an advanced-level skill commonly required for Full Stack Developer roles in the Software Engineering field.
Jenkins,Software Engineering,DevOps Engineer,Beginner,Jenkins is an beginner-level skill commonly required for DevOps Engineer roles in the Software Engineering field.
Analytics,Product & Management,Financial Analyst,Expert,Analytics is an expert-level skill commonly required for Financial Analyst roles in the Product & Management field.
Layout Design,Design,Product Designer,Beginner,Layout Design is an beginner-level skill commonly required for Product Designer roles in the Design field.
CSS,Software Engineering,DevOps Engineer,Beginner,CSS is an beginner-level skill commonly required for DevOps Engineer roles in the Software Engineering field.
MySQL,Cloud & Infrastructure,Network Engineer,Advanced,MySQL is an advanced-level skill commonly required for Network Engineer roles in the Cloud & Infrastructure field.
Terraform,Software Engineering,Cloud Architect,Expert,Terraform is an expert-level skill commonly required for Cloud Architect roles in the Software Engineering field.
Data Warehousing,Data & AI,Data Engineer,Intermediate,Data Warehousing is an intermediate-level skill commonly required for Data Engineer roles in the Data & AI field.
A/B Testing,Data & AI,AI Researcher,Advanced,A/B Testing is an advanced-level skill commonly required for AI Researcher roles in the Data & AI field.
iOS,Software Engineering,Site Reliability Engineer,Advanced,iOS is an advanced-level skill commonly required for Site Reliability Engineer roles in the Software Engineering field.
Jenkins,Software Engineering,QA Engineer,Intermediate,Jenkins is an intermediate-level skill commonly required for QA Engineer roles in the Software Engineering field.
Scalability,Software Engineering,QA Engineer,Expert,Scalability is an expert-level skill commonly required for QA Engineer roles in the Software Engineering field.
Spark,Data & AI,NLP Engineer,Intermediate,Spark is an intermediate-level skill commonly required for NLP Engineer roles in the Data & AI field.
spaCy,Data & AI,Business Intelligence Analyst,Advanced,spaCy is an advanced-level skill commonly required for Business Intelligence Analyst roles in the Data & AI field.
Postman,Software Engineering,Mobile Developer,Expert,Postman is an expert-level skill commonly required for Mobile Developer roles in the Software Engineering field.
Jenkins,Software Engineering,Full Stack Developer,Expert,Jenkins is an expert-level skill commonly required for Full Stack Developer roles in the Software Engineering field.
Publications,Data & AI,NLP Engineer,Expert,Publications is an expert-level skill commonly required for NLP Engineer roles in the Data & AI field.
Motion Design,Design,UX Designer,Expert,Motion Design is an expert-level skill commonly required for UX Designer roles in the Design field.
Git,Software Engineering,Mobile Developer,Beginner,Git is an beginner-level skill commonly required for Mobile Developer roles in the Software Engineering field.
Process Improvement,Business,Sales Engineer,Expert,Process Improvement is an expert-level skill commonly required for Sales Engineer roles in the Business field.
Operations Management,Business,Business Analyst,Beginner,Operations Management is an beginner-level skill commonly required for Business Analyst roles in the Business field.
Gantt Charts,Product & Management,Project Manager,Expert,Gantt Charts is an expert-level skill commonly required for Project Manager roles in the Product & Management field.
Microservices,Software Engineering,QA Engineer,Beginner,Microservices is an beginner-level skill commonly required for QA Engineer roles in the Software Engineering field.
Physics,Software Engineering,Mobile Developer,Advanced,Physics is an advanced-level skill commonly required for Mobile Developer roles in the Software Engineering field.
Payroll,Business,Financial Analyst,Expert,Payroll is an expert-level skill commonly required for Financial Analyst roles in the Business field.
Creativity,Design,UI Designer,Expert,Creativity is an expert-level skill commonly required for UI Designer roles in the Design field.
Scikit-learn,Data & AI,Data Engineer,Advanced,Scikit-learn is an advanced-level skill commonly required for Data Engineer roles in the Data & AI field.
Airflow,Data & AI,Machine Learning Engineer,Expert,Airflow is an expert-level skill commonly required for Machine Learning Engineer roles in the Data & AI field.
Node.js,Software Engineering,Site Reliability Engineer,Advanced,Node.js is an advanced-level skill commonly required for Site Reliability Engineer roles in the Software Engineering field.
Growth Hacking,Marketing,Social Media Manager,Beginner,Growth Hacking is an beginner-level skill commonly required for Social Media Manager roles in the Marketing field.
Penetration Testing,Cloud & Infrastructure,Cloud Engineer,Beginner,Penetration Testing is an beginner-level skill commonly required for Cloud Engineer roles in the Cloud & Infrastructure field.
Python,Software Engineering,Business Intelligence Analyst,Intermediate,Python is an intermediate-level skill commonly required for Business Intelligence Analyst roles in the Software Engineering field.
Java,Software Engineering,Backend Developer,Beginner,Java is an beginner-level skill commonly required for Backend Developer roles in the Software Engineering field.
Data Cleaning,Data & AI,Data Scientist,Advanced,Data Cleaning is an advanced-level skill commonly required for Data Scientist roles in the Data & AI field.
Kubernetes,Software Engineering,Full Stack Developer,Intermediate,Kubernetes is an intermediate-level skill commonly required for Full Stack Developer roles in the Software Engineering field.
Microservices,Software Engineering,Frontend Developer,Advanced,Microservices is an advanced-level skill commonly required for Frontend Developer roles in the Software Engineering field.
Cypress,Software Engineering,Frontend Developer,Beginner,Cypress is an beginner-level skill commonly required for Frontend Developer roles in the Software Engineering field.
PostgreSQL,Cloud & Infrastructure,Database Administrator,Beginner,PostgreSQL is an beginner-level skill commonly required for Database Administrator roles in the Cloud & Infrastructure field.
Physics,Software Engineering,Site Reliability Engineer,Beginner,Physics is an beginner-level skill commonly required for Site Reliability Engineer roles in the Software Engineering field.
Solution Design,Business,Financial Analyst,Advanced,Solution Design is an advanced-level skill commonly required for Financial Analyst roles in the Business field.
Text Mining,Data & AI,Computer Vision Engineer,Expert,Text Mining is an expert-level skill commonly required for Computer Vision Engineer roles in the Data & AI field.
Microservices,Software Engineering,Full Stack Developer,Intermediate,Microservices is an intermediate-level skill commonly required for Full Stack Developer roles in the Software Engineering field.
Oracle,Cloud & Infrastructure,Cloud Architect,Advanced,Oracle is an advanced-level skill commonly required for Cloud Architect roles in the Cloud & Infrastructure field.
Spring Boot,Software Engineering,Full Stack Developer,Beginner,Spring Boot is an beginner-level skill commonly required for Full Stack Developer roles in the Software Engineering field.
Test Automation,Software Engineering,Frontend Developer,Expert,Test Automation is an expert-level skill commonly required for Frontend Developer roles in the Software Engineering field.
iOS,Software Engineering,Full Stack Developer,Intermediate,iOS is an intermediate-level skill commonly required for Full Stack Developer roles in the Software Engineering field.
Content Marketing,Marketing,Content Strategist,Advanced,Content Marketing is an advanced-level skill commonly required for Content Strategist roles in the Marketing field.
Redux,Software Engineering,DevOps Engineer,Beginner,Redux is an beginner-level skill commonly required for DevOps Engineer roles in the Software Engineering field.
Java,Software Engineering,Site Reliability Engineer,Intermediate,Java is an intermediate-level skill commonly required for Site Reliability Engineer roles in the Software Engineering field.
Color Theory,Design,Graphic Designer,Beginner,Color Theory is an beginner-level skill commonly required for Graphic Designer roles in the Design field.
Gantt Charts,Product & Management,Product Manager,Expert,Gantt Charts is an expert-level skill commonly required for Product Manager roles in the Product & Management field.
Jira,Software Engineering,Software Architect,Intermediate,Jira is an intermediate-level skill commonly required for Software Architect roles in the Software Engineering field.
CUDA,Data & AI,Computer Vision Engineer,Intermediate,CUDA is an intermediate-level skill commonly required for Computer Vision Engineer roles in the Data & AI field.
Tokenization,Data & AI,Machine Learning Engineer,Advanced,Tokenization is an advanced-level skill commonly required for Machine Learning Engineer roles in the Data & AI field.
Kanban,Product & Management,Product Owner,Beginner,Kanban is an beginner-level skill commonly required for Product Owner roles in the Product & Management field.
Typography,Design,Graphic Designer,Intermediate,Typography is an intermediate-level skill commonly required for Graphic Designer roles in the Design field.
AWS,Software Engineering,Full Stack Developer,Expert,AWS is an expert-level skill commonly required for Full Stack Developer roles in the Software Engineering field.
Journey Mapping,Design,UX Designer,Intermediate,Journey Mapping is an intermediate-level skill commonly required for UX Designer roles in the Design field.
MLOps,Data & AI,AI Researcher,Beginner,MLOps is an beginner-level skill commonly required for AI Researcher roles in the Data & AI field.
Scikit-learn,Data & AI,AI Researcher,Beginner,Scikit-learn is an beginner-level skill commonly required for AI Researcher roles in the Data & AI field.
UML,Business,Operations Manager,Expert,UML is an expert-level skill commonly required for Operations Manager roles in the Business field.
Technical SEO,Marketing,Digital Marketing Specialist,Intermediate,Technical SEO is an intermediate-level skill commonly required for Digital Marketing Specialist roles in the Marketing field.
TensorFlow,Data & AI,Machine Learning Engineer,Beginner,TensorFlow is an beginner-level skill commonly required for Machine Learning Engineer roles in the Data & AI field.
Firewalls,Cloud & Infrastructure,Cloud Architect,Advanced,Firewalls is an advanced-level skill commonly required for Cloud Architect roles in the Cloud & Infrastructure field.
User Stories,Product & Management,Program Manager,Beginner,User Stories is an beginner-level skill commonly required for Program Manager roles in the Product & Management field.
Kafka,Software Engineering,Backend Developer,Intermediate,Kafka is an intermediate-level skill commonly required for Backend Developer roles in the Software Engineering field.
Swift,Software Engineering,Mobile Developer,Advanced,Swift is an advanced-level skill commonly required for Mobile Developer roles in the Software Engineering field.
Hadoop,Data & AI,Machine Learning Engineer,Intermediate,Hadoop is an intermediate-level skill commonly required for Machine Learning Engineer roles in the Data & AI field.
Optimization,Software Engineering,Frontend Developer,Expert,Optimization is an expert-level skill commonly required for Frontend Developer roles in the Software Engineering field.
Sketch,Design,UI Designer,Intermediate,Sketch is an intermediate-level skill commonly required for UI Designer roles in the Design field.
Paid Ads,Marketing,Social Media Manager,Advanced,Paid Ads is an advanced-level skill commonly required for Social Media Manager roles in the Marketing field.
CRM,Marketing,Sales Engineer,Expert,CRM is an expert-level skill commonly required for Sales Engineer roles in the Marketing field.
Grafana,Software Engineering,Software Architect,Beginner,Grafana is an beginner-level skill commonly required for Software Architect roles in the Software Engineering field.
React Native,Software Engineering,Game Developer,Intermediate,React Native is an intermediate-level skill commonly required for Game Developer roles in the Software Engineering field.
Kubernetes,Software Engineering,Mobile Developer,Intermediate,Kubernetes is an intermediate-level skill commonly required for Mobile Developer roles in the Software Engineering field.
Python,Software Engineering,Cloud Engineer,Intermediate,Python is an intermediate-level skill commonly required for Cloud Engineer roles in the Software Engineering field.
OpenCV,Data & AI,Business Intelligence Analyst,Advanced,OpenCV is an advanced-level skill commonly required for Business Intelligence Analyst roles in the Data & AI field.
TensorFlow,Data & AI,Data Engineer,Expert,TensorFlow is an expert-level skill commonly required for Data Engineer roles in the Data & AI field.
Performance Management,Business,Operations Manager,Advanced,Performance Management is an advanced-level skill commonly required for Operations Manager roles in the Business field.
Text Mining,Data & AI,NLP Engineer,Intermediate,Text Mining is an intermediate-level skill commonly required for NLP Engineer roles in the Data & AI field.
iOS,Software Engineering,Backend Developer,Advanced,iOS is an advanced-level skill commonly required for Backend Developer roles in the Software Engineering field.
TypeScript,Software Engineering,Game Developer,Expert,TypeScript is an expert-level skill commonly required for Game Developer roles in the Software Engineering field.
Design Patterns,Software Engineering,Site Reliability Engineer,Beginner,Design Patterns is an beginner-level skill commonly required for Site Reliability Engineer roles in the Software Engineering field.
Hadoop,Data & AI,Data Scientist,Expert,Hadoop is an expert-level skill commonly required for Data Scientist roles in the Data & AI field.
Backlog Management,Product & Management,Program Manager,Expert,Backlog Management is an expert-level skill commonly required for Program Manager roles in the Product & Management field.
Network Security,Cloud & Infrastructure,Cloud Engineer,Expert,Network Security is an expert-level skill commonly required for Cloud Engineer roles in the Cloud & Infrastructure field.
Jest,Software Engineering,Backend Developer,Advanced,Jest is an advanced-level skill commonly required for Backend Developer roles in the Software Engineering field.
ETL,Data & AI,Data Scientist,Intermediate,ETL is an intermediate-level skill commonly required for Data Scientist roles in the Data & AI field.
Illustrator,Design,Product Designer,Expert,Illustrator is an expert-level skill commonly required for Product Designer roles in the Design field.
User Stories,Product & Management,Product Manager,Advanced,User Stories is an advanced-level skill commonly required for Product Manager roles in the Product & Management field.
Webpack,Software Engineering,Mobile Developer,Beginner,Webpack is an beginner-level skill commonly required for Mobile Developer roles in the Software Engineering field.
Switching,Cloud & Infrastructure,Security Engineer,Expert,Switching is an expert-level skill commonly required for Security Engineer roles in the Cloud & Infrastructure field.
React,Software Engineering,Frontend Developer,Beginner,React is an beginner-level skill commonly required for Frontend Developer roles in the Software Engineering field.
Data Modeling,Data & AI,AI Researcher,Expert,Data Modeling is an expert-level skill commonly required for AI Researcher roles in the Data & AI field.
Oracle,Cloud & Infrastructure,Database Administrator,Intermediate,Oracle is an intermediate-level skill commonly required for Database Administrator roles in the Cloud & Infrastructure field.
Redux,Software Engineering,Backend Developer,Intermediate,Redux is an intermediate-level skill commonly required for Backend Developer roles in the Software Engineering field.
React Native,Software Engineering,Frontend Developer,Beginner,React Native is an beginner-level skill commonly required for Frontend Developer roles in the Software Engineering field.
Power BI,Data & AI,NLP Engineer,Beginner,Power BI is an beginner-level skill commonly required for NLP Engineer roles in the Data & AI field.
PyTorch,Data & AI,Machine Learning Engineer,Beginner,PyTorch is an beginner-level skill commonly required for Machine Learning Engineer roles in the Data & AI field.
Networking,Cloud & Infrastructure,Cloud Engineer,Intermediate,Networking is an intermediate-level skill commonly required for Cloud Engineer roles in the Cloud & Infrastructure field.
Statistics,Data & AI,Machine Learning Engineer,Expert,Statistics is an expert-level skill commonly required for Machine Learning Engineer roles in the Data & AI field.
TensorFlow,Data & AI,NLP Engineer,Beginner,TensorFlow is an beginner-level skill commonly required for NLP Engineer roles in the Data & AI field.
Design Patterns,Software Engineering,DevOps Engineer,Intermediate,Design Patterns is an intermediate-level skill commonly required for DevOps Engineer roles in the Software Engineering field.
Storytelling,Marketing,SEO Specialist,Advanced,Storytelling is an advanced-level skill commonly required for SEO Specialist roles in the Marketing field.
Pandas,Data & AI,AI Researcher,Intermediate,Pandas is an intermediate-level skill commonly required for AI Researcher roles in the Data & AI field.
Transformers,Data & AI,Data Analyst,Advanced,Transformers is an advanced-level skill commonly required for Data Analyst roles in the Data & AI field.
Compliance,Business,Operations Manager,Expert,Compliance is an expert-level skill commonly required for Operations Manager roles in the Business field.
Analytics,Product & Management,Social Media Manager,Advanced,Analytics is an advanced-level skill commonly required for Social Media Manager roles in the Product & Management field.
Leadership,Software Engineering,Full Stack Developer,Advanced,Leadership is an advanced-level skill commonly required for Full Stack Developer roles in the Software Engineering field.
Documentation,Business,Financial Analyst,Advanced,Documentation is an advanced-level skill commonly required for Financial Analyst roles in the Business field.
Jenkins,Software Engineering,Mobile Developer,Advanced,Jenkins is an advanced-level skill commonly required for Mobile Developer roles in the Software Engineering field.
Community Management,Marketing,Growth Marketer,Beginner,Community Management is an beginner-level skill commonly required for Growth Marketer roles in the Marketing field.
Gantt Charts,Product & Management,Program Manager,Beginner,Gantt Charts is an beginner-level skill commonly required for Program Manager roles in the Product & Management field.
Social Media,Marketing,Content Strategist,Expert,Social Media is an expert-level skill commonly required for Content Strategist roles in the Marketing field.
OpenCV,Data & AI,Machine Learning Engineer,Intermediate,OpenCV is an intermediate-level skill commonly required for Machine Learning Engineer roles in the Data & AI field.
Product Demos,Business,Operations Manager,Beginner,Product Demos is an beginner-level skill commonly required for Operations Manager roles in the Business field.
Cypress,Software Engineering,Site Reliability Engineer,Expert,Cypress is an expert-level skill commonly required for Site Reliability Engineer roles in the Software Engineering field.
User Stories,Product & Management,Project Manager,Intermediate,User Stories is an intermediate-level skill commonly required for Project Manager roles in the Product & Management field.
Supply Chain,Business,Financial Analyst,Intermediate,Supply Chain is an intermediate-level skill commonly required for Financial Analyst roles in the Business field.
Six Sigma,Business,Business Analyst,Beginner,Six Sigma is an beginner-level skill commonly required for Business Analyst roles in the Business field.
AWS,Software Engineering,Site Reliability Engineer,Expert,AWS is an expert-level skill commonly required for Site Reliability Engineer roles in the Software Engineering field.
HTML,Software Engineering,SEO Specialist,Expert,HTML is an expert-level skill commonly required for SEO Specialist roles in the Software Engineering field.
Print Design,Design,Interaction Designer,Beginner,Print Design is an beginner-level skill commonly required for Interaction Designer roles in the Design field.
Flutter,Software Engineering,Software Architect,Beginner,Flutter is an beginner-level skill commonly required for Software Architect roles in the Software Engineering field.
A/B Testing,Data & AI,NLP Engineer,Intermediate,A/B Testing is an intermediate-level skill commonly required for NLP Engineer roles in the Data & AI field.
Replication,Cloud & Infrastructure,Cloud Engineer,Beginner,Replication is an beginner-level skill commonly required for Cloud Engineer roles in the Cloud & Infrastructure field.
Photoshop,Design,Product Designer,Expert,Photoshop is an expert-level skill commonly required for Product Designer roles in the Design field.
User Stories,Product & Management,Scrum Master,Intermediate,User Stories is an intermediate-level skill commonly required for Scrum Master roles in the Product & Management field.
Spark,Data & AI,AI Researcher,Beginner,Spark is an beginner-level skill commonly required for AI Researcher roles in the Data & AI field.
Presentations,Business,HR Specialist,Beginner,Presentations is an beginner-level skill commonly required for HR Specialist roles in the Business field.
Financial Modeling,Business,Operations Manager,Intermediate,Financial Modeling is an intermediate-level skill commonly required for Operations Manager roles in the Business field.
Mathematics,Data & AI,Data Engineer,Expert,Mathematics is an expert-level skill commonly required for Data Engineer roles in the Data & AI field.
Test Automation,Software Engineering,Game Developer,Advanced,Test Automation is an advanced-level skill commonly required for Game Developer roles in the Software Engineering field.
NLP,Data & AI,Data Analyst,Expert,NLP is an expert-level skill commonly required for Data Analyst roles in the Data & AI field.
C#,Software Engineering,Backend Developer,Intermediate,C# is an intermediate-level skill commonly required for Backend Developer roles in the Software Engineering field.
Docker,Software Engineering,Backend Developer,Expert,Docker is an expert-level skill commonly required for Backend Developer roles in the Software Engineering field.
Python,Software Engineering,Software Architect,Beginner,Python is an beginner-level skill commonly required for Software Architect roles in the Software Engineering field.
Forecasting,Business,Operations Manager,Intermediate,Forecasting is an intermediate-level skill commonly required for Operations Manager roles in the Business field.
Airflow,Data & AI,AI Researcher,Intermediate,Airflow is an intermediate-level skill commonly required for AI Researcher roles in the Data & AI field.
Tokenization,Data & AI,Data Scientist,Advanced,Tokenization is an advanced-level skill commonly required for Data Scientist roles in the Data & AI field.
CSS,Software Engineering,QA Engineer,Beginner,CSS is an beginner-level skill commonly required for QA Engineer roles in the Software Engineering field.
Technical Sales,Business,Financial Analyst,Beginner,Technical Sales is an beginner-level skill commonly required for Financial Analyst roles in the Business field.
Redis,Software Engineering,Game Developer,Intermediate,Redis is an intermediate-level skill commonly required for Game Developer roles in the Software Engineering field.
Ansible,Software Engineering,Backend Developer,Advanced,Ansible is an advanced-level skill commonly required for Backend Developer roles in the Software Engineering field.
Conflict Resolution,Business,Operations Manager,Advanced,Conflict Resolution is an advanced-level skill commonly required for Operations Manager roles in the Business field.
Spring Boot,Software Engineering,Mobile Developer,Intermediate,Spring Boot is an intermediate-level skill commonly required for Mobile Developer roles in the Software Engineering field.
Image Processing,Data & AI,Data Engineer,Advanced,Image Processing is an advanced-level skill commonly required for Data Engineer roles in the Data & AI field.
MongoDB,Software Engineering,Database Administrator,Expert,MongoDB is an expert-level skill commonly required for Database Administrator roles in the Software Engineering field.
Android SDK,Software Engineering,Frontend Developer,Intermediate,Android SDK is an intermediate-level skill commonly required for Frontend Developer roles in the Software Engineering field.
Java,Software Engineering,Game Developer,Beginner,Java is an beginner-level skill commonly required for Game Developer roles in the Software Engineering field.
GraphQL,Software Engineering,Game Developer,Expert,GraphQL is an expert-level skill commonly required for Game Developer roles in the Software Engineering field.
Customer Success,Business,Financial Analyst,Expert,Customer Success is an expert-level skill commonly required for Financial Analyst roles in the Business field.
Documentation,Business,Business Analyst,Intermediate,Documentation is an intermediate-level skill commonly required for Business Analyst roles in the Business field.
NLP,Data & AI,NLP Engineer,Advanced,NLP is an advanced-level skill commonly required for NLP Engineer roles in the Data & AI field.
Program Management,Product & Management,Project Manager,Beginner,Program Management is an beginner-level skill commonly required for Project Manager roles in the Product & Management field.
Encryption,Cloud & Infrastructure,Cloud Engineer,Intermediate,Encryption is an intermediate-level skill commonly required for Cloud Engineer roles in the Cloud & Infrastructure field.
DNS,Cloud & Infrastructure,Security Engineer,Intermediate,DNS is an intermediate-level skill commonly required for Security Engineer roles in the Cloud & Infrastructure field.
Cybersecurity,Cloud & Infrastructure,Network Engineer,Intermediate,Cybersecurity is an intermediate-level skill commonly required for Network Engineer roles in the Cloud & Infrastructure field.
Vendor Management,Business,Financial Analyst,Advanced,Vendor Management is an advanced-level skill commonly required for Financial Analyst roles in the Business field.
Monitoring,Software Engineering,QA Engineer,Expert,Monitoring is an expert-level skill commonly required for QA Engineer roles in the Software Engineering field.
Kotlin,Software Engineering,Software Architect,Beginner,Kotlin is an beginner-level skill commonly required for Software Architect roles in the Software Engineering field.
Transformers,Data & AI,Business Intelligence Analyst,Expert,Transformers is an expert-level skill commonly required for Business Intelligence Analyst roles in the Data & AI field.
GCP,Cloud & Infrastructure,Cloud Engineer,Beginner,GCP is an beginner-level skill commonly required for Cloud Engineer roles in the Cloud & Infrastructure field.
Flutter,Software Engineering,Full Stack Developer,Intermediate,Flutter is an intermediate-level skill commonly required for Full Stack Developer roles in the Software Engineering field.
CNN,Data & AI,NLP Engineer,Advanced,CNN is an advanced-level skill commonly required for NLP Engineer roles in the Data & AI field.
Ansible,Software Engineering,Full Stack Developer,Intermediate,Ansible is an intermediate-level skill commonly required for Full Stack Developer roles in the Software Engineering field.
Facilitation,Product & Management,Project Manager,Intermediate,Facilitation is an intermediate-level skill commonly required for Project Manager roles in the Product & Management field.
Replication,Cloud & Infrastructure,Cloud Architect,Advanced,Replication is an advanced-level skill commonly required for Cloud Architect roles in the Cloud & Infrastructure field.
Servant Leadership,Product & Management,Program Manager,Beginner,Servant Leadership is an beginner-level skill commonly required for Program Manager roles in the Product & Management field.
OpenCV,Data & AI,Data Engineer,Beginner,OpenCV is an beginner-level skill commonly required for Data Engineer roles in the Data & AI field.
Design Systems,Design,Interaction Designer,Beginner,Design Systems is an beginner-level skill commonly required for Interaction Designer roles in the Design field.
Social Media,Marketing,Growth Marketer,Expert,Social Media is an expert-level skill commonly required for Growth Marketer roles in the Marketing field.
Docker,Software Engineering,Frontend Developer,Beginner,Docker is an beginner-level skill commonly required for Frontend Developer roles in the Software Engineering field.
Python,Software Engineering,NLP Engineer,Intermediate,Python is an intermediate-level skill commonly required for NLP Engineer roles in the Software Engineering field.
Operations Management,Business,Financial Analyst,Advanced,Operations Management is an advanced-level skill commonly required for Financial Analyst roles in the Business field.
Budgeting,Product & Management,Product Manager,Advanced,Budgeting is an advanced-level skill commonly required for Product Manager roles in the Product & Management field.
Model Deployment,Data & AI,Business Intelligence Analyst,Beginner,Model Deployment is an beginner-level skill commonly required for Business Intelligence Analyst roles in the Data & AI field.
CloudFormation,Cloud & Infrastructure,Security Engineer,Intermediate,CloudFormation is an intermediate-level skill commonly required for Security Engineer roles in the Cloud & Infrastructure field.
Spring Boot,Software Engineering,DevOps Engineer,Beginner,Spring Boot is an beginner-level skill commonly required for DevOps Engineer roles in the Software Engineering field.
Usability Testing,Design,Product Designer,Intermediate,Usability Testing is an intermediate-level skill commonly required for Product Designer roles in the Design field.
Game Design,Software Engineering,Site Reliability Engineer,Beginner,Game Design is an beginner-level skill commonly required for Site Reliability Engineer roles in the Software Engineering field.
Microservices,Software Engineering,DevOps Engineer,Expert,Microservices is an expert-level skill commonly required for DevOps Engineer roles in the Software Engineering field.
System Design,Software Engineering,QA Engineer,Beginner,System Design is an beginner-level skill commonly required for QA Engineer roles in the Software Engineering field.
REST APIs,Software Engineering,Backend Developer,Beginner,REST APIs is an beginner-level skill commonly required for Backend Developer roles in the Software Engineering field.
Python,Software Engineering,DevOps Engineer,Expert,Python is an expert-level skill commonly required for DevOps Engineer roles in the Software Engineering field.
Hadoop,Data & AI,NLP Engineer,Beginner,Hadoop is an beginner-level skill commonly required for NLP Engineer roles in the Data & AI field.
Content Strategy,Marketing,Digital Marketing Specialist,Intermediate,Content Strategy is an intermediate-level skill commonly required for Digital Marketing Specialist roles in the Marketing field.
Funnel Optimization,Marketing,SEO Specialist,Beginner,Funnel Optimization is an beginner-level skill commonly required for SEO Specialist roles in the Marketing field.
PyTorch,Data & AI,Data Scientist,Beginner,PyTorch is an beginner-level skill commonly required for Data Scientist roles in the Data & AI field.
TypeScript,Software Engineering,Backend Developer,Beginner,TypeScript is an beginner-level skill commonly required for Backend Developer roles in the Software Engineering field.
Prioritization,Product & Management,Project Manager,Expert,Prioritization is an expert-level skill commonly required for Project Manager roles in the Product & Management field.
Jupyter,Data & AI,AI Researcher,Expert,Jupyter is an expert-level skill commonly required for AI Researcher roles in the Data & AI field.
Performance Management,Business,Business Analyst,Advanced,Performance Management is an advanced-level skill commonly required for Business Analyst roles in the Business field.
Leadership,Software Engineering,Project Manager,Expert,Leadership is an expert-level skill commonly required for Project Manager roles in the Software Engineering field.
Research,Data & AI,Computer Vision Engineer,Expert,Research is an expert-level skill commonly required for Computer Vision Engineer roles in the Data & AI field.
Illustrator,Design,Interaction Designer,Intermediate,Illustrator is an intermediate-level skill commonly required for Interaction Designer roles in the Design field.
Docker,Software Engineering,Machine Learning Engineer,Expert,Docker is an expert-level skill commonly required for Machine Learning Engineer roles in the Software Engineering field.
OpenCV,Data & AI,NLP Engineer,Advanced,OpenCV is an advanced-level skill commonly required for NLP Engineer roles in the Data & AI field.
JUnit,Software Engineering,Full Stack Developer,Advanced,JUnit is an advanced-level skill commonly required for Full Stack Developer roles in the Software Engineering field.
Content Creation,Marketing,SEO Specialist,Expert,Content Creation is an expert-level skill commonly required for SEO Specialist roles in the Marketing field.
C#,Software Engineering,Software Architect,Expert,C# is an expert-level skill commonly required for Software Architect roles in the Software Engineering field.
Swift,Software Engineering,DevOps Engineer,Intermediate,Swift is an intermediate-level skill commonly required for DevOps Engineer roles in the Software Engineering field.
Keyword Research,Marketing,Social Media Manager,Expert,Keyword Research is an expert-level skill commonly required for Social Media Manager roles in the Marketing field.
Data Cleaning,Data & AI,Data Engineer,Advanced,Data Cleaning is an advanced-level skill commonly required for Data Engineer roles in the Data & AI field.
Technical SEO,Marketing,Content Strategist,Intermediate,Technical SEO is an intermediate-level skill commonly required for Content Strategist roles in the Marketing field.
Redux,Software Engineering,Frontend Developer,Intermediate,Redux is an intermediate-level skill commonly required for Frontend Developer roles in the Software Engineering field.
DNS,Cloud & Infrastructure,Network Engineer,Advanced,DNS is an advanced-level skill commonly required for Network Engineer roles in the Cloud & Infrastructure field.
Six Sigma,Business,Sales Engineer,Intermediate,Six Sigma is an intermediate-level skill commonly required for Sales Engineer roles in the Business field.
Incident Response,Software Engineering,Backend Developer,Expert,Incident Response is an expert-level skill commonly required for Backend Developer roles in the Software Engineering field.
MLOps,Data & AI,Data Scientist,Advanced,MLOps is an advanced-level skill commonly required for Data Scientist roles in the Data & AI field.
Retrospectives,Product & Management,Product Manager,Intermediate,Retrospectives is an intermediate-level skill commonly required for Product Manager roles in the Product & Management field.
Data Analysis,Business,Financial Analyst,Advanced,Data Analysis is an advanced-level skill commonly required for Financial Analyst roles in the Business field.
BERT,Data & AI,Computer Vision Engineer,Beginner,BERT is an beginner-level skill commonly required for Computer Vision Engineer roles in the Data & AI field.
Budgeting,Product & Management,Financial Analyst,Expert,Budgeting is an expert-level skill commonly required for Financial Analyst roles in the Product & Management field.
Airflow,Data & AI,NLP Engineer,Advanced,Airflow is an advanced-level skill commonly required for NLP Engineer roles in the Data & AI field.
CUDA,Data & AI,AI Researcher,Intermediate,CUDA is an intermediate-level skill commonly required for AI Researcher roles in the Data & AI field.
Swift,Software Engineering,Frontend Developer,Beginner,Swift is an beginner-level skill commonly required for Frontend Developer roles in the Software Engineering field.
Spring Boot,Software Engineering,Backend Developer,Expert,Spring Boot is an expert-level skill commonly required for Backend Developer roles in the Software Engineering field.
TCP/IP,Cloud & Infrastructure,Security Engineer,Expert,TCP/IP is an expert-level skill commonly required for Security Engineer roles in the Cloud & Infrastructure field.
CMS,Marketing,Growth Marketer,Intermediate,CMS is an intermediate-level skill commonly required for Growth Marketer roles in the Marketing field.
Scikit-learn,Data & AI,Computer Vision Engineer,Expert,Scikit-learn is an expert-level skill commonly required for Computer Vision Engineer roles in the Data & AI field.
Hadoop,Data & AI,Business Intelligence Analyst,Intermediate,Hadoop is an intermediate-level skill commonly required for Business Intelligence Analyst roles in the Data & AI field.
Layout Design,Design,UI Designer,Advanced,Layout Design is an advanced-level skill commonly required for UI Designer roles in the Design field.
UML,Business,HR Specialist,Intermediate,UML is an intermediate-level skill commonly required for HR Specialist roles in the Business field.
Unity,Software Engineering,QA Engineer,Expert,Unity is an expert-level skill commonly required for QA Engineer roles in the Software Engineering field.
C++,Software Engineering,Backend Developer,Expert,C++ is an expert-level skill commonly required for Backend Developer roles in the Software Engineering field.
Employee Relations,Business,Financial Analyst,Expert,Employee Relations is an expert-level skill commonly required for Financial Analyst roles in the Business field.
Onboarding,Business,Business Analyst,Expert,Onboarding is an expert-level skill commonly required for Business Analyst roles in the Business field.
Publications,Data & AI,Data Scientist,Expert,Publications is an expert-level skill commonly required for Data Scientist roles in the Data & AI field.
Power BI,Data & AI,Machine Learning Engineer,Expert,Power BI is an expert-level skill commonly required for Machine Learning Engineer roles in the Data & AI field.
Kotlin,Software Engineering,DevOps Engineer,Expert,Kotlin is an expert-level skill commonly required for DevOps Engineer roles in the Software Engineering field.
Manual Testing,Software Engineering,Site Reliability Engineer,Expert,Manual Testing is an expert-level skill commonly required for Site Reliability Engineer roles in the Software Engineering field.
Jenkins,Software Engineering,Backend Developer,Advanced,Jenkins is an advanced-level skill commonly required for Backend Developer roles in the Software Engineering field.
Technical SEO,Marketing,Growth Marketer,Advanced,Technical SEO is an advanced-level skill commonly required for Growth Marketer roles in the Marketing field.
Scrum,Product & Management,Product Manager,Advanced,Scrum is an advanced-level skill commonly required for Product Manager roles in the Product & Management field.
